10000
980643914661406499 980643915643473054
82944558087449635 82944558796642620
459200723944380145 459200723953086767
103444162935930604 103444163527170996
129934849726679549 129934850494037042
166064663147748886 166064663932442066
826054723101257480 826054723931789371
944026209656591917 944026210604098567
498988880486919596 498988881292594158
644921708465115678 644921708701032579
59600191025861360 59600191604479023
312780674209882783 312780674380919316
579061404823442726 579061405364069294
425985689913119935 425985690038775104
401420016755713056 401420017711402479
327579760032180797 327579760200253765
862196925304444680 862196925983604533
876591373818793991 876591374558374019
717166248891900420 717166249549564942
584404486391191906 584404486781629868
675152524791352713 675152525164070569
800006351216437414 800006351280611512
191683220377622692 191683220550299085
682146582391047984 682146582500442580
97094807332012442 97094808012094901
148617296180319452 148617296767815365
681878286705690942 681878286790356927
481508729572081443 481508730015710281
680098994525452318 680098994616003357
373444476293076171 373444477059690322
504303507183268193 504303508082270224
657013817464088896 657013818044275437
128078501355354598 128078501369967499
887682119952305132 887682120271117476
59291435028557018 59291435219295113
284295632744733250 284295633315705010
102454088528424865 102454089304257077
729838223069252794 729838223762204024
267615885457246678 267615886410903564
360961358265719892 360961358615885777
448421379277447641 448421379518484540
304694767555900745 304694768545989213
799721251623107563 799721251730776775
475523995144331698 475523995344711735
190584821351007759 190584821651414438
613442780549241415 613442781454513854
393894466250019849 393894466813346580
767650746798066522 767650747542112338
339746092623976305 339746093235285886
347805830729448915 347805831081597673
925535183795677184 925535183850989543
681536906280517466 681536906718894306
217199802834856394 217199802918181879
186954061569604377 186954062061465730
100191191553917540 100191191999189930
454210639588853159 454210639768601286
941874265314932108 941874265996002550
812434978516023872 812434978637380888
156554347634726212 156554348624152579
779853889183885513 779853889376976002
235854056007304090 235854056064508473
995093456839688074 995093457344565845
783600568512529172 783600568771380546
597859360044299326 597859360166413841
50167675699400700 50167676518141590
230248766035361004 230248766220667451
498934467158018715 498934467664203893
905411800940844512 905411801761758435
493148858242425330 493148858959127253
946077967034291880 946077967667485904
910800579915314534 910800580262644025
365251248283923962 365251248583267153
590383356331692366 590383356674950281
769795559348363417 769795559597765941
434742878920207566 434742878991228353
795493506562965284 795493506824216968
184645914382635251 184645914895817276
449677181423360163 449677182185816586
483928052756236613 483928053130132582
193410098120609124 193410098978959792
536179996184014604 536179996756648644
897702076149850821 897702076852865473
333257606675720172 333257607089011597
125029488805440085 125029489792602914
795861215070112312 795861215477753894
480145008871805369 480145008923249715
537238341390943557 537238342092569864
484888679851828565 484888680144909915
598319690898314716 598319691071117322
115661026516556575 115661027325455667
39971880671187613 39971880963980107
479801314066214867 479801314847973758
485660379268812312 485660379459138673
780645738320345834 780645738335480526
241742420128539236 241742420661198993
111144596218056987 111144597094509935
683293323169966787 683293323870924754
993526653543148605 993526654412868676
635831082272286354 635831082654827267
117528765306098969 117528765896127388
652517930582150641 652517930706806862
419639144056045321 419639144397942603
878037272806168565 878037273347429276
607170113067411145 607170113768860372
929839726047953481 929839726478284357
378453506475052631 378453506800331406
976105171344675092 976105171627027923
851695378040423136 851695378262265022
699461784733888091 699461785008409061
502223809747822503 502223810658396264
744076755399415973 744076755530670724
372131463236375169 372131463806258092
909429769875444578 909429770480820396
757676441178269844 757676442134484500
485367337113434890 485367337721511537
802070596164281359 802070596437109204
146545981749909685 146545981829211958
349967092725820081 349967093402582862
163057850065589373 163057850727747244
361160252819625270 361160253162842573
986372688176039606 986372688495273972
705721976282284969 705721977219823979
197084091300636254 197084091536233376
671876041729110587 671876042231883935
674476939893643810 674476940803544802
118165717727075044 118165717809001814
78869782263719905 78869783225321651
956750570612234133 956750570700251906
986709077586817169 986709078320502513
65696043462515584 65696044052940878
700288927946092941 700288928868439159
179363641815534283 179363642375062285
784164350089977725 784164350475633612
959209899959362910 959209900425075874
783973119234651225 783973119249530626
702698238467663956 702698238581246755
417073557262251101 417073557529602353
554319677431394482 554319678407148594
184325097453802889 184325097761509168
600808537879084945 600808538058147758
94417460424807795 94417460967966173
938608624767912540 938608624822616639
491013967788519687 491013968521787212
91793227770055336 91793227840351091
536264507828262743 536264508776119180
722956651508785383 722956651947444893
778098127955423494 778098128943578330
8023597201202885 8023597476394625
233296554100810085 233296555075947727
472845809853538053 472845809966279445
470496980679368924 470496981101043317
426464926813506927 426464927482559780
491338390297136410 491338390580856653
503925629473857480 503925629986051873
573806883086651620 573806883563656121
635609164029818669 635609164703054950
588157777490791493 588157777717771862
909466247094542768 909466247310962721
212162856483128032 212162856993993684
28202382771936414 28202382983296096
804443395188579762 804443396044793370
426368505109027858 426368505150010805
91946002441616643 91946002883193935
136321884770546100 136321885002261909
334322278921740967 334322279109577334
644023762621202538 644023762979090666
106833720409054612 106833720830580822
83045918939246889 83045919473973421
943457662264927757 943457662445873593
582650574436339191 582650574580322718
331029601233786555 331029601798472497
730068637884223948 730068637900645917
494180667595451695 494180668477285797
880735097031716772 880735097966672668
53162879142645940 53162879741874107
258507286695919192 258507287330447405
44610268161522284 44610268174675186
199808514801811305 199808515726282046
462828111690789172 462828112092728025
749609729769158767 749609730464179522
13809232300611555 13809233270443880
107902649663405482 107902650159099467
918256003524956763 918256003571033566
653038554799582127 653038555044998123
550228756369313827 550228756941794416
523368423928921308 523368424437635832
470367995556754930 470367996071771581
924572113824809358 924572114733474196
870418999618422201 870419000194886624
141975448831385544 141975448849703901
406271819987038884 406271820605817623
369634294085053445 369634294773596063
173686105859183109 173686105938951671
435955542407717616 435955543378670698
493157909645202283 493157909679122916
209360882573487779 209360882837553448
329380686020275385 329380686744596315
483801742185977822 483801742701103994
273722106293379134 273722106587725261
662500942194708460 662500942844759462
44604944361203059 44604945050466747
291514841490776212 291514841917736013
852548463740304839 852548464204752104
421866211485174397 421866212403989175
213783430134526167 213783430346958794
920594592834865927 920594593130077634
963318303835977314 963318304315267234
962928382967541320 962928383261924522
125942962909392009 125942963747944063
551724329174290081 551724329573031656
122221712754146417 122221712896893522
513451587451243726 513451588199950311
606346706173784429 606346706401990987
436154344278072074 436154345148967682
725610311899735300 725610312019888541
809131845060019486 809131845950471475
6759611232723025 6759611663454312
303052271097048476 303052271441539454
247906529278120725 247906530241913939
375890195383522155 375890196303089000
588706177995095813 588706178181281124
312272715061728329 312272715190294890
542650406857945417 542650407276446663
437999227810962421 437999228647651635
140340589537458372 140340590068758913
407651840480505686 407651840933957986
914569295128543618 914569295133662406
406854041594325455 406854042344269105
665025951741142595 665025951757441275
458404367606754216 458404367711073284
635424512555913522 635424513147384976
415136567615095433 415136568517122115
238985450090893061 238985450254169880
14976446051746571 14976446925438167
576200437325887930 576200437859791059
486724567104551443 486724567908808919
110536018399155273 110536018756303616
394155868534759219 394155869306613085
956632077102921476 956632077206008691
592660448653126670 592660449078687643
752036537969307220 752036538212898046
960389278835268087 960389279431821552
254530512297577920 254530512407852353
783754959360613443 783754960342958735
761321812770024624 761321813321555521
191544174908173711 191544175140907799
348421153334931739 348421154161685189
128504532394009385 128504533230177745
215955405107952201 215955405477920046
491586761069936820 491586761500142397
940649466294396704 940649466911865606
780309604305302781 780309605110890253
366457586389399175 366457586961540631
665110858928154329 665110859305358209
756621855208096930 756621855975321438
965600489230776971 965600489628408816
869755212556617331 869755212949096277
404468233600386257 404468234165656903
839418624111210485 839418624229515500
179207180629379061 179207180992018778
331359738415147930 331359738545937230
596853701706768070 596853701907243265
441347254111422019 441347254892004245
563013566132647441 563013566968846618
849274900557924214 849274901214115908
786766152348873500 786766152554043869
445023854208522551 445023854536101965
961139021950487104 961139022513463008
163890335140263024 163890335584091081
234457308274256575 234457308748422745
872072468367544482 872072469356517978
495316763066520457 495316763443948538
188184256833932916 188184257719234710
424815123185930788 424815123276638833
303931467740107807 303931468272019769
442964369958529300 442964370895222810
130849413657427486 130849414531984254
470173060056342452 470173060160790417
455534477846751014 455534478513644592
526546186275129143 526546186783398209
467741071854594566 467741071942770630
557258266309931624 557258266622406702
279619316990381274 279619317906260287
428668075188089432 428668075460913842
713148053382207479 713148053697651787
575630908849961816 575630909040221050
79035082712403991 79035083274785764
581542434168429172 581542435014237879
902977664990214468 902977665192214768
522615900089540503 522615900620532274
10203001261471271 10203001528687569
111183768767049944 111183769666152289
705008645772980844 705008646349434093
18368764175277530 18368764494826109
561266024911710363 561266025472723335
88123413492452590 88123414086286274
104292160001744986 104292160041246657
514648616228240693 514648616993651793
905274177845559855 905274177947286898
417517105434802259 417517106220608838
805306889871468187 805306889954869642
860856284807742451 860856284963584755
996843733379451254 996843733872703642
727204645666322312 727204646490212439
944084426651376392 944084427178960890
141778731373554008 141778732132441209
216080316828199564 216080317434992958
400352068107301216 400352068573084013
112231633768576182 112231634309889924
618318400115344762 618318400764945520
476216902254422175 476216902476774988
714530617134431298 714530617843211965
913210611605202723 913210612297424910
808079757857855549 808079758171724852
847454041672671011 847454041895055724
232761676834959699 232761677193555722
834502406513705199 834502407319044631
794938557705506847 794938558366792744
997876027057565627 997876027774464434
658746052608227113 658746053229862149
412827506997459497 412827507447597964
640113496398043673 640113497277317258
337617903498929781 337617903717805414
78215513125722331 78215513492697516
992088624508801103 992088625092345294
578816676226337109 578816676253490304
801330735537086379 801330736001570465
212280017457947101 212280017981141608
378291242963484331 378291243426401574
580400350950618020 580400350998972529
424229654991386601 424229655319728712
576060484276472341 576060485174550023
168479298784687552 168479299583686330
301686911030303885 301686911828120831
962843115461527894 962843116151802893
41026821216316033 41026821902093063
383835223747141488 383835224330361068
671217216811096190 671217217796364417
472844651921507962 472844652026686880
707950536342747115 707950536395798128
249734037947625401 249734038720735131
362977353720929210 362977354002508220
482298197789844671 482298198040544455
621062711673162314 621062712540424228
581189416003302629 581189416205485887
845755273592582693 845755274532284291
575849621126742718 575849621205766001
732154528586780675 732154528879316223
522270146502350916 522270146895220639
608462180540776898 608462181327744307
230169164431453772 230169164922376524
561540190049764032 561540190229021768
584310120548357262 584310120838328470
499039922503263762 499039922766839880
297634114707115106 297634115603815874
522247411432842354 522247411945841140
766905514164127664 766905514692676062
970858510876845395 970858511394121220
498665078425319477 498665078636221938
665854403916153041 665854404306197237
220472996982603755 220472997022802303
96327535942489198 96327536321107978
689172717357959229 689172718027177058
270010032873907913 270010033009636169
709845342548900932 709845342761307421
904962120221905675 904962120809793002
409227180718177923 409227181363694420
984199422359284471 984199422662125328
460583951274084668 460583952158006711
889049624212052631 889049624271652154
260313627437123524 260313628366868108
756971947171698404 756971947407817989
16328238974627600 16328239052399329
568410483179342179 568410483771271598
34909734853755163 34909734979278529
939158551477713990 939158551636571975
714793812988683199 714793813380874709
827913825742246518 827913826650933893
155116143368320114 155116143935985251
995614893943089490 995614894884480967
21117889241649879 21117889954463110
59844922495188888 59844923108819604
628808753128612634 628808753496106287
498563776398450036 498563776926077921
280925028144021003 280925029080654761
373463154243346484 373463154848656971
113359068767617612 113359069092386002
677883009584615996 677883010241489226
807894609767518495 807894610511551875
326813847579373530 326813848199234195
791099878308953643 791099878432752851
435455075419622637 435455075571667947
150663736667291555 150663736847730771
63473299728107205 63473300660363944
485135886129262354 485135887094272356
74312910440742602 74312910578171304
854574040429206209 854574040462561458
589613903059732328 589613903776488179
498140754677945771 498140754906714032
401199238443437219 401199238586936077
215331181141533402 215331181795230108
105927921189789628 105927921393985379
3079717476342150 3079718468266285
421391701644992969 421391702230210515
280344867805895903 280344868244374337
526449496213723549 526449496772363449
915496951666781157 915496952291220489
766923897712496205 766923898666714106
172756339830540674 172756340504508603
897372024841662549 897372025113973630
129582838194539726 129582838857182224
169943598310071306 169943599106136007
351777380249915359 351777380592836059
113849259701956453 113849260517459008
998960331669027770 998960332112063251
760549967876336089 760549968776371905
207866959251529204 207866959872259099
823936422477738824 823936423334845842
889388151951486712 889388151993316420
306586106219511207 306586106541891708
790705394605659084 790705395253369501
120864397813531612 120864397901090668
375284202383976531 375284203060935930
132375681521145555 132375682450188170
775523281696745634 775523282006476166
115569371268396886 115569372029656836
173536579457141149 173536579528594697
500291549856088104 500291550852272625
203067120826612069 203067121633383104
795455889617296696 795455890411441793
803755862659639874 803755863049569405
558771571274724911 558771571881858742
719612240807840683 719612241582025938
952308532372802627 952308532739841121
395639870289157305 395639870693925323
871216102113555365 871216102573755035
446096883476595431 446096884419011739
901515301682577781 901515302350537342
728138572534651892 728138572835496122
407120223607456461 407120223971666084
989027163602419337 989027163945652535
27920150257056714 27920150710573001
653688493603092554 653688493892998850
17344241232645821 17344242049779871
740449556024231891 740449556902622024
188111973072568969 188111973795437806
246861705165758466 246861705844114102
908649647047515675 908649647755835780
744035688615465888 744035689158904970
432344030866338613 432344031066758824
782123009756697179 782123010017324308
971215235475667278 971215235616390272
85342071727827650 85342072300496938
979178872828469770 979178873207669004
784868337125800094 784868337504469655
219748867957693838 219748868522632234
645875575586268887 645875576503946437
365875523397856746 365875523882530672
206492439091849620 206492439643347291
686310721817750649 686310722037633757
359053405731705439 359053406448828532
893089579128205366 893089579702357381
238851361847867463 238851362800191010
748235517700783482 748235518639761151
410968873753963505 410968873903425349
154823429241804553 154823429721198816
109468185443767752 109468185939038534
613350409605665987 613350409782818258
260662043740212998 260662044504253249
324718871810231060 324718872225176467
823970766983230272 823970767923584419
885756057376918050 885756058258522980
804987738526215652 804987739094125617
909242418786310113 909242419601571185
234802617337511268 234802617689060228
92645501604941379 92645502531612969
633977028517173379 633977029099795132
420332404639527262 420332405263834250
651355240130131108 651355240756041037
701309477800787572 701309477879826091
501313372313578952 501313372987553671
100917767327711129 100917768103772231
311211798305101643 311211798666906867
259359189326872294 259359190053250790
811746440171221529 811746441009129205
791443423432768713 791443423575704216
788509519441660225 788509519930606428
773503738920245390 773503739776866343
590645231491861961 590645232304377576
827134606223686130 827134607119908350
560819641206457930 560819641453965232
866022149644789298 866022149743948827
649953857074168540 649953857100292628
766200535169911409 766200535693572445
985190039031190932 985190039371452806
120941447867976629 120941448334735754
481547259723657998 481547260367430037
441275988183674825 441275988513910291
964066621859803192 964066621935761418
154146995873116697 154146996667083866
574272950336728239 574272950927379572
193436522420508605 193436522458616640
833984296561645666 833984296596065961
888356410749942978 888356411308828159
7559800484288231 7559801414172954
256917928434567337 256917928770152818
827177133090895027 827177133198751815
340704563684968747 340704563966625197
479563632915183403 479563633158723361
235524546389377727 235524546845812909
967495469280403298 967495470085195018
598326188415917887 598326188506747665
242880026098469891 242880026440908257
776722864575039797 776722865119338688
806850643562724463 806850644399164045
695936950479525826 695936950986470943
902395978565487361 902395979259347174
960435259855915886 960435260343642334
538981646043369393 538981646152224947
801391522756525298 801391523748462918
416878295272687549 416878295302515356
429072942773231674 429072943528150480
359633061603138498 359633062323589613
554930424435671844 554930425085652534
415849835928133176 415849836767649314
467545047690189227 467545047935495533
609776790868677908 609776791241938351
577004111455132130 577004111862604046
239723613616633274 239723614172478573
126471734755774794 126471735421542054
842327811176125244 842327811626762422
778094180510510893 778094181427865338
833961658028339985 833961658273455540
698664471788360842 698664471849605283
529389904303876895 529389905221269877
665979796693528559 665979796729933439
800422987078900996 800422987089761779
204254314175448627 204254314514494554
251938668303407010 251938668578449350
399344416785989011 399344417619392337
75387893740082393 75387894543674521
560297467933982626 560297468914798756
732389220809703814 732389221038560852
819823023972395460 819823024586055955
369148923364100578 369148923905658980
824364892886645908 824364893662998020
982762474969142219 982762475787054945
439844526549277067 439844526830967686
670702062607970679 670702063471964254
169186974288820264 169186974661799630
27215305489416589 27215305743427910
46081943551569610 46081944118119074
765906516620527044 765906517405723039
336963123284621947 336963123914906187
328169498736803327 328169499708488413
262259131768116797 262259131889890425
734214987024468103 734214987452019980
380247679037503334 380247679506507465
203690529720489549 203690530432623687
558645942494335678 558645943359862275
527991615489886046 527991616293431114
304174262308066393 304174263125427013
885564570915225544 885564571905114554
313447453532999785 313447453793236760
297626069038500434 297626069151130877
826067504258253019 826067504952065298
909408112683759208 909408113045197138
391399541445594790 391399541532565600
195468732919798014 195468733056654567
976741926969362850 976741927026584568
509253199533240919 509253199604218979
377015890307469240 377015891182130807
763690333084498060 763690333707027402
779426015108592786 779426015654943115
615063815604605839 615063815959560509
935168502155517168 935168502975984923
574969750628400427 574969750740631594
551473103855249328 551473103961248896
530437541931339712 530437542664908685
392721239281600055 392721239451453216
789706711364438590 789706712307688203
279496921635355384 279496922516241243
556597033636242175 556597034615693056
463093408171491130 463093408701695292
888673350071493414 888673350531212734
949907460898300693 949907461199988587
22330731217191497 22330731848181548
122984942745673602 122984942915493697
774294048895902027 774294049539726133
546788670506174930 546788670731953651
139699956146705748 139699956925647842
618761020919633963 618761021615477844
830666803467135699 830666803532714204
863542733728944555 863542734542048040
359696584498473644 359696585026515888
925393875237336194 925393875581177338
800520965893908931 800520966403225120
276074962671249371 276074962728985522
771826789308197656 771826789612341519
493743873612832625 493743874239758784
156535017610634331 156535018131066261
156286322782817966 156286323603714352
534415338016511086 534415338547605842
266639814058743987 266639814969204270
304859110742817611 304859111523530777
955470925292333913 955470925835569611
780306852127016680 780306852711051543
806107752598903990 806107752787580146
191597151068823309 191597151355546640
279804094279065092 279804094735990521
401316136403683042 401316136565375102
615430381507592844 615430381695567524
325632755797384184 325632756746170045
150423627553566270 150423627815001020
955258608965328812 955258609812741250
634107601060539859 634107601518690816
993397354690699453 993397355224897188
797439383759971148 797439384497474891
857894133432494907 857894134400246106
144782742706369374 144782743016510074
45167492730654642 45167493007201272
848916849284041591 848916850233160312
904240624302994849 904240625170111944
535188218552402946 535188218943025059
195959878989321831 195959879222428884
358816679381639679 358816680026742142
170435161736494124 170435162148838796
282190537214548426 282190537360597609
246071289186087946 246071289502881197
887031555473624918 887031556149691380
786872286903531142 786872287516313168
544538956634293735 544538957185639669
232231036967181886 232231037385323761
592051183346676640 592051183489119735
234011446567393402 234011446943228613
957731848887179730 957731849458266330
192656878537950031 192656878943929640
116150221624954478 116150221855307128
494361936411989687 494361936426948453
390786714253998685 390786715124038804
49308098905287236 49308099576505133
100713391972298620 100713392561369816
949664715573878838 949664715993737825
640610432950261463 640610433730614657
955871698054307300 955871698197966103
39900142242040951 39900142751928742
832396992171305787 832396992392280199
477362495350820294 477362495890695963
438078341495415783 438078342047812633
408511330205611815 408511330866155908
350927679567943219 350927679697611287
616079246025873448 616079246489655254
40684320352470679 40684321247838364
6491770741038924 6491771296310222
497171773546551781 497171773550151965
116582415621402870 116582416155475492
404633722168684417 404633722207788715
412708807884603249 412708808067114873
443498138337653885 443498138930835125
168947473431303725 168947473634906912
367305851543988025 367305851926456563
62231441669621324 62231441934524878
351584546594821440 351584547559994320
648575405908336485 648575406870030159
985714900999527313 985714901411587336
915238685847681278 915238686481101463
953204489276136617 953204489773954005
593885540892385278 593885541088515330
981085984998813380 981085985852341282
174555143904757012 174555144270460699
500487768482081244 500487769032552133
968790738243074032 968790738464928869
706727281652850639 706727281884439097
871379520162788263 871379520701586746
259243901087860427 259243901827499849
537922726603830145 537922727411488539
228251636204430100 228251636342915361
33229545776705619 33229546389176125
665586648886558253 665586649328338016
437678002179320800 437678002605220980
161709901503040209 161709902349630218
161546076821409248 161546077611863994
702273131779563454 702273131911402178
900777262576624783 900777263218369223
153983295307086404 153983295429106236
534852898884192412 534852898927074562
382484847035614477 382484847936250643
613328300592895447 613328300732410236
794947146958406525 794947147466827515
357319357166750122 357319357567577247
190877763064037588 190877763125100608
520373257913492512 520373258386424529
612168799157338252 612168800151524056
115030753332333429 115030753998331528
580970077156574427 580970077953283070
917178130169978472 917178130502248294
349025333474227665 349025334473186730
722420570861245032 722420571797392666
104850896485691684 104850897192106036
726688572517790193 726688573467161721
16307421885634412 16307422658713066
721396049740712680 721396050038271007
839781902760958253 839781902989901075
873354772432471898 873354772578703752
928121507002300906 928121507343283307
986584869124937792 986584869764584242
332044802607835959 332044802906427119
961952379112767081 961952380092027802
170213633723482093 170213634225024044
296910226485449593 296910227105248432
1186624961605391 1186625871599135
579615087290787826 579615087760605321
256236921127984353 256236921225964492
498114370625775460 498114371066639531
994423796174848651 994423797087392971
889436154767564650 889436155499795496
151018217746712492 151018217964602916
567141159458637311 567141160155331016
72200105032387206 72200105744822584
300557217885505289 300557218190010405
34552620136007387 34552620851404370
565285892237567825 565285892557993541
784185039083080940 784185039375769153
382736330426146992 382736330919148365
684049922009290123 684049922727820454
913681555552739293 913681556476675910
88870768455266653 88870768815952099
224108354153936621 224108354905325582
798129276485960891 798129276652508478
98321665365747797 98321666227884562
376438962030391835 376438962042512795
691207557006112284 691207557295265056
850031332952489709 850031333233896157
690168858857377911 690168859441057246
918638522208289944 918638523197149312
942761389884829270 942761390390809870
852573766471067510 852573766517252628
49962816354360137 49962816616408017
745702665764248474 745702666414645748
600246749798972291 600246750729983828
873164483475251174 873164484222783476
194111037670566967 194111038532249500
406386362876421007 406386363285913965
334677082390498650 334677083244892040
973998236392330293 973998237007092679
683914993877470787 683914994497326514
878129756884216958 878129757491857571
813042745017173189 813042745240207697
744968680232233603 744968680872659524
170303914374244890 170303914975470937
571244782659657395 571244783639343374
605185218341515284 605185219107721963
553999573496451564 553999574479862791
303475292293980269 303475293107935660
445794196909416132 445794197565691503
808726955538779650 808726956265700988
866850645581369228 866850645964060007
456895257216445436 456895257484351288
775510801523374438 775510801607690362
144855056113311794 144855056886175863
767330972674272769 767330972827952214
37362688687703005 37362689356917084
762091905986536281 762091906477203032
821927793756500668 821927794218790923
132987267987003744 132987268710026602
94016709547079244 94016710154516822
338804561254504923 338804561319633089
761571968038205283 761571968444115171
917186419840717747 917186419968177950
597997284943661869 597997285808885654
545248480434704025 545248481359247442
663636591216750814 663636591708918003
856713949147797196 856713949805971722
328800261741136655 328800262262991100
352350884980703034 352350885789512335
840679440598328621 840679441300057913
6652169936208765 6652170408876659
74636563564822077 74636563770269413
112113613693816246 112113614173759876
735444590115677641 735444590982743754
956143242708159480 956143243542445656
378312846353963101 378312846998814951
769538648654249334 769538648655426974
464380803805548171 464380804209032393
57516407283664840 57516408253116217
114826261169307906 114826261902801996
808918465313546339 808918465643281087
149935184306622997 149935184778483735
367171475938688983 367171476112111774
19532230293857119 19532230993584339
189221503839571284 189221504469831349
995568760400803149 995568761320004639
7556606097682545 7556606980595709
96011635950087160 96011636248027378
487905443169434316 487905444115791062
875213758336349570 875213759013699528
990730319589061597 990730320446345784
650417747726624207 650417747833795913
469577565784322513 469577566534936162
866892985098951764 866892985116628866
785844596571554482 785844597075268888
114476504352269365 114476504997192324
293646919162064477 293646920050963124
944168029776745938 944168030142525027
413947339639474761 413947340085835243
157701540938918601 157701541824214330
425724232612406637 425724232831205212
844334293605676244 844334293833248243
732973877523862949 732973877939972252
113732562333692064 113732562617552273
516260540542135575 516260541453957552
892742990259183799 892742990558791163
979709792088412440 979709792686196634
518474808536060080 518474809363720617
657661036495577203 657661036710410417
957710047869834799 957710048258695857
186604430800372509 186604431441027486
39142682255978657 39142682711227597
213570342477039027 213570342481939735
375158634016170471 375158634386324874
284827228464697055 284827228645347352
619010922562859098 619010922673733049
2207275638800041 2207275829212445
770479983753565716 770479984466791559
663150289870070691 663150290644861888
440894034901220189 440894035710471185
952878832772863340 952878833177943246
736189099000393961 736189099198439814
713969984472134551 713969985056029362
294536986603868220 294536987246809627
163893878603494221 163893878664996916
20737342229045398 20737343136836312
651139350556678046 651139351174637973
412097192836875148 412097193397437210
110402554495228331 110402554773201537
817626037223118240 817626037742299457
541259133334852547 541259134111331393
423545402067457037 423545402738705711
809367946864873436 809367947261394400
221194498896292256 221194499757329533
806532957930862948 806532958757304739
303875433784389296 303875434639330866
139231636347050181 139231636577012513
759713469777371310 759713470398717009
363997050565650000 363997050765974849
863434373554174506 863434373940417215
878499330459018437 878499330994950337
227344666834763678 227344667785286128
244855982077813977 244855982343441353
643552852069620365 643552852747846020
654347230004797475 654347230569331978
155817230358883837 155817230987702794
340119949596922343 340119950003388716
612497574284076393 612497574608940028
649898593277934778 649898594137690336
77409759987535490 77409760591926283
133208166806372289 133208167307910021
408671629311004352 408671629335609444
173902555745517446 173902556412814624
751704108541379244 751704109539809236
685618078832698800 685618079118397258
891841305329486843 891841305945240954
853615951848368848 853615952105844997
118578275915650997 118578276555438265
457056634147916959 457056634942091148
507193808420785270 507193808751370305
137187687542231240 137187688425058228
626547246901557884 626547247391777929
487558613514361225 487558613519163461
559410713423923195 559410713636609430
612656676201977072 612656676917468975
915484911626397484 915484911919154871
387451474307776137 387451474383472547
412986185757263405 412986186214580654
491825624000989589 491825624977286884
999533498257770589 999533498753071518
994536974222211972 994536974292757948
500344799181003138 500344799291869391
170371539822112340 170371539840508948
54956315384213974 54956315787209235
67501797362525993 67501797742930926
817322313654822278 817322313678738020
65310566033745837 65310566757480302
615729416610051850 615729417013516157
216890078343208256 216890079199903043
882685610976436151 882685611383528411
394181325033579237 394181325865326943
118359103931503153 118359104754057059
262601506896697992 262601507363992944
11562551396891065 11562551644766823
985582131182238815 985582132022600748
324004551370894784 324004551865375483
163192651575296020 163192652097282203
990567554184582313 990567554467639199
466331293907279013 466331294344767885
726412768780792391 726412769767470441
887134506972271927 887134507348506229
710238888825720 710239625853458
660724880945845673 660724881756555888
412472383198762054 412472383486835967
804813688646453603 804813689461852449
889722924573272440 889722925549754255
79047483596931267 79047483974123690
398897560423149593 398897561380434093
57814675069716004 57814675500949631
46193865221795984 46193865449262702
533023253778964146 533023254604865638
55715840646038990 55715841278698429
378300611003121734 378300611591208371
230641577033271583 230641577727185625
645817867009096926 645817867565528076
605418553290570043 605418554228426722
746457616719678765 746457617169913868
951170188418801751 951170189295930398
538187703799197664 538187704711814878
347734254385553307 347734255310455483
194346306640729572 194346306937731978
96410506104799997 96410507084085173
99944128178693625 99944128564039545
663393073355584428 663393073684145388
333507001710424738 333507002604102279
294432476350360703 294432476907417304
377412597571789175 377412598407314094
592352513348845127 592352513350606704
974830917954301299 974830918643037823
890971274748848590 890971275476495101
550020453043286124 550020453711340205
537627013525177061 537627014518330482
163553505473524886 163553506318031392
78801909688111201 78801909828959701
167715344828184313 167715345716205712
402361911799996273 402361912253461604
507282782693031839 507282783051693630
763302415464836494 763302416266280016
519226445113513882 519226445584510543
690819876119983955 690819876867800925
346090524173012367 346090524445256759
204158110770312493 204158111753226687
426122882699412522 426122883130713531
847070437961292961 847070438025920004
213229388879728169 213229389158513690
671975507805864143 671975508759215165
291652489871000700 291652489979822527
30771392607446498 30771393292151595
366135632019016226 366135632918240204
843510321402614438 843510322124570163
967016804831238831 967016805349860766
288626323790454550 288626324691045964
656596883619315554 656596883657068206
504790527040927563 504790527565289122
568463087341592071 568463087447356551
474617546243862778 474617546927600113
77460993034450025 77460993766554860
877988846792486249 877988847455558916
550850848460717360 550850848951348890
917345232251345213 917345232960924787
483983481747632846 483983481990320279
49762933597418451 49762934525390391
279675383954206536 279675384559599866
47724150574951609 47724151572217929
134962335610841216 134962336249808939
484762288136396975 484762289047660874
16400946846189247 16400947621013952
938674068325943037 938674068388656837
34665007860273722 34665008461233930
147150364143253291 147150364216351317
829056496786187532 829056497158493718
923746240902311772 923746240916465215
753582542315517955 753582543289671273
319207839090212303 319207839703093441
461402981210489026 461402981803733575
295525156128774225 295525156674839817
980280594722906959 980280595519369474
443773038621560970 443773039006879414
455438443598900872 455438443754285358
406773554526638533 406773555257170878
304171015426030774 304171016187023856
21180799583113443 21180799672069819
155964004710673571 155964004931101721
837873242908013319 837873243572731478
512136616606909141 512136617478882727
654155111923865789 654155112195813714
874077299199110526 874077299826391100
952975222465706402 952975222647797078
373714831631968674 373714832631704487
284703730251506688 284703730869743046
477449447282069275 477449447382263991
197379139329884545 197379139337283724
809795315770196328 809795316733910957
141648367905753567 141648368282392922
423730220831065023 423730220942758432
667619579936745589 667619579955180628
672286371722350523 672286371789955479
986680369893043012 986680370366956230
363273895183933821 363273895910830274
463071590170032348 463071590731926130
643910634042765271 643910634171428561
43373966600603160 43373967421187845
506475426860903155 506475427116665433
876878182550825517 876878182693170803
581168388986196531 581168389626719609
26891768610682993 26891769556463277
651233535870924587 651233536818624621
177456333704352554 177456334650070677
721668551401027735 721668551690113685
851600009109149570 851600009573096720
613611595122874273 613611595295965898
309671228361851153 309671228647706135
377221726139326505 377221726748707095
411896978084763695 411896978822880939
46457593530814211 46457593554972700
155473120377217235 155473120760031214
224431596059384566 224431596086785554
402123799292817835 402123799766057905
981159501297145378 981159501871471398
43527561619335746 43527562090418513
678266970264598119 678266971191989039
492857671275701907 492857671422319162
543399114469897731 543399114862452743
183375306604528830 183375307560083750
14251454691354355 14251454826876907
279797733191202899 279797733265135077
485771289749789674 485771290141899961
118395163505847197 118395164090750474
654747859374327834 654747859412397974
764050306557062528 764050307344765686
795545875521414054 795545876249132243
722251949364255139 722251950138913153
137543652126802606 137543652387563672
650642001569905786 650642001979253197
601649519740321246 601649520286160456
714912809389306837 714912809892033632
19951188428300022 19951188534162178
60155117559622375 60155117798654700
405657624602224714 405657624701211529
553488009314576085 553488010122949509
853914151690289221 853914152094353790
446080378397318104 446080378460561442
286951496771272898 286951497734001732
399836764807428474 399836765465715679
158285150947247952 158285151230017846
900731159975503723 900731160217930197
641384352599553435 641384353321482370
652430359947560579 652430360286004034
705985299038431290 705985299418705219
709764064496996237 709764065487386922
488379513419171197 488379514066650219
835549037352636630 835549037557969357
112696810087388363 112696810559854878
913361649521375763 913361649821423222
864220373860123991 864220374474926760
839748381678559191 839748382225491941
496203594307657402 496203595241080090
174218198197032248 174218198303261279
570240190434008341 570240190566893167
276509265870750476 276509266124130622
955949473344722680 955949473755507854
478517956944639792 478517957798864577
761021445100778786 761021445380398922
379865714027471491 379865714898443621
821968159251434577 821968159625032516
993330447910957195 993330448818534703
275144625661590444 275144626490888296
531342909749538636 531342910410954328
197925888379567568 197925889043933105
336309939208078077 336309939548249855
980168788409000966 980168788742810517
522783079381420826 522783080132542627
647972151614811936 647972152012055609
746157559241981577 746157559793409431
689029096020695550 689029096850714022
88216072978722254 88216073733290411
401324609113204733 401324609480014144
526091329247836874 526091330225509781
753856759181914835 753856759640029213
955679624274036956 955679624600903379
894833218895038728 894833218919563881
118603211726739221 118603212405259989
340259793904224896 340259793973312575
87285054685180635 87285055657415037
34031321893761213 34031322100210659
16216256319494534 16216256506574483
967520193740784641 967520194541151933
908445283931547775 908445284127210311
871526859156537277 871526859815023603
548999667912075634 548999668115543388
378833996531010121 378833997053952675
137109343249864117 137109343631023289
270511044882934577 270511045683528846
939198690267859195 939198691094722109
654153268453020463 654153269010575876
992607410270519110 992607410632868045
308655743781771146 308655743878082098
406950207368559798 406950207704218728
140108738618499272 140108739040341966
34121812378510489 34121812527194924
442306447239960384 442306448115811836
482854086688801825 482854086914366980
659980548532625034 659980549326695193
876925827591920911 876925827735374774
540925899483434384 540925899952818878
909847302008024426 909847302034712718
997753421557000292 997753421879669322
230889801701909566 230889801874917597
24765686354185932 24765687147721122
412614933703647685 412614933928464444
146299432761959651 146299433483039884
637918063757253422 637918063923696562
674471392560838244 674471393198239357
757017947509332943 757017947680931979
321330367472620675 321330368177765334
699262963364653747 699262963437511122
256141047062294621 256141047964345165
700644954570955103 700644954923592465
315037034768924930 315037035172144412
37796669697996730 37796670290862046
536766941668020538 536766941921194832
378253607044106287 378253607232336712
416406406532877667 416406407214392118
242868713224068425 242868713749225521
560414644748047179 560414645549455507
791391532329616771 791391533108081053
260187315747994802 260187316153962937
780682160638358418 780682161288043604
549506218989608383 549506219770730572
695470127944166804 695470128482329012
33797524617806034 33797524907451249
366060996579480346 366060997463932946
717316045868444791 717316046084522147
641372313865427797 641372314202293792
278239251319743104 278239252213760735
865874347732052169 865874348490546180
15463251401935029 15463251837178603
152743043094740681 152743043416267974
836087262297889914 836087262645125569
773143036583148680 773143037510373381
800842006502205150 800842007433897509
291699782655954448 291699783080419990
948032412919686628 948032413567580611
120826759353503902 120826759971884305
891170163533331775 891170164134774040
259510644468805192 259510644584807782
274930872699834795 274930873389888206
27111511857322582 27111512540870543
703589891025139965 703589891619456944
454710604371375173 454710604847290114
769702668184038685 769702668616616370
107056996459508488 107056996467868824
902064654173145190 902064654863298952
982928494092851849 982928494631046072
53696003449261616 53696004021247891
695429930826089818 695429931637731161
901038755270429208 901038756167440087
786728467675581072 786728467676059999
401958141114536913 401958141595820136
164857021213712789 164857021455278636
756014632224114450 756014632239271937
55941117626637107 55941117834406384
985322141407330155 985322141829432559
367065695923719877 367065696612266720
474675735752975683 474675735960865085
759745720521845288 759745720555463404
958801070020921641 958801070460632385
98536718240339911 98536718708482768
585470174696416266 585470175317325901
756581354571252896 756581355066817556
350406257881323220 350406258721276304
710266649645368845 710266649875094179
539121814641815368 539121815367001894
154539211816447112 154539212161159238
984523294372128176 984523295329506321
665876428040150076 665876428520832615
662483738907742615 662483739303703343
376617582948798562 376617583801125344
591337743404543014 591337743676638775
149390945170321445 149390945352787733
462845560043437363 462845560456920618
403057087091810697 403057087524806956
331322626613861135 331322626935918285
434960474650339474 434960474961337620
116457999730127556 116458000131811751
532109829634201876 532109829805595289
901200021088588717 901200021737939662
163560880625797463 163560881333199066
749242807512241396 749242808241492107
543104903223672934 543104903868712017
285271256075757564 285271256627070661
475132817590218867 475132818358126634
126620671038869560 126620671446527636
412567664600295127 412567664982373929
584416811445482130 584416812286572236
11595615954324080 11595616764802091
291490079766782452 291490080616713118
996449790234249337 996449791128051062
408872516433698215 408872517128335658
531317176545905528 531317176879833769
641171593546110032 641171594515045341
590291581267756690 590291582103966171
239917250651078945 239917250832577557
468595992640899682 468595993138914522
592777284329388961 592777284502326990
294096774108658349 294096775087556197
116583115043732362 116583116013701383
191693283496332737 191693283542779158
422493153411461738 422493153687229362
930518815829521176 930518815872642858
346926329003942664 346926329076241647
99691656265619474 99691657119752937
7513350854065325 7513351391570109
39842384209296361 39842384659932327
933188143690971270 933188144508078935
229515864117457959 229515864551329893
421325452402118324 421325452438612687
348969770395585738 348969771379957013
411449151677228707 411449151800761975
496248174711355301 496248175439217338
900716372038986716 900716372167235795
796864736374214961 796864736913362777
756996439006565236 756996439292423069
572532811562907196 572532812056052419
661600258529616106 661600259442177167
480685426306694976 480685426394647894
85752399582339881 85752399857808679
244184956075306917 244184956674687631
715027783653404831 715027784341703194
762109793419505111 762109794190819514
391606173611335320 391606174480605639
481560456413982975 481560456859223120
904496280337472832 904496281170771040
656172218864991120 656172219348850486
558722270512236353 558722270624289890
965462856177422070 965462856243072096
908512950828030445 908512951199121251
192483603737754633 192483604489690003
303910741155971291 303910741538212553
256014728293378106 256014728815297118
102041862591768702 102041863540422159
719925269263586161 719925269407383397
93519641131967996 93519641564513635
370818686650648617 370818687451738153
930108781047964764 930108781466942221
509835683007719794 509835683624918720
707274514237281898 707274514703345862
627850362612458929 627850362749543566
258978534077381121 258978534716354459
450963057732427064 450963058713971405
971055083146593302 971055083167698829
672304486288862521 672304486360546807
516306273018679758 516306273769135100
172515118251100708 172515118449974153
775104120186166929 775104120297813465
294263136786175895 294263137224464312
773225247588651420 773225248106739216
965431475841328298 965431476496949004
363837739931069759 363837740174776088
354909707478427879 354909707724635485
232530828364833692 232530828445593112
317726228210643021 317726228726054138
605629766162622940 605629767064390465
67300445114266695 67300445817976823
492371691587337026 492371692143659363
472615850065136837 472615850539110612
35667343902440986 35667344075239924
695559036575684782 695559037453316231
202049099742717564 202049100432737457
499187072269986715 499187072618761907
354643371635543094 354643371726778264
813019394744753337 813019395685743605
190003915382835027 190003916140557249
261000068020640481 261000068805389842
424641306430968161 424641307340803845
817525153277661050 817525153316398547
198823127866814207 198823128012060374
737721676907749875 737721677226840733
643878404620951466 643878405570775261
559971266251275058 559971267163213489
412125892600024832 412125893313584825
452260573084461465 452260573467394669
836033221127717833 836033221255574491
467638455095703116 467638455655191364
85146991763197052 85146991781228827
417654433309751719 417654433680771750
603500491103800198 603500491881509242
895990577903345039 895990578410306067
844289617260992451 844289617545417214
516277751343759655 516277752318104837
814619077287095394 814619077648348392
119345268829156593 119345269584004518
809963070685797383 809963071039449045
561541753970323124 561541754194163583
504541460911637633 504541461711165044
283375381371773537 283375381421749011
201793139147113872 201793139279176509
625860828647443959 625860829613764222
280423415294487524 280423416236054562
591277379609561853 591277380548074544
761521259530439306 761521259757771921
585890209370768750 585890210124633867
118881343215076320 118881343852881701
849296462595848038 849296463279693794
558200763702519151 558200763838186603
201089046067517606 201089046097131073
595702544331625971 595702544875104584
611146145023009404 611146145858422380
17273310732580435 17273311083974359
514935485801919915 514935486178123927
927804409780781067 927804410756544651
323075881309308364 323075881635549963
146866872390277482 146866872567068989
899399858097678461 899399858371897418
717837798891196899 717837799490543252
612656517547467536 612656517762729371
154497966732876154 154497967302882911
792863359727899698 792863359755875958
841456045088341736 841456045559106651
29601038259214717 29601038756214912
929242504861826310 929242505091733915
355230190940591909 355230191279239919
668835806706284867 668835807067257039
864907335512031499 864907335847020951
594457947099756908 594457947771990043
424258127384803467 424258127875828574
417038544703712565 417038545391776500
540700451838658442 540700452077276118
832895251014743013 832895251342744221
701311222809359490 701311223411515042
337557430058089775 337557430070836772
562833025718451496 562833026599818860
438593624457451408 438593625048733193
159281786388294985 159281786990357392
401295897277277554 401295897708120104
797112912660014149 797112913168009019
862541886290868489 862541886316714819
692417448798043390 692417449722703517
614719811059185941 614719812026637033
838876756929031432 838876757257111728
686053029719021085 686053030655615274
893141679621881473 893141679661027959
222197767172656068 222197767611262464
327254523920661786 327254524114534863
577905044648587395 577905045041078341
260859763503822884 260859764297401162
295720084454425961 295720084477143110
863358827299236475 863358827877056563
667363310707495327 667363310734056330
504439707005172924 504439707778939015
988487822069793603 988487823054155780
502429638037174311 502429638867632962
648987662674225913 648987663405011840
182826281396676097 182826281623539591
455570523603833870 455570524177057809
75549211878437710 75549212354769815
414771967368571526 414771967856968847
352120559714910079 352120560412069316
84172493189486971 84172493820231413
339305243444774536 339305244326916473
589214991088678895 589214991546204604
700232234173601093 700232234587103989
198281870344692251 198281870620307912
895497706843936384 895497707839844397
737006144495442253 737006144784516655
32469387634950188 32469388291324496
705867853079077165 705867853310882497
806686045706780699 806686045785554365
456069747890511051 456069748150689997
759916965728215894 759916965854073253
696015714303553739 696015714329477827
685227414091110497 685227414482079198
862684310315729760 862684310809780378
20041908902220067 20041909653380765
419864122119754732 419864122927552997
416841587556129553 416841587675897845
526053118755219400 526053119753658154
744273218936029165 744273219891358498
603177616943736308 603177617876695864
651062912125481138 651062912204279508
897852806657524532 897852807084531750
712490248147799305 712490248420939433
420011370534450098 420011370929147153
504445109282543765 504445109920606784
303959969449744072 303959970310156809
95109163382281026 95109163667801241
540401714941862537 540401715806707466
122275411373219917 122275411396638007
433477271509796750 433477272268917491
889688822391724997 889688823323034566
979359910730495991 979359910945998083
78550822378695971 78550822821094900
60113562008137908 60113562572208926
579184566385228758 579184566993026268
286918090788441378 286918091495642395
784093989914515502 784093990201505779
785468866239332274 785468866601241843
129919257160748738 129919257843176467
409483177280097632 409483177839885399
769143374327326519 769143374871147454
881348603099304532 881348603451504061
573827705805651603 573827706798011475
362205888635075270 362205889276131764
804847210866329970 804847211044079305
802879916921725031 802879917217033794
82674486700359890 82674487606142669
105680459796421398 105680460609866217
283744666304134478 283744666756972843
120615743740741933 120615744155226824
278226078369739484 278226078799613928
644224994749788682 644224994957614264
289064791239963466 289064791737201004
549477229482908187 549477230312072634
333234296291898522 333234296652770728
247097940797766103 247097940990089992
239832052093288032 239832052452210494
630493752753564183 630493752942561323
986879674530794361 986879674718258959
696909863705646630 696909864525588118
899856421101729818 899856421687995703
711539173574387597 711539173729369347
391439248960039080 391439249671763577
64241224451767223 64241225034852352
27804836439737460 27804836596217545
85665910226768058 85665910708858143
36079989410650476 36079989880563949
969770518901314944 969770519507321877
426993562826046068 426993562878828693
899517401661986163 899517402083017732
324781182544595496 324781182749453484
509979791170827663 509979792146730329
653894344640767356 653894345416703598
584879036244997504 584879037147289433
552564953610522898 552564953967441058
487135829995092050 487135830527922686
295003901860408068 295003902089280817
759800030121532729 759800030123732227
325857700305463531 325857700784716140
707383523538069145 707383523623349790
640791932202683293 640791932393019796
257163134122161165 257163134431043087
825504513652960477 825504513827448633
587046834693218578 587046834884288521
189871689255970354 189871689887395422
299481916198276007 299481916984133963
515548968126042164 515548968418101764
797847759953093695 797847760404597143
456045867088958205 456045867397897399
522005277794153509 522005277822172432
872564751918146026 872564752160932800
431468677286859686 431468677524137721
970448628321852044 970448629199160313
814562046592779314 814562046756140937
155229410901791834 155229411541874834
74952712998623541 74952713082449377
599809036562397580 599809037175702945
601870413218458534 601870413568969776
647522984675858212 647522985421134893
1155812483439180 1155812898387173
548736836614138413 548736837485020175
760883394173742825 760883395129889177
966567107473204648 966567108257929848
229422577987812174 229422578435264119
38693170406367866 38693171061437503
32345244262085684 32345244308377039
784893164910093066 784893165362217982
289229201352923920 289229202317542208
946202939253015762 946202939584787771
948562056374002252 948562056468852973
773272093922311360 773272094492771195
94407624872458345 94407625820470939
969034731678365611 969034732234618711
262033457731819691 262033458623922307
291557893874851485 291557894771837016
64506376274045632 64506376521659387
492408353379104573 492408353665885029
906533237528358735 906533237702349373
228946443646530337 228946444524263685
971739938024116189 971739938890904024
225180869230720905 225180869465234895
671748343222422911 671748343520074762
400870615433855642 400870616377406481
301375718168125566 301375718419386430
771639140240462628 771639140443550977
831035337205691285 831035338019253484
790030683552306588 790030683880631885
949659644745541307 949659645235238325
477682962012721112 477682962516271748
838662010151897774 838662010205633616
45117201335563041 45117202007257022
83942183633158531 83942184589192107
924166610457482327 924166610966866792
796819466987348728 796819467406939856
227429503193855487 227429503669238743
966412289636835958 966412289835840602
769961001602889200 769961002533020479
916300659280924395 916300660170891314
47625003031045576 47625003466998693
38270226170543827 38270226886771084
722219857677813923 722219857849723038
866889015333212802 866889015557213894
919162890576101947 919162891252882852
834142763803073638 834142764106849415
888369061747400419 888369062417644367
698933152716331886 698933153536831224
31307717541049837 31307717624117141
257370967308753583 257370967393405724
950657152442277340 950657152976168262
163785504676322637 163785504760588968
380413840181858935 380413840917944565
866067101177287146 866067101746864091
6243006086164386 6243006318799345
634120759634168930 634120759653499520
661347594657699262 661347594687442580
264991023882995880 264991024740382922
149044081545465669 149044082008110099
27899647155723582 27899647890362145
82321527515638542 82321527722453475
632603999643628565 632603999918248115
362870736418252660 362870736867199941
143872282043728934 143872282114947066
728751930976180509 728751931901667233
180338024941401217 180338025184364264
310814244685719785 310814245525210657
818864746302573732 818864746989811445
561377211634221198 561377212011111607
582876327329181374 582876328194876277
881247361906916046 881247362602102356
45110058124460322 45110058733839703
709532618444235831 709532619186474959
725618327321844618 725618327536401907
894344518617876688 894344519116732700
980970216152328305 980970217089068268
444496594999619512 444496595212747906
424785764463846486 424785764907572219
204793075323603882 204793075722246516
61926899343942400 61926900122141632
567610813490864886 567610813969756623
90461741269957233 90461741453923104
287064564565748657 287064564962654083
40916108118237431 40916108487248568
207723772314259446 207723773183283787
378924465165832568 378924466049885130
434253111733555907 434253112043819905
58517062486543891 58517062951755408
333645105365031619 333645105602032643
899783765677136870 899783766194819286
537567847579269619 537567848100028374
439908654058737632 439908654574377314
78379144203240037 78379145159587726
149254345873379212 149254346795063567
570272074968225374 570272075917583319
262498320495787706 262498321053895012
447156986339418438 447156987133699711
876663899213632519 876663900195254094
647471223827308389 647471224141645976
451301423259037204 451301424051490042
157149077317656778 157149077956779884
647450521051252913 647450521358495883
539387568491681009 539387569141910364
113102770866002981 113102771486490433
214602022570792878 214602023155477952
104775542582582083 104775542760606513
285843289872593986 285843290497636294
500054332899309543 500054333256654855
950660917828903797 950660918652915988
847618882713241974 847618883100142708
415735468377054200 415735469174860458
793150024855285084 793150025628274133
465348275612128478 465348276167084620
579109103335347521 579109103572130567
661299467917993788 661299468110467844
372767013296726965 372767013484340909
518907484534649431 518907485452947070
953175607233619201 953175607641239241
962741092429093932 962741093384112191
455015544547144482 455015545272986659
973418623549221004 973418623801886032
594315286203867750 594315286459565041
907040537376859090 907040537517153461
460593777212901645 460593777532568231
147113410258028764 147113411077446732
397387082035020003 397387082770088358
403721857052427657 403721857888698948
426387392836881135 426387392861325014
372310046584902679 372310046705495188
221614989833871563 221614990454995961
94829639888476344 94829640045776425
985190036959824735 985190037572170968
944139466903741015 944139467550216488
965803256064909238 965803257028065257
805126341733197131 805126342441269907
838034511373745999 838034511563825429
141167418762244425 141167419569218094
508506978133941419 508506979000218735
393823024841178985 393823025194135991
84816813682576367 84816813914292338
866763285418936541 866763285666864943
622598679422847444 622598679996452086
341076908175608962 341076908906240042
680337441749707404 680337442178329237
938236296269915855 938236297121559451
664731922780344938 664731923673273773
957176095031675980 957176095938689604
83812338846538976 83812339171675443
488097654189305656 488097654826572851
526197582379555501 526197582604871016
11906491297480590 11906491790815128
440359011172704773 440359012002492199
495373737317920989 495373737586105385
301437520052224359 301437520914183438
400327283006584781 400327283220921601
379731135374899514 379731135440788717
869469465355579538 869469465979597951
611266902652049713 611266902940808337
835083667416816229 835083668215199835
972321837031840653 972321837886291908
745913817014879658 745913817889327343
750030477903683926 750030477983313891
771936749091237600 771936749921122462
982970649671536981 982970649803733236
905863104396980285 905863104654776430
617367087885477094 617367088376418312
988159243995240088 988159244070314792
164041041273435118 164041042024414021
557904849907580983 557904850581210981
116391692317092924 116391692807525892
229098685818670141 229098686144780029
24899025633843404 24899026562227197
84717516717363185 84717516759924191
62151314414247957 62151314929302767
703137444587623694 703137444591552291
793831138880448744 793831139399975784
443722268476907885 443722269174111034
783003653813236833 783003653940261264
176671145373973194 176671146022768661
814253038738767278 814253039563122982
928959778009369262 928959778458181345
155829780495809658 155829780708209974
982697840431488158 982697841404836275
219664750507695651 219664751098806547
804021398189227848 804021398681268445
266039183085281264 266039183176815348
470141520535787547 470141521347279509
455424588441804685 455424588559171502
378833826625127119 378833826859732207
291799805420231766 291799805800654436
508464603860417616 508464604273181206
997460392982948754 997460393212565174
829643316926920866 829643317406726285
578711297678758436 578711297741524970
271911783726565715 271911783926298814
720180621659587348 720180621701614915
525305258972788099 525305259340338218
113277506175343716 113277506349843269
669536211191201686 669536211681698678
134356148557462540 134356149085201344
303054303086537810 303054303605768215
614654245559106545 614654246280178133
913774963920622504 913774964229783931
168203138606209757 168203138684404650
143160713713013540 143160714256962731
501956128867511208 501956129832119838
489200801444805279 489200801562128616
290514162331844546 290514162505107566
220531773481368105 220531773810794950
832296900093674603 832296900698694025
272884674917293942 272884675606653734
120704294504985505 120704295135497267
662877041881807735 662877042224511767
817749596123273979 817749596875221151
323628413513987752 323628414409908612
334745868682008206 334745869556435843
83973636737475111 83973637188800053
704689067319371485 704689067818694101
513539841631171900 513539842466410125
787899086230739218 787899086781045127
987811742675170066 987811743368088430
597950069254044914 597950070041465452
699093478359747885 699093478714123729
273773378329516935 273773378596834453
417407578255257043 417407578973750957
40739936418512260 40739936919402824
714462139737018584 714462140159084072
483512443651308449 483512444039985226
632125697841765269 632125697859682709
854161516700617809 854161517093590085
117196822245739601 117196822979966443
655838103104521275 655838103486101357
221600066378504090 221600067054057567
843559575297555617 843559576075947311
319701573473187144 319701573919046308
870489634214545632 870489634663106477
878886119596064007 878886119680630250
686623398065151090 686623398120630763
343861563399325928 343861563455122413
850540082496694694 850540082671844358
567495782785750335 567495783136665127
168039408896940294 168039409499505466
460011336269845340 460011337258945372
401307684388527424 401307684844612482
954043235894952929 954043236770027507
424047769256853085 424047769263652473
966716485040194986 966716485479342227
57628868788449919 57628869470327390
952154879109437902 952154879329288880
844135710471134098 844135710930080661
254954505946270436 254954506394620047
171601887071964947 171601887181286778
444372643868712435 444372644844009071
634621793370249945 634621793608738751
54564222320908128 54564222599593374
315119013921105209 315119014874912715
263928476419490729 263928476604219675
786116421662996287 786116422622591386
983343645440408347 983343645485188113
96786184577126440 96786185060853964
620372492692177691 620372493616423206
448729632991067590 448729633550417173
227795682722246603 227795683678050655
104212783922281688 104212784448487091
182338034373623082 182338034729981705
866909350316362017 866909351138734445
837414409671991733 837414410002057196
4922922329936617 4922922921511514
140098052168728167 140098052291788247
163659084402828110 163659084843727528
602925455048128414 602925455913153549
509056351625753519 509056352389088635
4708345169334395 4708345811107279
289406112584016195 289406112796978063
363125667089359231 363125667427294574
201688118604460921 201688119139180324
702245977562509563 702245978105784624
601398762047695272 601398762754524612
385912191701788298 385912192611963225
700285492385946847 700285493049237266
925252769337763725 925252769801384993
544592161431160548 544592162358760080
195939160650739432 195939161153869245
816061822658787673 816061823049760286
690679969283259778 690679969976595688
251263281775686695 251263282005500430
284852876119595268 284852877024295460
92688874613231368 92688875583765366
849016787227880915 849016787568076931
798634022113730763 798634022645774355
24933341165158608 24933341365783257
114904703552235161 114904703721203134
32646303514177754 32646304012209480
702980919535022417 702980919811303756
995610811732284630 995610812036132552
163236615537762972 163236616207948962
993455329869801348 993455330751125161
594523665883437470 594523666001135778
977449117056510870 977449117336875990
972435805248875865 972435805747314574
57845081518273451 57845081894743818
544288187240571525 544288187990083229
664562683253059696 664562683880009513
134746159570954672 134746160367924166
456980324844930002 456980325159510763
148815473828961981 148815474560762254
488237597256596203 488237598009302635
730513403628713681 730513403949128194
892390237181010286 892390237322038137
541086667420997406 541086668040159027
349655453234935816 349655453411182198
136257182522992476 136257183428327493
875544548150774692 875544548568699096
147892885296671736 147892885716426365
243400295930125292 243400296613240425
804536301410859409 804536301535472978
868138705437258755 868138705586067702
903016281145744655 903016281322538091
298083938465479055 298083938900655327
117733364776637088 117733365118808922
340009515961341884 340009516488071121
913344245825945457 913344246545517582
589317857998927886 589317858581100461
693336476508530978 693336476663917111
889802040903975738 889802041624513696
970568894355400546 970568895342610260
314249680982628780 314249681549077560
984611499337782190 984611499988619629
786996977448943008 786996977948510606
715128494002375216 715128494906016360
575525935679302382 575525936589810454
929221287605222236 929221288551376567
779546133794684200 779546134218347490
248278921623045244 248278921941083893
93042334844278591 93042335021259375
527924685559355633 527924685971544356
626350181809705481 626350182078135335
989521605033899118 989521605991219216
388023277932471061 388023278769820572
66266538024753572 66266538504112191
994194421199404565 994194421687192743
670986729655686358 670986730036778811
701632297833493606 701632298809943366
634826861187334728 634826862077124651
613008393567957306 613008394156227385
597336479792143149 597336480193920549
795846343396985813 795846343572494434
136199034436436619 136199034888730575
221318712444213706 221318712463772802
311990367600519597 311990367766885100
354692028550763765 354692028747881329
490868896054203972 490868896602664976
920097551889366398 920097552331559143
696849003475927447 696849004164031436
165052397112060732 165052397386231685
585106273521459057 585106273983032868
38486685817177876 38486686460633932
605329762506782539 605329762940707789
921062050717923330 921062051154957729
908355903885539689 908355904252658308
952942691354741203 952942691625059831
349451893471080015 349451894026222246
450897359373858818 450897360094022940
708550122879912766 708550123003587164
966403855087760366 966403855846888767
492862600915588087 492862600979117175
808177546697284985 808177547215107022
768384138020312815 768384138072633060
384019924727290324 384019925033048764
914108964935524717 914108965657110245
812567767548946704 812567767819483081
965734766783177368 965734767602551818
890010660052039862 890010660336619500
59983402665389542 59983403211275398
727328191290147533 727328191869488591
51616498188733870 51616498389849853
778765632362052363 778765632554394561
232266602496133598 232266603412056064
639625382699465176 639625383610228453
471504672378172153 471504672974451465
457183973050290319 457183973298841100
633148484508243784 633148485392447823
99597443451724810 99597444365168340
372443976106420170 372443976422732563
350800019029621833 350800019581383216
19672108898514095 19672109764183308
227966889103839643 227966889475978803
294956535743879558 294956536170536718
414174419645893940 414174420515516726
419532106517656483 419532106858696285
875725553075831030 875725554071881814
973481397363206771 973481398180206252
56620862703738888 56620863424543944
176308643631476614 176308643646006793
223199416731087031 223199417384831455
333144141127046710 333144141393885877
181641249142433859 181641249294780578
414786819716129745 414786819763546537
450549200067799492 450549200521407328
903326814068216623 903326814915494804
779477932328100121 779477933086017639
872497584299483175 872497584562533407
741301629093639663 741301629447240936
327754226025618346 327754226384087420
142408244129357634 142408244783547441
850510105849588278 850510106621133010
747088961838570247 747088961949577906
198991244009495442 198991244755422402
935822421029634844 935822421635620230
930056596705045881 930056597125094218
819636397029411756 819636397167353927
999799487432559577 999799488367962623
972928561727323981 972928562597291796
959059121588963657 959059122487990860
627079891337910079 627079891453723882
964451865354978152 964451865962670949
955341082317944778 955341082387717138
839535101207988406 839535101255533090
341050987392815362 341050987819621618
526216227438640423 526216228012322072
240068619586828504 240068619798368301
30857412887386217 30857413676875496
410963539947961302 410963540222651483
539479799028938019 539479799186709136
747287258772422626 747287259039314458
156709954465279534 156709954608539121
315163923878852704 315163924495254051
22354771505010062 22354771823765515
679030611195241584 679030611446269097
4064416525044108 4064416909925735
748309155681523374 748309155744365656
725655140185860385 725655140922608145
784799275311550148 784799275884605001
776716553912411390 776716554851523052
382156099518252121 382156100198165897
760609438004994716 760609439000551560
337888404302866918 337888404668437844
530339703307129902 530339704005050619
117980533064567305 117980533504064969
923599069159563123 923599069545130549
926326177968875668 926326177974301215
162027461925326431 162027462846659428
35423773278828680 35423773347955314
380699404517577313 380699405112932502
676279829093224983 676279829459531580
154887978258471442 154887978775045288
844545398653412669 844545399216785404
359307714877201480 359307715251727138
420278325577860746 420278326283442972
168417697146402590 168417697540643160
967135440132403560 967135440873446376
314989509784328923 314989510325470316
407514550940054562 407514551262824122
973404920312856629 973404920507158805
185561291124344645 185561291354803190
892498067477244867 892498067991815375
158031078116147030 158031078820304813
375965355016057774 375965355529677239
255481315693141194 255481316023121600
738213679436644186 738213679991004964
194242373698704997 194242374076205463
248548496010257962 248548496245481983
750699327601787293 750699328152754475
757446199427977778 757446199920526768
417703655337552254 417703655713477338
36755354543458646 36755354548177764
949057703415991254 949057704018047362
863180220621609001 863180221098143304
103938148457689148 103938148802910885
231749818977080616 231749819602075555
631399135855541486 631399136671547669
726723345418835856 726723346071772947
913987554945666312 913987555936906288
649760684782157110 649760685727123579
275314134279126383 275314135102384114
476715415474781050 476715416214190657
796336477011851819 796336477435917847
555575642520408881 555575643421878751
615573074349794197 615573074926929490
34317429212776767 34317429564159981
442589245884609151 442589246525451863
250391619219265697 250391619416387234
382013816244679190 382013817108335544
21946920723404021 21946920731753460
105602403904120558 105602404725395713
356545414641631131 356545414656120304
172923095830507977 172923096163016393
381116198755881395 381116198770514292
388171206945570837 388171207562933508
923259070702514062 923259070725131794
559365970455841334 559365970764695992
233414536972644857 233414536976948664
382840095195988061 382840096044047731
712545805714712477 712545805766601101
614922243059371404 614922243692912990
577008017985593112 577008018021107300
144494582413491809 144494582914502878
249723225207562335 249723225355268402
156900687319481272 156900687449444862
595102776260011232 595102776868447007
471315213079967629 471315213271428938
203184573840163520 203184574110341592
750654561157676744 750654561386310926
585442263531702327 585442263817059570
174254307759197553 174254307955892815
157229988927244818 157229989865619652
78450052948581802 78450053598487152
419278424140680938 419278424576953963
728590999099250813 728590999700369092
398930324497602313 398930324566116191
854526371305353333 854526371854489765
619688518595246233 619688519396769534
251457280671677050 251457280822026291
649776015066701314 649776015666915772
962975340712141258 962975341477693669
224395814953382846 224395815083724592
99566902065254519 99566902383220449
505612481170690906 505612481238814273
565163939584527252 565163940550202024
421428702341224888 421428702929681602
180716720645499595 180716721561401083
861494275813422982 861494275864234830
25249650577753260 25249651133797494
279089465864885953 279089466631528802
915110838948022010 915110839257454705
43971461367017685 43971461459631307
13416686260456285 13416686953650809
94005478054895282 94005478126364567
172383409470084423 172383409905693835
596171313920602197 596171314289712676
636443575436165069 636443575879744639
662307437237741883 662307437904505759
871324364537945660 871324365245501178
61005254912433722 61005255091851863
465227253448015400 465227254232401804
720434163300263822 720434163439352412
919579945541618073 919579945683672187
50346776184063562 50346776900194924
549241167262750554 549241168141720305
283274880434609809 283274880537953279
368782835635665223 368782836183142020
275609808979926062 275609809233163778
550721983189004234 550721983926701255
892874575796839338 892874576501935829
434226597952211143 434226598582766726
162595516145034503 162595517019556044
32258404476458484 32258404683838656
64789649853106187 64789650088722355
457921647250803889 457921648102577939
502709769294287616 502709769429153013
519268255672289737 519268255750613698
765846255581205704 765846255779575473
558068308769809633 558068308841354895
565146747724234815 565146747924834785
67439856966248292 67439857597603777
345684051352390467 345684051757615609
269778631096823270 269778631997480541
193402208839403868 193402209394012535
894418143656493655 894418144628018455
818342167553945174 818342168130560493
608264374466951598 608264374717577079
177698897635735738 177698897839114398
32365611032223767 32365611212150950
466480327449817416 466480328077378270
145435744074273855 145435744083929751
372832856992352089 372832857927344558
434661772630357604 434661773542784267
649893599131549384 649893599355498144
834461063238899436 834461063755620445
450499536869199376 450499537467294351
340075057545911164 340075057649402807
324357719631548761 324357720589103393
361425262467798438 361425263035142997
139410348412164200 139410349119012974
677897333080518865 677897333597245941
763746752318747177 763746752837376345
771203609816625217 771203610362716991
343013762081894963 343013763052336477
284538410611813948 284538411055569487
894523518048337724 894523518707547066
885955503604651093 885955504323382929
502503724824828175 502503725453035474
536509079620625244 536509080216246995
222153733401283639 222153733883166608
108040025336449974 108040025614508386
885750883884773860 885750884189722814
254136960165887964 254136961068487414
282972673639330859 282972674244517647
158527691137863274 158527691247797568
341663981980767948 341663982217406690
824390158312699594 824390158537884867
963241225499911276 963241226459956361
877082996994324874 877082997349456805
406750178871857909 406750179782888476
734000645361771451 734000646023746291
394577562545100547 394577562594286345
832366158297348706 832366159059817809
816704552883860154 816704553739295898
401557953241479612 401557953548136885
214300778294165354 214300778921849510
454539211908472451 454539212087729653
836364900900085712 836364901496356581
73320179032613852 73320179636811176
771243395117969339 771243396029546054
47175504577049770 47175505265279363
292709180732098195 292709181386866536
393653767697785210 393653768597098551
85724308261329463 85724308484095799
231476572685480946 231476573639026548
777844587427138171 777844588223829204
161952832568736353 161952832834490367
761634563222070441 761634563456009479
801737941166989529 801737941315038001
379616832714824441 379616833376608620
715101129955943575 715101130774759696
659203930006658554 659203930685849459
158582038108107921 158582038385450827
96935659878127828 96935660155689291
916987482488026475 916987482516041539
177589057122742194 177589057377370444
803480015726488496 803480016009072686
189172226058639870 189172227023714388
922580132428053168 922580133024617828
141376435244469474 141376436097335360
532974582504591830 532974583076640815
107587413078126019 107587413086938437
122102809854906284 122102809862035863
110530282881326351 110530282935897613
732673843929107097 732673844023712960
827342621053729455 827342621538428062
470481219049104164 470481219818696543
379555082042493823 379555082427899397
611780859326663665 611780859718760791
72850476148556858 72850476459449884
327138832613209172 327138833053349244
864666797643689542 864666797761537695
976883312086999682 976883312315779771
447552114100434576 447552114876640575
495039840764798237 495039841313723429
964850564385019005 964850565282165878
262772653643443991 262772653854941288
510974565841543573 510974565894062474
956211760252029973 956211761074426245
118510054059369323 118510054280091433
869858807380035361 869858808169999747
461984217479484255 461984218438101965
639758428894583408 639758429034676852
769665470737435038 769665471225537871
857281423445549272 857281423559099369
90050126609060134 90050127155898582
357941474844058049 357941475636455315
27804686735714104 27804687677548662
410024789836883970 410024790783230904
274221929343703840 274221929640719917
386537210558539606 386537210627068712
348121033977180223 348121034865561667
96884828780563058 96884829132848007
483938001465494890 483938001855613125
535767347944063401 535767348242872431
918620469786014831 918620470025490690
81766144877710408 81766145483326707
679739163955191076 679739164386440325
223928178285342551 223928178526885092
115213263739682883 115213263895810472
694031124831249173 694031125212975071
618142111644739262 618142111659184136
750853569564535163 750853569805999354
465294002881975219 465294003465545010
782870545538717354 782870546208266440
875916717800560846 875916718218040254
855168124316693274 855168125256191751
956297471784218 956298460705323
691596438158833424 691596439150737129
783964801383485448 783964801900606275
458237349757324193 458237350728136045
250247064568984040 250247065054720277
766762743247013849 766762743695655900
198561396892299162 198561397380468644
280115621699157329 280115622599395220
980064167521206785 980064168002070320
481907709878095481 481907710199517139
568907194939233905 568907195861153081
717934277656773003 717934277899280464
640744011036321681 640744011583958736
594432505188458775 594432505640344013
102631231601948697 102631231652499336
141957757356638743 141957758060176367
744426209512004129 744426209954084872
130090343291694815 130090343998557403
950150887896214395 950150888731402421
893260465505196927 893260466242514067
947237223121618336 947237223342778405
873999378837162904 873999379096825664
219135639237286665 219135639351780302
3251872415082844 3251873211564032
946758689577598275 946758689912247023
452876820984441128 452876821638192189
561792483990887168 561792484032878037
498941825972506143 498941826848944935
711680942248018450 711680943060686117
745893040145382170 745893040278553566
739395317914400274 739395318790135378
589953153383800650 589953153805092789
203838707398985002 203838707542276235
855139683646550965 855139684236450576
173042470202283228 173042470286106059
593591016226397657 593591017003037663
154011997571105702 154011997718708228
357324797055240641 357324798054918343
141795737869093346 141795737945166554
29594640293128701 29594640559305751
172156326712100426 172156327411885038
113403199069128185 113403199595062155
895756113401930302 895756113631175550
996581645868278322 996581646396763182
334294952500516054 334294953171089908
775812232251423741 775812232393508460
858967366248993519 858967367110244973
317874027745454548 317874028374195055
176909066244283128 176909066535583934
136688803552087901 136688803823506715
521328759033759766 521328759863036025
683144596337641781 683144596413655250
679649891035387912 679649891094300209
30556914709232409 30556915125760752
810331208028228500 810331208313782468
408764393194353203 408764393425386639
47746193558095747 47746194308637535
674981622488307707 674981623410378873
962401109563970461 962401109610760553
865588715549616856 865588716506088747
156699646467300164 156699647397446816
117045717301793875 117045717536154012
998599762684404976 998599762991162126
170185838352514204 170185839206531792
671349406454043570 671349407123279349
527745236962866252 527745237296046960
550646584672113008 550646585310609452
679949574908262509 679949575297163650
466140314490309281 466140314873256550
392925904076085664 392925905055481426
696018107231614557 696018107442097370
54214060573859793 54214061033564459
135335547996542251 135335548912339953
265432421097043563 265432421097325565
455606204603513649 455606205212143448
566153372087962838 566153372586476477
473747460247820263 473747461063908088
208366836246819223 208366836586397525
692432203030435661 692432203854043707
911511001794694769 911511001943480615
921706187778786956 921706187872613342
375221422020947945 375221422379610852
996119692314822926 996119693035465829
303792034154578040 303792034962552288
514908100105119172 514908100611567960
554484254789564910 554484254952214747
349648349634341242 349648349847635460
983616309957462110 983616310418903803
970174628604560378 970174629422234369
126854867615277695 126854867746277998
361772919047093703 361772919088306901
402012929629183376 402012930303406993
651308493463825489 651308494460357803
345023509334711029 345023509706616743
520314028615834000 520314028908148728
419214616541328442 419214616628444966
458573289858776224 458573290090678419
272851802479698486 272851802773338202
353968856070871288 353968857046764445
440801447136389900 440801447849566663
599970239453252058 599970240192910940
151616610791452080 151616610800190243
937180469409357346 937180470091721257
914876607448573469 914876607925896102
413313943044373823 413313943760507224
620717950823941308 620717951442503744
167070806015335544 167070806041016238
644727045171256590 644727046079311927
657237332526551761 657237333384539975
329156669885735583 329156670002487261
600307908767769510 600307909052492695
825245920245522563 825245920380863082
725134914094453054 725134914493643716
138386368195370704 138386368457429399
605326428708782281 605326429175162557
470160841426953156 470160842241098497
281191962759676015 281191962804050031
843306929111760718 843306929731797038
269804696474949028 269804696483286517
128590954394251678 128590954557310839
18423014470517473 18423014802950804
42335021991623704 42335022656868753
609293606601746724 609293607549258336
694733900622533041 694733901316175447
706847570763066105 706847571732344285
323912930489504325 323912931143338507
113979694779262631 113979695576510205
610588256321322532 610588256967901231
576814633969502664 576814634234556903
668499543253404760 668499543661802191
847148072515359009 847148072535355619
283042303833232505 283042304656065470
361758761455199386 361758761489818373
219993024361538721 219993025342167558
88318195327516520 88318195414640429
802012010159166047 802012010579680100
795769198647577626 795769199006313394
642031948801697290 642031949401424535
820590242902450761 820590242915921196
256219030596713808 256219031471460854
990992148115579072 990992148659089990
118347264283327857 118347265023095864
587723457536794496 587723457752576346
499556849545985756 499556849557358199
267196142900930493 267196143033044123
75846661584771977 75846662533093280
320347828306429593 320347828358386304
988562890250960221 988562891028344730
743395764837289366 743395764847120534
709805341219885438 709805341779871862
268114391118493574 268114391556092084
949388401806201287 949388402020415163
379434130658717814 379434131030366097
511618323270713307 511618323315362852
782078778086319237 782078778377371173
474593675823303160 474593676498290275
628487722805807957 628487723698394959
48430937452553389 48430937761547166
914001376906157688 914001377487527969
395876359512284773 395876360451599396
136748392918547996 136748393574215162
775230985535815270 775230985641155588
973104952023912964 973104952249486875
655576491070238992 655576491397173209
179078376260321553 179078376962439994
989575875821331995 989575876531401003
689652394786115694 689652395126200847
438765654616538258 438765654943183323
724649984504496359 724649985024054439
713228346988207399 713228347737315887
583012896417294109 583012897175224619
78661112441703439 78661113394278036
951563862758345082 951563863116912185
191843399976027364 191843400566480238
398328533650152596 398328533814845936
768167349413007094 768167350362523939
316891001918251668 316891002332458041
430293349020243045 430293349442394903
107988596020928968 107988596068639785
963711357980483026 963711358190386855
368993856846595203 368993856986693813
533631468449786262 533631469215510396
806952994620643423 806952994664898681
420685371843670527 420685372294282181
910270009800060791 910270010078755710
958412537327552804 958412537537477504
841354090139657694 841354090198728971
869612000247612078 869612000793694388
556576495598584051 556576496122937594
977700754928676884 977700755439438213
838961340258746990 838961340309448009
353611916338188885 353611916593648043
464221095251757146 464221095463718291
906264641990925398 906264642379945493
607827732034752327 607827732752027210
867113261235546757 867113261264115171
585289110090335590 585289110592376480
767971143631468107 767971144055583798
901302115864746700 901302116741070119
419396977475462721 419396977733227264
637136046049719152 637136046355908317
812680266091089576 812680266213501346
105250463476530255 105250463781038354
887411244895747717 887411245287932980
786418420940960901 786418421399449791
631934759124626495 631934759717564673
62759371087628603 62759371750767162
253141604195347983 253141605003987206
224674128066348330 224674128416763801
958570003132696522 958570003548419394
735921415932109088 735921416154462230
298466106008404638 298466106181927321
954671748576210852 954671748772812672
692427250860561576 692427251222333703
373043329773927081 373043330189019835
622555730783281898 622555731642183621
76511656468892752 76511656669969673
558438967540734241 558438967661105666
599415700657380240 599415701523579169
421211546459016020 421211547222027124
989868851004722615 989868851410474801
602265904610386756 602265905054101789
498442849932013994 498442850902775931
266533608337827708 266533609142695061
836053106297908769 836053107216277976
126030998301396332 126030999051413764
998270595821816968 998270596543113880
768685234362388512 768685235152272754
261548574611363358 261548575439725466
373497599050527917 373497599794146683
636782723290178977 636782723798944222
198254813710492056 198254814450126323
900316845064427467 900316845400578458
407209034690503922 407209034776173973
301207532414730675 301207533387167205
95072110725061532 95072111277133001
473757063226286480 473757063809792564
760592273078270918 760592273340770407
982375003732777968 982375004521416631
276564493246145576 276564494056844601
193561069270665295 193561070021355835
892560537367239754 892560538099691896
986374572031003369 986374572229143297
375515387170818922 375515387515766781
199199587727968202 199199587918074476
638196289283310367 638196289489547985
832105548162824317 832105548638972206
479491729027967358 479491729954717323
191175223408067504 191175224102792404
600199381473686351 600199382416432246
907981482705675298 907981482975374858
420107956599231847 420107956915618996
289728503771997471 289728504259939961
304440447629025325 304440447718274228
485019598838864276 485019599293418392
316867431899413158 316867431921799937
699098404178735643 699098404819672238
475591011027033993 475591011659551485
870280204920538064 870280205782362159
775473625863801116 775473626359975929
4564744726774874 4564744914793018
216709580304419312 216709580382867200
128342214220033142 128342214350002908
2386029831705904 2386030824635404
498725437062947729 498725437287148781
93634411851101618 93634412238609127
350592279213594854 350592279811059506
750743810448079109 750743810924440208
285198841951203707 285198842450359461
646277252463177553 646277252795634062
727813322269202908 727813322684852482
312684931806520095 312684932183679097
336812681967034263 336812682135737965
534339913295023968 534339913957569290
617685290566617525 617685291140333980
647351998839732759 647351998978712252
209381327760083803 209381328567983812
864420207570530478 864420208138956529
413141003472465785 413141003599109116
269959295437256137 269959296411177322
649377350164318001 649377350884126525
532410276888547972 532410277217866340
425326889410469005 425326889854109988
50327111227466779 50327112217693253
547736141210819944 547736141262078632
521372046451832227 521372047048013038
991014735618716425 991014736328223769
320622315076676936 320622315840341312
949756430086076064 949756430510382269
623092905061537245 623092905739554869
479829304133246626 479829304389650158
724540683694577777 724540684253986404
319106292608495112 319106293311259367
294228923319625611 294228923715011500
188321624936434664 188321625111877922
984417773725608838 984417774114402457
427959439142870948 427959439627991455
821078808703196001 821078809611747290
386934150188763844 386934150410949357
108456524407816088 108456524890839521
196038446188547570 196038446206152083
343111971823969726 343111972424652379
189363834770518160 189363835694522213
155672924733315834 155672925570446568
208549065306642104 208549066253198860
719703541469291756 719703541761417649
886420818957423424 886420819916993331
436682999835307084 436682999852526035
650305513503327010 650305513848338116
190331315600622449 190331316124209148
942578781777966828 942578782050566411
48389134913159657 48389135726530226
93730042849952453 93730043788071842
567861269313645623 567861269761505800
622745001439435939 622745001697144666
730168756833553520 730168757072669881
202273822793421097 202273823517318192
898649551064473369 898649551631947797
91844213028883061 91844213464656016
271533273678894506 271533274099121969
354257041039632288 354257041364518653
260224957251968984 260224957547890939
952188294985058538 952188295703563585
193388336640368092 193388336736049052
381378466385722885 381378467215574420
185701007850177387 185701008099037663
905755816409358643 905755816665253342
827153952949105797 827153952970300650
905591677112785411 905591677330735028
492617994657806940 492617995365590680
618372199230281971 618372199418774317
385829219656383517 385829219714544445
647832928994408247 647832929802374247
601030928086261170 601030928820304759
547811072813712774 547811073337405869
630107555678441507 630107556479389935
567133947224233932 567133947745069665
635498861201734711 635498862035623784
288082464968166264 288082465041914400
961835734143388501 961835734572237291
65822545027754163 65822545320844764
350074855010818339 350074855083672527
927141044391816126 927141044769186255
780122441889483556 780122442108498835
257091708805313329 257091709578363383
440898703452215975 440898704216992763
788342425872231288 788342426189651936
223460118524732498 223460118560199258
586611180804133706 586611181098036906
770396532499244531 770396532767687718
407039795353810900 407039796304859512
573710922871896335 573710922990183876
836372421029909495 836372421117339460
821649068863962169 821649069855083109
744461347513309817 744461347747274475
754884610083580853 754884610314387138
891268577974809203 891268578157374663
962552853589804589 962552854352087122
214077711518894706 214077712365988682
808863007085567035 808863007720044420
661589906093022159 661589906155488603
970747969215093116 970747969417869985
591518024271629944 591518024691372741
658110148833829890 658110149739119775
422679504514470610 422679505164676938
100079199527978078 100079200329134512
743312146574319974 743312147554263791
796651569382222638 796651570228934925
718246175449882852 718246175987665056
71302424248487084 71302424325025599
210778988844390780 210778989290143416
326602494143526990 326602494828469177
246937049307796781 246937050142624676
235872483523177386 235872484067421527
96999690175320511 96999690791287771
882694186543219971 882694187104686166
566083608594259774 566083609174892333
78062093447989602 78062094417559058
165165448480176533 165165449346769539
786339998672380767 786339999208521194
850918406652273876 850918407158217945
105252730537426132 105252731279483445
723124200542597725 723124201475400931
713385449198742127 713385450019376969
722500879226578889 722500879769580893
431744572153025835 431744572901736990
498785490330910429 498785491263516747
300238432724162461 300238433313151940
660210891891277305 660210892615171118
830698418415758057 830698418574444844
713244866632680843 713244867422981975
314165559945101943 314165560266920255
60616364326038761 60616364602106861
65439131779215696 65439132171032327
812511149962864096 812511150703258094
493848157321093570 493848158053369696
848493234216819008 848493235211897232
919578876999501375 919578877411036074
457226324454904393 457226325135713279
985903044350293619 985903044946592915
161622724407725467 161622724880546900
613748859738781359 613748860287936527
545934555108572183 545934555510869623
953331271075533366 953331271367542436
729105211411097485 729105211479987855
40147924515728844 40147924565977325
55460887179941262 55460887797546017
775881303483889829 775881304091310152
650108797727090485 650108798112490510
937401178985027865 937401179960678017
144648377636572983 144648377758892674
699172494776480213 699172495274322977
482608118189660722 482608118834280152
968883523841212810 968883524766436677
765477003370228787 765477003466338503
717588922560718517 717588923103044581
432628093464108020 432628094185119053
113000605827101364 113000606724624510
666782596100354714 666782596106884575
293142568776443432 293142569121513244
879784260420936869 879784261342795972
589237857163685118 589237857701412926
291339436032062912 291339436757637979
340276583346454134 340276583482243293
846609551369796449 846609552234667299
577452417958757314 577452418505259213
420742888180595913 420742888899253168
942787034472778876 942787034716019003
299175617294328406 299175617606575319
108499887800449156 108499888616182157
161881421604210542 161881421707396334
327125608415090238 327125608563583683
592239922585744810 592239922690657880
458120923936775560 458120924713522920
263027083165816635 263027083986527473
522091429238083869 522091429246930885
42314427414447655 42314428080935947
388639248525503777 388639248704087668
278320831191445352 278320831450372836
790090009678838514 790090010285034545
575485861024351540 575485861556440300
376647361903470804 376647362435965251
262792989906768554 262792990276631832
694335795011499435 694335795795317541
540450569813304545 540450570213671564
941456866445731335 941456866874563982
67807040310056949 67807041294399754
649804453754221678 649804454128144093
867673703692507363 867673704137653625
894804932584470097 894804932883239236
585809425783792366 585809426625579536
136276043907926714 136276044838196775
328848862463576569 328848862471240588
931759316017770033 931759316194166601
583802286649367278 583802286934848704
723730869057553740 723730870011312102
209961455333631093 209961456293227669
462252408009473374 462252408323131649
52794220052596871 52794220128006795
903893925263455416 903893926156662093
815511207573616984 815511208167197436
795301283833172441 795301284518841480
619861043390866242 619861044169618494
69197906318829344 69197906327982083
709558604991622717 709558605681324162
877215554734861661 877215555226794129
244292843208558488 244292843638710281
924266849205478316 924266850118169970
887220165913300584 887220166231647689
987190851151004006 987190851382714329
575091552215594935 575091552581651189
736074417813405403 736074418401657804
352808942092943540 352808942801152302
144828120015503497 144828120727253585
691123659529395299 691123659834062495
713160309438124232 713160309657077363
111021407680722322 111021407731096471
216871890138275705 216871890817720434
874737670876823698 874737671853214116
521572001574975760 521572002254090981
308611631185190271 308611631348315185
888651540268951121 888651540912419244
958855730945883361 958855731248238504
466324496947489653 466324497294940609
92626980380764876 92626980790130597
181011776753772991 181011777227363808
828461227601646089 828461228023572340
170487652454979596 170487653200620039
327115693712604163 327115694454192523
178826091811490843 178826092379331783
307962326728489274 307962326839024261
348254878074156002 348254878159225499
668524015589548063 668524015750981349
695147370301927432 695147370806319542
589095648078673437 589095648602021176
246328623768947135 246328623981960937
926128277594091044 926128278466533050
617959726647054061 617959727601796248
805287671595923796 805287672083346228
917691036350875403 917691036958913529
154386594193644445 154386595001562305
68295490863626101 68295491748126529
721994312897475199 721994313835577861
547251508794395668 547251508829361750
390374469064063158 390374469319623086
157592470106635856 157592470584159444
198410451925571869 198410452409396065
857297392929784034 857297393228890360
767546245442860751 767546246288163940
24599272941057131 24599273036629748
3194298412450750 3194299146767509
22587005887614480 22587006367036760
310647418285752514 310647418717960276
957208898168075006 957208898752725698
725846282303367350 725846282782541075
447102694283621342 447102695261071527
459058955041888611 459058955764494338
541930198283195317 541930199217265660
277286112865825558 277286112893072895
178842922856305628 178842922997567730
859701878101420410 859701878122673011
26485140040784226 26485140303205440
493739612768293868 493739613584388282
48208347694284865 48208348146169450
738049375432878337 738049376357506856
924365153816735873 924365154357252830
844124806054035250 844124806452011928
131666863104885189 131666864102309054
544947892918158872 544947893113607857
777323478912501248 777323479380692368
731756994076687790 731756994161236407
491362920202295824 491362920704706183
626982057300296910 626982058283896614
983104871678725767 983104872520510140
658655860539899094 658655860633993778
274559489786369453 274559490629968329
520079483121918796 520079483253841285
306649166722087707 306649167285264145
688933940289465244 688933941187682929
142913400639271283 142913401211414692
771710985604982116 771710985728311168
704491925750920067 704491926436535211
774523772517465489 774523773428475642
489475087643287470 489475088089507897
61107772105647969 61107772955188019
564751097240095121 564751097609933395
382167706226418384 382167707150221323
745739130027033434 745739130754469456
389916762526033442 389916762661014723
665884074545504811 665884075498611135
445264158831173255 445264159213062530
591350381966886038 591350382853630647
803346626175212171 803346627095797318
192595019783772369 192595019982287002
692039420304599700 692039421222515090
647611093817677958 647611094141410971
643292028280679246 643292029094185555
655210650048765415 655210650301049227
551226199107015438 551226199854240862
673739838622478248 673739839473406853
746666496261138337 746666497188281988
303590997644528080 303590998346714704
741699588676520445 741699589168309691
606940174156313226 606940175008988571
444419101550366402 444419101850669425
730566751551224117 730566752475516906
583254750484079064 583254750932971667
421768087538432961 421768088533807479
663089489917952728 663089490904811784
963211038157440089 963211038507253887
800948704269611945 800948704285204817
571313179063690817 571313179867455302
466351771363924671 466351771548586121
739185569483520610 739185570094446118
51821132478117428 51821133201567325
406364464853095895 406364465663551760
124726279128221272 124726279316141662
694019127860911123 694019128263224692
399169758977437068 399169759483992095
42180142847407837 42180143360968195
448400845971330632 448400846626218517
8442882286616016 8442882834308733
120888156655685970 120888156723204672
396965491648855822 396965491952716827
254334760429584423 254334761187382587
670196654914399972 670196655319576988
435995253378046358 435995254117379139
758088638698988565 758088639179119251
600570035372294210 600570036335263862
566075619917971673 566075620416611352
674748580598213371 674748581399421561
424995273217178175 424995273914271858
522958994643855530 522958994846360685
342383503704716431 342383503786796202
912392348670282592 912392349593492518
305780317270900327 305780317638626433
371975018248014031 371975018402212668
242807420370152879 242807421315180095
112398909797765366 112398909850452186
420112103944920704 420112103952332169
876781329873706125 876781329978684926
120358162523071334 120358162753910191
459647465308525874 459647466251166950
253077937348329839 253077937911648841
933313163236693374 933313163770727769
949255019071870166 949255019486526298
898855966270577516 898855966291855517
823931292388292610 823931293012492403
426212595514552710 426212595909883693
666337694303176623 666337694406065588
747411696561642118 747411697202156140
350674910865569808 350674911798484539
998482258529628759 998482259247028023
459448312388725497 459448312479345755
836018388587778045 836018388892127455
637944466085796327 637944467009183827
577231118410374577 577231118545066193
747722567768578623 747722568466189839
979917773469147325 979917773787985706
105501799382507377 105501799811015324
89255444729340568 89255444758244386
206375525130054130 206375525471894007
557947570293757864 557947570771999187
318520798548039766 318520798829778210
361377459060510059 361377459077133575
102166575569073753 102166576530764629
829531670573176066 829531670927942031
151483662687798795 151483663156092339
529620166082870591 529620166918308351
573384941792676126 573384942521556943
398349335561585961 398349336459928729
91874078643921073 91874079503369803
586683291480279252 586683292386780031
985275198108651291 985275198584925861
693712569501125344 693712570015904803
910274886207496651 910274886877869944
598177834849462755 598177834966477906
871019068829344251 871019069476295395
978395880501172499 978395880786730929
925410015858198103 925410016158397895
345553984070189063 345553984760329073
384227464152782959 384227465028577609
905626987250643020 905626988144903723
277675187495715506 277675188058243445
721094472686689637 721094473067578968
54206074524823724 54206075271389912
840017607817863961 840017608400886370
582705313937291423 582705314929693132
11066958929116854 11066959694891798
7309363277372635 7309364101673520
106143812126521408 106143812144254079
165457504807011086 165457505619752298
528265544214525884 528265544798850216
305928270001135549 305928270941777292
315524921096251693 315524921199418965
890904781128740298 890904781780633218
514662984892190008 514662985412341718
977146300714710503 977146300936038418
115379984422388307 115379984702645653
684743739281868164 684743739763054577
38308876364755153 38308876771272915
51270254347307799 51270254467342462
877806835402984291 877806835696829344
989775592356152482 989775593344825765
129346200015905563 129346200428829269
501493408780360372 501493409509867766
210782352327165676 210782352344177906
763695384426166524 763695384528150986
354736711369502501 354736712162350462
413784995279750608 413784996112165447
909390399450792488 909390399922986667
770441431623028200 770441432571395419
431516845225555774 431516845779694132
661183765573328020 661183765588042255
726335313387553772 726335313982641763
218178115491119060 218178116225727208
410011732573011924 410011732606616512
830654905876551068 830654906303943545
204443739854526412 204443740331304266
417808464632489380 417808465453517648
675190713423965361 675190713793210383
535258939113239853 535258939543192999
501273819155374229 501273819383479168
719241858290581237 719241858819972998
901302708557362187 901302708755193631
811815962915928905 811815963873892021
291692147964487166 291692148299866136
778162949817657677 778162950326077121
507689979507805944 507689979894968612
180345294169018122 180345294630984425
573737587072061198 573737587145226323
316092671035809824 316092671793286868
649870873172695885 649870873758894339
372112354993051818 372112355533613462
290742987921387970 290742988158477292
6514220989727246 6514221812662341
238514994870655872 238514994964415049
78966325083575696 78966325884569991
975888191975252538 975888192090774647
512126474252006022 512126474905355452
586977716433368542 586977717193647111
926735560126549981 926735560471164950
226906263059519844 226906263096680657
988293926271191480 988293926566084257
235441523524146188 235441523839683363
476328030609596152 476328030677578009
238073402166121942 238073402443126613
242683276071160926 242683276508848626
116464433000191556 116464433745451997
91669567507177930 91669568485253523
423877341830880532 423877342648047392
881786856368616503 881786856403731478
299582823160985278 299582823360086877
733824646635178058 733824647201976930
198233074404241178 198233075083922532
556006912951083353 556006913316504131
174325778405333991 174325779298315038
492124432408796177 492124433105238303
142001589905270490 142001590333623218
637979458377483003 637979458637650232
901509737437793136 901509737818876554
85760612737561385 85760612956139477
328351524790653699 328351525298024230
766176477461848211 766176478194156518
813087696401449348 813087697046719806
432519922766178801 432519922814200589
69218789563647333 69218790285436709
22482335772310810 22482336122205823
793345710983472796 793345711249540985
340192789772411431 340192790057243672
883394511782992015 883394512638203613
524982168723333284 524982168750127737
190626712401931755 190626713246449117
732250534557310446 732250535187452781
535127832650167219 535127833507794226
605352270188495964 605352271096388884
858872725727105688 858872726020442039
837067317217788693 837067317454151878
703082172647860529 703082173200387859
946423452081532872 946423452324062275
255460642473568732 255460643195677192
138262230739596782 138262231192233945
251045248367924125 251045249295487810
711370998385809061 711370998667516348
437901702701149880 437901702940623182
22093207783236381 22093208195026193
262985904294538154 262985904646445474
618804741935129937 618804742247168155
944233863888233819 944233864668804848
807242706361652459 807242706535188409
726629584849096058 726629585035888591
211954653742538846 211954654136549318
867136590890380090 867136591713375190
516869809428466893 516869809917434485
692549914506506864 692549915258332354
859458985426236867 859458985904775762
959138655852994132 959138656664234228
941102931149612530 941102931662881700
514389541896164073 514389541926151540
671996872354873258 671996872990284177
563017070745209516 563017071501169910
86208833712363184 86208833717317444
627076764128145404 627076764967780326
175020866152549599 175020866270201628
337108643752588185 337108644536546029
526830231650020322 526830232364690900
191403279641190534 191403279932932821
59238536195340130 59238536785494798
665869502535147715 665869503021669292
318669077882548048 318669078829657954
811956462388716388 811956462663724356
874222459273563111 874222460055811975
462581547761791535 462581548254410000
61337030634080633 61337031135137681
121783413769576597 121783414023156283
279441254134482507 279441254648996220
483952158270756205 483952158687976247
337105782974701093 337105783468434136
527101766110404736 527101766800371813
111403771982072976 111403772153086517
957008481223409133 957008481748274989
47345192752242140 47345192795279560
314208673478579224 314208674478150457
673169641472376759 673169641975498603
318005885922474820 318005886300538208
80656708522401845 80656708841956007
656117840891415494 656117841115022579
59030956602968408 59030957513149094
936833070149950694 936833070358519656
619416213377403688 619416213619066578
809677367711298188 809677368057735387
847052341897719114 847052342131605626
113440465085083957 113440465994969175
450835080572750702 450835081403702591
284456957239874722 284456958053250248
779522907683957326 779522908236708623
760287685080106167 760287685701249454
10926125259827343 10926125784982499
703929149313113255 703929149613154539
548765621435808549 548765621802998628
961242777591920601 961242777901923392
802489528130157685 802489529034916824
259674105410138818 259674105960723384
336773664416302775 336773664509744053
529389030046804217 529389030089558325
884942388211667006 884942388859085869
671105499597875087 671105500363653545
786419189783332960 786419189902397107
840429453606689475 840429454105394275
962913412396650269 962913413209040807
240097493507401998 240097493951491623
407975008587697439 407975008917868655
21723283126531641 21723283805634323
814098600476217137 814098601268193562
51328757998668720 51328758147289991
948464884837864526 948464885229382942
954590428933773429 954590429615064576
99658216818393237 99658217448717230
518659921492790348 518659921557251065
822914767064804610 822914767086973218
572062556506157749 572062557260713842
457158670185651172 457158670387503550
540656606206194812 540656606425986950
22126462633893250 22126462773696941
493212642997109989 493212643296124772
982413901334758349 982413902158664054
129908032272731491 129908033082182776
603671823180728897 603671823846450532
857767370971942401 857767371177936637
805964080857819303 805964081240905056
121412991257731093 121412991756748318
735193023410501316 735193024077428751
168655158551714955 168655159523664869
535655909628247046 535655910355918861
299369799116975997 299369799469432679
238467143785838463 238467144659511629
237811086606077118 237811086725516838
895387344302427392 895387344444653027
518478832609323546 518478832709769191
249161790061049797 249161790182939484
700279795174184384 700279795289824339
686468449304264517 686468449361205919
912036327866507932 912036328325810510
200153623695353351 200153624656360968
283286104117077229 283286105055607233
132707622992099185 132707623264953365
383557735168113466 383557735564507321
634686342380656748 634686343171918425
584516294567802989 584516295256756162
146179102791206857 146179103031984873
545936331790185369 545936332567166206
280051142405337459 280051142960180551
200425969901491402 200425970285393278
561065608919318145 561065609368559262
368603306178414710 368603306645537377
857943867809141752 857943867924098768
570275351593535267 570275352099472081
52179685565187884 52179686205160911
490291094136349042 490291094625257568
461732479617803572 461732480347757276
124520540939729721 124520541759795374
407730442088751561 407730442282961775
656785967987077780 656785968892317354
680028349674379993 680028350413027464
565599623734504960 565599624523177148
474316640255658958 474316640718869999
563738157706656490 563738158075986838
100910408122884155 100910408844710255
812633863917950370 812633864725144207
587936925341504320 587936925768957011
519679561500036444 519679562180980085
803647406253005150 803647406735959287
932868338981389999 932868339683635350
993618531309313825 993618532126206319
912401692631738427 912401692806972917
720244323282323368 720244324095779033
253150392064817498 253150392684838861
992630843985423632 992630844841059352
855356270097619757 855356271087180131
475651137411356407 475651138222988658
452517289416766575 452517289441377170
378372350732973181 378372351516603580
9249373244974734 9249373624725248
636368868401720940 636368868668251043
886796796617502179 886796797040859544
937624834054502906 937624834520268223
562992268551211814 562992268980727375
959253757293478825 959253757664166996
314918744904302280 314918744960638384
368084815863291584 368084816159290898
88419797968085950 88419798102476686
958745726539123485 958745726799691888
358015486569746536 358015486665273074
221877612597550980 221877612792200943
526869916405541188 526869916576859418
63797473355751993 63797474254849723
655305104333403545 655305105188039544
178240590297832821 178240590368564977
685954612434796470 685954612556823241
507362537522435464 507362538445050901
362802493110567242 362802493507965910
961929134451754365 961929135086609363
535163220054789322 535163220409139197
380651254984108324 380651255158760824
935425594762606771 935425595627015476
283596106714844999 283596107394375519
316304872536587388 316304873031025089
935002287832195930 935002287873662337
336897225482098663 336897225672973964
253490643360730085 253490644356586688
301607666482408285 301607666860814529
263788136937613742 263788137525535542
347702244468770985 347702244790781280
159062789788452713 159062790533114417
450109995442804907 450109995596607522
487914874891843488 487914875428028608
312310841772686876 312310842742905195
609288193602837194 609288194042340566
485253709136978345 485253709717564764
587730771935732708 587730772879015350
71623327567377206 71623327690535069
109204850071082927 109204850773691384
833798801296270682 833798801635216602
927574371122115184 927574371300319473
455340933374878706 455340933760285991
129348828653446820 129348829394331015
758326298766805334 758326299181977075
484574959443921754 484574960120021992
478151911083397812 478151911242039055
619520505571678068 619520505695148459
303788619883535044 303788620223675262
521123017257964195 521123017567003680
526121522373660371 526121522907142805
915068091329397508 915068091831015171
804838060177227142 804838060421188169
787391566673937911 787391566855909233
220991331095219324 220991331475487644
521548419626998680 521548420597466940
659519527252480070 659519528211619211
761784199866310126 761784200474596654
668421207276234488 668421208099003503
474666371301342220 474666371383475876
441807403842781311 441807403934481905
658849851124239194 658849851599652718
515980054298559413 515980054579930338
957830156727942532 957830157298456288
297871533246527194 297871534036918120
105999749232270480 105999749564129824
92037731317303547 92037731553947786
640871288807109829 640871289687890278
175807757484862053 175807757768317134
430951988690695848 430951989504341306
937853157527420955 937853158181125155
536936467997662218 536936468281621463
941774137854688844 941774138564435281
560455158052516473 560455158612569418
468763947231889659 468763948154355959
321615208760340392 321615209679691439
724489787823267459 724489788786478103
863507822757078479 863507823731475510
678762399096727141 678762400062109734
875192925077342554 875192925357328093
421720291431437684 421720291939683771
789314560744492731 789314561717059278
984869494648063374 984869495181488587
708309578612639887 708309579527886205
999264281253209944 999264281825826254
388208803984679515 388208804290014279
314177548878594443 314177549872530059
718276741944499737 718276742348084336
208418563943019591 208418564103995170
870765156883078294 870765157643626742
65230502833973097 65230503419923300
810268009768830750 810268010399810819
636751463447751947 636751464146386533
29673087194348265 29673087990796932
328426325208099856 328426325460431573
415508787200165898 415508787819930876
927061714730923199 927061715626635300
504209946565031029 504209947098460875
611245465431762224 611245465592614688
289382633084045010 289382633630668539
621915755553389501 621915756317172717
283211445631073526 283211446583867587
509912564554444403 509912564770029751
76772132028969363 76772132526472763
412208845103456369 412208845663214337
7219583152207120 7219584075819855
672272715139706226 672272715889304660
118267608639524359 118267608666699781
952461080808925544 952461081452247888
237045951019569980 237045951104142995
214722560754186015 214722561150392995
492718694123948461 492718694717757154
596186123032860110 596186123337664306
184721393230546923 184721393589898952
874836624672472158 874836624761967634
533645074922065907 533645075515140776
207826976787145553 207826977737313298
542511919650452292 542511920266282286
698574232040588548 698574232806675581
23151196343530378 23151197120941131
518366097984141038 518366098673137283
944191695176840266 944191695439293645
116172220452347378 116172221347507859
257058232450126516 257058232898688520
963400100859947886 963400101775591094
570076066576598820 570076067063772854
419772553687719750 419772553998245613
432538304393339283 432538305036138351
504022931460619159 504022932242146733
836710912275666068 836710912724331482
688102912855513057 688102913189626458
25266229162537858 25266229656455365
253646948666680554 253646949526002788
125393968908395918 125393969840424592
953262124104033714 953262125003947438
692595286780940366 692595287384563450
314942364212395408 314942364867895071
612553020631596597 612553021435621812
55829393395096727 55829393528343095
303574130837324401 303574131012771633
706015822404712538 706015822537018536
850967707675888124 850967707865012853
276883268229218667 276883268630172078
337785311708523784 337785312434182725
936445528954645666 936445529786214268
443880351558860589 443880352194442061
391223562554746857 391223562794276201
720785905445235631 720785906043097192
945848328976068582 945848329188579055
448460386429621527 448460387043597080
745911561988969675 745911562270256032
891499886718860731 891499886858407179
938873803098971452 938873803994160068
10169104346597083 10169104839342891
770062715393842190 770062716218340163
452998459474529179 452998459737636585
3445106144473035 3445106634215626
591121429027713261 591121429482036421
52131901233398645 52131902011030611
863862032282717538 863862032318896506
779093902837567212 779093902903134689
27803168432511916 27803168467824989
207408525025021957 207408525958059852
726602754170475724 726602754352052947
979550240156497366 979550240534407160
780840111415464995 780840111688228160
4292862505122544 4292862736905710
108507468110724068 108507468524316156
926256545090391905 926256545741535881
675531364650646526 675531365164778366
135692023053376680 135692023138549119
722232801273978257 722232801659503715
896937619052345753 896937619542802877
867983065360272349 867983066243638079
227437084844996784 227437085275559797
198339827234297459 198339827681053413
520629341869462212 520629341945246114
937771726442035956 937771727293674314
869175657909860444 869175658600404392
900694097208908488 900694097414423564
346205278848282827 346205279720592298
271377637355311046 271377638065229547
269252105917448089 269252106503310179
949328898254925664 949328899003590113
276535122574151878 276535122985335668
209902821915480150 209902822258139643
249745721859587803 249745722200801410
891518150331866283 891518151199853919
141341353838502006 141341354768624720
363335629237377441 363335629519776069
765001634802792557 765001635786914040
910269788557113116 910269789530530877
579109440106042056 579109440866249222
669502567673187538 669502568109796096
124702779022018910 124702779816073791
430465104460585453 430465105250129790
639423619351326033 639423619565098038
736267582144955915 736267582184910196
644542904406714533 644542905030985108
964297452721922636 964297453227200547
172523921635562650 172523921745393673
871314848836583140 871314848885328029
600179122953165531 600179123307530008
958006666635727595 958006667416149687
455652209377677388 455652209676296471
623311719752065713 623311720213714673
105816077036808449 105816077531020567
459715995062540877 459715995747016131
76124600239880495 76124600319060362
965126261925675527 965126262135648956
452404512216158096 452404512235671897
906516699508949109 906516700055233180
853744849598062990 853744849618891277
887779541364315284 887779541930926728
336594934943922950 336594935843724605
622624186776523305 622624186796785672
439441012211918438 439441012745647432
83330791215888041 83330792050980119
59259538125033600 59259538828694310
613102381267406430 613102381310685064
505527170286009418 505527170968344024
929507530549777951 929507531114708160
401466658019222916 401466658318433340
894753160920945588 894753161278360781
519309081990272523 519309082789596014
29821335418132353 29821336350074559
531805977215815658 531805978054053843
178502885935053544 178502886296016848
380498275169376679 380498275265785479
163962898976537979 163962899649230787
128259724091802820 128259724637611062
490371070324909586 490371071182815080
382776937998790433 382776938011150351
424799118077047447 424799118704824467
474745757989778053 474745758363803327
696762961227593138 696762962154654057
316264222846745890 316264223320900370
545125732364590097 545125732726945767
28593852508600854 28593853213011444
437852665939003706 437852666778910304
25178872884668163 25178873634662562
492227323292110391 492227323720799818
964280734734211681 964280735394212098
497716236722880466 497716237114063271
995842585319420941 995842585604205361
315632538893822294 315632539760460020
677127567599287199 677127568591071890
363230580113306155 363230580689081008
201210620411490140 201210620581588646
57837606864183876 57837607858632525
120875446440177075 120875446487598934
724747779062177390 724747780050432092
266996846866741889 266996847487260696
715351578849387305 715351579024388620
260036430053215405 260036430740491355
215339686293600955 215339686441215681
590896762245225752 590896762626385136
622789137400559585 622789138244080537
762726612024629543 762726612923132589
5952250726701438 5952251320859268
605944770007503688 605944770994998102
832224160085622698 832224160100218636
147031698240281773 147031698470381132
771498427540882216 771498428261533468
21529635863106840 21529636076076646
606566733704040440 606566733951383607
307803195038178052 307803195135428602
393171449015114574 393171449223526964
275685851421989643 275685851471812708
677516559362104582 677516559966466242
87543499826312749 87543500623823275
104478486411253926 104478486445240622
798547282223784341 798547282626639634
828982736156240985 828982736614548724
668645951433585590 668645952355452130
674965655706394682 674965655713232619
999176808238283233 999176809113180380
378591462708478546 378591463220733142
773545857944684176 773545858204981461
628645088467278511 628645089086045081
675132368030574947 675132368875052949
853608802574916196 853608803146460424
966950766475546230 966950766628661186
127653167919993848 127653168735486916
992907611205956712 992907612155268145
925494213182067073 925494213483659418
383713653985855147 383713654470614146
237759828902396092 237759829800866396
801153747407930291 801153747508146646
252717114080788799 252717115041840025
624847555355711345 624847555987929498
321006415168150977 321006415647863574
468613946568699984 468613947324320627
802360246135360609 802360247093346193
247955227959300165 247955228956099938
852661649006461924 852661649715233956
258991668824468543 258991669425678619
469126490441274169 469126491098649636
655333873672802986 655333874143862271
696896622965356221 696896623270669370
973349838329990516 973349838926207648
579411876675629203 579411876958085889
543671348020185916 543671348348706205
150876113191492967 150876113538490774
5534683187050908 5534683341540736
26905014712497865 26905015313888540
446820654815699642 446820655732036256
74981891398982452 74981892032306496
141119136405266394 141119137272957114
730545444418201819 730545445054699033
626925323284865216 626925323570745144
47138569333157360 47138569948469919
436881472974833698 436881473234124907
641020065652103659 641020066300102214
842853956780613856 842853957357263665
369833944668095961 369833944878247964
52920510759717806 52920511728374611
542662842593609277 542662843460555057
190322276865440655 190322277076092225
479368444292766479 479368444424847483
35990182752206386 35990183390067335
732596423594930824 732596424368635906
340210187671639851 340210188462778931
812069196062716082 812069196402509037
898063407000773362 898063407899071323
959227478913765849 959227478968620965
901822056801198250 901822056997910495
371726510874861659 371726510934347896
285376669862389381 285376670068882827
213330448619051016 213330449543612805
681652530920120154 681652531171435823
371125643106024249 371125643405737897
680304755200710333 680304756007288186
596533111136290539 596533111727103407
176804275321321686 176804276034094776
395251160875046861 395251161329830432
167869806576791744 167869807354894184
317757481463287766 317757481602200793
133090451689715999 133090452521879677
724020804011208692 724020804566333029
406253076908735501 406253077846388856
288254156420476678 288254156577918540
199102480264501469 199102481026255062
738468649669585757 738468649909719113
816128340464793849 816128341307464435
661475194814435579 661475194891943267
939397748314605441 939397748980575968
387683306607277318 387683306689357567
790520665141893798 790520665273114940
54434289720799121 54434290314308580
958303524968341766 958303525636827675
697221484920237891 697221485850956974
134436537910632046 134436538170669749
244816261053360086 244816261833646815
736546308276404249 736546309083420226
924153281149814683 924153281557720593
984073680755597533 984073681697527048
754199190451247024 754199190881257931
881642238701220800 881642239011745690
284497644670323604 284497645310511754
988000235604600281 988000235898936045
990485624895226420 990485625442829656
227745771270488482 227745771502971175
328300843984902622 328300844940603158
879426752061640990 879426752135802748
411487995297746668 411487995417283313
65583655956897820 65583656131407594
345437709549034261 345437710089125887
261115833435728721 261115834263486720
398185699925340727 398185700251285103
605133932949491335 605133933373642203
144727850463787895 144727851397756373
271592131169273286 271592131494894348
660114438722261004 660114439165738462
115281267292324360 115281267362687363
468784661483635172 468784661515629396
133951598774051601 133951598840465465
222289552004853709 222289552347659839
864105033049876705 864105033291332681
240450788107405384 240450788687782111
189389466828073819 189389466972919355
515723844238573669 515723844962210891
780945963066135018 780945963719265910
808685936140798139 808685936438457294
863350991534813471 863350991747870401
593504291155757594 593504291692770460
742599164852508932 742599165742240100
496850683836099231 496850684514283793
535376133050956145 535376133659084446
223164882439645562 223164882837808362
45057876953098890 45057877138697760
400460331396709855 400460331632848792
775796003014447660 775796003138578429
2032436535871086 2032437307786352
986271422151297144 986271422854589459
416498857622423611 416498857966937237
736069896282989406 736069896780152989
515086459799959263 515086459925783853
386683644972170906 386683645183918437
909121870683013107 909121871633509278
316770777297418606 316770777947527387
98198749368105392 98198749618143880
206935401482837958 206935402242104381
602533167590448474 602533168474627137
98196211035609044 98196211685818013
593920012771685036 593920013414986815
342682831224834876 342682831245828663
870485972329689865 870485972824703978
63304316899739138 63304317321692614
237016104898779875 237016105204228493
824285236760097627 824285237470835264
295682193235802103 295682193770171613
213992311892578160 213992312054459606
58661913913805499 58661914299449415
78689953006696259 78689953011235003
319540464889954433 319540465800801852
94338054838397138 94338055439119838
163998631639269209 163998631684866961
466719324419209707 466719325382275749
191558086474700324 191558087049099766
326036583632679951 326036584316679083
43818334302798317 43818334622553506
779710403531295966 779710403629330054
816524345088951047 816524345669011049
205683955782649929 205683956552241222
547529340839812926 547529341004403646
371311460158949290 371311460510357892
286510606568166568 286510607552699405
118052012102267401 118052012809758549
434750065741567372 434750065842767812
717845541634154397 717845542242339905
781470881815256020 781470882071486465
636510983531246295 636510984392628234
739760461858496406 739760462394130651
71432246100557777 71432246377776935
587005891884259629 587005892477886248
424085414173986308 424085414562965319
848115015633774908 848115016307174210
918445470454636696 918445470625998690
359310869701174563 359310870366210008
182059718969127612 182059719057459806
32363988578900488 32363988976304039
800801452880965665 800801453057214010
972914081691830746 972914082132188028
242873536942416837 242873537936876000
384436282008088962 384436282857181665
863293167816864446 863293168445315327
616294251595468471 616294252547205651
157616657942903438 157616658570994004
676163034777013344 676163034841538427
59028956216473732 59028956500428913
399567805555743311 399567805793474777
767962150521848164 767962150843345129
113789091449986019 113789092242639320
986784061192627387 986784061215842048
388795902546542514 388795902689932902
750055641407668898 750055642047708650
461294235075568279 461294235195090705
896067613360874805 896067613558106284
335294180363947997 335294180886364268
36799962168391034 36799962228945769
689710758721041852 689710759028928160
220518303580585911 220518303895033591
2331200105102819 2331200132077876
922959085674877326 922959086449763943
300115063757256621 300115064523404666
414982310891676049 414982311287094128
509143629512995306 509143630170505924
799229858130637583 799229859032440512
213523756378967413 213523756879320304
297444802373573265 297444802766548586
357031494915199641 357031495849737862
934124753455484518 934124754323358986
94254238172003957 94254238577247355
577467020434732723 577467020574682761
402053127142363044 402053127793670941
736305598899926646 736305599025355582
809584670603597903 809584671184958273
419424497899293378 419424498587114228
248977709383879872 248977710008267952
190074490564979956 190074490950337582
160429132426410504 160429132647136674
241026073672655183 241026073778301748
3446230550331262 3446231360202907
292686159937216126 292686160284930058
27561281103513372 27561281676880910
227979834263675763 227979834541307118
596683936152828255 596683936392600703
943550485679301889 943550485722501322
440123364604092276 440123365502587253
803564399341869853 803564399576950545
608642847816513562 608642848051469786
119100617091125201 119100617524491827
538678889051357228 538678889060701054
278060490261579356 278060490560977512
208769718897100942 208769718922043932
330141758342181246 330141758952173541
360225309857254632 360225309988803421
348720371767823480 348720372668672280
124824962011510249 124824962850345382
775239621278233755 775239622086776459
825655710815656064 825655711804722074
848387174067169986 848387174098208707
428601568512298493 428601569236085793
136193341121556840 136193341659698288
134279566532557589 134279567411802638
817844105203209753 817844106031025535
997929999981723535 997930000863313466
993867880954675974 993867881784316016
979809775196888905 979809775570173809
491336628680998994 491336629657216577
595953445902213459 595953446356146336
988717158991895919 988717159906832905
77223214863696561 77223214912435185
752466388222144041 752466388678179794
687706678370733518 687706678658106558
860250034764505327 860250034913772859
560506571156825757 560506572010230914
257195932138835238 257195932587043809
248841033419965500 248841034419796433
413118801932226774 413118802255031888
74194490770773666 74194490952333656
334054120583006549 334054120755865137
142207593947106919 142207594165843822
804735170695479254 804735170856625580
178148831593227089 178148832133607407
782122852386474968 782122852404191538
764106280882656055 764106281014937645
413704637076059032 413704637247356583
201057360919394657 201057361063025330
454306621721780504 454306621812766019
772376808057337471 772376808185036988
320277152579358797 320277152751632812
741063746053805954 741063746829806146
272647365424674854 272647366183014824
838578769162142842 838578769484722212
489412409168925878 489412409930801164
292613578600618026 292613578826280983
651159672481263005 651159672881449804
715171584764411459 715171584972410038
40627581297218740 40627582036076891
232321129637033364 232321130282930696
124932571549816067 124932572544720627
710126402614544481 710126402682388726
466564344465624575 466564344610199959
854135660452860212 854135660715508250
158369221024651384 158369221687244094
82323801604410841 82323802168667666
41320434260251016 41320435222727456
961060005001154839 961060005524025266
599690019784275513 599690020453735363
498792208819435749 498792209663561881
424876596410223548 424876596761053938
201020362472978584 201020362506550436
44154027193650051 44154028140517060
802224484694530135 802224485379470214
914828444597564318 914828444829975423
142662486319672863 142662486704876759
431551233805571248 431551234429394713
495726897440171182 495726897748797040
900486803937544571 900486804677572324
459813808721052343 459813809524096974
588782282551497709 588782282834357568
39680637051233398 39680637136101893
515159375844057747 515159376583341912
437808871975986657 437808871981373082
272727408849461538 272727408931813666
456233243279137701 456233243509442836
111724951378920555 111724951927090630
589428562694144577 589428563195762274
203889958738487253 203889959634701432
611907559249840055 611907560065216764
521655457094224877 521655457594560847
895669568554570650 895669568703645756
874187565070608381 874187565113130826
28113552534941520 28113553495708160
400174234894600525 400174235807309151
640253327496997387 640253328160424980
764773017659353365 764773017873216939
702882332558322727 702882333412661125
135679889658408153 135679890620909090
851025052994952946 851025053904358924
503169459728729074 503169460596579925
200620977392586087 200620977526716527
48605938752681460 48605939272953988
641094442901963018 641094443888733147
376816296683219371 376816297156329352
823824565075897762 823824565600099571
755036758585633090 755036758689667615
945378970055647705 945378970191093500
486152598221682924 486152598582644761
371920228246465552 371920228608975272
122535251709810580 122535252304193288
575383954024213223 575383954169581718
398171947360059966 398171948159200624
400415998461316485 400415999422831731
919131585987773347 919131586600051354
972326760413128207 972326760986597525
524679560085212977 524679560294234384
897037790778038172 897037791004741506
296525867725163919 296525868472237803
460384630619950430 460384631518150736
553975200178750991 553975200364366589
155216704329836183 155216705084796463
120415802349021419 120415802408814025
79219563521265609 79219563698954218
988094015891516229 988094016818051565
305544579995892210 305544580084984385
817164383740100978 817164384650422533
693898010629209151 693898011342245057
653621973623243269 653621973710733728
931762996008881179 931762996086540378
27831793126102710 27831793603612219
194387658409243071 194387659197327589
676986742596460631 676986742700884205
468174679779584438 468174680700818885
837665238148104298 837665239103340707
3295307589837275 3295307881984493
776131410905184902 776131411840458352
951016834174756505 951016834458657939
462221686956787353 462221687213116745
151537142522089880 151537143085383757
790741396957693942 790741397803400853
243835541470926706 243835541503634126
279954090707444598 279954091087627159
119697638951172053 119697639742726188
485451963838580757 485451964075711397
482285591118129437 482285591215894024
815846936456972707 815846936517400711
800781526091550386 800781526528782949
816210072532578206 816210073383197736
572968861834038904 572968862741155747
151260427634505999 151260428016079943
956574021763341125 956574022559193962
317809181705552037 317809182305821589
742847378435241556 742847379134436571
736375282301570013 736375282426430546
867363431014416899 867363431518759054
670665216732775453 670665217524029901
660508225768956450 660508226670451711
745808885453685670 745808886196150677
483200870637632710 483200870798461272
284261894693826777 284261895368553555
595408296487959308 595408296697243424
773602560984837613 773602561024416374
331119385161046396 331119386035640468
935464575612047607 935464576110594620
137972903019588225 137972903645386979
2794495302241110 2794495542265290
7952713194693688 7952713632964777
316346365185920930 316346365883341633
446990942879034243 446990943622487047
610316611572749233 610316612410502825
759481053094569790 759481053789249504
382465382721412620 382465382850740133
364259201929111307 364259202339949721
526538530695385315 526538531318792160
62025668323829595 62025668990632233
150034306702673698 150034307637232203
162028456504532803 162028457089194312
932283880647300893 932283880659296655
430659638927350451 430659638997056904
186774155980462639 186774156911477605
421359394649722968 421359394730752187
982464105086976118 982464105998785503
340184903104990671 340184903887676404
172571624783231109 172571624856509637
324921536517665327 324921537095988979
580169946338131067 580169947060081498
370699678703894721 370699679362851811
523842488674918622 523842489169571944
179491718521240910 179491718917832687
60110137833221748 60110138705861329
213422142235261539 213422143079702356
793403238419678894 793403238648643568
210538536158347387 210538536376394033
758763848204512367 758763848752695797
6321821235844796 6321821577189713
708046551062892389 708046551679234260
577413420520554514 577413421480634963
118172137016801823 118172137251670225
41736737943079043 41736737979995071
715867841448047095 715867842172335365
989069585541612990 989069586326823937
577704525955323526 577704526260515147
177490594450198147 177490594671912063
96165818478800412 96165819378012087
138209939992163551 138209940216891405
701174947576652412 701174947652587757
453426579818823425 453426580811451135
900319205223609221 900319205664852002
822677784914873162 822677785065613291
266174455238746657 266174455490723179
521379093614231863 521379094153648618
421010709887684306 421010710193430757
907360512676407751 907360513294466252
517024199820044437 517024200128120874
988619737570804463 988619737725369787
477273816113140788 477273816527025755
952621936849557089 952621937730965565
263517058710502569 263517059000319353
980163980744995441 980163981703252338
282664776928419296 282664777426259248
608595572480407014 608595573011905479
103970772514065798 103970772992634635
885727982338002582 885727983094874480
44581289107415234 44581289864794679
985466807336689414 985466807835098872
57975357355761583 57975357847649022
608761526895578468 608761527596995809
966922091357274162 966922091837871761
499661257549312916 499661258070254356
962392810597481325 962392811587235095
702308141993701698 702308142820155857
744460453839366939 744460454291798470
501405615817939443 501405616219676349
343524990710207467 343524991264468051
474169542674254829 474169543639345780
174183135259964959 174183135820629473
760651412235853384 760651412253635085
257337249399357820 257337249442055578
88311254045976457 88311254309541209
677835468041722637 677835468773663722
513008700352184688 513008701025256075
668117456635309953 668117457339035729
809832700448774277 809832700931437344
600312429011935453 600312429357567107
407931520255803914 407931520956385282
779786852647646119 779786853212755915
161917348079159421 161917348530122794
269200551985638413 269200552151493404
330406882343887927 330406883107038840
476673199334951287 476673200206044153
224655181433579989 224655182309462751
101577528696205086 101577529508726547
598573247818137520 598573248369559275
506071085727014200 506071086487459455
543452692888864509 543452693152108634
61429926418525344 61429927014070805
636649351277275874 636649351532319607
363379080841742970 363379081488818900
788222701420476016 788222701507079366
721138923902928181 721138924615597115
525767605505223590 525767605974558726
676055587028014759 676055587995060729
889844132224925889 889844133092785826
852075417924552407 852075418739922618
888734422598670269 888734422844771106
949756875193536107 949756876000967171
231691649794238207 231691650017002251
920117310660209811 920117310989793907
126908245286565172 126908245826981820
660993548542939870 660993549292904339
41651213948141471 41651214840685172
544534659481776913 544534659824538571
130384691360388239 130384691861151172
764889733385124952 764889734244014164
476226031064103419 476226031673671853
237450271439335077 237450271763815366
371513536417477758 371513536937959851
135373594034439682 135373594343918008
122581417577543459 122581417883472160
422071173305149387 422071174215742403
949334112273148423 949334113158447757
825276632950705198 825276633431246265
896640142832461091 896640143763177274
101188848956616419 101188849468356859
869125688050666587 869125688171533043
987497354104783529 987497354323455113
166422684907138758 166422684979374942
632242586200131204 632242586937676209
901478979075200058 901478979092379827
184744680137083821 184744680527867728
650773288385962994 650773289220964278
884724658572226216 884724659020528725
356860873958409808 356860874390570266
903084899944089135 903084900569172401
644996444557444710 644996445102311769
651095161771557178 651095162479132302
745876401390474675 745876401535431233
211178789964316715 211178790342741699
652627142490326785 652627142903445097
624828439296674965 624828440054163473
710329932056655576 710329932545346014
639110737809514361 639110738265385674
353904283227873731 353904283605869654
380483932504600716 380483932820008134
664137355738065245 664137356585084111
157229043355830064 157229043458321657
365389167930749318 365389168596316984
613987953123365561 613987953617569416
567496179431433259 567496179453451193
315289561800640298 315289562441651189
305704923186692007 305704923820418447
741904355910716136 741904355936418560
136519686329418767 136519686477895681
925553625918090302 925553625941917912
961983573290566548 961983573366248504
637515575072342548 637515575628192574
860868750680631288 860868751398344826
115156549549620575 115156550189019096
398113666781693285 398113667779364867
790283897146461824 790283897883787284
583070052172069766 583070052476918796
15576441111137812 15576441577268757
333232845926060518 333232845998099273
340290603231085996 340290603669280729
916838954322040609 916838955294264019
877683284556867669 877683285194098304
792228114019197555 792228114536405260
764370573553958310 764370574132687404
622870868074954855 622870868837101456
404741472895432106 404741473541114509
458185589409519375 458185590189930813
371340589335815445 371340589378495457
948757818570554267 948757819281435331
145754661157275538 145754661313365270
922845645113895767 922845645252731398
646111056758775786 646111056795290196
328245761557796519 328245761987788367
845661933388655284 845661933946351105
894946042519139901 894946043257847766
505370655132736385 505370655644428352
839099423055206895 839099423252790005
428023368546879216 428023369244495368
957897844540741580 957897844546042780
948742712093540351 948742712913683254
73789571845312851 73789572382570024
939683914358701176 939683915019649087
233489986208410449 233489986709178172
251086203808523606 251086203991128740
731646729120827704 731646729549797289
724885245718113896 724885246577584039
740874408573252690 740874408696410655
893735208564386733 893735209555025973
193068919672436476 193068920189032797
647409741415412162 647409741554937278
334524196977846850 334524197344703937
254191631442219542 254191631656544962
65202800625624953 65202800808242607
487896761905188040 487896762770815054
884243302853998263 884243303575805586
540574374213077352 540574374860508245
828160517222156391 828160517251395112
711124378068834165 711124378684115746
810614371403696924 810614372032186014
568696636399539319 568696637269610718
154576081780308163 154576082636234349
409204008156901495 409204008862817483
647514741864890761 647514742271562953
533831930565111879 533831931002824975
477625361562771242 477625362242868958
931099918192312917 931099918608927844
810358551487563819 810358551805626530
628556231144770568 628556231755830193
962774453266250974 962774453583598783
342274023524975886 342274023885450272
717599101139645547 717599101741395323
707398636809948752 707398637126104432
121054634111809649 121054634554498912
611612645802994414 611612645994699011
297859721139532241 297859721496736999
426951319857913479 426951320698773524
36107949749763637 36107950024966149
581880475604989745 581880476436458648
251621615791815988 251621615799367444
263856364279268861 263856364921332209
993931775739741626 993931776211199408
243337116157157165 243337117013891202
753753967953093240 753753968635267414
661006612874984983 661006613047367521
987561974090624731 987561974197281219
559468011098927727 559468012036354507
390360944536857082 390360944910018779
65241022817969447 65241023669210322
519904539546406411 519904540496660464
455202714497047451 455202715123353467
862298631252531553 862298631681946061
158247654490477659 158247655245272032
717627822198438394 717627823193778410
741177314517616401 741177315455544955
354285700166519102 354285700900746609
769184524779491646 769184525352263541
916514441427904751 916514442026966033
150508888637063538 150508888668158145
650996049874182337 650996050601890256
983117939898868307 983117940709024476
78641519431090894 78641519655443593
231679191721474333 231679191983732359
691199807399519400 691199808306681821
211392128419748395 211392129071733927
126789933822449240 126789933919570026
6179647769388368 6179648438784281
71481947768587378 71481948324987602
97389913693411712 97389914177410793
874716120039199800 874716120101074267
679836732787068444 679836733336237019
756522833080777834 756522833978475230
839295846074251579 839295846350145037
808610284819376963 808610285015525250
534087251138545255 534087251735650467
582802989954386198 582802990163626314
252546877479391089 252546877483096501
158785140826565216 158785141104464301
9798978728444985 9798978737919719
268278568092894626 268278569031084311
840023829033421508 840023829267945992
887818507871152089 887818508116675943
849399005320735991 849399005357045268
660246601156071619 660246601930798970
242982733703686390 242982733870112372
533786919790924922 533786920478423196
911382575004719611 911382575146730623
957101109345187590 957101109379331239
324039698716666409 324039698898878717
962912602440002113 962912603292686827
17756373329094478 17756373872973686
963003980927653194 963003981445965212
511603717612647828 511603718295468156
949334703656981157 949334704367005506
105929223903164646 105929224331539530
529494060412059819 529494060465708293
750920948080184654 750920948278283965
371396073471154834 371396074161451238
109527013043957267 109527013626725487
849893870059288551 849893870446286116
956093829111917447 956093830110813360
466092982750624751 466092982802913230
777564313593947941 777564314154093838
618825738866201084 618825739278479544
773131821003226628 773131821531873348
917196385683107878 917196386343270720
947208484784693801 947208485185448747
825917033135728400 825917033748543304
799864039352093223 799864040032341221
205194461071198573 205194461882386310
339821587577468416 339821587756139978
253769490912328297 253769491239283901
728194053803889815 728194054491650603
38575659712344045 38575660090642980
339765485922971903 339765486218018560
46074015498443579 46074016137979544
359173025638848718 359173026198005069
489288673017984280 489288673916630692
880266338890692965 880266339237127062
413170276429138257 413170277347017772
349212146417790526 349212146579576774
899771727475618357 899771727875582581
228049563455870330 228049564425903453
398975294965709029 398975295467987076
587293310168653663 587293310732309059
943798390583702233 943798391549938705
819891683137760621 819891683963298741
183291288706059942 183291288873420810
239707627100569212 239707627495835622
737556471370194056 737556471548391076
332865315318323387 332865316176241796
137562694818348393 137562695478531746
392934529133060772 392934529876246286
201867720344944943 201867721206252301
329402143329718189 329402144071549025
570590208249143786 570590208691356816
649332942494880121 649332943152367234
44507849155267971 44507849303028672
31106774088244354 31106774601635788
77249225455842141 77249226194198037
949169752274142735 949169752704432559
911379657130821472 911379657580219931
289832999640669516 289833000635340092
476327787432361548 476327787480730536
632975684075280688 632975684538226488
69244297310077965 69244298028479457
667379201005544449 667379201470870564
629933081041350791 629933081448115025
385543759011400713 385543759912743093
800548217658784941 800548217911125142
321582367135215562 321582367299328799
877618694387010122 877618694591553205
951428213636043653 951428214091899866
822930287392520988 822930287427324458
727164489156401150 727164489904172277
821351237939281890 821351238472481621
371792728028528883 371792728036194854
76712093363795604 76712093408268783
304571750498336740 304571751460203038
456358572242151223 456358573172311268
556582274683564561 556582275169525998
424806155267230956 424806156126473778
355209220299129624 355209220734943901
944226599602165566 944226600357928069
725287832619052358 725287833423432766
267346886286854570 267346886662011090
353258153801991924 353258154365956500
306081544310802894 306081544561474708
197519224672987255 197519224905941520
370852476273862148 370852477206027556
923372935325317871 923372935468668504
806863095479214227 806863096046430552
146352632780238071 146352633105972573
282372500850806061 282372501685075232
437474275556284341 437474276078995683
953210342624414990 953210343452510379
343415900742248015 343415900791345366
10326673213298539 10326673838365188
483387256328523942 483387256358233646
191317596768588373 191317596998787339
47132812492748098 47132813128814350
175820846149414146 175820846605716481
927267398197199578 927267399150132241
787794697119279934 787794697519964658
744067427706819987 744067428190387217
444794404368471125 444794405339033926
157634097238639641 157634097778234635
44093806270481093 44093806775446624
549553919628215695 549553920197765654
928920840035225435 928920840491904025
494756383112758936 494756383284620760
640510128825403457 640510129229689968
369370836832916159 369370837651832782
53146665000405893 53146665155205112
105549034987081334 105549035726693115
90540098589391484 90540098962137753
465768522205566618 465768522520296148
249817323962694532 249817324280815316
184076687285135758 184076687851704863
775731399218308519 775731399945834695
378092531981087677 378092532806283806
179952362768004006 179952363264629331
201685118755198066 201685119172672758
845765615091744996 845765615552889119
435875432923661351 435875433751598173
708667606157919823 708667606229045674
351852957404219513 351852957832627578
599163894416279105 599163894526768832
218846439464801783 218846440410458895
935795009849296480 935795010400009883
11617385072002570 11617385294412797
430055662467649035 430055662973262756
365437067299884220 365437068109723662
506695436220817615 506695436786214198
865897673917383208 865897674471275192
214236279224251058 214236280041469772
518596842193972233 518596842604522505
47087322044739040 47087322440795166
643906699029088966 643906699049020192
69655814881178312 69655815807353946
604104192214670982 604104192894407981
907951549745046993 907951550073652711
400124320640941072 400124320794325923
49946898841374091 49946899344566440
911189983784533741 911189984010043936
567378702599770868 567378703590445134
36279600928187440 36279601373492768
958953865882312651 958953866742382478
590206119331943139 590206119569161244
192562605337781586 192562605784185435
255148475775226020 255148476687385769
409479874676984958 409479874682489445
304947396059305164 304947396660919393
320843662880447577 320843663864699647
847258543411451556 847258543552082023
522894406055435627 522894406771895336
531201150697188271 531201150932354578
384264384108932110 384264384985177023
325722935346516107 325722936207749953
60411433086250066 60411433756663770
496681201055944286 496681201717676125
513570517795911769 513570518386365748
336042210160488863 336042210962673421
639528782756561080 639528783593993538
944204491811861587 944204492498002368
175745087474199808 175745087587884412
526594410820477307 526594410960199245
743498353523945403 743498353801716818
813958318216887036 813958318461731707
800768554410858047 800768554586914611
90677287310684006 90677288097783540
348497061634603514 348497062388497100
512049186382692906 512049186926767054
31424716936164898 31424717242133164
199109935908551749 199109936018015315
644052144812124187 644052145371445071
441509463343671678 441509464310783151
101702232570683803 101702232923382965
930106241785095483 930106242150125681
21053926761516273 21053926838334305
401962311846427046 401962311950938863
743191226093097378 743191227044567779
767995767973932526 767995768125160175
348536049811384074 348536050371651457
117262777765081509 117262777990694658
167755074374569186 167755074747303860
432584629299602815 432584629733543062
832858301799435374 832858301998480340
115832319668658190 115832320473745239
482532774007744952 482532774729452447
760725409829035331 760725410408694428
296552923574003125 296552924267554296
266542639669279938 266542640011093539
92480168779357898 92480169296749173
479601063530609431 479601063554005548
476166066191794411 476166066324685725
209254156693586379 209254157629496700
670649592300688052 670649593097570727
679891739219899108 679891740095280738
546170560740417626 546170561591929813
38635977656346983 38635977660440781
312068831969887607 312068832378136845
647302439525052590 647302440302823563
881080613827486372 881080613962418340
999692169353592990 999692169767618250
340284837419109512 340284837511673455
900899251214043525 900899251346986070
469841452044594331 469841452864135297
101679295603995899 101679295894985619
981205575066994782 981205575835531522
563290812901257841 563290813195645359
303385687046699781 303385687862630045
257987831606825332 257987832031177884
936368942324185006 936368943051943347
5514156599688259 5514156978600837
696251941264624100 696251941645217228
790823479911154767 790823480832946307
688980869878381178 688980870064348959
416725152488692134 416725153179296207
81021291884457205 81021292213937527
358001722068000332 358001722158908583
459534066656289367 459534066896041999
157603634480577560 157603634635110339
569866303801723172 569866304548488372
623991102171732063 623991102833234769
488176136915767048 488176137860869590
54484906054417193 54484907048397624
387208583785799222 387208584313079426
837767106443603153 837767106755460983
894285556061863924 894285556281838830
934676652538951940 934676653461158863
100929590452889429 100929590956455729
333593538674446707 333593538805931611
260643469828399602 260643470746798428
891243506209406613 891243506665861760
456370862732658227 456370863605323554
467708834037079697 467708834481062067
888726766773855867 888726767447327127
584047677775341815 584047678212802264
579796711853991616 579796712524660363
712935754837567983 712935755092989165
33405205720587862 33405205897687126
498824987893708889 498824987909012483
99303136902604541 99303137227735732
386118651050838990 386118651347695036
479687417333299472 479687417611357595
318257869512034450 318257869589101834
581721188734163933 581721189174415196
676124580484526165 676124581386399901
671457711300537396 671457712166107720
147292616384034635 147292616404515885
347130476105505029 347130476361517536
344299143135766032 344299144129807048
82126990149754300 82126990847483713
467539270029891441 467539270599599342
672495495888702635 672495496677838610
271106501804867793 271106501805257473
942155655144669295 942155655276872269
724291388096232627 724291388988199739
8289943586480582 8289943663235320
645372233516478128 645372234261145026
244233323193952341 244233323741308495
371522968135514335 371522968298203381
231993073980364369 231993074663069732
420262568992535751 420262569068024137
212880416854859301 212880417009304504
157529758944923154 157529759827282618
180113917065739385 180113917965523560
252614308037201058 252614308469066259
307252815892355221 307252816076784406
495617095683955557 495617096201123411
812786687459043866 812786687664914431
936276603257970835 936276604001525085
816291078255938498 816291079184062994
153311507951402939 153311507957037115
737421973379643821 737421973421933952
51875144039787355 51875144475119310
965425966570845780 965425966598583521
405569497616197549 405569498027808145
430608397332499548 430608397676940482
567968170464239695 567968171279463747
587210283388656742 587210283766523644
346567591635737073 346567592500056432
324014178688090568 324014179428892451
996012376474497910 996012377041587097
405715525811971687 405715526230251048
326391993298589201 326391993438270895
510306103751989711 510306103795831504
901369569811587763 901369570704249570
169416665550924745 169416665892720606
909884081975792294 909884082010576700
21072063306768856 21072063453657808
223662101135062228 223662101214510641
464607798506143981 464607798584233671
857365073325990240 857365073724088830
434783054331843348 434783055194267021
803373612665076470 803373613121090790
157309380414833696 157309381215570227
276677887464759042 276677888016563624
269009722921848931 269009723402548603
752325841088407884 752325841440771862
51558594843279259 51558595207119635
61426277114484257 61426277960037692
235350269703571550 235350269971395540
987379803298944764 987379804291973833
73923836706855238 73923837176248112
932154759674908354 932154759801142009
123218078948076689 123218079093135258
656912181479091246 656912182070318586
341854862694042 341855240223156
733092378236304339 733092378573580749
662423028659548324 662423029547864750
779147443252686950 779147443561763666
492056065959280591 492056066751892267
179043847410374602 179043847498648945
346972333929154968 346972334346654303
700987229056853952 700987229538353886
608922133617535345 608922134105148144
183706324167494329 183706324555899207
183951420068151353 183951420386471739
518754518390543112 518754518790861423
969138128137940672 969138128604024737
483888035660872825 483888035833313282
645937690195049633 645937690417250664
851583319165588533 851583320084050570
986861829243738332 986861829462363399
380011586584359976 380011586978471006
9576873771359991 9576873884751329
158239185917962773 158239186124858037
681138096516508844 681138096768018273
105774498222339786 105774499105673683
91275629047081410 91275629309274548
984423260053016486 984423260340921362
878710174244939267 878710174869828139
115715991811471674 115715992583919368
188121541047411589 188121541273488484
156402823215580778 156402823776405346
289184675301480451 289184676260929613
306169832420865200 306169832641893442
478940979491347382 478940979952351005
984949944027492031 984949944826246617
223127967989379860 223127968619295846
328045917677018828 328045918095661103
562512313297245989 562512313679352401
609092290625829959 609092290716938699
310109263155888854 310109263869920147
796256706807447692 796256707567334943
866305969519329301 866305969880634609
319217219850241802 319217220129365769
62430326774397077 62430327425531188
811709014638034829 811709015567175354
998124116085085155 998124116720825359
964530149507346256 964530149510739885
3744530106066396 3744530676048697
861219709773989500 861219709819643005
904575055258887184 904575055762590036
580529463854186471 580529463894843294
404966649509746457 404966649524250036
788269258066536505 788269258707146211
124597431398055033 124597432098341232
110130970845643101 110130971708783035
835459845814308805 835459846554325879
603941668549570762 603941668764699406
375581685712371649 375581685939239742
578680678165952464 578680678565737722
566388748156062691 566388748921259302
953039318887488844 953039319444042316
448382944092602437 448382944737879217
742938861350053768 742938862270725298
943932612929490003 943932613754045933
309692090591165798 309692090720758046
241817080124358719 241817080888574401
533532032797468080 533532033384140079
19236327133933512 19236328012178791
740018331331779338 740018332036918317
413101928392040683 413101929217079860
986231829326818161 986231830149412515
980293112743453747 980293112909364243
883888714531689312 883888715305410824
123697067712374425 123697068497421958
730794237000475709 730794237104833719
877913933460242205 877913934358857100
339791803855520809 339791804102975223
538464135394986909 538464135756326613
947896519570006113 947896520255669349
224544797629222186 224544798154828537
793192348458962123 793192349116398746
550357918341918875 550357919258499612
776794153594746061 776794153715221856
54910454239982795 54910454494951185
557298999895699665 557299000269685648
99718928257655939 99718928789182017
14970046341901108 14970046936659290
757643567389660681 757643567820841037
295467257789637204 295467258573662481
49840087497585791 49840088257476867
495435681541888013 495435682209113718
951733938776642872 951733939446112727
460611254448592822 460611254972954323
905409793964512247 905409794161592474
226400197913789412 226400198592993985
980976319390108876 980976319829732815
302321357003645114 302321357599041778
304036647385036022 304036647554477182
61266976542571746 61266977102433936
850794610477625676 850794610746507666
62027327901635847 62027328109913273
512070962487930023 512070963059393606
174896882802998860 174896882893443685
232234527523413621 232234527718101991
345874755872138325 345874756273593433
570819330964958007 570819331629005252
571958853562433033 571958853766723521
189869026274179620 189869026767085244
470074987434653979 470074988074026817
866092923968946697 866092924461803358
854505551338367530 854505551861497635
894826890725345422 894826890773522384
991267317026698846 991267317248770250
222475384495878215 222475384710218501
714066149765859188 714066149982269577
922840245223945681 922840245318657583
205461841952814395 205461842268006361
936821017370405121 936821017857247759
464728412829362574 464728413795171239
38879306481378188 38879307343066257
11868282399432319 11868283278005937
167668066294682271 167668066689725087
414163108882842320 414163109561033903
991579309837183416 991579310049231261
277469540760774112 277469541113324925
968265145350070838 968265145628287918
888656730795872498 888656731253432719
500207130176320696 500207130216722466
518858471538316553 518858472311605681
763791902130890940 763791902625066700
471490516252178490 471490516911087487
667533321216155078 667533321267148380
964002830577503383 964002830585803281
390436700260607054 390436700672220512
122621371176615176 122621371754845288
164429831144828525 164429831599105761
474121235612045871 474121236449326560
639287432484974628 639287433031820285
318645870409757696 318645870458742678
836885876896555312 836885877271413374
20707078833819268 20707078999788182
652083595389670207 652083595972633944
61530122185803540 61530122565055216
101740894116717753 101740894411818219
282062526539671276 282062526559700095
362702404080820278 362702404552396599
602564078651566354 602564079600594840
549770736965232848 549770737401439480
437296884768078825 437296885727656642
227706365576407970 227706365789162310
301331426897576962 301331427473764277
85989270745764444 85989270821203159
840412626735872385 840412627521270080
444944674484588940 444944674495938007
915480994503638089 915480994602909852
310242531665033176 310242531773773179
675896058873236284 675896059589200632
354656050077933513 354656050691628850
678695964220264437 678695964863216781
650823983916773718 650823984597330814
370039878576571990 370039878723965651
802027494316029140 802027495297831906
208209362221193885 208209362935032683
423403087842468043 423403088750319874
997209760925567930 997209761389310468
188600605690052967 188600606278333227
107036805236382488 107036805697084149
658761553892902434 658761554593575675
846660376644421553 846660377360287374
621323929067296922 621323930021994825
78302418367578120 78302419362021444
528795432498092655 528795432607270869
769507848482579700 769507848854158385
875984739791306737 875984740341167824
860681362790920849 860681362848559337
965566402585333585 965566403470591313
778358452532889000 778358453452127529
359247661847649034 359247661967885797
397914760464127347 397914761206153332
49336561669076686 49336562143634472
762770723042479229 762770723599090997
439194469203633765 439194469387037668
358308627690155496 358308627716268769
185180989005124113 185180989857372104
412908124384551909 412908124932238062
609686078289299944 609686078878670439
43276490615486151 43276491289523688
26450703824140807 26450704067807661
711238780123951138 711238780980007775
903022317360107810 903022317827844587
279071437092414188 279071437307684484
839831875438419412 839831875666805572
240208130840956731 240208131813097190
716140414851698687 716140415826626525
157996603124055085 157996603892202083
470786289704062340 470786289897516510
833678465378060957 833678465882461810
681661660432469992 681661660870865125
244221716810808331 244221717201388036
301314413950121501 301314414002060244
609728341821215439 609728342490046128
880253892671264114 880253892764862130
562223052131039827 562223052422061489
124961686802384924 124961687297445302
52340939090308388 52340939696226887
585612567010812335 585612567490114465
333486959590843145 333486960014238186
982743483698643305 982743483856396269
144372897225135780 144372898124654227
80965089181823756 80965089509548223
349251318673707298 349251319131370879
310500433293624606 310500434096353292
128927388030230725 128927388156269182
981338481796084268 981338482148903684
946015363480633007 946015363545449229
526964148912359470 526964149507219531
703030354899808590 703030355221864549
940641892034677173 940641892140118098
29810241634681109 29810242606568301
338521707740345459 338521708469651731
758572811556245103 758572811594699675
486450989924188017 486450990422536812
999109960227069530 999109961010795283
943496103273814032 943496103776275815
536557382280298834 536557382626742201
231535534351179692 231535534389248738
856222298888581568 856222299869407060
459170181104619005 459170181348131327
785909900302181294 785909901083586977
947358974089297088 947358974787566439
801717095458829479 801717095915889886
416729551208804996 416729551532088518
181313994193881641 181313994924736916
49733520124295031 49733521054016714
883074079954222621 883074080768006630
950316982823509696 950316983780647181
819153495035420524 819153495456203944
760808754323304565 760808754466309045
301247602427785388 301247602700427809
78147966773517787 78147967013398906
147093214418631424 147093215281568463
727231423658849282 727231424299212924
605152276877416161 605152277110002453
809234458758581583 809234459069845574
652877748786593829 652877749090390684
885159454572044434 885159455301044239
700863158130801128 700863158965032900
165576767037447706 165576767665586658
893109696307219089 893109696811785950
182594358021841461 182594358629870141
627768913051698525 627768913417530266
725651583907274472 725651584587241696
157498220408669584 157498220423936857
338083841772765392 338083842687747487
430486687473350774 430486688091531881
537743095736205915 537743096528291518
468749804765395262 468749804881430718
766360987463110822 766360987507186837
322432318703653720 322432319435772294
798878030109595499 798878030495467452
831646420802127982 831646420953491190
524012215124310437 524012215353012463
951161570995708699 951161571255997852
750892382930001471 750892383129280848
459204694780876521 459204695624464976
885973901118403815 885973901422928840
283776728598312178 283776729386266192
590319609831429217 590319609904476572
840716562933424294 840716563717670911
920016983525903144 920016984464246592
402259432208296284 402259432947829185
870597074620131018 870597074761200143
740814675204139664 740814675872202307
130941629020636896 130941629688876813
417936280634199191 417936281159667844
150697030769981297 150697031485079379
869518567691500222 869518568193352491
592901983507325124 592901984280183850
409351280455968471 409351281010614880
533701139825491933 533701140420010037
835467199004866697 835467199046937307
921235891973354984 921235892957204061
74452033769083659 74452034355491086
639046243753159138 639046244464304724
584523802028022127 584523802530137379
833489121128151261 833489121841286652
272814389869104407 272814390175353434
5487364901856217 5487365018872851
459426014465034108 459426014701212514
841821411986733428 841821412767111277
209368829270950807 209368829417325645
435812740518730757 435812740802732225
673387140009284517 673387140304287836
180640349045964909 180640349626292473
960205889060938853 960205889479190354
554517829495608174 554517829911785588
248986512035702152 248986513003061819
117171930195287418 117171930925203657
554364691055485980 554364691902027541
545533402932786628 545533403209011112
375099835897564160 375099835902890500
204618110847019473 204618111028556707
149129972591506816 149129973469697506
6911284859238369 6911285635614440
935001626492336118 935001626844948157
931542088252017473 931542088821445443
673854650051013292 673854650844507475
528013872656437546 528013873174844336
584799825397722966 584799825573012553
600438596366175192 600438597222319269
557841677619663150 557841678437258622
38446539981191272 38446540143461365
197459505848624605 197459506713657022
219939060094963010 219939061040140723
626992836646305765 626992837157003855
694792595721815700 694792596092887580
281383780881234202 281383781787803943
221335898859106756 221335899048048484
435875353944547679 435875354676933355
924758947704324263 924758948619697778
31379244051390879 31379244998104255
191792331987699393 191792332092297244
44941636192977500 44941636740675941
606571307517489115 606571308195903620
160876461752411666 160876462216251570
202326574287627674 202326574770002125
519637291613556535 519637292478185168
103179383872243292 103179384291350839
346314919693874967 346314919812342690
814681891026220330 814681891774604107
556013968802158178 556013968854415587
465142924016594714 465142924716876443
637016885302417386 637016885770915105
185804583776796490 185804584183021792
78529324153805379 78529324266890252
119186544451333985 119186544634014135
139662296437990166 139662297219825448
943277600254618860 943277601087375963
879758305807248490 879758306337920521
478296909156188657 478296909659599505
993383120283659082 993383120468058803
594026664884015496 594026665796499984
473161517725566604 473161518257273382
526383115450211323 526383116326746168
418916365690691167 418916366507820796
182350354874140127 182350355411868822
904420470509171668 904420470510761467
970724286055580365 970724286074886293
106418335281265033 106418336170057461
8764749073741438 8764749299199618
34114360680553899 34114360751795063
467721898110735141 467721898436573587
248192669989588991 248192670132015541
530625325425800249 530625325882657943
690219769448273889 690219770272413096
550223356078021135 550223356126711095
479632085830577364 479632085900601716
901130807454756089 901130808352213227
587992859098345854 587992859114601664
664637053403235472 664637053444455980
206687589104003726 206687589923921025
852752661723203781 852752662031865727
134729778096062396 134729778141785296
370807651514719248 370807651924206062
314413128925572159 314413129687766984
876748685072239143 876748685353963367
117933084438712509 117933084931845190
727887439835672136 727887440121372674
234233524218101394 234233524893942329
91302029318990758 91302030057178373
351324636255842862 351324636848307163
262846596566443743 262846596916127969
711823204394319454 711823205019520697
88030740406652366 88030741255713598
695753462451573520 695753462745859694
373549248056099632 373549248505333454
316115821799754989 316115822616121255
169817456764667607 169817457716402908
986280648078083709 986280648389085669
778448393422494347 778448394163936497
460420778704544983 460420779672584968
749306787897794966 749306788379065993
201191661068309579 201191661586805216
315621957252164461 315621957422666038
640653719172152674 640653720047157242
613024040861582524 613024041167833623
415736870628363541 415736870658627240
438992020071391218 438992020289752709
94116672328989376 94116672626958233
576723240182128748 576723240684462864
209352832611744248 209352832919549524
750884078765684599 750884079292507215
664144091889311809 664144092189153449
135483577014584183 135483577834423641
123966666216362474 123966666752270505
558773442273927153 558773442852827829
930870380915481371 930870381378119487
71820983978918992 71820984592938646
756616057888556854 756616058522626852
135057097763596290 135057098228903726
643618738835249643 643618739498592742
802607660248501919 802607660904101523
141528223447129581 141528224024964693
938855483269026779 938855483789740327
870527594803914071 870527594939091495
612535609425969488 612535609971965571
651530642201572036 651530643003416349
396126980891172352 396126980969269995
348858213347718955 348858213741419803
945541236469683525 945541236645353840
983436779030294577 983436779049850699
424829996125388660 424829996871751353
844767973069376303 844767973661753615
523990784827177713 523990784916306137
583923792079001450 583923792919416507
637933553228404118 637933554099441742
411301655278053455 411301655340106401
526701820244004552 526701820545958713
126537079397111303 126537079559994011
968924663751872 968925164572990
352810681967922916 352810682170264392
591369443363929656 591369443714735884
858799052003362433 858799052681252615
931565508461687367 931565508606562829
986244746102360397 986244747035563776
325918627602063091 325918627606840854
617684306684778039 617684307605030920
382447880642612023 382447881319710876
301637724921714968 301637725187106898
743668239883688036 743668240684166413
72690397744911941 72690398446072059
583366882814879327 583366883316605717
894714655754178592 894714655915022429
549344542914189146 549344543821825765
771901359642922743 771901359928292406
298995333212730166 298995333807864207
807423834565858489 807423835092298328
838743289423669094 838743289641846687
95805158183907370 95805158855629921
799415096691719805 799415097547728482
980872695128202729 980872695739270856
628538544179587262 628538544505503145
735729821670443379 735729822212207999
873247784294962197 873247785230552434
490299827733928783 490299828358440382
599383927008215547 599383927348878164
175830546797026690 175830546995258157
976848706526945287 976848707444352394
457353647411933548 457353647940978278
937445158633546073 937445159449414520
493955681980451315 493955682242975041
495194665038802985 495194665703411254
209197438639258758 209197439178011269
614934399097514048 614934400006497013
266681832774330746 266681832973017292
225816491795434361 225816492565960406
477094101437582063 477094102063516745
851908018365103908 851908018421778704
129121710758476695 129121711624857657
904409463438231483 904409463762490603
683444854052256002 683444854107874665
833504507182044872 833504507286757299
887858449810162268 887858450049386853
306247246218858947 306247246587031794
102783324225764071 102783324316336273
637193219683926459 637193220370906086
700421870274228819 700421870630098882
730970910977885504 730970911321135981
749775848971908724 749775849316605295
598501879686357248 598501880090187796
19323431851513037 19323432833622788
126315880576385208 126315881286203078
256088655407581831 256088655586520234
597279992623744712 597279993362574532
185205000231048877 185205000530874822
457076113037206053 457076113952514013
24001482525516454 24001483230214631
201595478216704975 201595478663425512
411531189478524722 411531190350317983
566272330336882207 566272330998544422
635343863006083 635344101054614
348867538214032507 348867538662759845
768090517174463968 768090517705625399
185663715131997193 185663715552816384
545790359984466361 545790360736689756
93021832444004248 93021832953262030
430877118477185005 430877119030105060
848912937503689425 848912938491184649
678100727580656447 678100727807735576
957368085647833080 957368086566541704
280330351050779375 280330351457774544
701754105620704695 701754105674274256
236326346209546868 236326346561384948
391290557420956384 391290558244345574
522387426765608137 522387427504132178
594777917829720616 594777918463375655
945784712279539943 945784712506386396
808035491073539783 808035492012472629
840358908869111645 840358909047344454
768390746293919829 768390746715206130
779433873288154740 779433873788178720
62515980712038165 62515980878430443
503525915196060761 503525915877601789
809178817205272528 809178817978135489
372817132136868653 372817132696168733
278986673960086498 278986674207334704
912775372336104452 912775373043190613
782959572417497544 782959572898749489
851206592256573570 851206592655139124
785585458593130718 785585458728207990
180683359331055658 180683360096843865
181262353472716270 181262353559037555
89013425198749215 89013425488491492
530614679738335234 530614680356067210
889083247099742108 889083247626735151
903227685607029296 903227686486715322
675645505486271941 675645506069187601
59375861008722219 59375861411722837
965823267507763693 965823267827257462
771133427420434405 771133427616089755
915428601768802279 915428602161567976
31901743799117925 31901744187677082
475150666819106938 475150667583250910
894373807492047958 894373807679942507
558168219704727368 558168220343163354
463202931615948124 463202932438592259
39581317622138134 39581318141988556
347990521468175031 347990521771753151
679544639853919666 679544640835329020
327990842599003394 327990843141363259
597740585076971497 597740585289157537
306746656680473026 306746657276640456
210927370230737410 210927370866348375
360964224238579180 360964224550506645
361491187152970898 361491187720096643
909483615849776814 909483616193402816
232358568502647627 232358568532733678
192055590854970391 192055591510415478
35352066678018503 35352067034291000
569301639249915028 569301639923563543
80519520396368435 80519521131996054
103316148112129859 103316148263848976
352263429929968843 352263430223591686
641975669406265311 641975669809624030
730956628780185922 730956629547363074
216256111005601818 216256111076252967
595087657724822631 595087657891645437
331350541908507271 331350542718354202
123212359071538258 123212359144059958
2856005651824785 2856006153498259
860006054597539840 860006054599022173
695349278093415403 695349278870366922
497637136326073572 497637136601458115
986867258485346988 986867258885641208
621442686307687465 621442686588504228
808998000018951849 808998000240840988
311384511434565241 311384511743829751
46355676806092518 46355676814198657
573031590235726366 573031591082355356
861221194943027364 861221195695190855
555778467609795601 555778467641947239
804948909577124029 804948909835784125
306640414475797742 306640415272419708
455562976986390984 455562977794013804
739921689534069319 739921689872883830
519006024845753020 519006025474300303
273559704677827049 273559704697294909
858912958501046958 858912959426006409
48764105112314317 48764105179829093
499071521988611918 499071522682093632
989211209364262760 989211210135048277
69004457818875007 69004458217392106
850010105844635310 850010106093163995
839747675037864963 839747675046064024
833277105535210326 833277106058815886
276469078393031017 276469079198921021
339606823873070774 339606823979884057
754628145175062980 754628145528688223
637899997215661591 637899997451710824
33275803127551806 33275803309659950
614610595399695917 614610596330651398
399143603001371237 399143603337600049
354843903636682938 354843904353658344
914382521268512318 914382521855925047
73175901417282790 73175902355015068
574949173923908185 574949173933147466
8322811868109259 8322812488477383
167946440845457281 167946441589930233
886164139559993881 886164140373793426
282229371348355341 282229371799557797
323549253748248144 323549253938658794
330569840997106534 330569841483940804
181724274835905105 181724275452963121
447558002596278993 447558003538688081
278559544382168126 278559544734305729
327177901415340457 327177901990994659
15774296279005773 15774296712226137
796841685071119931 796841685951554733
955441966159181183 955441966475159822
677554013363893474 677554014236832836
750658049807496754 750658050778790177
76500198964923324 76500199411565283
32439716574288062 32439717112271034
974633885883140439 974633886127171118
489997405896382551 489997406421779165
842404116071530248 842404116755933581
793308680704976816 793308681411947255
753906396960542170 753906397268571302
129451195481523134 129451196067621836
258783588246794244 258783588567844309
573338962182627160 573338962462606591
392128509060142569 392128509847297386
333328495858725082 333328495971581962
200981904695121693 200981905618514634
142811149556056276 142811149984794757
436968446616895415 436968447581163319
971115478140403108 971115478358183936
766025064829722880 766025064891583941
887551919429934042 887551920308496344
893390993737366307 893390994474155215
298546204285611497 298546205216732043
322272190340891449 322272190954874902
77887962106932887 77887963051669557
924956703676592455 924956704021733906
272990163448678761 272990164235847341
722276495051814079 722276495191095486
666312883169573826 666312884027191721
448348191935413026 448348192747119358
72003162703119441 72003162966438585
604810564128548682 604810564363689028
928023299077732766 928023299443314276
686760720650664522 686760721007257475
343594753249057577 343594754105292459
690473395872082692 690473396050492903
27119915655247131 27119915811396751
433439772965512597 433439773837002561
378456831070404583 378456831577806769
341122943128582556 341122943816161032
407183605272292035 407183605393726308
74601242789879279 74601243244002074
549364854837338046 549364855634984193
399929385134914391 399929385926453325
768430304425110316 768430304660688136
923168480166840069 923168480643570885
47825857977152545 47825858745306765
152645137188261838 152645138031174625
840514706390176645 840514706714808025
404022994194395993 404022994606014922
251342020693669645 251342021161455947
555901117354781098 555901117760049402
703954552170888541 703954552327010775
711187404275369738 711187404677437996
755156923794082316 755156924229879154
224478987797279362 224478987895034969
767246613447807550 767246613480122097
90796297763027322 90796298685697219
648249502716073308 648249502716109542
248618749740493980 248618749786202600
22952196308638794 22952196597200020
453460447159079140 453460448096123770
818899157443104453 818899157450314665
529380406914533625 529380407756109151
302249599439333139 302249599541930263
356034592081186232 356034592278506615
638832479749546121 638832480628195904
343107248561180988 343107248964371748
896199651486447954 896199651621201686
833849321429003415 833849322332091109
635680760971614640 635680761696269425
97904954728422072 97904955700347146
884520187458900137 884520187912132881
916907340511809256 916907340979974393
936059489020406799 936059489759946267
994593220086130741 994593220129056269
396537561811942789 396537562250317751
739148056829780125 739148057111583285
162868043797852440 162868044634135338
843652022931912893 843652023923266886
534997704812152263 534997705410082799
617646343399703544 617646343818184466
254352162860714591 254352163392672179
844067311042746331 844067311349283088
931615197711701920 931615198518523734
110785259408261316 110785259947890435
651517965605143201 651517965994713807
817737353139668791 817737353877838428
505989648793772863 505989649263658883
413587032952655867 413587033617156504
387337870746767220 387337871618989317
938581745731612719 938581745985980334
809609760973493147 809609761333194989
919518588653076106 919518588860052261
565100109420555555 565100110328146787
689549294562147593 689549295362492458
991186653154286389 991186653811444836
514535679909333218 514535680417931616
247008253514182102 247008253533248055
852672410790813224 852672410924756276
932028534876696860 932028534986100316
184524303748533110 184524304382689779
919908788079611090 919908788580086444
13829124591629691 13829124982198361
670356428540879273 670356429130279332
902452219327609779 902452219828080592
96339721822342305 96339722612485460
248420749727663903 248420750413452183
362986549324694952 362986549580077778
175627081826008036 175627082136188424
343533094598002201 343533094917443818
367640335835207685 367640336719578372
973461387186996296 973461387883629790
412412384352482082 412412384416869879
99193212486739278 99193212842081120
916405908391367695 916405908795657293
459268062110385021 459268063051202101
472384116201422800 472384116285055707
621340352946288876 621340353325068339
826664947424468633 826664948332037014
504638039818487243 504638040457176027
212282454214403463 212282454468259427
602859404236316654 602859404823932806
811194218859625659 811194218993197764
523672910114233460 523672910198688229
229810088983416319 229810089844200798
875833019532575528 875833020273424843
249256857698038566 249256857741024729
184201621238636557 184201621652454192
547317757430364013 547317757721376268
826157738871614644 826157739685342433
532049786516096271 532049787064449731
311476693763440878 311476694755857702
270212179335011839 270212180212596779
529322544064439239 529322544344051060
357657317584127946 357657318133167846
514709191934394268 514709192892899973
938415782322127949 938415782725975494
306854592549563523 306854592604215774
922993934225478398 922993934666550455
91802808335216570 91802808394603631
586715230938406 586715664638075
80050003511868660 80050004424652939
186480442019301594 186480442292865745
498328017050052471 498328017908210599
394025062559887794 394025062745877856
727585167592405172 727585167804365525
370241300475142960 370241301463502265
557921261005947189 557921261062909672
949963990633461836 949963991505813758
643991425039943045 643991426002467134
340621189079944548 340621189620199421
729993276790975194 729993277518685343
526400844976389220 526400845109053612
171921009545004273 171921009948032788
337073643845125148 337073644173740516
472209871432115004 472209872345599545
966685570204571584 966685570411913464
567543671893656083 567543672588765856
345339989154664131 345339990072976058
143653675133722504 143653675748426324
991205637897190171 991205638344023127
539720928880327069 539720929617877469
134767004733510108 134767005366287038
895994821743241377 895994822629138739
135169676818077563 135169677342616241
241930564976801175 241930565462814490
97902004293052534 97902004332251647
164989388573900522 164989388655742746
948335362485042071 948335362910547077
251922591192212824 251922591832265347
293850417898387610 293850418460458219
943657698227736234 943657698264694274
187112954858836360 187112954937380416
785145746716921839 785145747230751093
581922914984526942 581922915195732606
553493948704054979 553493949226090313
145132921803406103 145132922291649790
749813377284612956 749813377817998698
129671572137635726 129671572577561536
965865644321565214 965865644863667113
883994333657350248 883994334324033462
469594474323347603 469594475090797697
759704916258222205 759704916263698023
359629638332905969 359629639229053073
338712754723228026 338712755249754557
343297370886758790 343297371202863000
510213112587118855 510213113279589142
576672527630885066 576672528492798108
785526554453102138 785526554650219728
382102084853101758 382102085229884306
819754581738919449 819754582537180304
299955734386261291 299955735307238234
918739587665709342 918739588632862375
464588722266366824 464588722287691725
828623702926836149 828623703533785154
706973985071310444 706973986044965734
608996130981383674 608996131396392610
482447727479648938 482447727537180783
724468657378624128 724468657763564268
495774638691753952 495774639655971650
743806652306254373 743806653238577408
81607379832083833 81607380699137229
381888244597358200 381888245394482863
704815661475354873 704815661858874924
643533587180791172 643533587875510487
507373632891050163 507373633221410640
176020666602668028 176020667167391453
451627410324924214 451627411014135200
833711863988145758 833711864712346071
27784745305463413 27784745418459918
340978152455395519 340978153083851862
665408509141269867 665408509242595508
118222452204600359 118222452779333830
643910705240565737 643910705948355006
208958128325324870 208958129047877247
34157912184128022 34157912575797896
432457550388823567 432457551041031258
335948955867836779 335948956009132742
232581599335532780 232581599381030501
911964197271828311 911964198249719067
966415224101485467 966415224480069009
877173551229533010 877173551542184610
118482148595019478 118482149051792073
737670842790439753 737670843746919893
820337586556024002 820337586911618046
78712813709164886 78712814302090409
233825313143198842 233825313162479610
211379199387596208 211379199507580828
563515271062534014 563515271737479585
355906362177260682 355906362283072828
133921502433203145 133921503244626338
71457480894050202 71457481401310324
738088488160002515 738088488589340961
659933566630927654 659933566799712485
245836082965724387 245836083327976853
653987560916833231 653987561560468973
25253741532981579 25253742451978452
92497046790538956 92497047394093466
761019228813429912 761019229374157019
185557662316356626 185557663157084030
784439816679475439 784439817313292819
151671202217695626 151671203144933484
681153100069003843 681153100847601183
823919720435036751 823919720754095675
634903536169940469 634903537086721249
391737095469249385 391737095860831231
275306946266076044 275306947220690879
315502192330881537 315502192871152844
750431770322962849 750431770552174845
164710527360986811 164710528133217840
420929157037817638 420929157242995379
924038550112533095 924038550785143519
816042179811142694 816042180613069543
270066475997630507 270066476663648383
744292336824522635 744292336989289625
555933847844930757 555933847956952345
249418745609448789 249418745690487124
277676960132143202 277676960298412656
801476867697388816 801476868402307587
888485017233865952 888485017290612312
721980478653459222 721980479148152817
630928826995798838 630928827470899050
343828487558957030 343828488408257335
83478935357464858 83478935787543680
616823075859727633 616823076164956615
701920472642767274 701920473282566118
117662862985592074 117662863456500463
577505001008186255 577505001324143833
445037635980162673 445037636199871863
559093419429379434 559093419603628607
32885940332355312 32885940471290524
450122492466998215 450122492516804447
80161178198846719 80161178475361433
354788809609133587 354788810249188196
391506635738025097 391506635960014803
852137517802715868 852137518055778300
606824890354306442 606824890396507836
233097206990208397 233097207915224773
23604694299052239 23604694866938751
488061858871576471 488061859849523529
143954436576891826 143954436715042794
11120983160742400 11120983931163362
423222744794198444 423222745767949509
757814870055099591 757814870513178770
294566214442892323 294566214576914385
633947305764723465 633947306285619929
682132257375446407 682132257580337407
171092596513244806 171092597234815183
460374477723585656 460374478144259918
653009440604117352 653009441573838975
166287890407483307 166287891087442700
48868430532218680 48868431363227237
943912409217494149 943912409986858111
38140188477329856 38140188625454285
120619750779524281 120619751546560087
291178198839926144 291178198986769158
514692310753590825 514692311002881469
245976529379822596 245976529711482946
462928598317984398 462928598731208324
494693295084017413 494693295295949656
456339567509830889 456339568494334885
308888680884849834 308888681608009602
48706641976073057 48706642677573516
49233808936536957 49233809036683767
90619707641963810 90619707772233330
268680994234252903 268680995029256094
249138969704393771 249138969896761125
488749462435135265 488749462484950953
68091447534250963 68091448024806418
943259763864578708 943259763865328768
381782419485181954 381782419603609875
984411016131588891 984411016357428589
415733672492239076 415733673386538520
4861423073862380 4861423807054796
678449020390407854 678449020981806055
663953997723256386 663953998214217863
719154877115576118 719154878012483683
353353743467932203 353353744375972164
325537374231194433 325537374660450361
733068660087727499 733068660932499077
107027031396500838 107027032173941386
577359324688739185 577359325394980297
316075935855798758 316075936011880525
471313409282738958 471313410260707419
607285058943652389 607285059593339659
313925109334084012 313925109548569695
601773436425715727 601773436641834637
18607449103889979 18607449802234924
53777239486976358 53777239996332994
137803487365277622 137803488032076338
674252750013333445 674252750565917494
952847788340871683 952847788716505742
494530923587882871 494530924192165200
129730098183479188 129730098315103423
36887535124852396 36887535779356407
531273933159376000 531273934119495392
948173194614869031 948173195056260537
338964356159147360 338964356474812260
838393484918450242 838393485818749678
708094100250721020 708094100861243168
443431892545708132 443431892908920918
176011575639744369 176011576365213591
658325033000333990 658325033223688809
255489632013715231 255489632372239451
803216515449152131 803216515914501501
167524749200320556 167524749546965720
717778350278349478 717778351085890537
782738852079705648 782738852660026554
333549143569260994 333549144240928446
24102900591796149 24102901377679685
267134226539387173 267134227248870425
716918519079099317 716918519933118829
837248417654994511 837248418401681001
99277068859691264 99277069554568032
285004427078701218 285004427733948407
154984437155401797 154984437671226265
715876581627711871 715876582099721784
28429755102330806 28429755575302448
464628266886820892 464628267452825630
525587273238266493 525587273958360716
709544586395550283 709544586812497881
978633144686182654 978633145421741452
49559437125218148 49559437471931805
829668213770450887 829668214373664556
776351228952343256 776351229336044539
683993885165827421 683993885771429603
264356093616833085 264356094066327037
962407091993822837 962407092713429758
68362614960486175 68362615358876818
726581150540673239 726581150881188544
828548194317785985 828548194711171496
487807813251742728 487807813474542164
514937434417871612 514937434763363503
765158835765864831 765158836088425583
580897760968362468 580897761064014140
983523110558409915 983523111184143214
380053522196505454 380053522735442225
449049836182446114 449049836240781996
985936300152319280 985936301152130160
837218670521703931 837218671231596195
671894909406473076 671894909558819868
233016248630326509 233016249623161317
872353611163916447 872353611856278002
529180181748105699 529180181880039353
853539138041616574 853539138744727755
642507078852482290 642507079702636846
910073670375763140 910073670481779441
336525043596153448 336525043850396541
469162460252327251 469162460446863090
736847849693134365 736847850493445773
109658691485439817 109658691633695745
805099262830649995 805099263241916233
320945646877757637 320945647280102715
803585307360140200 803585307982294160
972401417669086124 972401418356600467
951224608352240579 951224609018440238
251957694149776054 251957694680284372
775106356634757103 775106357558736028
958770517945271107 958770518797272027
379859050322428751 379859051085790326
520350676894679828 520350677690329582
731311635604292478 731311635979128238
726934444762910760 726934445009354257
497237244966549452 497237245492072915
89713550740372135 89713551445067498
521223417623379501 521223418284683538
480343023760911269 480343024583533635
622550177237716948 622550177576821059
593317573326220118 593317574097865188
416579958448272252 416579958506868890
699417152673079651 699417153285713381
526905221718500060 526905222432059176
922312571783150086 922312572766148626
652237090292570093 652237090517781352
567829721926799086 567829722681481926
497305153179146569 497305153988208045
335617953468594374 335617954349108102
476472302945915907 476472302955641556
462959343089344094 462959343342687334
160272359004178459 160272359801032640
277812549272573070 277812549916510280
860185669379208917 860185669891440236
556734571203569426 556734571278335556
147388172596174442 147388173439708439
446786848945903732 446786849769726075
248935243308969880 248935243582836222
51084582839254229 51084583625364731
637895895435756671 637895896418653917
707683331216693840 707683331846401036
888330822391774264 888330823072367673
825603061203639148 825603061934597379
163318560055780404 163318560379125684
542539713740403473 542539714194234583
940149229826981761 940149230724855507
171876060848185459 171876061699794983
445268484372976792 445268484685435120
438849170113855725 438849170846137517
867033865517703773 867033866288108928
544752175871185903 544752176064740391
220163705105664332 220163705580541681
102523285543724559 102523285992350633
631592325583822986 631592325882543379
80775217021318742 80775217129401796
526112396148303691 526112396311879333
867393898584730868 867393898927191808
487482808708493811 487482809043300500
756086162329340065 756086162628362863
589695101969849927 589695102450057661
993843632446912462 993843632893102258
886845796134603144 886845797116623087
968084880547685527 968084881195177662
476865232807303961 476865233218108974
221870586511341454 221870587481684182
316330809181843484 316330809322304385
265621529531931676 265621530245449800
21870218387884916 21870218501545353
246135646939704995 246135647159257678
362300589572309346 362300590005586247
408445190948907523 408445191158749035
500268607487193526 500268607967181337
703949782551005954 703949782595513086
993856805144220033 993856805444901544
391325457246676695 391325457492846521
128718489534954468 128718490078503307
930024793549907559 930024793778545157
709992060737561914 709992061325047472
564056742898318578 564056743334906449
542519044368048180 542519045100954267
682593855289798193 682593855949695266
443685204953095286 443685205255571461
994300121158667153 994300121202013633
640902149306219649 640902149611288503
945131421116620105 945131421640946839
599687269664029552 599687270333551191
753731799353959965 753731799738389824
263540802801726286 263540803618412009
13687978274867868 13687979167083279
837755249011169638 837755249453262892
33961346157247096 33961347116957699
333110048042992795 333110048267563843
313201652316588729 313201652719226391
388297997030786811 388297997953645387
505143944450049900 505143945217642913
209249991886827219 209249992631544784
281519158923269330 281519159608195556
777629701774921552 777629701883930525
305678592681862494 305678593482572652
517545135157206820 517545135183139987
610963262217961254 610963262981161915
847518617509599329 847518618022345227
793663342048854423 793663342548511311
809411681108741544 809411681274094172
573018111605518071 573018111758100191
789169897583094996 789169898540224014
872263356606462858 872263356992170080
695862828059896143 695862828111241801
131638310622136714 131638310911399243
844503099725512634 844503099898740072
515734399174733511 515734399648942935
68480062651923611 68480063016221575
920035033102262878 920035033393339179
356610775931639983 356610776606642975
861425969845025718 861425970661955984
846538782602682920 846538782777745990
98411050791935326 98411051278581115
81090373551732915 81090374047364206
625563742146280386 625563742460783193
163184401682087918 163184401945602772
973177782468806900 973177783236725631
353924370070463762 353924371039802526
622711175364342031 622711175823032462
427345843843703435 427345844138767227
827148802698494035 827148802849554043
625564118748520639 625564119129463683
745523464427110777 745523464918247620
289438439552706561 289438439928732244
922880073654922169 922880074441628756
6950853217450216 6950853886107034
529633271882128133 529633272109226047
117989530725810758 117989531070621978
117864608855424474 117864609759336121
5308828150558413 5308828535139450
882353750171903166 882353750981226476
118954843229237767 118954843471264143
85898260831579260 85898261582162663
7746398534824653 7746398790389140
138268688055930630 138268688415726686
570366675179665161 570366675248770290
950887341449246671 950887342121596004
362210154491532097 362210154711830091
866891438557379836 866891438686810124
419839759952858825 419839760071921519
712429415281879123 712429415543706720
401669548410000250 401669548600393726
526391313088712186 526391313352426889
28544631690078063 28544631805883058
403654860500537546 403654860527626893
799069451321098849 799069451786768976
672876470157229469 672876470377072439
634067258177735185 634067258687157424
468900906200302589 468900906461989258
707253399462977665 707253400119634412
463261002735998992 463261003417323403
581890477211081734 581890477803748818
632040636724886 632041008244673
939604003178173653 939604003639889080
769263175470180090 769263175472892830
361576361886279342 361576362493240513
997704399251041971 997704400110468490
835869059362041761 835869059760633516
77964461191043585 77964461937264256
421593168779100640 421593169449702283
45467411636338146 45467411890180791
681359688331444540 681359688766391780
608314536619078168 608314537522471259
355488105089928399 355488105917144577
400397908141746575 400397908986573403
579992516313547376 579992516416424712
195734990993728852 195734991014724600
804003497175369359 804003497218063352
400854166426714200 400854167016014989
150543007556985411 150543008340571475
556545752984159865 556545753831088160
338530155402109190 338530155456805583
100827433688467627 100827434475129365
619451597297172099 619451597407779999
286982911838209894 286982912213519491
551672970986017509 551672971218868366
487048839370407963 487048839546429886
316670500086336931 316670500972432886
949174751326698463 949174751805974056
553831039284671954 553831040029576572
954215525881214644 954215526753427407
196358074158490792 196358075039345921
544038858211589411 544038858296519797
27773150314594042 27773150431914194
732141014156212886 732141014396520980
909600982900757592 909600983334355273
634779579071220949 634779579785166167
938545470789176725 938545471598576697
298607785671812631 298607785802875636
982326770136437422 982326770724779414
205410265467643818 205410265489739165
245885796152416712 245885796778144666
530496321777616248 530496322200641645
361157994337410679 361157995197660182
710364372254346026 710364372639687027
338871926677496922 338871926822149470
816024767359812976 816024768329112672
955618401384221697 955618402059969551
405482923787318823 405482924527862484
536157025948192738 536157026709121959
229974147201089577 229974147403422662
938797013346399751 938797013616594075
848055344827525929 848055345797503542
226130733706684996 226130734134740043
826789343150370493 826789344023239927
624317124054030396 624317124687088313
989022698134112025 989022698410860227
850175484746518803 850175485099252326
659075733706578477 659075733865971841
879973560135740487 879973560649699105
74974635057153329 74974635726681120
359832636053906837 359832636687556876
436945721434007072 436945721688851732
773379697820754714 773379698038639874
396784988952854954 396784989237217492
771354764595391457 771354765051528888
194620679534967833 194620680057310322
796465013111796076 796465013164477241
388042470089278492 388042470155981772
907925085633368398 907925086167921659
779717643476669288 779717644319591577
462755968657011928 462755969193486033
975625451665601190 975625452284313700
660241895550444171 660241896048399450
938343620988648421 938343621635706811
518534137611394033 518534137852885838
437730979661837306 437730980069693389
176945298472111280 176945298489915234
349741150041103040 349741150950513028
721089094806709687 721089095727583445
178376105324046418 178376105335976150
148147577616563072 148147578189062104
399762467550472195 399762467840449084
746703699465739512 746703700446160565
574657972945642751 574657972955200495
840734364550633585 840734365294818930
114581476981202776 114581477496845213
545676879901543653 545676880551879315
566452923600161703 566452924309691197
946646734080268911 946646734575725271
633833562318882092 633833562494062454
678553233594654030 678553233859150858
690965242326457130 690965242535228342
932006047747544449 932006048243834640
660523128091573424 660523128143727808
887500562036475786 887500562517833800
617075739653740011 617075739777297123
697459762000068206 697459762983864775
465510638583653036 465510639345993896
713725448243076148 713725448635422324
607501209156951204 607501209354713641
479636059380315087 479636060291059888
435481188923662907 435481189075320965
31019092832828724 31019093601380289
742197708731094948 742197709508857630
6856872637660035 6856873262190265
809984560223486312 809984560526261120
742295273402046880 742295273420098745
180273450295997878 180273450750940084
812626140371460104 812626140539492881
235105751037592576 235105751140075535
503779052576149076 503779052874615366
96514051888370944 96514052244551576
842001751723068080 842001752056185430
141575464992537053 141575465771517606
429526023587803279 429526024198142851
717003695836479201 717003696240300920
182539571583149736 182539572444612075
638054464289881494 638054464595719644
713775711180462782 713775712001261416
201517963615910769 201517964217594946
596234302034041119 596234302896123821
935681236492805540 935681237471531704
451349823714232712 451349824099063588
599672997799538383 599672998164368509
498081079947654674 498081080139502346
604170530071450990 604170530910237859
498504830946961739 498504831617558620
179646550776800100 179646551758496928
339838196922117509 339838197175330154
229697487590591489 229697488355587861
903509591391260351 903509592352063811
134402493865508600 134402493866053935
756982987947241022 756982988899547467
745576284106378601 745576284618587925
623452956465954693 623452957109138784
511205459846665251 511205460826388523
962720212217842784 962720212231487648
477941452592480533 477941453215941174
71956828656749064 71956828900812760
912020883536634172 912020884531094288
499941569523791415 499941569535200302
862133010669634086 862133011537040613
806497273672299810 806497273771651054
287884788930921965 287884789339930513
919430135663721979 919430136239127336
26579924623645002 26579924755020331
554522536934380530 554522536963922873
948110949396338934 948110949703118419
806485522143993897 806485522671848115
56983934652187297 56983934772801093
91816949873365292 91816950059474101
827027166515021729 827027166592785537
920752678231940497 920752678605438310
50845882503177930 50845883356999256
948038236110528865 948038236748012926
232292512654843275 232292513422244063
782405234986582553 782405235167698015
260429055865241031 260429056122240610
111498604943000644 111498605701570348
618419210872652555 618419211239142866
258422014048830598 258422014615898080
914592320254210732 914592320805183989
136409664199534334 136409664639961782
931007053206964094 931007053738268462
811937487508091009 811937487905773421
535424895558905235 535424896161012194
345568737748911871 345568738427625491
872338372034582141 872338372728460924
791828933847105817 791828934773715748
935100995421682816 935100996129974925
88994289594061717 88994290377800966
205079769210355010 205079769569565557
658875749324565609 658875750008145138
6896732140431836 6896732384181990
322116097520919323 322116098138592446
185367674761190658 185367674970796133
711932504047801673 711932504260780102
949331975387920874 949331976097645007
730497738577478919 730497738593913189
777819976102390560 777819976720659355
766256120946937210 766256121563065565
950053841042773553 950053841162615693
265488380899926659 265488380909798607
213146116367046696 213146116477122018
981136199096664131 981136199558638441
484664557747076229 484664558514449950
196988660178014767 196988660483176011
705717318702061460 705717318857377240
754641859791780570 754641860067973473
554582427863560827 554582428138605537
788671199646618527 788671200457028855
765611583701593879 765611584040016890
297727929137471729 297727929304744773
900655648482580050 900655649466793986
87154856868955410 87154857051829419
656763260645029285 656763261515316367
481835299018959026 481835299268858139
845203328053863754 845203328998665350
25286853203477707 25286853455409504
443631984552085772 443631984662815434
721858361923335364 721858362101009624
361422102000267972 361422102151617860
753082800095687003 753082800519032862
958010185928400224 958010186027129834
999348062918458040 999348063785842270
567434450931106203 567434451291780677
864920168555041890 864920168902705493
620656799492237955 620656800377308655
141346822262816231 141346822464647045
532944471534128288 532944471960135674
520936269871511628 520936269926546917
72482993274814936 72482993919771731
39029162202292387 39029163106812461
234131124687567483 234131125613274668
635668372717902802 635668373608920950
758181247742743644 758181248345166788
402100709855604707 402100710424879780
551816933626321302 551816933664487241
111589832055160164 111589832926572645
653621620793580274 653621621170027838
847013308842582126 847013309404673246
369275731682578564 369275731808386336
328553894081615041 328553894867317690
712528422099146150 712528422649129680
435294798836155849 435294799027709407
527960103897188937 527960104077111819
620036786590467442 620036787461316431
741244958088102980 741244958555958495
1174135848258766 1174135884153549
153649264708987565 153649264891852732
682406607198701534 682406607325154749
409261740520885713 409261741403961980
925993631602435965 925993632023462378
400253114900898705 400253115618497459
575637954017782721 575637954980651595
437603049623284652 437603050160988797
985703641027807427 985703641803735398
422212732630499018 422212732940803200
549038577219791774 549038577399980976
781611546936409277 781611547408858525
55865999386366930 55865999788892709
695867607340734426 695867608269033399
741446656354499037 741446656862881795
527873226505150660 527873226996056077
318081344728230469 318081344775054994
874215318932646638 874215319225781648
975894954059883956 975894954809452364
484390499898901311 484390500121409102
685987764426915593 685987764451130382
488750724313223092 488750724851767187
499795034526874492 499795035522976235
57875013110098800 57875013292494379
27653593991620967 27653594017782097
896056219050006930 896056219630136442
884041811109151937 884041811583291684
795897244599856998 795897244780847433
318588316477340709 318588316559969143
477113449026854993 477113449270690710
209069373993419384 209069374414104128
685078514139736121 685078514222932131
518209647112666269 518209647690056553
513314712976391704 513314713103575392
912718487169512388 912718487642366119
768430345346593974 768430345383762807
316158989772600984 316158989844916615
465219816536487151 465219817316232413
90803371839610815 90803372831391051
244255496914512145 244255497006065931
181132203791459112 181132204354760878
359539922885234356 359539923635158808
488522156341587136 488522156553367002
607179867118992142 607179867836402547
877923864405235641 877923864472873593
740159326027634665 740159326417602629
547478462900190654 547478462923111967
947102574723806645 947102575533832146
345387847850126267 345387848534502294
530434627802441442 530434628747333778
490304494198055127 490304495147195235
12878169818387982 12878170495290509
459442633630347387 459442634396289528
929450655047327008 929450655942651773
608157397385466990 608157398135814986
457947189997191890 457947190656261059
94985540016989316 94985540435001153
256073096374078599 256073097251750747
658558960656485114 658558961487613722
616381330786773363 616381330789574879
670786940740040975 670786941083935356
430554070846820421 430554071287349139
782022696921352463 782022697131584556
180619850930777634 180619851593523451
895466843517841711 895466843798628743
576434927286176795 576434927998499594
882114897903712281 882114898745582950
959384857212042149 959384857845689626
496936334437411955 496936335361349250
249714260907104768 249714261498410435
827053882201164754 827053882965658124
560818808484353441 560818809067495391
513537441741779516 513537442701499950
304874535379877925 304874536147306493
176734171689126324 176734171799253313
907215862992928476 907215863431377995
996936329147730092 996936330071508345
165644686553518728 165644687298433460
835830664944636326 835830665048223389
294129347758490905 294129347857057815
520610411969538115 520610412334303496
863519548710817005 863519549542664312
646396953073855085 646396953345443240
155148891510747142 155148892109466122
82550366089452185 82550366391209125
41278868085732703 41278868401644693
287157241786240031 287157242312861639
894473620896494576 894473621821449497
979452182900423317 979452183666405617
918602475708193682 918602476577405305
635915958396638484 635915958623004974
69339546418527077 69339546504563541
935813556914409594 935813557068290850
573752903289499432 573752903987068162
320510211931624975 320510212559321430
791097795103504025 791097795197269811
959526713565621990 959526713727572237
453088479131026964 453088479934546370
659081911118483257 659081911446430310
847541654012613574 847541654939326151
783909974301192568 783909974661480193
173287604992914362 173287605016812474
701507535505671178 701507536305439803
396509356960828574 396509357729993310
792812877738236988 792812878450070694
759408382881578575 759408383796540250
609502816391059295 609502817186515117
785729715365400609 785729715401330934
207182939619992569 207182940088263795
42289850512607435 42289851077971919
576645049638741172 576645049914711311
110502786932832355 110502787502493927
360022585178951926 360022585279434979
405947828127195332 405947828161397795
620655423570721458 620655424130528140
107513972486556995 107513972819553507
845821189000680847 845821189910076865
263885667673935774 263885667952443844
91482547248759988 91482547646672993
664649105611438697 664649106111394351
932643109461464239 932643109984914286
661852671624752346 661852672033841292
236955081011153338 236955081963628227
451275121780200443 451275121995368790
813455031340690099 813455032322725104
648745532263102636 648745532291838072
783838288726641858 783838289656580707
645986864488563586 645986865260171129
619652762982970195 619652763261559191
90313848176643103 90313848276508324
161153070641119995 161153071438436449
795720783358517884 795720783607629232
922305478647760809 922305479210619205
933982637044798699 933982637653566308
309314259201798211 309314260174656326
786694519569566422 786694519679194953
70877313780971163 70877314639178396
372088290261660511 372088290813424276
989620733281246647 989620733425494956
633057738832780419 633057739146444206
718981891487611755 718981891891836131
95277490579093404 95277490941476549
243230312100174032 243230312507780792
891447901055025478 891447901166640496
356916313577139524 356916314519991180
120517295958387651 120517296002224398
190713651664251771 190713651986959970
546106152200890444 546106152512974347
143184116037068875 143184116795761214
145669015864568449 145669016814065320
921290043381602962 921290043725017868
589509857683666820 589509858170104463
725581404457781344 725581404609717362
707370598481668772 707370598895719267
910521032604927589 910521032740695482
167047648567592091 167047649517528877
561313502578797750 561313503132539074
38551576729724067 38551577143092527
445732569638874299 445732570411194785
852392028563118885 852392028683157871
576721672685614679 576721673612443264
726495268806407908 726495269200823112
688928876473373710 688928876734305454
896173016471935651 896173017121923277
32507608518915030 32507609060203889
634303984259291136 634303984617273430
681534447663412391 681534447936172794
715460823957802232 715460824172167540
895760213474802779 895760214177826423
474010697258527736 474010697771319812
653985912021070305 653985912039274697
455490364640940542 455490364845086517
330788104906374008 330788105420124882
550233462607669845 550233462990763192
538893297553917951 538893297617050319
997917082439186895 997917083220222101
615516825235771094 615516825523664004
696704617962708609 696704618492922371
4452024467058586 4452024510945744
288590433848725631 288590434445931078
21734969525307951 21734970088605911
209359972132721601 209359972729307474
114808384024616242 114808384915440809
785343934087333678 785343934577655666
554711118497748301 554711118505138108
499180448815181597 499180449005743207
235347848818398994 235347849179219949
223323885835824011 223323886567461061
259812388109619283 259812388199101648
7734401544364107 7734401992889143
295446964124500884 295446964549467873
226924621310931589 226924621878081036
177156685848020646 177156686842621498
117559773100149495 117559773942791262
131535787256286428 131535788155345017
889352028924467214 889352029581074822
434442591320711381 434442592080747576
756414378367315520 756414378488794692
901204683632669497 901204683948643856
179273620231156724 179273620856318660
688194837767677176 688194838221385708
566211021591675117 566211022585866559
362668966261270791 362668966344191955
461996023632750944 461996024559342893
49428330700404037 49428331214166570
862410639513158866 862410640429207888
3203106935791737 3203107711284204
893177392545455628 893177393467689292
14890312719579958 14890313490271693
620476838423943292 620476839026782878
2423922314803421 2423922328596960
173872315681044143 173872316125147272
358088588991071349 358088589426913760
661052283935706727 661052284295997882
236882640669005299 236882640888455484
911487004886540683 911487005651070594
551359001630962011 551359001817286730
3097552672975606 3097553667104179
101213132489869529 101213132506975032
922284747938605001 922284748524670716
250616795345292803 250616796061590939
65519358493864017 65519358846021357
755123174662713704 755123174899294020
203086433772898640 203086434661933854
430260450241289226 430260450893938218
626229228116263750 626229228910775361
162323190594360659 162323191039200810
499084362570228453 499084362936642915
436157519428552333 436157519702937752
38459693353495895 38459693656657145
319124031586211018 319124031655436883
229377567958396762 229377568922443851
272546668172126978 272546668957688654
946450623482385634 946450623655807071
931560803142613427 931560803711569442
512848201478018669 512848202000350048
307763798856440763 307763798925432746
611470235813177449 611470235903686943
532864178483173979 532864179284181709
852368104082550182 852368104772923871
312452997960725849 312452998721563751
478891461403230586 478891461977475936
157817567232413824 157817567382648291
458633459118906997 458633459988005289
324821775918408274 324821776312978612
92535795794610180 92535796072172423
586272290571706021 586272291436022462
144068999870885412 144069000260693980
429827262369706683 429827262541366337
33655327133840042 33655327413226746
221851978882964005 221851979671193851
571856828998880128 571856829492893927
29180893202710982 29180893903222410
998796564110292483 998796564534291327
187842543173235318 187842543269800314
679747974658935560 679747975332381484
919459686218618851 919459686274401465
953460207030452505 953460207159304028
494213156635388329 494213156769196226
810265143113576459 810265143444099364
240156596563759067 240156596726293399
397759932538605264 397759932884568666
524168243809303155 524168244529576836
177354716949848735 177354717184838125
338041484588956589 338041485198413847
792692829317332860 792692829776179191
714644891405543782 714644891593431385
841486758600265317 841486759328801084
530431897900168654 530431898899157593
381739012509629871 381739013062147778
491529366014360860 491529367009253595
244348457759348620 244348458024088585
520000127288077405 520000127780848233
267980919377039323 267980919661749267
1464419843564215 1464420298836646
414662707529519100 414662708338419706
397334602981245479 397334603603613772
915716353349724444 915716353405184295
265652389234930347 265652389899786373
975207397083157066 975207397147607355
968429772292648022 968429772716477153
38073617205720436 38073617822722786
171335970080815867 171335970674497045
152138511902465150 152138512158431469
396006304858998439 396006305444333382
486681192341981070 486681192706495123
304662257895903468 304662257982545877
393542834211270414 393542834579895781
542378876871074387 542378877808656637
949292425062637004 949292425840758872
179070797158042094 179070797193283659
389205495460688516 389205496286599592
450071036344135018 450071036798560390
880950433712324768 880950434076377562
959649891089474559 959649891372211142
465020980149445854 465020980861711581
340651694411666904 340651695242115608
437286637313590976 437286637506427141
907537028103022197 907537028916909590
814072460476777847 814072461381769197
119924832494246392 119924832668178812
632264719435333397 632264720096974876
929375056761228026 929375056766810452
228878697883864152 228878697981780013
590927414179582121 590927414806154823
564153828263329973 564153828776510112
279569854226580850 279569854984276573
291870683566795724 291870684017644506
264163726725734469 264163727524204616
677456887773179417 677456888489680759
188305533692898254 188305534689292573
713145518472781363 713145518791899472
352523512006002827 352523512834116439
726227184054482510 726227184111171640
289034748673030028 289034749667877018
187574382517267908 187574383396318680
627517326848237136 627517326979231446
556583814053127168 556583814500055004
111536593964009241 111536594532465974
807734319856502681 807734320623676550
492306309153366582 492306309930445480
756701850956022647 756701851326286589
956718958209743193 956718958665349166
895316788675533556 895316789213255067
638281353648990194 638281354182935484
487032708970305634 487032709313473009
819134491766269901 819134492207036495
4799135533020752 4799136384962573
295786693900896545 295786694678534861
16257734687507416 16257735150631342
504138478503972165 504138479195748266
244513104038945631 244513104737169392
533834410769968505 533834411179104248
321232087590440544 321232088057603767
569801602607758119 569801602677421456
201480251943428404 201480252312452006
447292866880485074 447292867478579926
930934089447434361 930934090180506759
752242648684763651 752242649156018408
592649481816517154 592649482711320045
521418407947601605 521418407976361752
648421765051572012 648421765953867947
152685516337522650 152685517093701682
98270050010360097 98270050761711506
545497151386398022 545497152254057927
676083525662144821 676083526486618568
337373427067936244 337373427774518761
272769941974142115 272769942100428613
98502410258236639 98502410588998080
110439180369461643 110439180928131530
465503251776942018 465503251792133770
544724230059941349 544724230362114912
442820536754712372 442820536883008486
451177052495320539 451177052916205012
420721638244805462 420721638351835548
504612077428290215 504612077500919232
266784588013309104 266784588500353525
289161509886116804 289161510248469966
580478641585164115 580478642402943003
791322789473134360 791322790050021003
568718708981639293 568718709653770024
393997683263400 393997920413531
28246412231917160 28246412489397336
648776472113753692 648776472291913317
369599449123606214 369599449448081416
564808773977151838 564808774180969162
964627075638499150 964627075776255164
189736458094993738 189736458586627991
185113509754643006 185113510742182956
811868853615393693 811868854072040632
365195642688897591 365195642935228009
360778159681880874 360778160000891994
744216916512073114 744216916683703373
693586320166496085 693586320753640890
812515810710755984 812515811263636947
596275364757059543 596275365211846916
765107910926126826 765107911206290198
194176429100017003 194176429433862973
461814453449500475 461814454189628865
531068204384408971 531068204989361086
236722454655465035 236722455179089444
938263840628386752 938263840882303051
921311188524392157 921311189037104396
2200861820138180 2200862724259703
78738515141006374 78738515814745564
69207842935795368 69207843124946337
814524964934086839 814524965652152493
25962676835962912 25962677338548418
246924840322465834 246924841040817403
225689583710935546 225689583980611837
559266144605441201 559266144613691126
25516260508087592 25516260944775422
480275822105000789 480275822953683820
651575333904517952 651575334328439750
230719798171640699 230719798371154187
690132737366323923 690132737631824203
314930455381762333 314930455673072807
92978177182352745 92978178085141314
492817923038758331 492817923270351920
253475422909875318 253475423103317481
491748109244125899 491748109803813103
867083839202088363 867083839904612049
462667687807928059 462667688658562145
528078110487840759 528078111021812736
297972943787388491 297972944347019094
197912192896167508 197912193479225490
812002769454854999 812002769887417519
546401395189186160 546401395667310080
61728839350553762 61728839918734902
582389708515289193 582389709136548595
980646394352934080 980646394803577848
55535126720951737 55535127456100628
737447046015327435 737447046896201845
769636344054025939 769636344534948448
826580931885706597 826580932552168563
228282962527338822 228282962603302962
991024433406386915 991024433951240968
329045534300620185 329045534949885658
564061908278713744 564061908458045783
717243908823396110 717243908840133514
158849249489209971 158849250466074644
774533731863677423 774533732528857281
699322881473618666 699322881815226316
512141788580086003 512141788708873816
119058082575789682 119058083412895414
460476583486440457 460476583634324103
908838746097357634 908838746290145489
169750536587092746 169750536702146058
500308013753413105 500308013921158037
896019087004495372 896019087196879331
987794653806825609 987794654340995628
452782994196902156 452782995004428084
112052797513359440 112052797780716267
77677231225148252 77677232096454854
400296594384879742 400296595095803872
277380061549828043 277380062192359243
398338602552719319 398338603156466307
783577302439209875 783577303162740930
8106838099347497 8106838764730925
693957195623114021 693957195744100698
586107847041578467 586107847918008686
247058381775322151 247058382292495899
296008484954278120 296008485103700880
993973270000146795 993973270978708496
403810016830429794 403810017577921992
550923721863856060 550923722691205519
210422712820479654 210422713340318335
171317873307339678 171317873912132575
725937226263752872 725937226857856253
917867664711038003 917867665289178095
597110660136693652 597110661107115247
659194728502370812 659194728734167313
373765143864900209 373765144637308807
791115184054293042 791115184821597222
878029585951468120 878029586522554539
153585080932706648 153585080974549593
246613064823572271 246613065502257296
338363004960413436 338363005115352351
30258149881395151 30258150709743602
227051167316040981 227051168102037733
108011233968774064 108011234586179141
103857790539772568 103857790952175755
291187229564963335 291187229749686765
753865990429165180 753865990924768097
535349725767900524 535349725999161363
400547135468352815 400547135706590979
169622488574813220 169622488705869182
534778248245107394 534778248260948003
998488261112180032 998488261817901145
863120839922356425 863120840302724716
966837068148148779 966837068671296430
842942453822077502 842942453882394414
962064924453968393 962064924528169300
539520933575650244 539520933855407889
977267715272484619 977267715932133017
890875496217164551 890875496637603930
337047500198798819 337047500735596484
412540856661443112 412540857168759557
331761964358070912 331761964605566512
125713363877194098 125713364436928592
186050395304218960 186050395716712584
495618230829428620 495618231064602409
780253357649040186 780253358582210608
444380451902432987 444380452144490804
796416750675550494 796416751333862635
712277269570298893 712277270470839017
512565216152315864 512565216535695244
459931773851436849 459931774834793526
730816189851877985 730816190459810300
998681353596640486 998681353696647345
206283421082426449 206283421349125005
938553065437375556 938553066414889947
376490574489640218 376490575026527082
201879534119933573 201879534340644930
600233135243647137 600233135684831439
805640464384226357 805640464443459773
520812156120447400 520812156577386309
41337030122905177 41337030797541155
612663486691540332 612663486841326216
743443775658043341 743443775765312639
22991524935437981 22991525703328220
704173041859353785 704173042076943980
283822045663419559 283822046073482806
103572356676873912 103572357327965958
119564963160635543 119564963730591603
839322929170768216 839322929777076354
453806938663222998 453806938810719180
757830845962771131 757830846650230425
821203511668038394 821203512563068814
254977885827628248 254977885933447139
353111673465044488 353111674114814171
781351576847395338 781351577002707322
850592109355605190 850592109923915408
410620484755765790 410620484816058022
558359085688960904 558359086495771549
73012698665478220 73012699662339235
819609454544213520 819609455521981373
93443316336153433 93443316674705536
297650227403757087 297650228263433838
914366819448042475 914366819476519000
505362511165541071 505362511996188402
206021000271271885 206021000722428512
543784144375455343 543784145154643739
855567140520272792 855567141364476756
385193377736825515 385193378058730137
653772168054736014 653772169005888375
504506090869452683 504506091364476295
590784825096353205 590784825864477443
837182032147838375 837182033062078808
487018471842812512 487018472058995925
722703310466964693 722703310886283095
559198436416360272 559198437359599443
385525833977979739 385525834525628626
205623129744333103 205623130725862976
690307293633091069 690307294609807375
174575895825000428 174575896350779149
462007120199934355 462007120868699077
730999001837622837 730999002738949474
497905932556578441 497905932744281202
992541379745759290 992541380109053849
744938402170001637 744938403054056934
804565227111499274 804565228094373477
76597757746873971 76597757942922478
869616300403478278 869616301357383788
928526950788258195 928526951755907096
828242140648542655 828242141635747118
75341280867603738 75341281657399182
991514041228008992 991514041263458293
653110466419574063 653110467241484316
299044497169091 299045019026723
670003074133521503 670003074693712729
583378890430046693 583378891055896537
113376175737536088 113376175776729724
686838127561378661 686838127876754209
405204772123757770 405204772261785094
511104460815559073 511104461664412553
420051588199480331 420051589130338249
64781233501295541 64781234389577255
23413344272398567 23413344976689652
945665456385166408 945665456904712839
169219942191178872 169219942951923529
15911941786553018 15911941851004856
986171605756984 986172251842213
480939063185725087 480939063375249963
460130366490335978 460130366669237258
239474564129678227 239474564421000916
254115612475681077 254115613045052790
589966624465359191 589966625081045891
938755657963546417 938755658716599084
212848874720803516 212848875189928568
840850248947808154 840850249097290297
389508527694241393 389508527727707686
264667213866289703 264667214738588774
845584339302170123 845584339733246896
603109812818660339 603109813096003091
67389617560679953 67389617873618968
729194610485422868 729194611361236161
415430665576897417 415430666466403135
744686147461731296 744686147765874422
884035336790942801 884035337472178078
530856617221389967 530856617448115851
384490763089271307 384490763271483559
16846289390279937 16846289873155087
374007340980664811 374007341493825252
541929329918138517 541929330002373176
70129221424665153 70129221857352164
881647417477715878 881647417562400249
661523944032950986 661523944441737290
702704200695785582 702704200824207864
166356289517134055 166356290129676174
256077317618474437 256077318326703231
963630726127363805 963630726658985323
945476109621446846 945476109830830833
90471907655068804 90471908322646931
167376768661289785 167376769145808877
942561733884017623 942561734270954957
348444226823857373 348444227091187081
294115060880847235 294115061230747096
199242928378406059 199242928677427067
836111073457216374 836111073641973173
347205470271813014 347205470721392768
635619818246572214 635619819016813560
380313265887005495 380313266298399586
232930779561901092 232930779968661481
622169491815243006 622169492489777886
355098517879369522 355098518703540941
803496875762976310 803496876187832092
866507813897357105 866507814260262331
938142192442651054 938142193061743858
243850226117047935 243850226200174627
329417553026160712 329417553548586399
933604361524116666 933604362146925160
367567118530563827 367567119040951737
143776773695303316 143776774641440759
718467562799214977 718467563001932589
686508394177763033 686508394731172007
437631182140725349 437631182362962502
91155951240356916 91155951892635495
305439568895954005 305439569143817151
853134005689657365 853134006608891864
986716236595012995 986716237050510557
334778532886107710 334778533403953487
615932424298705160 615932424498811502
936956974841411292 936956974900810954
313287872374414275 313287872686602452
307876959953697971 307876960389376181
205598629109544156 205598629970001021
127580402732428441 127580402746019945
174833319721922040 174833320414522509
363391251559324403 363391252516652512
862158190193074219 862158190730053015
128610976373361250 128610977071337186
959311573065809960 959311573848468581
743490348625887365 743490348817505942
88834494093872361 88834494670862616
680589124087659852 680589124516638943
656167129164414548 656167129832207127
168064455745533018 168064455842480860
34004846775935469 34004847646264747
328804939150832031 328804939168670102
283877218291255464 283877218376682982
830477322009299075 830477322572781133
979634136033767698 979634136364957950
557933930512798955 557933930967681574
532808322523270221 532808323334381494
801429378774837837 801429379622160822
33350225724997820 33350226080834402
851252857385166710 851252857429106323
540204411167886441 540204412076229376
501934645168292328 501934645372520076
212286508395451585 212286508748685721
782603139392726970 782603140203991974
607537564479792646 607537564574157949
512406321460289914 512406322389244140
832110231673900696 832110232521696295
886590325815498077 886590325961558841
449049283147000170 449049283577538703
567448646595218244 567448647546830324
642336171271703453 642336171806939334
936929726410886650 936929726546449145
894561229676599467 894561230291809917
895111124228888706 895111125069930766
51082467283300237 51082467766550606
268121259935331213 268121260600357287
364006706299089408 364006707003761155
381848182221225393 381848182726976248
353733538660860630 353733539114386387
339828148682791025 339828149036737813
987827873799725262 987827873987519768
467911553946763101 467911554719078253
726774217130301122 726774217180700839
357870697296313729 357870698288893580
170073127898857005 170073128256743253
535337250040097136 535337250364226250
837754212534270526 837754212657268907
612210008717899931 612210008949056435
179415601450917125 179415602394273441
889297034777816295 889297035237057989
445154262604716059 445154263249580059
664413003899644685 664413004814481039
269563987640892579 269563987744664952
425796114757760513 425796115361564449
14973455838607327 14973456684369966
724389033979991940 724389034104136396
779229849122731928 779229849186495905
706972585349565796 706972586203826184
332567949451737211 332567950387033198
6062533514638111 6062533570659455
967305299674090969 967305300264216852
142602835382572288 142602835538565515
859318538012312491 859318538475540495
878630839818915574 878630840000321033
48516264150907243 48516264394264822
911814182357149667 911814182720359566
235579243572757043 235579243598434171
422510619186383675 422510619304520782
632679115030829754 632679115438252705
825728823857527845 825728824542311777
338776703985060185 338776704649979068
99271992432998668 99271992960961688
841286208761957867 841286209048617292
671079205659533147 671079206617107081
628218958279331419 628218958537561064
679670850321109544 679670850515468364
762900775064099412 762900775458441940
411556225301300597 411556225701994098
259896722944578836 259896723376192495
284985079927302736 284985080160658377
77151053908946064 77151054178067262
236288054853740678 236288054939519003
103614309731240767 103614310221525998
889315673746701819 889315674396901390
752641284623114426 752641285029071252
634767820630663428 634767820701673610
983500663219026075 983500663823141907
978259920694132523 978259920716063053
124048790514741018 124048790959450396
444582859976570488 444582860015251833
187003746548725754 187003747458900271
460663626328570940 460663626980667625
268919746033232711 268919746681674388
815190201968456868 815190202864022148
742730611234804034 742730611316167137
494878832246856076 494878832673299868
683072458037252719 683072458568604827
277989253602500537 277989253652989261
617435488258310197 617435488414857091
7829690148158312 7829690812451808
498776164774956880 498776165291423460
806772691824065558 806772692547557927
769417945617092720 769417946359082165
141970355964286494 141970356388616700
307169557809786659 307169558431695377
821347364492717018 821347365212059532
723279098580685739 723279098807315160
872269491171318691 872269491742028390
652919524174808523 652919524256394703
895816126643033937 895816126867491582
7725236044285609 7725236961211407
748523715831838463 748523716824695743
507361634600182783 507361634775082002
838085623084013112 838085624051584307
461869463544386098 461869463679227444
251225869112592090 251225869195861324
587587300524117783 587587301120152646
488931843939910201 488931844420860410
884778571340375482 884778572247582256
838223714131969154 838223714250126312
630128993722958756 630128994290948244
343869645397630015 343869646348946320
621758074424973675 621758075119261851
457424011218807450 457424012168019793
539979895598972699 539979895885103556
608128662175232290 608128662741814759
720128861867859866 720128862646783467
234663467372778011 234663467642057981
603612187884707411 603612188186088322
647377342752418443 647377343730830207
694632034626623747 694632034708870878
156051939511139286 156051939640868113
26142634355664416 26142634850862577
432625548131920569 432625548789247837
957690219839354142 957690219845128713
170775180005835189 170775180486612184
420150245452782621 420150246247264944
726483167164480194 726483167261503031
216334062025156057 216334062131850501
262851735700013091 262851736256651337
991559773394747900 991559773531263271
211971605587925177 211971606107203360
887231195679008802 887231196386733987
712061712496591880 712061712789310626
570120437076061515 570120437373459437
443326946755867995 443326946866002512
43258988932051676 43258989916601102
36294205093374516 36294205551911204
119641836802960946 119641837404129423
370837769576995549 370837770534006343
972988994702788677 972988994849300200
341878802248453775 341878802269235577
499451807726398379 499451808721066409
915966898035450201 915966898728387104
174494880933217390 174494881011417611
737192497995964361 737192498249860450
370600386057650546 370600386170693477
707802560548636068 707802561537314447
162150842474388142 162150842524977205
709811835267387091 709811835705807604
820917994334596893 820917994909046032
599134705625760504 599134706496448184
919021370262436680 919021370741554364
113617354053294587 113617354258604457
118836532768813095 118836533279519461
976343043605169839 976343043764598468
607761765327728948 607761765695786270
242200199956756887 242200200791326054
326347560555599316 326347560581323047
820494690640237234 820494691112015838
505662914887676736 505662915057074506
998510226472443197 998510227366939177
1706244565365683 1706245300444129
814375702861448849 814375703146047039
217326644651294978 217326644731022731
540044742077592833 540044742151965767
63972894718286215 63972895073738346
42995332944962317 42995333049543873
44459291291810172 44459291576145980
469671478492771589 469671478919450275
526081243930955438 526081243990783918
756939522028191427 756939522282799880
353797656093932154 353797656511242053
678363746186527766 678363746506320819
765146277471130071 765146277491614276
706796162068255256 706796162908501853
234687170223533409 234687170682026330
133788916971127780 133788917615049773
840624691023750016 840624691981394219
566665737748569004 566665738095119132
15619639453406023 15619639838498292
17651678124257145 17651678160316134
936602535030375253 936602535947080510
671125965335637752 671125965437532956
922111371545241424 922111372202608694
286337648203979959 286337648471572052
713976905424140524 713976905744518716
939856231091636058 939856231597047546
434127158316186897 434127158383494113
666842068221074359 666842068887344521
445189880496002818 445189880532462403
666246096913189988 666246097615966094
316583025499530766 316583025863419854
408762004992129248 408762005615982328
182341530732427291 182341531578846171
768605719270026051 768605719337010441
850734353915124560 850734353974764460
725864271088471441 725864271953708214
168854658417799948 168854658924577156
605206017515207754 605206018052585612
354642344879614071 354642345078511570
617880419843898822 617880420270515740
970921841996635287 970921842368693140
851592833144703043 851592833304758703
254151355327794854 254151355457054452
229165965539472552 229165966022132818
430832931601011138 430832931969468809
870355070707929608 870355071283115960
449478085119785436 449478085197378117
94442131937054828 94442132346648053
695772318642292521 695772319272157623
16191790009058507 16191790607679228
269480123587060504 269480124148122951
225206384022554917 225206384998693786
16951600736266092 16951601373794714
420101914960646573 420101915165358487
998988152032071646 998988152417650462
166515008177882393 166515008221485862
252718298377117558 252718298827939061
21492415072126 21493098355246
885681919353331582 885681920006760511
703824766977873009 703824767314807899
157050668563138138 157050668661920826
981959478523560573 981959479244816404
61040668067814035 61040668434637712
878376546027803968 878376546392563665
700961941477029346 700961942390132637
373193497291042368 373193497371436894
50581485501626044 50581486154094939
498014510898183398 498014511745735250
105053367198500649 105053367871896727
441888562234966333 441888562726096708
824220269215187895 824220269692331928
444685497972810093 444685498398935632
51150331711253766 51150332201324822
752857084395562874 752857084729509789
67050219234639536 67050220147596761
244672606815863076 244672607244466652
903594867025775183 903594867454036577
319088265189556876 319088265321473632
483765143544839880 483765143800799098
518941072053019208 518941072949176261
74816135549974286 74816136536995404
767752522301543685 767752522808816016
220907204326828420 220907204799377704
17947564726883955 17947565321689011
965912487417869354 965912487869865718
313902759893246840 313902760067489461
185115419954801786 185115420073520148
399988855697993236 399988856228202670
813826765084149749 813826765563419872
210718001333777098 210718002051872813
250477535323327102 250477535634244061
38115744358547741 38115745041218700
753670888656292967 753670889272689628
689556426427911839 689556426767950251
221278309582379100 221278310008609291
636183636142097473 636183636226142107
908264528677950803 908264529378564466
771835686817625426 771835687080616270
816731602351495105 816731602987698661
211634951147745449 211634951373257627
737877287500221571 737877287961714467
339609190072466647 339609190312715709
314804741731671087 314804742228975703
187005869325934768 187005870230242015
296235492149227407 296235492646015682
840770675650439787 840770676137624062
901434509059803629 901434509824100088
38215359884358770 38215360324559510
749322876993684093 749322877413019805
643801873903955255 643801874811384809
559215581127249672 559215581722341288
633234015059622995 633234015123330136
185183268236267854 185183269035854696
634268304486554033 634268304876285918
695343339514558059 695343339795034758
75162124570863029 75162125347672135
948308261954701274 948308262320456229
43273440706697772 43273441408230911
23894523743392905 23894524229138763
419931829963716991 419931830466914937
189767778197062370 189767778210517099
549855645368153346 549855645966159660
651268033073542042 651268033496696284
931273741196265134 931273741856801197
261705792963939185 261705793234534381
789381571688860330 789381572586133106
804111537983580162 804111538824948280
382471037104391895 382471037330473989
644576409842126715 644576410017857867
965673461756116111 965673462138104185
819430233377737643 819430234296901754
610928684536642999 610928685374898301
117395120934216289 117395121874614069
332845554325384065 332845554880919165
515734809781707447 515734810041288539
370102146453825772 370102146477961739
336383048924561789 336383049728926609
286784599552647830 286784600389400848
176536509761348517 176536510040512415
207168756410543571 207168756502091051
390317252022219429 390317252152410699
331514635834966176 331514636249947989
60347927843706818 60347928363415310
560254219848260148 560254220524424811
511206415101820166 511206415178044316
277913501770968028 277913502722105430
962734016631092286 962734017309848013
292399503802578384 292399504312760003
915369938312016268 915369939042069217
263281429411891780 263281430411816878
89974065911646381 89974066492983466
261040320753937342 261040321445821486
114658455388839620 114658455821915098
445254342126596427 445254343085043791
677057751930124848 677057752390502466
994944026513366176 994944026561342782
839266405206420331 839266405634424417
754776313584351757 754776314396406692
298706180354992733 298706181074726088
711231892476164475 711231893440367646
945927147650662250 945927147968597587
706654662861358986 706654663134280405
245674190100871750 245674190348504520
885448269657020632 885448270024011339
968559825097282706 968559825186509588
332655358583003054 332655359073037693
384792946431700369 384792947146147689
492163524114061697 492163524345874074
491835179345569411 491835180265381898
361438731817476015 361438732458813583
364779769320554360 364779770164610170
426218208925030929 426218209002729195
853459886834350797 853459887763468543
465571192312941231 465571193098668751
210617518977752358 210617519724858601
466634527351616263 466634527984839570
60853354055681559 60853354460576731
658675001973947997 658675002566589327
525734827030678048 525734827959981819
641774232948499498 641774233665808303
798336382070285192 798336382643120982
743943978183465474 743943978183985577
795485313110923869 795485313344943666
404713248927244277 404713249484952651
890830830729701119 890830831097439047
18681384685593572 18681385309014914
523476952837093467 523476953216494319
177945708017804596 177945708048222124
503563014456716172 503563015039099244
275314522493637379 275314522871071967
563697298413362135 563697298553566127
104492594116457243 104492595085047398
173229845548674965 173229845853737918
241736692184516212 241736692973660350
618029803891835887 618029804194695158
751426288679392875 751426289142462133
996073538876325490 996073539876130500
59515770087031958 59515770713675111
647378195545588292 647378196448695463
453512457691544394 453512457695034440
705030533917193566 705030534840725729
912361312135570807 912361312495726167
556208193974385436 556208194494611432
574994340329536382 574994341265189228
858256930917242298 858256931211233477
656331012525553944 656331013070506574
592901214828135184 592901215630844444
842567335665141974 842567336311193209
516113212818688364 516113213436646045
794592572809472770 794592573311800049
698343787974850216 698343788799126632
835863823885325664 835863824386878809
466477992835728887 466477993172752684
564959812174886407 564959812775773824
413402356807908834 413402357702843059
822297364964459943 822297365749058030
281050730546961551 281050731049776565
900016511134071108 900016511188601708
696375373953761198 696375374281241016
796026276634838298 796026276787158776
614027285331479241 614027285419393960
299060317028765525 299060317522687436
948626044350497178 948626045139818241
298795428412947222 298795429286287397
257420614914127416 257420615278376438
279801541535471134 279801541882635751
111107254435795283 111107255143914254
445271318923372394 445271319693840363
331657325301254078 331657325374583704
206174410907073732 206174411126346552
69869788545913569 69869788976179884
983444359679820520 983444360483266633
83936263445528049 83936263953265838
993296882673307279 993296883148178284
816162235643953124 816162236630624667
151971849148537786 151971849587310833
135483437758421252 135483438139903230
919100927466002651 919100928086617844
27864069803479847 27864070689894215
706036339796156824 706036340668546500
440394640249058127 440394640527801272
80583868007908356 80583868409302032
41757565767651699 41757565815983310
299266264868700092 299266265254640386
877247500876420107 877247501415700585
737762239878137472 737762240159106133
724100442435207799 724100442908606886
602352150921907344 602352151893273485
436890008441579741 436890008545240784
556922388237310252 556922388616848055
332175837308696325 332175837813899246
864729615053306279 864729615762365726
455606973805421862 455606974271494510
324601337023739780 324601337264510492
693273599914277186 693273600371844593
562877602815584357 562877603788099580
816427682517207263 816427683264382190
861138282142870293 861138282459256069
171058651248232807 171058651567450465
135404372810597818 135404373233011422
405873540025133890 405873540508153616
114492731946347719 114492732713118937
560135733992108381 560135734554899250
4563170067971165 4563170756475939
750413165073057918 750413165431370284
620894202277262968 620894203257155165
280503987694620820 280503988229322946
261448810667564243 261448811206097710
297902515947688628 297902516672322504
2604266601050773 2604267060520181
745434183231949749 745434183479052261
209826785634797800 209826785795730086
967033798133938300 967033798675959821
639305437276891948 639305437386264180
192130504809193917 192130505346876663
397109576457604341 397109576823933675
35210228152042621 35210228284741615
214502334196957224 214502334710155904
416563932723809010 416563933589771499
458097425941357973 458097426122649476
774501888226869973 774501889100968803
438952648672306264 438952648743155727
600683005659570742 600683006272831262
837911523434656982 837911524286164050
151001830577411848 151001830674756257
777913452082588103 777913452905512423
278032344825156753 278032345168413519
14423694778177195 14423695521784853
842751009575426680 842751009685055998
85917297511314066 85917297702899107
489176081808317876 489176082646632673
582416100230199838 582416100596725992
81687697884605544 81687698204779914
623925272315173607 623925273048068006
416644366646813577 416644367240418241
841341330575476241 841341330916725804
222567191995700382 222567192168427873
709451856389807839 709451856805178452
575105795306685715 575105795393451911
429575879442974591 429575880004679650
60431392587590979 60431392907758510
950092959330267218 950092960156679031
264949141521732289 264949141972494218
934455492560381834 934455493546126576
449474024544693117 449474025405558860
541848764399525552 541848764930187690
533632364620498084 533632365071396833
652478957288009281 652478958226991855
412357527601949084 412357528109983720
702362163689218013 702362164495422223
441219934522445191 441219935022854321
229580480332864126 229580481295532460
360041315300548415 360041316116075449
790575527479922330 790575528133075879
629796537609693761 629796537718861733
86172328348319907 86172328688814350
909346926459756662 909346926626048666
627492539503023215 627492540275233561
531837398593364393 531837399342712166
291701851883438985 291701852579037691
338327113485437342 338327113688311931
847500865131265467 847500865503230972
596712757091754470 596712757550011819
266569345258364762 266569345332294975
528481483954376570 528481484383076536
324796544899682348 324796545681580780
264731138700057736 264731139038316550
270116443194204401 270116443821158348
377380747108571323 377380747156408588
242813406147128091 242813406457033141
206474834327484674 206474834986700918
306794618307071200 306794618447721396
763551476995447651 763551477327374758
447487163953637694 447487163987450912
257668674236953213 257668675173003238
882029392186177700 882029392973652152
731819613976616268 731819614189536152
532219562139929775 532219563113087257
184157645770430100 184157645854367750
870036361897617218 870036362716826746
759283013292219310 759283013951761563
757028366882187891 757028367313978135
492396129542618741 492396129678631645
545226147422985875 545226147494967280
426031691378002492 426031691457004204
141985577437449935 141985578435235440
242282791798883721 242282791944907860
967415570414961932 967415570810911771
148318386144435381 148318387085344225
722844353191139586 722844353752619303
389338877009318166 389338877822988317
917200267702987963 917200268671522336
383975017279147349 383975018196488264
296494863227337915 296494863645371847
423968788130773808 423968788773068959
722840359507343162 722840360106375222
196910207804268522 196910208260817769
909290058487405105 909290059365060735
602100524992409203 602100525215834596
530650401417114471 530650401417217196
480526037106667482 480526037672599542
358690718074665950 358690718593444112
403585183742012803 403585184261319373
115052012383942023 115052013205545757
800566407519229042 800566407839266350
382124500943686406 382124500959216893
819724084181626924 819724084688357902
22928064480735861 22928064847668595
554348464272747922 554348464897465155
588234072725428217 588234073079180458
165822662096012423 165822662680712355
730335016134015935 730335016663957432
116765929243804792 116765930024940121
523469232633268654 523469232728997697
83921017393296761 83921017901023782
958316151199564439 958316152051556487
422500375416035614 422500375796754694
96806375512085221 96806376272844647
184517016298009772 184517016342260679
489384123429755620 489384124353572948
439253930073076169 439253930652834844
869285937977908438 869285938362580637
680294139021803889 680294139377456719
284850414973183541 284850415773633335
257116416868128382 257116417510894648
646481933039909771 646481933424456358
378446528730820932 378446528885812082
63679108332243960 63679108530524046
156580334076070118 156580334214561932
344084417707562401 344084418568515899
503467580278995146 503467580548705964
804198684976381110 804198685028699418
632736694742418191 632736695295148496
826977311518645198 826977312021923739
345648853322222907 345648853645297949
67744537016587717 67744537707450752
525451899246241046 525451899982368605
771335172421933431 771335173367375093
974308258128347709 974308258570290779
637133346396206649 637133346921646713
222394740033149815 222394740959652181
14697420249873519 14697420406136577
325814526999460419 325814527629373737
845454923021840700 845454923042777286
457373421486313956 457373422052082189
925778181558813580 925778181705810973
312999688062498093 312999688253787924
995470176791048169 995470177461933861
32733362837701413 32733363273478790
176260061242863331 176260062046627716
913327848093102026 913327848366418387
577177861560144116 577177861730405471
25654941653086203 25654942608568138
387292581916029601 387292582429263837
878721252552689457 878721253097248366
75808065775934594 75808066584445008
112395512768787048 112395513065905444
830708476713143454 830708477346692241
484888120053744205 484888120952457576
20305393668651688 20305394614358654
513483935945407526 513483936639986051
65306517138413840 65306517944811584
442205139185386455 442205139393762964
997816114194131360 997816115163611310
402807676359964055 402807677131205081
885848215041329081 885848215353063633
732107517225103648 732107517787872275
390721679291716484 390721679367469242
148801429787556778 148801430585775027
502573758712543403 502573758851956121
624109307534940440 624109308515280699
898813747979590534 898813748348684249
744517362094767056 744517362779663723
236284922490562658 236284922889630094
228597381903193109 228597381952273526
300933484378816619 300933484736460039
999546756026039769 999546756182086249
245874745717197977 245874746693502314
951583358313800488 951583358848175781
41567703707110194 41567703922829440
129304219897816574 129304220032128494
981258783397726073 981258784235786482
11217259186280248 11217259549168439
462872916951336272 462872917881134912
206439913107510439 206439913168705362
236948864290497453 236948864425446660
747902530718112548 747902530951671424
71635665011866789 71635665349925372
463032803570459613 463032803894490421
2458410583470489 2458411470377167
284849767204922587 284849767625319586
805628908693565310 805628908749291740
527096389155381682 527096389236676645
152733497603182887 152733498404455242
320545146345238358 320545146750880542
884489508494931047 884489508720843154
2109059628047612 2109060105500211
365425656016068042 365425656533226587
388430511648920657 388430512023777434
667846614781332153 667846615290196345
570560102370455938 570560102564635657
881011216470497709 881011217154194073
118291071687505198 118291071889891878
836648081382422612 836648081775474291
786271986654797298 786271987527279229
803211392025753219 803211392676755106
110364164173874138 110364164715985509
106253864331628947 106253864539656001
628566912140456384 628566912192650822
576971321115866829 576971321444628654
14636500436810663 14636500828650915
443329383925407551 443329384006602879
367864445392316961 367864446322658247
543656571157859861 543656571911018305
498752043602481160 498752043953093682
264870097880324895 264870098235699275
828928761053996081 828928761758219261
389012464170719419 389012464604757532
772545763754349639 772545764381407588
812536204074542012 812536204298547431
863613500383062747 863613500893720388
374587731390302094 374587731755421670
161553180112586791 161553180271266650
924535522220189815 924535523201273926
942248552124650392 942248552220830697
673234250591448662 673234251164688702
602723446013480993 602723446452116991
384569834737153160 384569835222086035
696069111265053041 696069111515617711
175838328765749920 175838329520563373
83211310168481374 83211310412996150
29034045568199323 29034046341118677
564051216707005567 564051217465501478
80196982440857111 80196983274629246
808083645898387554 808083646524925633
78342335670043794 78342336548532157
7013317858901123 7013318624255013
225407875432186259 225407876222279933
496433887458533326 496433887857578461
639993015457628564 639993015732894946
451535118206107557 451535118541079262
498930862595863353 498930863490501488
724160397809289590 724160398741045428
157698454057552362 157698454930912086
934408091949676190 934408092347443325
243512984991143219 243512985469597109
213344190867203333 213344191721726825
432968581088906843 432968581950827996
996736621958424216 996736622572916067
425610947290022949 425610947859758595
36746362200388470 36746362890373560
593757152367903973 593757152964471804
269718634822109218 269718635240953314
803828604353375081 803828604631083743
807803098957302704 807803099867068092
671814296552605861 671814297315023010
412978992950706045 412978993776491310
343452019896709772 343452020692511980
483717562897464481 483717563433319018
480623312726521695 480623312806341793
151102880684595188 151102881043739772
745516149542932398 745516150320441870
129816734153413368 129816734572351142
51094740638601954 51094740966491423
311729110500999414 311729111310665811
582624681644712759 582624682003356396
467961850588015583 467961850634471794
740773339747585691 740773340707450444
329043005313642698 329043005543594862
372141873157929610 372141873857103039
578823600295677415 578823601269229387
33998501793513347 33998502160373127
257513677520624174 257513678182582318
101236605977674427 101236606808467897
622620366822869547 622620366834051202
828393838224839406 828393838628380255
253030263670858225 253030264440139038
739276964343659281 739276964405113946
390487874253824303 390487874649717403
164446746016261442 164446746798545725
456571006572895363 456571007304319848
740967604675873625 740967605029010206
133922854533577659 133922854943891395
250677806923358859 250677807112273562
914863665537208630 914863666054611193
992186141932538222 992186142926028017
799386955220913601 799386955822903700
181844482014303229 181844482234791993
578755281959018510 578755282599022638
443108575489221314 443108575947036775
777653057137235263 777653057525744460
761502446005825877 761502446603222489
894550342065018898 894550342115432563
96667863594787901 96667863697320261
388376156093644842 388376156630818798
129288860849373757 129288860931340613
328129474106655267 328129474897162624
107980884463147339 107980884825602190
923902452374599862 923902452810621717
538473043245261659 538473043964913509
582416405596774526 582416406165907417
567444914375196710 567444915215279026
391796942584809776 391796943057333855
583783380200536750 583783380985948115
10525104509077794 10525104579203904
735217410243646205 735217410743876402
625258994737617945 625258995236380114
146179376027898225 146179376499808978
637675657150066416 637675657812836540
691838537406780766 691838537952305826
444735189084955826 444735189621459225
512882499198788016 512882499472613485
509836123975905198 509836124624669931
63425137991151378 63425138394568260
50461191098746134 50461191470639811
447805679719071238 447805680150227666
798974309760749406 798974310553425921
155233431524897120 155233431572122811
885242635713380982 885242636685729910
135405841979757616 135405842739028010
713379350137105697 713379350161286576
53302255803095580 53302255885521843
621097754140674000 621097754821228888
209746870663876962 209746871268920633
24337174674507644 24337175421374761
525442031703035749 525442032235738115
656135029765068778 656135030584268850
417496337108576467 417496337619817057
340195459773308952 340195460062741636
969442568723586682 969442568749094199
584252882702051685 584252883160936930
305827834734790470 305827835612470535
751826742833719382 751826743791219847
532315728748377126 532315729696163094
487716244378850168 487716244399604625
931173794772342045 931173795135096700
595308211903061442 595308212792915121
837316105719072764 837316106009526179
187638727357857448 187638728259496834
977867564495159301 977867565459130895
550964822821437701 550964823632015842
88388853562287413 88388853995747207
337191751945141738 337191752404089402
243549452356234793 243549452498671536
730672899018409596 730672899055419705
645435832982562809 645435833981146901
490991882330287002 490991882347539897
942236558721076502 942236559534275008
340249656587041303 340249657143064116
633024041057219913 633024041284602303
577768853183926078 577768853632426279
480003185247402891 480003185536202326
715825712356741282 715825713097293096
249421113605352496 249421113982897343
671594064023549282 671594065008329475
355862257377678821 355862257712471018
980137270893799565 980137271247869674
251124846651033552 251124846898734722
762604419644142165 762604420441687704
602880909665508680 602880909842660759
117167739940179149 117167740389886583
511445937854658692 511445938521761994
373985843126488448 373985843703726183
385828472737349338 385828473292828489
7381974374076781 7381974896937292
17477539688136683 17477539779738311
650341896171947334 650341896937369739
495320097035917294 495320097868785989
717705206903545803 717705207190771217
825133750367106046 825133751116822391
960186758754610683 960186759564532631
124266336257232993 124266336835455123
963166240988096563 963166241639367060
774128750831914943 774128751658701442
305136842679700523 305136842919739995
662377784729841923 662377785349292269
415189468478587746 415189468499527628
48861864928666719 48861865476934532
803427128826332228 803427129320523127
375692574046415363 375692574867794474
978082657291381613 978082658279752226
756059451168368929 756059451904205380
242502095183852705 242502095246091347
147728272566121008 147728273269586977
507106732423308301 507106732433534939
593133551794283401 593133552655587410
524215834234055618 524215834740499101
924867927020896770 924867927970017329
696409106718799025 696409107043358087
406204934413447878 406204935031858626
177837603902376322 177837604157168941
131395086396481875 131395086628333465
971914450923940698 971914451122986501
191876980782329001 191876981381078952
174784139428712715 174784139888123035
522688201412236414 522688202411593817
444341898162602963 444341898826922654
140548133172306605 140548133193960879
305515954762287067 305515955013629362
729617060912885343 729617061187552902
704415733938313672 704415734291086924
603890357710499418 603890357833659995
459504906998898552 459504907878277144
658587156322179180 658587156852451533
156212161993487866 156212162415615433
647045140968379046 647045141502957433
78663397190917083 78663398102377121
274399021186042199 274399022111330383
593956473848350523 593956473895141424
597506031307170492 597506031871801550
768723393368445805 768723393907422144
315429375628396944 315429376097030146
193162808416091445 193162809230266965
180275424086505715 180275424733143361
263004478623990627 263004479028370847
461330222195883103 461330223041426692
787170836729729282 787170836755912313
427482366947952194 427482367592827191
640309267224397695 640309267551178577
75316903885087239 75316904093468816
491810329431990379 491810329636799433
844976117566744468 844976118224223680
302338897282514672 302338897531533602
645927672293834303 645927672652775049
82172539570961423 82172540411803833
493790195037887088 493790195372512124
912638414281167709 912638415066684741
599874817810376095 599874817819376813
733961087723735594 733961088236385487
856423340491739340 856423340643241789
323763549358207556 323763549679212761
711861020690658032 711861020856140248
171225294890121531 171225294893654113
835297823175242400 835297823489716628
507071563662565467 507071564381493877
987054457446138191 987054457476994898
119371913660609133 119371913936013464
243199656725183887 243199656920408426
897936013228456026 897936013541597978
369784760464427051 369784760621929123
368400431864680399 368400432574371773
488409304807177096 488409305410177107
868223223796641692 868223224746979129
340683805120351709 340683805456648428
524061789069785570 524061789855230679
789785878501362884 789785879358341952
30587540937088791 30587541691293460
579033252309711178 579033253225298872
810349781666477150 810349782478512661
191808689411295402 191808690198403049
312004719499945838 312004719843917103
976428701519940572 976428701860225760
320892937533799933 320892938461499985
922869971632199491 922869972053334848
687379215872183278 687379216807924559
276461742010010114 276461742516817169
147793724744101775 147793725434971838
69210943413646721 69210943886785625
251078907559904232 251078907990916888
617662712618706565 617662712954068134
653438074512087555 653438074846269626
827169349819728357 827169350037838157
650470453004917656 650470453855181807
694404306754658914 694404307060937942
485167949994476727 485167950389372896
815487399283414585 815487399395537994
917830948389163238 917830949067323281
132445046703635042 132445047576136558
219913257192172119 219913258191098623
407288120835209357 407288121191146186
272353572273418773 272353572859482893
645889460813506689 645889461109311594
918976694522516076 918976694915619364
697326055627280261 697326055764936325
89863105872760918 89863106862084629
368206956348945425 368206956462890446
885268157829953043 885268158811533569
533995738943220287 533995739256526009
259071678388199586 259071678421293740
706511640505702497 706511641066835836
390532174549852737 390532175040599857
964446946200135660 964446946252208784
686995652982558554 686995653423321501
626824902744702650 626824903494183256
137864271282891790 137864271298182944
713299244436353695 713299245313633334
237762885873600528 237762886102637712
339648130937033526 339648131036811936
543487192998850952 543487193913324631
237953280711028245 237953281611398139
21237651841804299 21237652564828757
244780043931525185 244780044684754632
517605360854827038 517605360891553143
802887482873896964 802887483867389368
156538944084662604 156538944784074321
193250098938613342 193250099730560530
534453663233610862 534453663498749064
909156231234345630 909156231531758038
24576010968691657 24576011346918304
862424855096668748 862424855524956496
440772762582445506 440772763031947693
477125611663823488 477125612144434705
908547442667599792 908547442793693201
406371950591377353 406371951270711474
733771472814584090 733771473763179217
277789353167701407 277789353176165817
820066778873663649 820066779167854676
552040836439081641 552040837163497051
389823577870068932 389823578277393404
799534786754627246 799534786968151570
691822936976941782 691822937150674344
422236888345338413 422236888938892791
790467076570236313 790467076812757243
910289214457957588 910289214488636239
90022854312808340 90022855125788972
518699563244037199 518699563745751511
314743570737391337 314743571065482348
849562645256851761 849562645391429249
350210862554729078 350210863437960187
660165078919983166 660165079073974843
838817119931909311 838817120785049014
97501547671921706 97501548456096434
540234407711794235 540234408395239351
424151320559709 424152132090654
71251368887170117 71251369315825361
982461871721861605 982461871884204152
664313476676935230 664313476922536273
666246285838214675 666246286407810422
540180005827376807 540180006155645207
372982283002613097 372982283738187732
497699126344455572 497699126591149059
476583542583718567 476583543066677505
250428318506275552 250428319332611879
655006239666626372 655006240495210193
268471799454195075 268471799917185420
18805031824027893 18805032058315039
343752774880125531 343752775122970537
552668213404927413 552668214244255015
316423962011892814 316423962903024135
417161745596760368 417161746348673367
500786357530115760 500786358494210823
652334754217140633 652334754669060679
521989790172905462 521989790306125999
780285939133066258 780285939437086167
499724523265194858 499724524113264179
362625360671598643 362625360961225741
367210815330057824 367210815660303671
941562923799221159 941562924182006782
404612162121423466 404612162340848070
333993191646957600 333993192001926678
827594154671832108 827594154998157845
467170428570583236 467170428972977769
831597859730391640 831597860730213224
283959058233993105 283959058439848864
872988090849303214 872988090967444076
485411118895344341 485411119073372117
774234930388467987 774234930931774252
493571206253328502 493571206558470348
698356993599576686 698356993645555834
860049260716596074 860049261636969902
535182991359300375 535182992149153793
106704634796737806 106704635101980464
465422896823085032 465422897399606512
454319594248736176 454319594518748797
665150445136805500 665150445758628491
419188841835390040 419188842043029378
507375364479771244 507375364586429636
396048026161556108 396048027154293229
636661767060253579 636661767351198648
29887743900957639 29887744818444768
479425456000960366 479425456990839247
264501818493928837 264501818574095990
838885784463425596 838885784991899576
607331283003822231 607331283805106371
490184996421309043 490184997023301158
771825850794311099 771825851094320319
126337113614776996 126337114301526892
748116246784146420 748116246974760163
824850122720958181 824850122923711233
630356188406691824 630356188655734368
925500423498994361 925500424308001607
302081155276981323 302081156260577425
181514915000395956 181514915216857563
921300243521951955 921300244177369657
883532313331619126 883532314289986223
7630123116023877 7630124023187784
758493677657309769 758493678225082653
474993253238347361 474993254197196260
537112292180396930 537112292838909216
453268154753064051 453268155338193040
648845176208835469 648845176849570787
888581972817397257 888581973800356195
753481024622935569 753481024988747355
283098297710511037 283098298058689551
264086206278912819 264086207149654240
918432250896185899 918432251258584929
221903340310207957 221903340453870480
885866061897166059 885866062463381156
861697242211164460 861697242375287893
941256510820023445 941256510909899173
550108296691544351 550108297547012706
475756606094522307 475756606753371972
470376607446048606 470376607994546373
59911060446550787 59911061336693779
178831586312074240 178831586765696889
364169301459474244 364169301716966974
850200437568202043 850200437900810745
971314801581750842 971314801859253728
858245388303615585 858245388344162779
173832959221293652 173832959353929910
569539569375436378 569539569986196081
326170615835392292 326170616552986994
966616348814023346 966616349010552181
878417687593440604 878417688328420735
51045048140911913 51045048397344871
112442758678036779 112442758893928880
732845608261255091 732845609243688103
500866510525455847 500866510828370394
74773381747689722 74773382503171704
412711468995130884 412711469881638796
269392856155476866 269392856855470723
271786197908875015 271786198300860592
367856709425015194 367856710261330317
466340070671019512 466340071586536095
574118885147764571 574118886039511674
209229372356704371 209229372597266001
539810426304043507 539810426556999922
219353043987760868 219353044272937529
179429846002739325 179429846544877181
748574331129958662 748574331857417151
303418914437349787 303418915157419848
71712063126200278 71712063513269381
4347572807379511 4347573174295391
53120844908219862 53120845835882256
284731201499394428 284731202381836410
932306213243739695 932306214104690152
681311919447504022 681311919463869734
872968335248794558 872968335327067850
639559078352804675 639559079325250174
382294242759552094 382294242909689482
239472962896758936 239472963279055331
649952198138140527 649952198578070092
904884022051609538 904884022415414283
892064960052433056 892064960553408299
689708946854961806 689708947286108218
939797445589380118 939797445886105947
308249028739715311 308249028924505247
666061573866193268 666061574174142529
153134032165897125 153134033050788269
938257420125124721 938257420267046638
92973167165171871 92973167863518772
200810774132123737 200810774923750061
814742402080851822 814742402890985413
840760354578573042 840760355024329947
308884900249507798 308884900678969311
505374083566757633 505374084179851542
653618135968408833 653618136303127233
312057204838966533 312057205521597687
131448957175457051 131448957524217313
846498279062282258 846498279548844576
25913734076714151 25913734103434978
374844314177302976 374844315054029102
701145608133380854 701145608471874628
40329841165801294 40329841936554968
897681121021750313 897681121027682518
396418782645914496 396418782741979890
253375692681045802 253375692700308778
819019137113647224 819019138033259600
381626978949557636 381626979639216001
524540774562057367 524540775543326125
484301761434208851 484301762012988833
329519528684283757 329519529095315348
139957823763211086 139957824235230042
466152261170403575 466152261449372616
75213328250186823 75213328801383448
310643263094374768 310643263923631263
635141325855183927 635141326700565413
911033454893121145 911033454898636842
188169447220864423 188169447877235115
218161200113755762 218161200325707089
459712492401114415 459712492582659061
958657285889707376 958657286084051713
694401477674192004 694401478601818227
11412092188319757 11412092641340784
655048761056258322 655048761754078651
277438312304191445 277438312900371797
36727133776608384 36727134755040588
644570886035000859 644570886950012733
66595029761117936 66595030750049349
458209237666429473 458209238554188234
996923638034131163 996923638534805668
19331234871388550 19331235499583658
518204288145142987 518204289029713420
589476531750994939 589476532279346534
440186880705526782 440186881520620803
683143370035488804 683143370826418019
615287256936207135 615287257402070657
133171435178406785 133171435910989418
842722080068116699 842722080233180869
917801038927821412 917801039759110275
24043238003099339 24043238112044019
962887643294697061 962887644221171511
640767385796567975 640767386711318459
277972631915509246 277972632557351045
772550602475809791 772550602800812525
488942370447556207 488942371175612493
588963445392214494 588963445873433819
842386355591913676 842386356422923145
165347756628376260 165347757378074101
755976181496721450 755976181908083932
942001823832757847 942001824685766546
732886703012931746 732886703818825508
786412691444385520 786412691569349126
766382115179286346 766382116118854683
990313016035897952 990313016481117215
638986681244447805 638986681989605554
310491744335507866 310491744460441584
582632301680043682 582632302476011350
347583283818829376 347583284668838777
200349124268312007 200349125143596979
984971074409034401 984971075273727874
965725267249191001 965725267294780851
454506290995940275 454506290999797365
605233880107687423 605233880505607451
962606976063265396 962606976675221465
441310735094993596 441310735963752112
758646721640889650 758646721748710348
872465670446619025 872465671171620052
29068170730288859 29068171039046682
697496770118026225 697496770762442021
370412915401383538 370412916011510518
99887101843663022 99887102101479966
371411465042055797 371411465155959138
187530034573735864 187530035260176852
397115324885140022 397115325319304945
671695987818244367 671695988729133370
873779303051486291 873779303422884924
997455282463275982 997455282730212652
497459778543843408 497459779310042919
845325053439346548 845325054126915875
77701592062846824 77701592302491253
381234638768812452 381234639534924484
80836312605495810 80836312735600790
791958528203596937 791958528629077902
901541851128135442 901541851763705859
667184726497946803 667184726930948841
537351078443676209 537351078756347353
118276133759754922 118276134176287112
644146734009054574 644146734289725794
9381184332039289 9381184645228924
136899733174293724 136899733696029209
993649378799577431 993649379301054597
593702525566266501 593702525901736718
317154225967231072 317154226079126707
554336186836778506 554336187589764432
235972442345292486 235972442481336585
513743816284143761 513743816336986040
758822384816205130 758822384872006445
628334757007748868 628334757495609729
559771463423281665 559771463673922177
916216680062726010 916216680377111726
793180154966413874 793180155091560523
512793407463483945 512793408163756923
501127289522659405 501127290435031105
630757735472494608 630757736028391713
106588147671924270 106588148101884280
791109965766826413 791109966680816481
872127713985889001 872127714348160521
52230550792572532 52230551653505948
726637386271093883 726637386603653125
624637959410852192 624637959894224696
967085478347343270 967085479142691454
401948476878768274 401948477334831803
663156078330565232 663156078414637078
234189453481087622 234189453674855205
711232173334750001 711232173973296503
174654991118723081 174654991981547085
189590844896849943 189590845439267088
700277530933798982 700277531333137998
978997104928237919 978997105384414721
796076447474335408 796076448269981149
843592688973225818 843592689360406327
938392989598096798 938392989686768087
207642658487784819 207642659323368583
124314905991034503 124314906426806672
515659343102369733 515659344058221253
73070742608354722 73070742679660324
44814377647753419 44814378357397910
694977664619946575 694977665218800403
960672932706310484 960672933277834681
496647717397265124 496647717623208069
592031460049638263 592031460824775750
408319694481704368 408319695038251820
271053298467945951 271053299047921706
123789283758282143 123789284454428952
736411530157195803 736411530930367731
59728834946237849 59728835443219925
425809332464065993 425809332941074018
915104190977341905 915104191282001843
813058905932531558 813058906426762699
75707879169204697 75707879534882683
747215749245402173 747215749759244777
336979048595906389 336979049241601979
893303315038958537 893303315225159654
241512548785207619 241512549242156113
434414587869940944 434414588199179413
873454328582823951 873454328641524823
637397945455197075 637397946451275850
135056675891937267 135056676445329044
591485207652424067 591485208635075188
346883610959287485 346883611843108772
528835076357925728 528835076818716442
47403037045322880 47403037096071645
89887415197195396 89887415672229263
386299705119190459 386299705308530472
595856989048653134 595856989704035904
238034682545300697 238034682957291242
728831658109003837 728831658269212541
231213345710509046 231213346620392285
236981018949862130 236981019267973928
402124905284665103 402124905539776271
261805820520724189 261805821439657088
163293962883545847 163293963353355959
420865346372911784 420865346927198014
977689285789563708 977689286042329467
351253047800974738 351253047853473923
224492734602491803 224492734931827492
976094474855071363 976094475676466724
475292291204184044 475292292155339442
930816060731986204 930816061279490911
241551090625819209 241551091193425259
881412762177484133 881412762774557261
851233418985377065 851233419803440305
301768991345636232 301768991935188875
295720218759125308 295720219342246228
710524194512475345 710524194952170938
897894298574251549 897894298858315424
927902852373078657 927902853323599323
340124267517049271 340124267832547819
418477797668458166 418477798043483714
819933672229872692 819933672387815177
406079127709063307 406079128075266821
302716529346423836 302716530107868577
494242285380927330 494242286052920735
632896773072932650 632896774071969952
804678303164673843 804678303945303640
219354775573321856 219354776072598947
112854276658227015 112854276916706236
984747546780608165 984747547299491485
368278213605401036 368278213715724391
207421891104936164 207421891271927400
259900003261773984 259900004128773608
92688995267863619 92688995396139495
187711389600754810 187711389849451512
749827270540501733 749827271105028407
15749807358534141 15749807432241892
715095720174241937 715095720526278875
132332997050037612 132332997125221746
209547413915247128 209547414247452884
931164212127711616 931164212973815908
424239072082490295 424239072792561622
467626852860894453 467626852944790616
547534634904886264 547534635751631606
598964709042071181 598964709502396140
584197508350719255 584197508865641252
938726386469655748 938726387395457274
907225436920501984 907225437507003765
716386267659888770 716386267668193653
855870560770965132 855870561197206821
460305361288769047 460305361322695949
580870089453616219 580870089754342086
237811277276455092 237811277607289535
249842375011622893 249842375701556870
546512715154827188 546512715554640672
523179491869385574 523179492021817660
617050491533028134 617050492055093055
604067791768401949 604067792392486926
292182529769426502 292182530294603150
170961274666813340 170961275014162003
811528548327607633 811528548513678997
46858378362870528 46858378918251368
170231201692378429 170231202482211304
539218684301472075 539218684621904266
95790076830381392 95790077020659794
98094755197180545 98094756039194957
419915841819029842 419915842386911712
707535051962021221 707535052913140739
166905123257678725 166905123871530979
902028616238057914 902028616664004476
37678123677134629 37678124279387509
744870137380847381 744870137872743180
742137833434938143 742137833942224504
433557917752851209 433557918534408584
917903959028242382 917903959952062774
511505705767750379 511505706537387089
217104024147504299 217104024641155149
289279621181287581 289279621776837989
323326694252406376 323326695209252792
886955525076294161 886955526037256140
480208555104535120 480208555915749823
324831817023625958 324831817156696470
755363193532231595 755363193586393544
421956589395743377 421956589922170910
910448196738234518 910448197508423117
677075602652733001 677075602987647034
748528930918445400 748528931638796811
60446838166838504 60446838649065507
851259255572592825 851259256560425486
988081934882989613 988081935578773470
637726812282340 637727437589118
475316256240945547 475316257209161372
301900874398169222 301900875294617473
305188907235212947 305188907382201577
278178777202291086 278178778100047801
295849505149674838 295849505767210039
671821510256846144 671821510631810359
388149994050921163 388149995015968997
313832338053718360 313832338725522367
214346525448717859 214346526179620846
402123802842537649 402123802988383495
619528846616751701 619528847029301705
77558754779927335 77558755498960226
84599596331253142 84599596715994074
365257065082864510 365257065216495508
710141589840065725 710141590038266134
199098515012735842 199098515509762769
891576180315017116 891576180316691310
780128603853802123 780128604752038603
556756002044238462 556756002923232913
636810069794145265 636810069894024651
61476832713627962 61476833032457341
523545230343971271 523545230780693510
796318721407139213 796318722119813909
169585048814231000 169585048984532416
13156575055975161 13156575758770256
728253233243581435 728253233706982786
352478102549075313 352478103132716434
707668972810927156 707668973543220852
352390422526079609 352390423198181523
507549997949065400 507549998446803042
885174984636474585 885174985059124810
624844547245687677 624844547987049995
575460029326716639 575460030303884181
584522900859861030 584522901411668304
20893752176095213 20893753018694175
986066511843179812 986066512098010839
817402831171922162 817402831341256198
191014679606967447 191014679911497635
53139179712596321 53139180259214830
902232579710234703 902232579832047864
163432478671226564 163432479178208895
74242190846039979 74242191233473236
114750661846101512 114750662344945694
466906881536051246 466906882282697573
598234477871216265 598234478706927498
840113460557482285 840113461367439172
843782996362507657 843782996791584269
392736857925546117 392736858620383843
236758413547501648 236758413787266950
191547040796376272 191547041350338014
29626415290336582 29626416270336975
958945086423737217 958945087197397134
191395251331640612 191395251439303503
485083883390433910 485083883881737800
113974753170408401 113974754143900723
59079860710895816 59079860754270684
269212647480521535 269212648234069393
93760733712884582 93760733810854963
896394592735611517 896394592927148644
350743533354194971 350743533532736721
36243154327514409 36243155248404751
213703374897016398 213703375190348934
922395823935535779 922395824089006352
406455136803500545 406455137396873380
660793787736426720 660793788404820242
372592145637119186 372592146017561230
441777212510103779 441777213142757846
69181067235219894 69181067694525653
706001948401759342 706001948480582899
940930934711090710 940930935262317037
657513656662577849 657513656973489110
580934214263455938 580934215244957557
618500250739358291 618500251666039508
373998627586845702 373998627873862285
342458652087637886 342458652816916114
998896567234246142 998896567596082358
776938714539800875 776938714574729530
798169883928651438 798169884472876149
475780535187219149 475780536081142004
758839991314380915 758839992198141331
109799481303970069 109799481928793614
527242674005927059 527242674543439560
696664536502841835 696664537080631845
951260017426226164 951260017883009680
290209712317302445 290209712470742177
690819336770316358 690819337052626512
906307581068925647 906307581119110066
814829095625357456 814829096284696490
297206383104804485 297206383530884305
731291860727634279 731291861177027290
922969512316542845 922969512854446070
749569844287506019 749569844427052868
848766537960110401 848766538599258747
656488510580090402 656488511335622110
932894211695418738 932894212356697829
439471134446973784 439471135027189600
723851005508648996 723851005931498664
686272411267228134 686272411363979421
456516028497829713 456516029477626110
549218205543758250 549218206533966347
437667991307290112 437667991508425491
929772044616569734 929772044863420474
999550434164524834 999550434211140831
867608802829469827 867608803420026773
23655027530573801 23655027919637746
720421534342079441 720421534732432217
57431692535808410 57431693397999368
474606503797475886 474606504589209391
980324300078535040 980324300798938109
645209818104467557 645209818424654138
409888803334101775 409888804300661676
54931727594484276 54931728159146447
27460884564536873 27460885103976171
702452131665558766 702452131983424128
41500555209282913 41500555412814925
751921068547560503 751921069349897503
657784149322724248 657784149877272293
314795384491779167 314795385253870383
976863677173154997 976863677173568902
763626082104862690 763626082996448810
381845025693000683 381845026260930207
696694632304514003 696694632584816216
455644221700620378 455644222084471240
707127681718929334 707127681824165345
866668290874218199 866668291633858139
696954915597271819 696954915934268680
855516400813730453 855516400919088736
580515419703059872 580515420613579904
191581183525894017 191581184253406910
323867896585404043 323867897397473883
597379803654147764 597379804323078745
766999202894440886 766999203303855957
709725992189636973 709725992499038166
342573737090975731 342573737492407772
423554374868894652 423554374890293075
220631108771074032 220631109087711115
525503550169745414 525503551115652569
216819448896557917 216819449270501134
212089436035758620 212089436203724934
782483185445478236 782483186431866941
434225346322152637 434225346953803171
527116486534293969 527116486577151696
530940805029679294 530940805284999783
550166640674117042 550166641314578529
107377615603937600 107377616352852079
190387453509932891 190387453742114081
360219178407606080 360219179116662098
977594903084447626 977594903291842895
77615524354020200 77615524745722505
516130695630299501 516130696393569655
24364780544907402 24364781456027694
334580430746779097 334580431547525086
747873200448432528 747873200541929747
147924110279075202 147924111228056685
918999899696494043 918999899914810112
717362562344954747 717362563108805209
456731177664355378 456731178388515215
732480327550166956 732480328099931698
451331268583579522 451331269330438569
490200782971174514 490200783637171694
226725555173918752 226725555515589951
61268581272956002 61268581725201096
548898414945871624 548898415279176229
23910782996900869 23910783047044180
399019412144555492 399019412715132876
383367254365008160 383367254571798234
848780554577400036 848780555185300408
613077641633454895 613077641948734449
20123162648652600 20123162968795801
987516692767337513 987516693188461581
959171642834062618 959171643167413298
72075736245674654 72075736564454517
857803068741784196 857803068869129131
670180478659629869 670180479550967294
117249241765107139 117249242477180617
637466804110328290 637466804840098346
991219769440440034 991219770377584707
380921233121330542 380921233449254916
809102324223727254 809102325185775510
479427842702395573 479427843275388104
765696435410894342 765696436108379547
52998602160940619 52998602325635752
716011068040715470 716011068252635800
847386527082035328 847386527100005566
892067126095403369 892067126308117886
596800789372948513 596800789443043143
375829734720812825 375829735266103932
618310341787418610 618310341953261070
20047951345101230 20047952133591071
74849702312439324 74849702687892098
375296474804542089 375296475528663877
785136484502756856 785136485268257651
269891436748073553 269891436810292464
997809016301355538 997809017249396011
971332183967181077 971332184890842469
572835020278345014 572835020310552220
604036932071846989 604036932188864610
40189883007680266 40189883644187094
462274397498397892 462274397636882911
676733046652468572 676733047162261308
437749775199568499 437749775756932868
19285900029938416 19285900970967848
508299187725919960 508299188499854175
100757840224293501 100757840404556789
270708270521790916 270708271257207690
538822455533997024 538822455705648152
289668346934539067 289668347299047870
401428121842750287 401428121933123030
97624397028509602 97624397857376131
950899863820865393 950899864121531172
523956280288700575 523956280370756961
848706074680699151 848706075318252691
380776190803269084 380776191692053608
848299682645103055 848299682676662351
259288555955407595 259288556606588647
946242155431324957 946242155470118730
679515635325499194 679515635780769252
983404195038615289 983404195895299729
238768015538305046 238768016424934640
358421480486677473 358421481076138459
854233655026782614 854233655300471380
426135759261245953 426135759788843992
881509148118674378 881509148394797567
860662214614803077 860662215391169111
829835664622586276 829835665372628464
993505496386411365 993505497229453142
232966483262447174 232966483516535894
155166625593393250 155166626525994458
616511754401140719 616511755261040232
823381875899370621 823381876059210886
707919409187641706 707919410013261648
340577735876509095 340577736128876304
611881631757560949 611881632602390719
577860033522651564 577860033782065808
630995908058783527 630995908739666831
398573999295406695 398574000205068835
66407589486229871 66407589510468540
693252225547929262 693252225755383187
467851470399440171 467851471192192789
484948310044113751 484948310578911406
301450919020174661 301450919638292318
63705255064864278 63705255903795243
849728011075856946 849728011253073379
398329580687990731 398329580742282785
863712440025396831 863712440966274029
244088097434566949 244088098146534752
744911624974616787 744911625329651145
192784148925215137 192784149237033103
964211230663507050 964211231092102526
688732996307583015 688732996481026049
339793945395755956 339793946168136808
565181219964729452 565181220015019930
366279912657448002 366279913577730760
24739733132674489 24739733770205363
73789428465201639 73789429088890979
610125326536039977 610125326893266697
266901081691787364 266901082519867421
495727359406617025 495727359677693031
871514260338355771 871514261296074945
220253688706604662 220253688910923979
397745932008927405 397745932295948243
402616195607220336 402616195884428645
750999571027109830 750999571996750223
59841498056948816 59841498641874825
958612707158122689 958612707761309911
652597268091689671 652597268776890023
999404813812953875 999404813996214452
945619748314154619 945619748954030693
953280368378692660 953280369232250313
275878928131803980 275878928621713392
711413075435660039 711413076114836750
118957291937163744 118957292538448230
948832529915899870 948832530446596262
136611612847045244 136611613781646781
271264776997378386 271264777829980182
390080749974767623 390080750498365213
686453559791716524 686453560594699048
581300783100098676 581300783933836735
503579593182650949 503579593404121227
680562472021567105 680562472676232585
388342097701168451 388342098223621140
103101382978025056 103101383167242026
658189440394836572 658189440620325316
903808415090574528 903808416003996377
771831674420853657 771831674599048900
592663013304639926 592663013751318511
412619920031550256 412619920421464708
408677558083439867 408677558801926256
672214051763766676 672214052316347473
500958558365943456 500958558879090812
572033078843514341 572033078992234170
40949970181100967 40949971142815537
955745937495630388 955745938398749171
109326976376544962 109326976910218927
282752546984246122 282752547643766062
54938814180093068 54938814669428163
13309864328513107 13309864343676145
611263886198551777 611263886371486835
36487103063512933 36487104010443039
535465336561775890 535465337269590655
931960005458851932 931960005970162490
949952320086774022 949952320851675558
26051613188592135 26051614146736428
710508723631828907 710508724366764043
39496175412709680 39496176211958683
605235559202473781 605235559259193731
423999137468162764 423999137495082497
79709204455793699 79709205173558060
125860319395430815 125860320064920790
939291468753638785 939291468773857372
335383740525766427 335383740667844169
711059859366450075 711059859834773989
971632190568185154 971632190582763712
733453085477416547 733453085920871767
460148188432809893 460148188803568538
298058337963596989 298058338645008308
885197624546877074 885197625300629233
733292285406547006 733292286265795927
103190252837686346 103190252916370936
247526109275797891 247526109658384473
529840622263527440 529840622865284897
830721507920037819 830721508666090738
523407273602274214 523407274223269599
962597023424395065 962597024100381933
459890463554532789 459890463930792229
580789615559664777 580789615615567991
144002271001931689 144002271234101781
216793868704716053 216793868996688131
230565764434876734 230565765374672909
824722884054037704 824722885006001497
110068570750082201 110068571666115470
586775588722915535 586775589705065514
988320545028640482 988320545659919826
417680610013270488 417680610618396022
601807481232397204 601807482191213034
278566536227078625 278566537129224785
630757804938785387 630757805204848954
499536328710545609 499536329295590869
842603631085924256 842603631523681165
870044509321883548 870044509801888314
244918382889697933 244918382985072797
241505713339692474 241505713746507760
120081801768804353 120081801856932322
251543520036054486 251543520854283385
895729176188999648 895729176599368474
600374866733253933 600374867013221841
788222425094890659 788222425962202360
17187685481170277 17187685922863294
339007702808760141 339007703495193809
927731119860773979 927731120178162657
736972206233645197 736972206934037817
439827025983924422 439827026941184483
321184719088520319 321184719270964389
277150101520960207 277150101712779664
378532002717332798 378532003240144675
471427355561286642 471427356540959342
190163311686376981 190163312518572870
913978912474791683 913978912557105291
79138628769937512 79138628841641120
247071486255946814 247071486801894246
548469083941058839 548469084014678716
448761527950251687 448761528156354416
941808197384286668 941808198355964413
584158308029178428 584158308466785459
527867561486055584 527867562474874439
250560864393307129 250560865271166236
937592650293236725 937592651158218534
349083170397141526 349083170634927107
461439244197760789 461439244832760592
367059366197620395 367059366839240732
17258430591502536 17258430906644477
869549300646786194 869549300823691491
986438620466176484 986438620803442518
48655630677924727 48655630792891809
75804584321426693 75804584849565167
578396482188336121 578396482283398397
375876425600851420 375876425684671076
258780752001858802 258780752960272587
417715206900039887 417715207793150155
930982401307628257 930982402091970156
792278456898944045 792278457001764013
602284594686850854 602284595392065096
361876554712304493 361876555045778757
632139396976570966 632139397552996620
307440018315064406 307440019175556135
497752593052438013 497752593062065666
147923421313263390 147923421952620431
628207616392247430 628207616782828648
949265024151384600 949265024513934623
792443194275209066 792443194865252861
977857121773157547 977857122281640307
137972864558788635 137972865400163964
183965903377039870 183965903395824676
353061607657047751 353061608432743217
254325628240941120 254325629199378851
540349013766322387 540349014375934671
46428854805247606 46428855378402597
347576913009700161 347576913635046717
100477779280164126 100477779781194875
542637810067254156 542637810475288923
333123179412118955 333123179471146215
399061993615591028 399061993708933455
938668900176434320 938668900529322879
45599212246611715 45599212838094829
324653374295005922 324653374989350442
205044734653984343 205044734914313219
921846082754436840 921846083079779503
208582948419171913 208582949301599352
277948023974209879 277948024619173273
770890354382450030 770890354902647785
445453220093251999 445453220620313357
941775312767634048 941775312894596647
949162166742779363 949162166929388751
565286228680829108 565286229123076434
903510342901272285 903510343706540800
245760690403183268 245760690995157024
445724803776418603 445724804119022568
528333763477084561 528333764229846154
958243123428811481 958243124124167632
848832636170876379 848832636377223231
273010270249904471 273010270881728348
543645484081523570 543645484253440558
563258033113676893 563258034089186284
146932531674599267 146932532423422141
376901775580421169 376901775829064241
852801894767466470 852801894810144820
865813895046395472 865813895964109729
446259410707359251 446259411304351851
911501514176521613 911501514954738139
153386330284113521 153386330827159992
58359361108359098 58359361297754905
718706644941023196 718706645218809476
614986031676519360 614986032381845823
138510319393540701 138510319400800966
733902596300431577 733902596451118894
163900935070483923 163900935482880975
279508084948919393 279508085216652248
353937708756994189 353937708837655127
839980879999936409 839980880056121807
961613577976773996 961613578231482758
745212168787974682 745212168980811654
800485673698285982 800485674655372546
704499999139503207 704499999155290605
841005568376664279 841005569119753514
352063561781052936 352063562328744660
414597152225783995 414597152664551994
597352301078744215 597352301339538170
672812167716563529 672812168031064458
475465858520951978 475465858568469539
653981403965484179 653981404038052327
300855928329572659 300855929116095823
409669251650721430 409669251895755727
130454593344838137 130454593502903012
44935222290053918 44935222955886141
499835336497068244 499835337043074088
270782868451451041 270782869430071728
899832355211892136 899832355413456222
837976096940606886 837976097544346008
892615884425905135 892615884881827763
606943176601758724 606943177386443429
232622415777955270 232622416127334029
209469315333045042 209469315580307804
982740001150334551 982740001245351717
639096448994072184 639096449017418311
450080961897798648 450080961908726829
341847520541459055 341847520690886828
623597742991011689 623597743929459971
389557473739815485 389557474623344956
87758271147360736 87758272014392583
964071328371461794 964071328759347950
213095881288668001 213095882260359630
398029956465777462 398029957200654809
880457746628287736 880457747323655970
882058079863183957 882058080388411361
439432279760737966 439432280001844262
973966818496090954 973966818689177985
726078586364107722 726078586937924895
978463139579053232 978463140016563686
226114661706921441 226114661945913984
680729398499626572 680729398873762461
368923253110447692 368923253747223796
549596535474536946 549596536211932877
185829994951784624 185829995715964266
287980120470992064 287980120985141820
3825114643484860 3825115043168208
315087697086299358 315087697811895197
522371668710171573 522371669101539263
695268677427194079 695268677676543623
2888269962456910 2888270410225316
624639436540621067 624639436697882109
234617502703979656 234617502881841003
51817301217265828 51817301546071284
27303287485386547 27303288018820539
720474809032923476 720474809246607445
951698886401842740 951698887185472719
433454636700928941 433454637563175286
391672177434453179 391672177890775191
369574265384502696 369574266194605134
546399207687589049 546399207690717843
306255871242691397 306255872169053460
86248809105786226 86248809660403827
528210607533349462 528210607648667547
948053212038518020 948053212937149809
778905691434972674 778905691681403350
43340133930442266 43340134083195872
925948810401678309 925948810665217169
788146701387920108 788146701553971426
8629521857240448 8629522712560653
839131029104194957 839131029192536815
559434514821513027 559434515106173368
720624962682900974 720624963442069872
102028227678223079 102028228534470728
57584376102399019 57584376432609571
387626254103137672 387626254728161464
519403940455954041 519403941138242297
622355097859856134 622355098035332272
342822989468573008 342822989813390602
555865358329581804 555865358511730661
615747471744558582 615747472605124819
895594448147923622 895594448159473513
419970955639235027 419970955687704974
452029525507369575 452029525665537593
300740630436852885 300740630824423626
849745186678029447 849745187488762904
813296160727165141 813296161715279151
944116576415570606 944116576641590663
220766504586052937 220766504886273876
76786430883882169 76786430974843383
211280342767945464 211280343372339189
232266422056187193 232266422105857444
502458947900751006 502458948599372965
74207240120129644 74207240849000712
556748672562329073 556748672844006788
794810483894413727 794810484326787623
952022653826147993 952022654474282995
454381733776828682 454381734213791096
258439322525510906 258439323084140623
170792929776911798 170792929874251092
335478946954685279 335478947007120206
551556608688691597 551556608824640779
165020866988477627 165020867462239247
889134337834047022 889134338421851416
923163466004297675 923163466657805653
528860615091831982 528860615785395513
284282482464861964 284282483029169287
180542910817994197 180542911544111567
205340788033090257 205340788802598102
247829917067429830 247829917620294776
637204574089682348 637204574427089504
700890900071218936 700890900643951891
388843045293483627 388843045522504004
41149718485027920 41149719372514103
820045730398682914 820045730934879347
329610879216246298 329610879712347038
217734966923682418 217734967441181652
762122357530859120 762122358319797760
214102700545326132 214102700551393014
859332476341993675 859332477246833049
643299642424649337 643299643380617417
738524115275128997 738524115709294797
620587437365637738 620587438000550730
96911734573518626 96911734987565865
817087900512688171 817087901115814254
540687599131050013 540687600045113361
894248581901217304 894248582695969695
365870443715483635 365870444712440694
438772041393745779 438772042055308393
857164744797114131 857164745399190110
571153841775542540 571153841956191118
539896743991579706 539896744094959642
659143040653280893 659143041116104103
690124792352353108 690124792541110164
608733069117253912 608733069812066206
791419798246311588 791419798759181727
37172735028201114 37172735419447134
375597775219722213 375597776122111116
315147806402226958 315147806980501612
594499946446389047 594499947375392345
155081051843220162 155081052275423154
495025166156154437 495025166914463442
528840368575943225 528840368784674445
44348262171527196 44348262713341135
100529965671837592 100529966409817208
309261042719890217 309261043031905313
825648880905577179 825648881034649200
593721463081587522 593721463327354059
423237048939245502 423237049671293448
678998756067304307 678998756988955643
495315177223419766 495315177721584588
666014362179155214 666014362193752983
804970440689007643 804970441251635959
115447536568925982 115447537069296295
564354608757329675 564354609072559837
958493053427743861 958493053907575683
751399079741449987 751399080399985818
3057205927527494 3057206804243661
228987984507123728 228987984842596129
325550011030720567 325550011718470443
250700417569501649 250700417772821851
938528220114257177 938528220883067422
233949812206551878 233949812844852579
795477454342172289 795477454661618393
748484528267691681 748484528744089360
998134749784710212 998134750017903884
707149133193653561 707149133310805821
120802734641575896 120802735240218947
14991717453478980 14991718328855307
882878621054481538 882878621056909989
954288580623673685 954288581542949739
479805593298231328 479805593951285715
283884363792796710 283884364662505819
930601833597458083 930601834330063687
850796786016391471 850796786091554894
456502167458166127 456502168343549075
675368595363440249 675368595484376475
502894793434712354 502894794024458877
356482727400074740 356482727429462898
258802029431621538 258802030164931574
639295133963167655 639295134113311089
742930468266521472 742930468825897559
896462311670766652 896462312393857577
835689231821661690 835689231972474813
61840610064447384 61840610534281181
919330130676318554 919330130696690033
681944072592627059 681944072776224988
469541696861961073 469541696919166565
892761012560826197 892761013382552359
776508932037906994 776508932933179084
265358410856654467 265358411707060947
399366613412106119 399366613689698609
582538063468269178 582538063557450636
39773410467377114 39773411201542298
189125180499354641 189125180929959200
480096562643860797 480096562916607110
801132893371628565 801132894140376347
931818805792104790 931818806333738290
959850878709831556 959850878926160764
296166697625985943 296166697752089676
315836199410729937 315836200114261045
541649697450464012 541649697966705458
190369287227627145 190369288054767385
219140470004820652 219140471002235771
700311673596239342 700311674138914220
99511601181233442 99511601974733905
574838132899221745 574838133497535904
852272776553621531 852272776959061005
423793926239658258 423793926499088131
784117814491253351 784117815163147871
177252787249217337 177252787855015030
403383505095904632 403383505770323281
197399962564455795 197399963533413350
98933397137877901 98933397689699568
986924846714932306 986924847414050910
86235078698757706 86235079322182530
200817482835697809 200817483358633170
235181319737320600 235181320432683964
721550740340038950 721550740825373144
557114175882565358 557114176376844086
753974149044943240 753974150025904418
780766563345065134 780766563914520419
393758666966716545 393758667579344230
620054620326332235 620054620452635481
545349045765358949 545349046376023820
118991152917207986 118991153682180612
122390545500810926 122390545853793556
264887356508762071 264887357461722301
89695592915754122 89695593290105474
928419115334695856 928419115853263221
440726201939756397 440726202689133144
837652827181762037 837652827747678510
385720062726861387 385720063125504388
523799273188122189 523799274106116512
995773554795125061 995773555160492388
242342255599596968 242342256472373440
321190470470605408 321190471108160140
590914617910809762 590914618749943270
923973513135296528 923973513189369895
686206225329776659 686206225701012760
207534570929026567 207534570988198938
474759406991235758 474759407755764210
797920339608373514 797920340215594073
821138475410287004 821138475747191752
868199973703455722 868199974324301415
833640774408680645 833640775057232953
582762640673042220 582762641045329444
765802023201971873 765802023710003023
508711568762696165 508711569236088620
692061122993084240 692061123267191263
181850558793929629 181850559180362003
209323668100758897 209323668201662139
99936332771413521 99936333000241339
984703236390486775 984703236885072739
820505865221901237 820505865865925251
586041447692916970 586041447927433523
964782931613121404 964782932069620610
694633253104319258 694633254061112320
242945582297192845 242945583143783379
205758166599157578 205758166628470230
728001658667886189 728001658888281813
758669818554923348 758669818809467049
612110609169040255 612110609879587421
118414164946701550 118414165384660620
447308625520202687 447308625879529906
722007726985636827 722007727459997152
146617512456970581 146617512644266324
368436136037860297 368436136243053955
834381257265266706 834381257466551812
464381844330871989 464381844413894254
680385326715627873 680385327429142825
621790980070573548 621790980880309914
837770453703649679 837770454076341458
247219176617860127 247219177298236073
784367846051446653 784367846546155671
425149172754340606 425149173148321805
784965942645098539 784965943073897619
581773252770839527 581773253093122137
958002578035571280 958002578736487180
137010592545552435 137010593073063401
948921784151560673 948921784405646656
792104973310574394 792104974228214808
505509537102040243 505509537220083158
746289024547227144 746289024552479121
398584945311586645 398584946267601674
492847232985713175 492847233822918499
383097437022634415 383097437347510924
985792620317210292 985792620607250388
894433195358917219 894433195617621110
462914525144522120 462914525421616088
97339691697722025 97339692528884215
583408257837708082 583408258078109129
880363809091807032 880363809233860404
423488173708410134 423488174440732400
616020370360842100 616020371102549491
656308125749879901 656308125863322583
61010004121079695 61010004637390913
677099088479694853 677099088878984124
245832489840449870 245832490013600353
434753384953664119 434753385766942502
312175015887123441 312175016466703810
793255906460067011 793255906946618042
834593472525245040 834593473336743409
311638421448865897 311638421481675208
672369647105011618 672369647263562189
515178705373961420 515178705959658213
973780636064878309 973780636528546701
630773187617385319 630773188327444539
833633457727524827 833633458288117659
896848623313211932 896848623648728354
532050893885342271 532050894834335862
833970248334386650 833970249312435511
959228384013668322 959228384248840384
432653297592290627 432653298408891093
983898810097439865 983898810541858298
752164324945775307 752164325503126408
968308905989070267 968308906547639010
744410682348420127 744410682591454661
214035756803462067 214035757310573705
161442547627117980 161442548062823413
410140989396948965 410140989712489929
394302283381454657 394302283576924775
375704346018321074 375704346986254500
37686766811001106 37686766821655282
114917119114298343 114917119325499320
195049121558056500 195049121895325209
790596172732517878 790596173126127523
425930336470542469 425930337253427312
658353872640188211 658353873512543678
196460236131264333 196460236859930149
410237774480669618 410237774547795995
61027817308025157 61027817338997434
810242266220702704 810242267204627173
460554933899416249 460554934080330398
715765827078590359 715765827242849406
353986208777063294 353986209098889281
83324842914015484 83324843197292352
765543929493610483 765543930362965025
253179093387956334 253179094366432919
647480961145880055 647480961878050549
576237555313187104 576237556029323152
941178432008510390 941178432648628970
697121182031962616 697121182268957124
300587157596937912 300587158012119626
258150463236911266 258150463263971567
404332261299039795 404332262014941367
558343658660451422 558343658781111369
103334855176076903 103334855287133804
592197609494519044 592197610387076922
58335968320461601 58335968488247281
553135858835783917 553135859569853061
899795305492024125 899795306001141772
465415969068894304 465415969450172398
554801737994834463 554801738717816622
576101100994092441 576101101116722449
943104202644889146 943104203339928285
919042111910862638 919042112225262939
12123617458917577 12123617860623745
57948299901589904 57948300427912562
383259247990187447 383259248955120123
105423876874856351 105423877739779908
141773628957510158 141773629130460356
363413035380494256 363413035827854073
168588220862928370 168588221191246199
593647434308258208 593647435255519932
585933608299463274 585933608388062238
580801053450150825 580801054325872569
911987997550673382 911987998438545717
638106216449048668 638106216584323895
97383236047844433 97383236624799132
533200983290997483 533200983682584418
598715603332563665 598715603745891593
852105396899281515 852105397771387099
189592556184003784 189592556652971972
260644133720001705 260644134621114563
545271734452940524 545271735198863499
932239669558385304 932239669837498093
874133712377924032 874133712855296518
412059080668651926 412059080676145831
288214135893359484 288214136669797789
212759241584003786 212759241899277315
173282397204699367 173282397483118173
950484406437193143 950484407123534533
599166531858136457 599166532666264273
95123927660264740 95123928321954949
328807954129268559 328807954579453579
333968226608576029 333968227504872153
871241184721539109 871241185592936043
889989217317857964 889989217645907595
164248871837091913 164248872648249950
78519825035030349 78519826003444667
485840508839452505 485840509578209087
50152014242378786 50152014573520390
581700232219715028 581700232850596759
496574655028617037 496574655410135631
282817774856441083 282817774954842911
241200194794852563 241200195288542223
715507823727158863 715507824400436544
104062297692073893 104062298639961375
449660178177954817 449660178389195674
329790531977733442 329790532963791899
976031865285589493 976031865871869666
91106639797145578 91106640194165437
605896655210071785 605896655750440828
320281178671402934 320281179339626831
108577396274240029 108577397272944018
649908649255411364 649908649643369908
470006580509424726 470006580565923530
46587931578852431 46587931608487336
163627309664054076 163627310306513451
199978604769349591 199978605632853135
750890126129078281 750890126416048205
965517616430116057 965517616688443813
58530410244282131 58530410828915911
987407623504236355 987407623849212063
848757582768529776 848757583687799164
886221223177972950 886221223890442411
236540049250131504 236540049735275486
284180444201938809 284180444993949966
924674144970466363 924674145129743824
181188436729263396 181188437326065407
528759796298082652 528759796798419453
852386270511891644 852386271404507121
345107811158436749 345107811275254866
430713678547281356 430713679435235950
575909787043279414 575909787125699460
450689182017600694 450689182868205190
380225753076916398 380225753627269804
582367346206623405 582367346734837880
491411345267567353 491411345742554604
767831130422313816 767831130658577983
478829505484788471 478829505873933387
865675452331700076 865675453129116103
538898931720228092 538898931953242952
250659817117363384 250659817387715093
479275255443888815 479275255872192179
683489384394729422 683489385147253538
269682440572228283 269682441003126592
936038803312881791 936038804243221125
543447019270629914 543447019909932496
409208736594671904 409208736903645839
240326001332992935 240326002148871124
134619346453142921 134619346586681227
939092413365927668 939092413931514244
938160304471529540 938160304762028122
880666725986786635 880666726476393090
790615427268645671 790615427273834407
203073632299896730 203073633065126897
396787414205861593 396787414439620659
147292242230595913 147292242808922285
894410226293835776 894410227026979128
451322034116216793 451322034743879211
705444365014939628 705444365038310006
651028854919309408 651028855331935925
60051928731127498 60051929675891163
255060605018508729 255060605912620978
804056258812135364 804056259207441529
689045238999980477 689045239726001705
248936833721698884 248936834692033847
17555062678096832 17555063231152758
175780335798653613 175780335800153235
317510849634197257 317510849796880722
579718487670677491 579718488000515166
856435869181897430 856435869290425415
229544953932177774 229544954869921193
893638698495446334 893638699125683124
706598971408151512 706598972331028278
139533538614890360 139533539442467653
921970911538904274 921970911970035635
792415988612248099 792415989548508107
304761100807934049 304761101514298485
769346155431430926 769346155970335152
384262512765834753 384262513185318194
625065012200430038 625065013138668128
752455269082701221 752455269114134466
731632479496573568 731632479804678028
777278468061300681 777278468379180120
233100801978405616 233100802901199197
433803120584404736 433803121374091080
715235835662067767 715235836573539304
963183291022023557 963183291625164499
914181151682167033 914181152149519392
158424474827296913 158424475812641508
995679699082598122 995679699946833049
458128161550274015 458128161973268688
868035997680923539 868035998187149970
94873052036362541 94873052601167198
374134160481591069 374134160633611588
396046706949347721 396046707344459216
581247237900082635 581247238252802744
283138701968693075 283138702223241989
124481859014509855 124481859306217701
284814063405392876 284814063578989215
309429644851488364 309429645502970269
293714735808188913 293714736783236411
809966965797939240 809966966579129735
817809034956088059 817809035932874917
835839518731063108 835839518966676757
592063013871851291 592063014231331639
277018035489489164 277018036215314959
95768035707659121 95768036354725699
649281980353672610 649281981319985647
604183673885485133 604183674477112330
756467310606464124 756467310785326635
955794698507058647 955794698985359486
709234982667778001 709234983555604322
583420657575604019 583420658030974234
387861899982040611 387861900549552757
293395345004743811 293395345499352780
297141955923274835 297141956262906914
152491139310696717 152491140290532234
22150191120805429 22150192045641030
950747656094506732 950747656214439505
825385322674644526 825385322750211119
565844738471422433 565844738847132545
333869155192018540 333869155262186475
846571851833788420 846571852167848058
61836970787638451 61836970818776242
692774192177790624 692774192464629505
436643617003237093 436643617206330207
40809531640004897 40809532048751719
730615171344508665 730615171685485665
281654283041532352 281654283326954840
219489383644258989 219489384114924829
876607840706896517 876607841535230237
483826220538801342 483826220616217100
254488987389176133 254488988091789585
394691629882159599 394691630042003050
143492422616478438 143492423570739624
872708531735945871 872708532487795949
276318335934233580 276318336086108074
22404032213299283 22404033028878750
989064647190518559 989064647512356844
760806199263028802 760806200003149860
169502448083004982 169502448544056308
681843116900015639 681843117514555133
6222043807313021 6222044424711575
603723624580594168 603723624720940489
849405045657154923 849405046422692686
114931159386555963 114931159693851409
205965259006668870 205965259184895869
470857271406799702 470857271576859629
881084730651393263 881084731201538727
446766442903331306 446766443443336978
530511201154317873 530511201926045351
359021251093102411 359021252000549610
691756207158271348 691756207933409601
759722408544701378 759722409507111117
223603790759397555 223603790988946774
369141681298226201 369141681343118284
587506267714604882 587506268013320390
293596637387454069 293596638341635969
630748800637799200 630748801341941632
887580999495166825 887580999691977949
737851668069351577 737851668280716033
733540813461564753 733540814064253932
740999317855573498 740999318084201368
506261823778553102 506261824273621917
90387410801242915 90387411667675936
615235793627526964 615235794102854993
640577227262493655 640577227301488713
339761771875194203 339761772206333868
974698610102309448 974698610428654438
333625800694164886 333625801435774718
257374570417638376 257374571406071111
204511068285023443 204511068971540654
178909877477603379 178909877775841331
478872620388463731 478872620616615465
643403518467926993 643403518478094849
86084952534979339 86084952927892141
857856935983797331 857856936407962690
968850896917348618 968850897720748143
316135607888868124 316135608818612817
855750334066548231 855750334253798600
22302049045515619 22302049231591602
353540312498985717 353540312900634234
568650093511165516 568650094071891019
528113638024344659 528113638595608317
903205162267663804 903205162498057569
793273246347224045 793273247251581361
8780713912475168 8780714358427493
638770293903194809 638770294656839863
901051069589197595 901051070488254600
154872770772262491 154872770868499912
980283949525001015 980283950251828753
111185192735618859 111185192814266961
961249528053317208 961249528423138747
51544956390531470 51544957010543748
843371644707687275 843371645183382488
363678954778453982 363678955756942155
155767809447513444 155767809634701136
839928482832671106 839928483381817291
649823415106053970 649823415260889842
164808350824314036 164808351460773967
816818458203018389 816818459097774780
440544914331492295 440544915107641414
37259905789713958 37259906145536097
602114402897564249 602114403865101949
834433782426304638 834433782456855017
776283965916425994 776283966376517951
185602286451270924 185602287383086410
140064685791860695 140064686208177491
144821554941855304 144821555744190394
459736107871920952 459736108556622927
337509354796080819 337509355675807121
263694680008872025 263694680263758309
950680802156458012 950680802514998768
155085421038407909 155085421981191555
512372612616368982 512372613507584691
223679829991747149 223679830792163465
323296481816600538 323296482163771402
8069545801580098 8069546417171225
303076860152688375 303076860453280938
639365259004157687 639365259374261457
450029320511003707 450029320712697699
939791480063509274 939791480747502236
181129898717760301 181129899010449480
326949340413728740 326949341051998614
747836203502498598 747836204227864432
64659847843611743 64659848530527007
608386372427675566 608386372858833219
657993706678431543 657993707322173744
306332458264193150 306332458928941654
584544761760347742 584544762731613681
324023580317641094 324023580428740830
648896058631413654 648896059326942387
621108412834002561 621108412910675906
99791440529405563 99791441065731613
326570333437853362 326570334126678806
604468927236163212 604468927674344875
187508220248674699 187508220790823523
661184688862919675 661184689201967706
790444830540151241 790444831055095642
2123915195301579 2123915777457132
213577005392941211 213577005956164474
987278240076159925 987278240212792702
935635297998292483 935635298586513559
137556620370483291 137556621184101576
419272554432233432 419272555208333497
223423873742381452 223423873788738301
944292561170312667 944292561685844523
818409940427739078 818409941088459320
995875179607859605 995875180284065748
377963509163655925 377963509603654689
19708009066682861 19708009873275316
430456637988569705 430456638927951466
783639126637337201 783639127190096829
274563645799894128 274563646376636280
191304663782318905 191304663845693803
737931252177306129 737931252411340331
483904236737412333 483904237477084472
837839696854213806 837839697769806697
159180890780402884 159180891167297930
415995916642553292 415995917438936763
327567823639245139 327567824623117635
748768350023534716 748768350654040078
813605107600167843 813605107644112332
545240224514348647 545240224536232761
280229379004030050 280229380002835627
111882644060872426 111882644565184394
132248291517340840 132248291961951012
388743534345499829 388743535029252326
836412905368365502 836412905789990834
256946684031737672 256946684195953137
802650367279830096 802650368111199593
267451224474070054 267451224680739179
597401029314511228 597401029591308777
847824687822377190 847824688694841509
838376595822489397 838376596700187854
979730121332192332 979730121968045345
80201866492837506 80201867060332420
384684562941281169 384684563238475920
172860911917460426 172860912407052541
248468927412091854 248468927584012049
325909001058830848 325909001872781501
999372257112484372 999372257826799274
655419354202988638 655419354909613642
951229050520871212 951229051115172226
588821401339369724 588821401957434627
196237736914580465 196237737587444002
397439935100488020 397439935319493693
56782462436316604 56782463124409074
456978353923181822 456978354238395021
330135324420692159 330135324446659933
285672336777441330 285672336894170517
336364011901578082 336364012718018527
685739797897627525 685739798659525297
362805208151377048 362805208631664043
666618616235203750 666618616786474456
862990461938319161 862990462751271645
357634566386202122 357634567227832464
19946030192722604 19946030220404136
208012449343583644 208012450195062370
817555868326672899 817555869045443737
765669864489693396 765669864528280818
370774182689865912 370774183015675210
861053819480758157 861053819693863034
167951951927020885 167951952914676088
518387198677782954 518387199594218597
480107009223002501 480107009519980058
580377722938989236 580377723441161040
833492946945720317 833492947381338874
288725444972929499 288725444988870975
865221285700323351 865221285819617993
861941173621345423 861941173723556013
905711262787882066 905711263769891703
122838621868606333 122838622117910906
950920967161600811 950920967445636012
918459734384628693 918459735221974032
897985451645552374 897985451976748610
578010357907159242 578010358500414641
241500468205043085 241500468948561412
931323399545373070 931323399545924226
704053889379073941 704053889906643989
688378203913783900 688378203985637211
873444972082005522 873444972866724967
28689223345692561 28689224286596598
836151538491726400 836151538925294027
522473966387937927 522473967128676552
431491625865697929 431491626307951333
186743385164498689 186743385187551782
337376181997553818 337376182336640151
689344960160925700 689344960944976732
952185265029760537 952185265562884249
917893572293281825 917893573211619186
498189351829159949 498189352151305349
690598505174983136 690598505961829373
506023916694251825 506023917186007632
651091663856934105 651091664656506626
124717837973432779 124717838740399793
56404011924227681 56404012175391651
455112632237942411 455112632355559458
176540327526872619 176540328171077206
596246826744548821 596246827279359036
96095160045908611 96095160980823523
317880040658320053 317880040884594233
9056168587327197 9056169574214642
143761699355563834 143761699675041265
175909703677476547 175909703900542244
234709749025178393 234709749443128312
595973413335260132 595973413383010710
855534123989489212 855534124385099685
88834424849988520 88834425137457600
356965199185181225 356965199197217717
627878227933275544 627878228265276819
419049591017877636 419049591584839335
879181555188451372 879181555608424792
842536730010888854 842536730292908440
852049748004862623 852049748090202825
434326802615511294 434326802759864684
866076242591458878 866076242647534314
474463668617237737 474463669270203696
634705774580543425 634705775456866385
82540761894923605 82540762744062104
838233527290741511 838233527576643757
270664461221446012 270664461314622325
187233808395768934 187233808453333103
552826734716707171 552826735120171099
254493255417588417 254493255844432167
975480180741699593 975480181084322530
957307567779260 957307632535420
147163933593504277 147163934186452804
838311523091245125 838311523896581152
914495109950910825 914495110480061234
288885925078682508 288885925283421251
841544419843328123 841544420144642522
933579598122160827 933579598272274210
963510783947912384 963510784183064450
656965756371052347 656965756535547735
27328185136058747 27328185137403027
530005155603303096 530005155889998896
727676669001168579 727676669157198595
902705471963439386 902705472469225159
711712575638877835 711712576401739552
855979099090078780 855979099185295366
618021786307181710 618021787031833959
354165615496253434 354165616209409873
922280323966294279 922280324856156685
753678309766860100 753678309777424573
230815453774318845 230815453791883214
937355614128164453 937355614213402014
652126988384845770 652126989019548053
50574009404660640 50574010076578824
844425896228680846 844425896753974646
594645226747479656 594645227413947470
12463829520973108 12463829985246731
307431161617795476 307431162227788436
269812440428541559 269812441141289144
687666092533500343 687666092972965423
395601854952132928 395601855615641357
145177613577178337 145177613790589494
649313439342854106 649313439953773505
425096455279992396 425096456146199391
392850067885399249 392850068169842796
813556254088806605 813556254670354220
623944703646136134 623944703835334537
414171861601907238 414171862249127645
211077232120188575 211077232960608678
373936547942522055 373936547993299417
951639514239695496 951639514885489365
97025738038411049 97025739034169038
317792940927110448 317792941849197287
831932090874838207 831932091083600948
354392879555095272 354392880281438350
504940725415831098 504940725647939621
218940650015279742 218940650899206271
808091091496103491 808091092423598807
651993038789790406 651993039090677912
972050581058710913 972050581077136837
573802233199250086 573802234160249273
56651990916817784 56651991671963842
125497437380630420 125497438320548703
13577768673716542 13577768775168827
982396595868708768 982396596559664717
423094587986712779 423094588714265612
230138253751296598 230138253858721514
199579743493327606 199579743983338971
488554736482233153 488554736543126206
196407641214170421 196407641649302696
217701501624040382 217701502586942179
155505896311221911 155505897295239321
849600213425644470 849600214150317708
183084319971411429 183084320877049544
606599582397194531 606599583123183835
402891013347296395 402891014146555477
950027258012882170 950027258185618298
622902677777671515 622902678444282608
327665626989363208 327665627222442348
762789463618015814 762789464473375512
733365516218331029 733365516966740174
334449900500055573 334449901300535163
922525468466723453 922525469260270440
767175080961584797 767175081610145227
952856904195818653 952856904975747740
193958554770377202 193958555659640613
421112027753329286 421112027903360510
47285169152532655 47285169172145909
305796566752415719 305796566934792194
824220188877410180 824220189411164583
495041651515983326 495041651616789614
463983310703097334 463983311008058383
144527506876572950 144527507275129428
941026265717466994 941026265773756898
998714175140562298 998714175862418990
238076307745324078 238076308692769273
551461849141903691 551461850095440224
51992869865542418 51992870205346142
608310176499002846 608310177467798312
549523831290756785 549523831858068468
870377857525665913 870377857873167459
756683792217184387 756683792868148340
110357305382351054 110357306137788369
378184581586210673 378184582251381677
996752290619559966 996752290912762140
956088714051788214 956088714446848999
767931687786130882 767931688343291303
473456825043869377 473456825128255420
782728819237044417 782728819634877527
821148425997111827 821148426011847715
146505010830624313 146505011052336077
175759506164473194 175759506718787718
282835870289737459 282835870893676029
203607895994205984 203607896951858660
566774578704229073 566774579332776327
640565885490113562 640565885784714809
819570824347326112 819570825221032275
846962632185382173 846962632473785238
946307125817329066 946307126099060308
176315077129639485 176315077458767969
251794666942038700 251794667280960282
61522904409652244 61522904431127092
457291802248451590 457291802638323901
81489482103905675 81489482470918534
813805712370299107 813805713350731049
996591172051105814 996591172155798664
913719629711391344 913719630465909063
290219487688359159 290219487817924994
77939285115849197 77939285337756087
633196315454439118 633196315651307526
514380986229626043 514380986476153647
303876358183642233 303876359167259247
187510819386513230 187510819859559242
863699451606406345 863699452080071244
95387501630590628 95387501687607371
711048108423580964 711048108953738515
671380250192202012 671380250737939933
52100189817192215 52100190234532809
474127944921828235 474127945356677488
289421234935354637 289421235625710127
739643808294422525 739643808869178824
208300752671158885 208300753072890714
585505290184786846 585505290555241194
936735763811839797 936735764109141762
158980423562700268 158980423862108405
559072481592301584 559072482187212672
965625276881616606 965625277236025575
770826914617580785 770826914653418232
777215700583456541 777215700912103220
669980577267760380 669980577366874665
634380046121589721 634380046607878005
444607369630431274 444607369694830857
566785292804590434 566785293502661151
261509933570145712 261509933813836734
244254381255411332 244254382018488932
136444716954326823 136444717741363223
754575262217149417 754575262867074731
494915872063002363 494915872203874734
145741108924212010 145741109769219467
976770047028343406 976770047244954925
898731045318743703 898731045824296684
263853970232918834 263853970509375763
825847104974590931 825847105754920299
959260647162708369 959260647961665996
91242687731056379 91242688614451156
706869504041799689 706869504774987514
435002661194281014 435002661450693876
917876134470054405 917876134996108706
642796863931596883 642796864148384867
63449429616872588 63449429773867195
282434355649121420 282434355915800424
961668187402429895 961668187699387560
227953902249810618 227953902489387760
601886252208832722 601886252698250595
910683144804018671 910683144840439182
464510011401912002 464510012168577109
358834095971426238 358834096435084175
254769744636471553 254769745449335070
490418910361284046 490418910896834386
398725585830739709 398725586458834433
562523600364003179 562523601111997130
262517070666961487 262517071328602147
154601957068545112 154601957969580141
455755180528628243 455755181112535476
724909046477804209 724909046718132955
442690436534675939 442690437390862889
895484477563740610 895484478035237072
925275298365530376 925275298777680220
898323036222165281 898323036926237891
140985846524314370 140985847363122796
701509036696625990 701509037146626906
303112953151984189 303112953355468596
56093070345147419 56093071026650266
537784035030246779 537784035404188077
509699647085331778 509699647910249288
247787493598619777 247787494002844488
406592109289318489 406592110229465246
298399788329559314 298399788904315714
58601339281308795 58601339944732232
123332395552485108 123332395593271895
333983572635814184 333983573025090801
496773388490174706 496773389146687652
371910640782889373 371910641506157867
220439447479292111 220439448287320220
721462137685274174 721462138356556410
677056568236555599 677056568773350608
686540311587768123 686540311611185367
359652872420464387 359652873054508181
286506790759750194 286506791756506513
509640219936902033 509640220260104842
288782513212627716 288782513760118671
14746665607022511 14746666518910961
251698602140926634 251698602982316396
411564484812616656 411564485221368252
704118880737033961 704118881725750127
509707386678983080 509707387448964372
227865669239887145 227865669798412046
739219739651241182 739219740173561872
4435785509840537 4435785684983803
885982850046960827 885982850896174155
335343087963091378 335343088550880911
134816414249498607 134816414438065504
381372308431068630 381372308744475818
192120843547601552 192120843757680809
748099979288516100 748099979291334072
354247283594071631 354247284048169535
664893032213838086 664893032384635146
153583752691685420 153583753482585274
495792585508178763 495792586263970469
396141556296865179 396141556728886052
903737156851181805 903737157537278067
522372278625467418 522372279570138259
350241430209116463 350241430354271880
285061044811427586 285061045286958132
88415998135558269 88415998967307403
270840063586848668 270840063972072153
682149134948958986 682149135827612002
935667052050505579 935667052074920138
187373916170178016 187373917142527472
684533815509376575 684533816096907170
452625054971580576 452625055358552902
528751280885744326 528751281002444845
335090991792583442 335090992438296589
356598025290026755 356598025364201002
884755543817911184 884755544699521332
976531036518673421 976531036899010198
886982465003122363 886982465681624113
392681900691714943 392681901342927308
705427293554195998 705427293937607634
17886425917856754 17886426822051959
80952622640666638 80952622930675519
397678768196597394 397678768865246722
61558255858708628 61558256408114018
945528804979302879 945528805086572533
196700443356605365 196700443422267819
461279239387158361 461279240173847139
544891162044848206 544891162508783427
429969596874251987 429969597472630515
820288936123758533 820288936396657887
890045034192074017 890045034946289696
551831002894882963 551831003490524283
468527785846542728 468527785911647104
451746102241118393 451746102470168681
667112362053022368 667112362438189846
472407691869974287 472407691920996955
172956639121756664 172956639384140248
482271538913469084 482271539065828700
885789268345152673 885789268755005984
138188990361025534 138188991047727147
953103622561044790 953103622579626928
650534202508123620 650534202639807257
397769795493573598 397769795917031422
393310661555873109 393310662354763326
762215945357424146 762215946238218505
616624521468118640 616624522153098888
797554493376747871 797554494201263432
564216466817560773 564216467344774584
508868716352191766 508868716719681016
492644272793932363 492644273087657833
472277092298743850 472277093269789533
423298423417038283 423298424250990133
359040427255187957 359040427724162870
246276043772331191 246276044094088333
356098715797747416 356098716669553283
305734525304167655 305734525560054258
844913601979661004 844913602637970864
206145454046292106 206145454890576133
934584856732793819 934584856832900649
888818427808829370 888818428644265425
352260484952903978 352260485910507060
607568930802517063 607568931585312287
349819907085664128 349819907142721436
531183395736683760 531183396148388082
745676633077697486 745676633634979772
226630408820924189 226630409551609206
426713905175669243 426713905514097411
150102315841385547 150102316799606698
407846496603639607 407846497274902728
222192324871677564 222192325225587094
241434198030413048 241434198552769951
612234220339908719 612234221288893258
170663400193619074 170663401161040065
17195139249950638 17195139962139839
62711063822412894 62711064425794093
555238313626846738 555238314559833654
952248960921730576 952248961738167834
650337819468262086 650337819761118888
590171586480391446 590171586690195391
601873258602412490 601873258811206210
955993960654302456 955993960937844733
542656528895608758 542656529326641436
757766842236661807 757766842876377497
373902864275322797 373902864380485208
636374087834004661 636374088385502485
819868718361856232 819868718456890487
81166323713355759 81166324510270543
496773839875350394 496773840806310429
357184004885817892 357184005598294744
892514727223809624 892514727968584310
504008653898112879 504008654354457641
307925115891057852 307925116003818353
882645877092939368 882645877390967013
675083809956492269 675083810884956201
846788986668991488 846788986966553525
572918396921045619 572918397510182316
96478951518932914 96478952211973358
798427127559655919 798427127720743787
546779741971834679 546779742695234233
408909577455837961 408909577877092799
218655871669052070 218655871867309213
256293089350313446 256293090207692070
59411331818248420 59411332177804752
497254563283112319 497254563412589474
604237764019025236 604237764384421240
930095874932575206 930095875364130505
657313207531150813 657313208458613167
388166525006142762 388166525893725264
264552984253969160 264552985111993654
896968435571855684 896968435601943595
322060892421818801 322060893031775552
730831224721323594 730831225344665270
465154773822733061 465154774410387108
280486350526637995 280486351483900800
965151221200750310 965151221970648692
732744629532999768 732744630231129668
609496736877066004 609496736994069379
770468724971012511 770468725637419864
77751619819823338 77751620129816972
860761101155215398 860761101325922252
945969527678490541 945969528363747633
697527683541735081 697527683685389535
295526321070001618 295526321828884985
689776389970942260 689776390317393921
895343776212815066 895343776426871660
662196723982149903 662196724640017206
256102726777503298 256102727264306484
673870596660929411 673870596714088968
169251806591614264 169251807205038176
23452636085106831 23452636470032197
558860352156457073 558860352317914378
904331358516988984 904331359055663065
139630339184815930 139630340068946818
593258606871823059 593258607671476945
60428539321183228 60428539820617894
132589328607446581 132589328652877359
757812491108027191 757812492061110105
562217483126645295 562217483522133601
549612283513777746 549612284371475916
233873016222214954 233873016677947423
522222955855439591 522222956168093566
409180187907774542 409180188865639630
496184340343648243 496184340762441714
557184304046882529 557184304213810667
190587668759584766 190587669688055866
770328209764137103 770328210743742337
702761561640360786 702761562489200509
426760671908269620 426760672892724290
564753727808239788 564753727943547074
654300617659343569 654300618432118163
95647458284914868 95647458577394375
49193432027860507 49193432421363185
326302461749208907 326302462562683857
660875142666218350 660875143357384027
92404231700546858 92404232241566933
681478250141746951 681478250808416777
139585662595488454 139585662747122073
813116551755008873 813116552249613120
446737438752633810 446737439108560289
71264847541299616 71264848436359294
346181415035108519 346181415918104546
548856429222928694 548856429865922712
955539902133851578 955539902579924753
86097985367500189 86097985779481029
715163151316043423 715163152288842496
774362505751538717 774362505847458813
343715687351829381 343715687616171141
496454792715941792 496454793673095243
689229300664069955 689229301559948894
630452456061693818 630452456818931923
250562939635016760 250562940186127857
132531065196784249 132531065494566831
983991338417140772 983991338573984716
140868192777401711 140868193080356963
318354187714830498 318354188126223244
260810601261020767 260810601332199161
143949790485692540 143949790868732997
644557035801486139 644557036565575300
141527769845065847 141527769900399536
382907689265851731 382907689932713596
398227008605804059 398227009508225803
127559529864198198 127559530266319247
313795843785755076 313795844740385220
409323536317895196 409323536545913729
372646565853664867 372646566799485009
676061981500881977 676061982155464718
911006209433646895 911006209477580251
74472910706869106 74472911470915982
589166269017400245 589166269490150904
867079428035022960 867079428431181314
989563354386789667 989563355077293914
889540963657060341 889540964068257972
360167856094153152 360167856978890524
809733479341464185 809733479533600357
157150685633546698 157150686276708477
109690182515598229 109690183182046133
628503454619494058 628503455582479753
703944378284831869 703944378895271721
693532493806888964 693532493938007734
724847085390179442 724847086328457464
142255200179210245 142255200247801711
427978757707308220 427978757759778514
141405990777759050 141405991116388375
725511915011275673 725511915240241525
945257456527413267 945257456642604057
45610327863688057 45610327928325658
973326278304979270 973326279043571117
871376049432570481 871376049790207571
651520603165954972 651520603898439162
486883904709191289 486883905126688029
308669706882401585 308669707167522897
76964740292319989 76964740520315268
595080868338664500 595080868393733958
2788716570178992 2788716740159906
542193024100284766 542193024769031542
581021595060489806 581021595976885164
582096378107975496 582096378804102847
384824695692719010 384824696129108188
786595148248115676 786595148659907311
215754829439605002 215754830045412352
133693833928010520 133693834409159228
300529982435167205 300529983274956355
638334118477532302 638334119365891876
920397722706841657 920397723548197172
178071387161618134 178071387809784212
555504024139847582 555504024334677381
672249977972339350 672249978433292564
234705819664891127 234705820257046327
336817202556133780 336817202655381019
244190736711463902 244190736908621359
97744272983921910 97744273162796922
268768626650875357 268768627547847224
493602986543318117 493602986837922122
291782526478644634 291782527173278542
629251089772029088 629251090177542140
43384378992079545 43384379505317877
527203685687828114 527203686317442345
650235134646893635 650235135431043256
937218479085606681 937218479772068013
444022586110146871 444022586916995136
837642927107754206 837642927298353264
63798507572392166 63798508431037485
57412548195729423 57412549085428037
174233487730788960 174233488222302680
119700947428291754 119700948391296344
644792912364523157 644792913220089881
955486824118500589 955486824754333203
292525571957897424 292525572295460257
530439226153261315 530439226454814331
569476101747905272 569476102554877756
846027044571891294 846027045567173463
833612512826429811 833612513428186415
907828733067917467 907828733590431367
99162653005990318 99162653071839446
898040309002817617 898040309464365400
107807106139672930 107807106932425911
735151522340679524 735151523071099983
747427725858018726 747427726372770803
487441153213287617 487441153316296889
15600891922745859 15600892145294344
313932213278519351 313932213886574098
667319176250703039 667319176964777749
860344615220190209 860344615549100258
749210500304305271 749210501302575069
150398532442729064 150398533260590291
626692570290394694 626692571134463923
689310555022594487 689310555044515301
379319661863654347 379319662719474763
625916004128829063 625916004369211445
991848255503505554 991848255539802675
133017532914871083 133017533156991666
48250766690599732 48250767015674209
646988233061221584 646988233753011529
228625522430240990 228625523179183910
344076571993592988 344076572421074325
389299826569020354 389299826742221623
169454202767824827 169454202977246580
960871684723035467 960871685722000666
491235153299905515 491235153846339563
821005375745092859 821005376356546770
35385492232695171 35385492348991400
948539155576369492 948539155894992352
125890755009450447 125890755133264373
313977988604566206 313977989353278042
493520120563686057 493520121083263586
748335634486531178 748335635161072616
340239094618348549 340239094779853161
767574123133590815 767574123531558115
922570115895147144 922570116139182503
432561321353695758 432561322270911994
206869632082102128 206869632914528276
594298642731456048 594298643342874171
4166179894324300 4166180182383521
433708849383515422 433708850154377474
45394081781705723 45394082345400241
137546216736676706 137546217731927412
260118682692776556 260118683311200595
601045307934699320 601045308623338178
939753407773745808 939753408523223013
78733569985511659 78733570215963541
649893400246368057 649893400492068496
714902631459797764 714902631917734309
492089590849975847 492089591040057216
317685281924662888 317685282100817899
492396217037926989 492396217886759671
552630086810061382 552630086816996038
273000962083026683 273000962965734765
47444076951442603 47444077278448519
299978701220007816 299978701241400189
243327443480874010 243327443844440521
7359480307434769 7359481015746957
546872367743756641 546872367855235803
702468525571146632 702468525810275350
358868680323172095 358868681148144002
485556366330552837 485556366705449564
700494108247647597 700494108337024019
503097484355274235 503097484516686477
620601558015156335 620601558830462806
700983626014003041 700983626657448077
243955042031497585 243955042366064809
850218957590470820 850218958438291335
704054711231744565 704054712024458769
388289835757893377 388289836532352501
639472943420992110 639472943996156416
507351676735029272 507351677236814353
952601309455503461 952601309905541992
874230400846791554 874230401646551017
601500288173217848 601500288294970718
41216347963322624 41216348205237202
573906076922519360 573906077290393402
806699237258525509 806699237625000943
304524305606430006 304524305921808664
759797681593613181 759797682437900770
467413772560170465 467413772702555719
697345609946863175 697345610515877257
775087571927722298 775087572792472229
395346975543370737 395346975897836660
228456177523845929 228456177598201542
834336649409672565 834336649836045023
337991545012083890 337991545437960753
929972852058464935 929972852340498287
424335457405790358 424335458389052416
790068954240223299 790068954738234171
791761089120400056 791761089217611130
449761109386012390 449761110217496494
980305127205263034 980305127465091629
449106656371429225 449106657021506323
328154184895965875 328154185832160189
353280944646811769 353280945495493665
590356674240536363 590356675055373249
691227809533018696 691227809963600812
69131975511218948 69131975547434705
916609214506728791 916609214727028619
102909089349105531 102909090314179462
563595034657097252 563595034751089012
885511333593284597 885511333792603363
31044063794579648 31044064733892391
951854029323660659 951854030208457773
721757836110388634 721757836700041382
467199989109146596 467199989916011877
490286400181543083 490286400952694221
234613592642745259 234613592966300057
518045195369978062 518045195726481317
442837928677074075 442837929431511176
560761858576091192 560761859354329859
757320233920142230 757320234056301228
618608455322935399 618608456199611374
146398100326373213 146398100641299178
104417390747178136 104417391184405575
712009547334731255 712009547386218524
57121238136982492 57121238314192514
27114252679765855 27114253161415797
352179106150738500 352179106543487670
694071472099049444 694071472551471659
960363374955813663 960363375630685033
697577138267015262 697577138394368731
499451446330020363 499451446712934599
255673269725743194 255673270339005509
655410483813495578 655410484667812762
614674731914983829 614674732529997928
197000868857456727 197000869118110555
16045168504094722 16045169282592790
430570189419325383 430570189560401444
924788081676043967 924788082411004265
207517038701963433 207517039597051845
387005285238152936 387005286039925807
805529059437188194 805529059941063713
645685386874172440 645685387218529326
674778411808383143 674778411869333176
746050711404625112 746050712378116971
813348292943583693 813348293385890529
750075247321571456 750075247526121262
220573417765985539 220573418606058162
949176459498928104 949176459920557959
770770746296865678 770770747174454638
1720334847938548 1720335363443114
159038778577795308 159038779280001325
913348416043371124 913348416866435685
868152893636723040 868152893834123279
423252348805934690 423252349776465835
979975217961622743 979975218048279641
883618639610169044 883618640565356331
239985733405617121 239985734212663696
772204740382150709 772204741192550571
431145271204311736 431145271932544103
860254873998312219 860254874246673387
395945513181794064 395945513657433636
229235503108695514 229235503163477304
587538246323327917 587538247156211994
487895826789795102 487895827339660282
470568893610718122 470568893734036520
36611686786831538 36611687166206893
688820239241730439 688820239785877047
642491205427112149 642491206185958810
829612569002008720 829612569503460311
170017775545157122 170017776526804744
812504234388726408 812504234490876031
829108386393528363 829108387041439376
877575696569710908 877575697562226726
870137305398858187 870137305575758715
481123006515545653 481123007221627312
460131181831968482 460131182523638595
93862378153651366 93862378597349485
56291552498827969 56291552837343047
447199515229638782 447199515691033722
834482857301062801 834482857919731742
533422578442783982 533422579201348265
282080931239554128 282080931877891955
771504597297587886 771504597635471621
13394687251623248 13394688161057110
363973092594565196 363973092826743262
296604517778616002 296604518383684533
508936749551571428 508936750280367969
372402498311942914 372402499160486239
349048375165057004 349048375327636519
305399128524060649 305399129162214964
327896584990263222 327896585379565919
558603334083351738 558603334527527267
148423002004228779 148423002484438875
105277975099053090 105277975753805693
573355269357928512 573355269750514795
945259763669712204 945259764260742613
309434102267687264 309434102499737777
116940344625231826 116940344968647764
138179122682711967 138179122730306073
526350471567560421 526350472172558047
328848482218892771 328848483053808051
913028368251529204 913028368589529807
568312350475962714 568312351025285542
693910326032137677 693910326354129896
938259887260615165 938259887659694852
686726727510275215 686726728186779784
557671216112815538 557671216118181023
462858325222891517 462858325756834597
433899422299743090 433899423233620018
383297970774064209 383297971145369451
689079291722786638 689079292695017067
807124570163085891 807124570182892201
225317039845548896 225317040016087101
182224402488821568 182224403159815278
892847827204380189 892847827516339984
487098537484657788 487098538001398088
923157478884632054 923157479546130496
630556932736175191 630556933164526190
133795700155335390 133795700901869643
520649892445739774 520649893367816506
565532851706017365 565532851889275052
583625411643873140 583625412049519706
649444943255086846 649444943960178959
474268714160967989 474268715014792153
815280880710921781 815280881081855042
807750622131806037 807750622764648658
186867655956962771 186867656129417751
740151708874445643 740151709825709341
123443718523285843 123443718768451944
282879552178648080 282879553019547159
337550942670603607 337550943012451835
688082571092599814 688082571124486099
209026319122720959 209026319863261248
4430420426528323 4430420474667351
94644563492416991 94644563548548431
812556765294000981 812556766157081369
637970908944611518 637970909204192721
126229841630406112 126229841778766177
920378401245889992 920378401542361122
717995123051594870 717995123621659907
301829272199811776 301829272923086157
711605676559168855 711605677290158454
914926147186393289 914926147457334152
756854213602123097 756854214346151927
215995408617009664 215995409486182652
710433280173946468 710433281070682330
109566938047465337 109566938456125957
557864943702411401 557864944105924125
884381155971900046 884381156238888890
653981882148800279 653981883114896209
519739129496370834 519739129669313979
918871981974580301 918871982140806275
690260338773037510 690260339601073377
971018354217054085 971018354612295603
778018336908708409 778018337618484510
581613062043336710 581613062244513368
371102393536230951 371102393746348577
222354767050933177 222354767962575912
303491945229327512 303491946116473238
501844681231517726 501844681488642481
950116655276803055 950116656245984728
724760850946336990 724760851233813259
551530827827800247 551530828383607645
105959051359616864 105959051424223581
1387315319752185 1387316244158792
258591552460361160 258591552996467724
19105937882121366 19105938383518477
690731239620871897 690731240245416263
888606199978656596 888606200571087337
533229284029704769 533229284301761607
471659769597399341 471659769745656046
348232147602948038 348232148503151515
528374379524426854 528374379705833135
570932137204563442 570932137577862950
954295888029870757 954295888822736406
858003236206318643 858003236507889536
388414739690225058 388414739858431763
609279490240511135 609279491146348096
506986086535705126 506986086540187166
475274213758870383 475274214184553289
533811239821199367 533811240511134481
452709250489798657 452709251291223553
463333099152217204 463333099831724509
900746701070821451 900746701465917442
937410748675288602 937410749319154955
106335812104847151 106335812571501289
946266341529717367 946266341565343040
696128081592878620 696128082007162195
402566035525824554 402566036166885186
733339393166310388 733339393495413124
791173320411165381 791173320994439742
967303113680458604 967303113710557302
475118371177350470 475118372152622759
161578537140258043 161578537473998249
775272626870064858 775272627166357393
360710021771760232 360710021802116869
674151249026583884 674151249270735217
717887188756605920 717887189286474469
586982224795205461 586982225071053292
267026610355453227 267026610891092159
25187038832818750 25187039149873999
891811577596003327 891811578390474545
798125300572982551 798125301250643431
548240195890541201 548240196882374795
231272096192318364 231272096866517925
508733286308889334 508733287186637380
781038748479981662 781038748938783665
358908085709316261 358908086242495128
711467859056576322 711467859315961965
25990452147755316 25990452962439254
607438541085316364 607438541875800035
941271611177343008 941271611571549712
304507780709950730 304507780717100197
381682154038060344 381682154181443822
342955875469700550 342955876293052035
205416054269453109 205416054664972209
503396573301394367 503396573841191942
30333242435563461 30333243033242768
57614918209541090 57614918338217688
772786163727750778 772786163952948229
342234128826312801 342234128857387783
286798227568283848 286798228205734373
423528313350020656 423528313635825837
590606826909012440 590606827845359762
370567728097973397 370567728973763044
336161746626409240 336161747571821164
917320510931292446 917320511146614200
223631775240315942 223631775332454378
635356127128396504 635356127590252489
679015469790772579 679015470405833149
833494597167517360 833494597907234045
420305716318999034 420305716559673907
793888853147741481 793888853202291297
190273650292284219 190273650726739719
188780194660758312 188780195195663846
416122903686975029 416122904297077822
14345409480721676 14345409842314783
387568964921450460 387568965572854191
737731270408336164 737731270896562122
831354904470100242 831354904906090651
461603633253398556 461603633290236764
113422294502438602 113422295425897050
324674345236733733 324674346175652174
707424834922523176 707424835010220364
111112927172938070 111112927903970638
364253611343299742 364253611942114180
813574403821958466 813574404594735752
604157133873717601 604157134650971133
346999082907376967 346999083162788510
995890815122093701 995890815498259712
999333474517778166 999333474934118499
933196957088997215 933196957997935226
285861222661015177 285861222982937194
522383361109323673 522383361116882853
811661934274835923 811661935085087017
221527590352530414 221527590861713174
937611807485767263 937611807894064301
665979992803764599 665979993707069401
547929247609779747 547929248112897322
898373668999597758 898373669168099351
541979862390584783 541979862623537583
87571435332938077 87571435905560744
983254741453505419 983254741533005936
848368853090779938 848368853584114494
300123264357771015 300123264738349612
696899160157755297 696899160503926446
316219278644470166 316219279458059020
231407661674172845 231407662213553532
191827783663757399 191827784632490025
358228047407790644 358228047746325990
549300722210706607 549300722319121723
678175472107953887 678175472661498764
247481857756050573 247481858555438624
253356347481264609 253356347771908587
973119766259785659 973119766448226500
159501440859270006 159501441397376607
855450831281752869 855450831435810398
297190821099045967 297190821584445538
799501433679200672 799501434570055387
881765918552665920 881765919160104599
130964381563476996 130964382216422103
628772776138730774 628772776621451528
956870386074308395 956870386186557372
642672681958471028 642672682906891943
179876617987558155 179876618090584562
135321603180722754 135321604141372746
946912411214099975 946912411560955971
252663286131390275 252663286717521431
36454805843713301 36454806451086896
571000687865412864 571000688735446963
484924247852493981 484924248621762808
424547776113809239 424547777036691552
248258859283877585 248258859583750578
217129155439975679 217129155513506109
485862637944901583 485862638065321321
884542007677983222 884542008656960003
605569038966340421 605569039313352091
160708015936829166 160708016810830059
395582856288527381 395582856473142147
949427531642040627 949427532428951673
180159004254457061 180159005213473109
249338220382802515 249338221144781400
706437133405493391 706437133892162116
330349385219966 330350290613092
393583237567885528 393583237666417238
879502636703435212 879502636878537041
374927033554445162 374927033611922746
213552021682207908 213552022547310856
176444925084168394 176444925609450513
369820513663390552 369820514567185157
401207143523755772 401207143599864186
644230070503817028 644230071299146120
498553690809084229 498553691205317279
583754440779965933 583754441386214752
76904921233766656 76904921933362597
768392854447439856 768392855162966094
786549217765117360 786549218028419395
953185262854920713 953185263785834411
598526622529253261 598526623057544566
268229875070662244 268229876034821340
803586166000653705 803586166100867973
449953403335798845 449953403390400587
412856338601309314 412856339369188110
112931125219265676 112931125785752948
520953874342990913 520953874952905733
416772798151387572 416772798793432220
58443590409337664 58443590798761745
859382246381836589 859382247055456001
14194307129404623 14194307863147435
938464825577279917 938464826004248981
235037217683047331 235037218669368992
368392147601819927 368392147860322022
296048266171479394 296048266359783410
389238845423777538 389238845596463096
240480024150221192 240480025003842875
187676221934861917 187676222243345401
503075502647506327 503075502908207691
45343963360258737 45343963729185966
11905699196462700 11905699381958981
15886666337223004 15886666631545034
852511881765929299 852511881789931281
157711865414949931 157711865856414329
978897636075106415 978897636199268262
211777416125442512 211777416899443604
48463326373199382 48463326615364062
146459081655314285 146459082155201585
37669224422368642 37669225351387104
829879945081873418 829879945949394620
931484329545254682 931484329564632223
192640485532960471 192640486136680404
937885042662741746 937885042876573927
499262375510589367 499262375951668723
836521517640083078 836521518349430278
606207220907815900 606207221245596840
596602656003995941 596602656629244642
26413405476677414 26413405597143133
1540824941179826 1540825567882826
550067722733383488 550067723265246870
517251570493292458 517251571457484394
183223229342670389 183223230340033462
298169176636077868 298169176970641339
725748005509640343 725748006328623262
246182585015986285 246182585608057646
263108231837786015 263108232738487599
379226118713798005 379226119378107359
104443038680330786 104443038819236453
39200662226736905 39200662609761244
669630708949180728 669630709339771221
619674828432621030 619674829151958800
688935607449191262 688935607696549343
265304028380114994 265304029150732161
825782739035631896 825782739532414623
887526016671637638 887526016736385786
666254819306453485 666254819981009769
50245092395153834 50245092951050771
329440861388967070 329440862160231848
59623931904531068 59623932006294637
553854573939182144 553854574190641155
950877490528515416 950877491312781838
359546950821974181 359546951173661562
985259468694623429 985259468991736179
919332039117810206 919332039800086744
244144036180336965 244144036777435076
872264001747080197 872264002554885796
823908734260647023 823908734920880230
984034576938648605 984034577162047502
771108502050541264 771108502353703536
66907141506963949 66907141727512115
820998803224795400 820998803402947620
350613385204690439 350613385674107915
736900493101998377 736900493858260968
334325235653536362 334325236259247123
284708394513384877 284708395153433571
118299567118659717 118299567707111971
697852945750247513 697852946557979749
773603483525099160 773603484192787519
879458315161272242 879458315936068157
746958207345826653 746958208062743732
482572140029728263 482572140723222773
253721019223136096 253721019432238191
9174895311410527 9174895506574789
184365192728181097 184365193013445404
101384417862698056 101384418761853585
888862497640244264 888862498355811177
204702056640599927 204702056978552974
525377158602939441 525377159571212900
903168789011563588 903168789810548818
179782965456931416 179782965991969762
391730987179652961 391730987478465899
567151560582814950 567151561090580590
977562376307197562 977562376911920202
429911261095262221 429911261627799915
46845817839745402 46845817972443186
211841416136614806 211841416516083656
222353605707161920 222353606047153770
183215498299717374 183215498934789728
81620907166651450 81620908020123100
5927696161101209 5927696255666398
400925321062701797 400925321149577600
282416804965120220 282416805885702835
596969655902024529 596969656292422128
246695936180168946 246695936682524095
962997014583017774 962997014940830680
4642730679076850 4642730690906679
674204869558488984 674204869596651229
249922518766148419 249922518911652561
723192105848233887 723192106355705721
403826816281774191 403826816853842299
847176032128464415 847176032316411415
899742299453675178 899742299554876695
41231426209463568 41231427018705084
118327659309583777 118327659997815337
390784514098734103 390784514592124727
570858102892690367 570858103578190119
274686152056376372 274686152525791102
805781934170712794 805781934212476848
247830704643143218 247830705224947367
363284423502037336 363284424369985552
357148849863589878 357148850393727053
178695378325220661 178695378432566149
550963964900893855 550963965425706964
955266242083768470 955266242530505416
988283997777260489 988283997957784796
530531032450887958 530531032927734588
809042932200832906 809042933187743854
145908769428683811 145908769438385656
358959210915465505 358959211080553069
728480687839392998 728480688109368127
66142006332977889 66142006547877244
539054849643315950 539054850106646862
116205607240239944 116205607865926554
135456897720984409 135456898549656558
750646148535080912 750646149397486504
389070935931627761 389070936470304608
843617588952416879 843617589165546158
381285488491441144 381285489225305746
207928303599682603 207928303709589106
226446004299436261 226446004371229065
88679377015990060 88679377585352090
136769130686019782 136769131296267384
60948102380793317 60948102767110526
917208581669329094 917208581911166707
864467187639266814 864467188210015836
274341692809907368 274341693332655893
560495233545631808 560495234365349496
13211673550857085 13211673749920123
916372943041522837 916372943394115892
816114287503378209 816114288475400587
724890349978671248 724890350313836478
240320243607298199 240320244499635279
576396581523656095 576396581731697425
457032775693054316 457032776690346418
238677296554054634 238677296768549161
450145725083929676 450145725768441172
263706819451406521 263706820417057812
104631337922665245 104631338825480826
739770915943922327 739770916391449568
393442526182879740 393442527139102689
171846138638309460 171846139387438267
63161555186873649 63161555366138313
707255506843335037 707255507334523975
945651165687129863 945651166017146439
30188943470908022 30188944024179027
514906141156806261 514906141162263972
865081371743874794 865081372304265064
674844677114830858 674844677652901373
890879297281545153 890879297668317739
35847138163409142 35847138518659721
17054084499585837 17054085470560483
760813516683737709 760813517403605489
587052602167496198 587052602984600747
594534926491550364 594534927460168007
430808237302916214 430808237532997051
419050883544325699 419050884230650136
891118641817864636 891118641943348956
360494068473658728 360494069362744616
437319111321212434 437319111498522682
397812544283120414 397812544457928406
496583947154238897 496583947443236527
365947055457822224 365947055553592985
323917057505028690 323917057743718725
226452078015347412 226452078135225304
339353108324041065 339353108961442611
292384072445160409 292384072855644277
604984142597371703 604984142998474244
66621029627050819 66621029987588107
753281451276047757 753281452021940678
698397141435219967 698397141503342260
316590869158934955 316590869164520869
121092994954915867 121092995697437729
597172655872282309 597172656344436836
603981379609343346 603981380196022149
723737683930045207 723737684034142497
992516639812290787 992516640775619251
518622536500055437 518622536875951967
475448213377408881 475448214051063089
230937223357640344 230937223554507423
733917257585230467 733917257628247463
558474647007586959 558474647035465017
751070121297941649 751070122263104725
161106019886301400 161106020157292121
298823139903404284 298823140590985268
266483687190058656 266483687695428268
782430233070192589 782430233996104470
975103752287327791 975103753063197685
172617945453680886 172617945697652111
608832872773947119 608832873353036393
47004540088621848 47004540876309917
261291591645169158 261291592536534434
758097986113656101 758097987065418983
879812232453402683 879812232786150387
125166758471192061 125166758615166400
343425623018366415 343425623217325324
104600583371130770 104600584184163854
644757104135823394 644757104633866329
595545098806326361 595545099395480742
748784419466678114 748784420305381235
33423253193920557 33423254170119824
402982969983104425 402982970961325258
169703277072771229 169703277845976747
566462241459108980 566462241962811641
710786029696546294 710786030186682827
233062577895946229 233062578000098189
108812606352458929 108812606653170332
624471698131782642 624471698422938045
819445965088650606 819445965272979886
19775286889482968 19775286950197689
953221038879248308 953221039462210197
989645918330282788 989645919062501784
139317939588371057 139317940314567469
878953786686446697 878953786838044419
650019903770726798 650019904081497013
272464425824180989 272464426638004564
785803961961671538 785803962781643238
181252283791784638 181252284781369722
191448995085429492 191448995925632647
658358387925689945 658358388616634197
621440974417145584 621440974656940880
501890746395871243 501890746883651060
783252506919895939 783252507335033710
393653537556679084 393653537880129805
802655800502178930 802655801248389705
987713928704335957 987713929643909868
772395104159710176 772395104856924146
35554384212022545 35554384557402672
982662842880830385 982662843862020578
742415928530305484 742415929255189534
446925278686210804 446925279572994639
559538202666282245 559538203662673647
62214507562426196 62214508447587171
846650706294035346 846650707047675634
392124084971051847 392124085591688944
252224784944739176 252224785011588213
894603080164089259 894603081103776765
264064212407607733 264064213182201041
959789905654526217 959789906121932308
133116545851803485 133116546091358103
851414430981231465 851414431539062356
260517333858506130 260517334099202063
866002593079277110 866002593372232400
89541843951155796 89541844128527393
428433352879143017 428433353673614411
519339545246235172 519339545674755768
441293420773003608 441293421662708055
509602947176489661 509602947234096319
547027816610712935 547027816801316989
338562625454153917 338562625551980552
363764529129353210 363764529378290126
346632029889459410 346632029924425160
201839906288300985 201839906847864205
913606942379831464 913606943128990645
695369260141429324 695369260544028019
266533765003367031 266533765498159537
518910358317188591 518910359110027113
213261987902676614 213261988625248057
996504697489988585 996504697616691105
40657349409632150 40657350254577945
481996908747993873 481996909516049795
386777346399600590 386777347329230285
389905459939058345 389905460324686451
174228283169896602 174228283855339160
402807784543233654 402807784687249324
970534406782596800 970534407256709388
730496660468248948 730496660698310514
135789105971899392 135789106302046179
358954972206384992 358954972239393379
886585277783002498 886585278763882963
751400655972437831 751400656273216095
26679511390397773 26679511777495535
566406452814890520 566406453457320661
39005876594227291 39005876737471010
878215907237708818 878215907692310387
207107143978613701 207107144107370424
169291359342458733 169291360332520383
462070300479173479 462070300665045373
334030390548492681 334030390867643360
5510534721399458 5510535503603312
115503469482990630 115503470297144457
43462851809321568 43462852735777634
733098284731482035 733098285310558997
292571810257285617 292571810763795907
492401139163696306 492401140061240390
366101925234991847 366101925397623133
102685491560300865 102685492075041045
331549320142315509 331549321053373512
589291121222111383 589291121528879962
611928574468611651 611928574648291647
636222732052293101 636222732151606478
665283257667601829 665283257682937501
573609851498786054 573609852160111706
951122129961918835 951122129982176237
29461769592539032 29461769947001104
469495867834595933 469495867856332347
712855516581645758 712855516645469270
388620022237613061 388620022280523647
169269767554051254 169269768481042468
873212069170918181 873212070069829193
663493468645667897 663493468734944223
529700870478168220 529700871045164879
138621331466881497 138621332239008068
750604365535317138 750604365635419421
603521668890141515 603521669789455815
784699266551111983 784699267259565937
840386696450032483 840386696563859094
590617739804496428 590617740302387904
357207999329835649 357207999653348768
625706021104066959 625706021552999291
956214619642023017 956214620596699365
849198722413083914 849198723341915108
193055650847928731 193055651418927195
560216467516507093 560216467676797906
344349012710853181 344349013680034804
845816416017091514 845816416605180109
782895271785161932 782895272661082415
450198170916635215 450198171471961621
617643376968418127 617643377954298373
152880200837028491 152880201711155433
785291616830835570 785291617065894844
186490768635504764 186490768661683126
793500999652404137 793501000259883348
625620876624472825 625620877519914979
991111487024110477 991111487098319728
562530744151155759 562530744335735543
723761238181735256 723761238271308911
540607285758618867 540607286586951707
526519424669170703 526519425202201117
261551172923883987 261551173314530034
309947054342371394 309947054573264691
871618671542464460 871618672045424743
91898769669837647 91898769683652070
854962678470951718 854962678520121833
467640702243644996 467640702281783370
297395729445926084 297395729675280297
151211805834415128 151211806351051028
392760382164848085 392760382914682873
137265657440052476 137265657901332349
850306772931208927 850306773461506754
140492469958983649 140492470075108710
630194687420268584 630194688346590670
714526108366470561 714526108534800328
