10000
899730007 899935166
27713085 28460007
123493124 123950783
622550230 622590162
957571581 957685033
902027472 902074573
222321647 222784548
944170793 944283638
575886012 576120972
447611432 448262216
137946015 138487094
339490009 340237289
119055893 119606139
491922261 492574362
223168707 224043864
900287699 900332034
253062533 253637270
348620395 349181316
641479325 642407766
808116330 808521357
329768995 329978916
976780833 976782385
189673741 189954167
820434052 820640897
638745806 639107629
959309892 959548760
289927900 290504754
77921284 78052003
127797940 128098032
213293236 214226430
432479986 432817132
301440043 301502297
51253703 51890765
57069219 57831031
183665425 183893005
310055048 311049394
602705081 603120628
41601028 42550524
148458038 149070233
855990164 856558378
818022842 818092713
874450074 874643450
813665654 814176518
245106807 245632803
288225719 288437523
832056490 832379028
88387220 89013664
352311983 352787342
972457076 973453806
126896315 127559904
308386069 309059363
549113189 549244298
373447947 373541513
801208009 802118281
622071681 622977728
137251108 138175415
67879921 68590115
60141323 61096424
792431945 792925784
246518011 247024851
827547927 827818971
327547191 327603291
659065564 659383959
264563539 265334662
912475239 912667724
334228365 334361773
352860142 353762035
168169645 169090277
388878210 389785273
136037520 136079482
187684783 187912566
650962940 651782545
778658830 779078286
403828296 404645611
620309733 620574736
965964364 966115011
644453114 644989422
880682351 881039399
80736346 81503120
684734005 685531659
667336245 668175286
720806209 721787710
702462222 702879144
630577624 631015245
37451747 38287112
265993401 266505485
554488781 554804752
822261528 822734077
265656586 266038092
279294539 280230500
721749364 722203443
530851548 531512729
511150865 511922024
892504862 892797398
539154157 540109979
748775745 748998422
323902314 324019838
372068732 372561987
318010025 318569380
797947892 798497023
754359745 754778060
219923689 220679874
934655211 934901154
906045598 906508539
510015070 510573079
397810941 398002803
722162132 722684861
829785030 829996294
71448480 72143348
427763154 428532199
226086026 226140106
768818937 769273103
12475388 13375056
983902876 984389816
596591252 596594155
459940367 460316461
494524299 495147287
271430404 272035081
95625030 96270343
388117996 388703037
220217729 221141371
378294939 378978145
980206305 980786175
609429378 609984849
253659232 253748819
371329968 371461088
983573147 983929788
48149088 48200976
813426453 813596443
158645282 159439954
891644209 892537480
138929918 139368467
104217847 104551044
711565156 712268342
87593825 88499361
488676841 489024697
387016188 387344851
902503374 902771215
639638907 640478884
357822186 358675367
513244662 513583915
27992994 28654603
908577479 909149418
583333354 583575029
267245004 267440712
96255353 96787080
687056161 687966379
781418152 781587069
915352362 916231495
298654289 299359892
847250974 847282022
716577854 717167057
327450105 327766434
541684331 542269054
240142177 240924981
455712403 456439024
603067737 604016023
783701693 784426238
47971948 48425963
560190018 560521988
29547378 30021862
990749781 991192183
87428440 87503663
256099415 256120330
526277658 526903049
295603259 295716518
303226194 304205605
461234800 461633032
280887949 281767512
817932606 818860191
26488483 26911174
704808637 704896603
54484172 54863033
505484038 505555956
394291935 394465852
649653245 650263349
367228288 368170761
290558352 290913079
436610943 437374960
148364230 148533094
654636658 655128882
320592899 320983005
406818023 407149836
473856362 473880951
940296700 941056117
634017457 634501542
787447542 787710852
35670665 36328592
23137037 24109932
859564182 860190684
989081314 989195055
759589153 760451229
883308615 883590566
413797596 414350266
175005796 175993321
337881343 338655045
197815041 198657436
621870503 622068081
678933153 679184598
493957785 494875060
214729953 215586626
574586561 574866975
807233220 807414902
336374428 336540784
848271412 848565230
420717222 421662919
147593492 147721456
816295240 816305822
379316686 380269618
409498271 410007390
756961494 757358195
656911165 657462076
884624737 885569354
728844349 728880589
36879516 36986270
865580578 866257735
146681809 146776561
463426723 463941495
398549040 399184101
8827036 9202871
751455379 751707696
188835964 189797770
992404598 993316370
779644897 779913222
434233824 434986901
137641672 138174292
902084129 902086033
97960126 98934467
289681367 290666502
84651229 85117335
777145125 777604212
840058104 840510543
803700938 804419302
359849119 359851698
906604544 907378706
488990473 489338496
537275176 537424305
532514366 533311604
960488664 961042367
823890826 824007061
262538914 263402490
217222988 217912043
424441827 424578581
586956645 587437328
694643890 695051840
597864419 598409859
965097382 965581692
443552094 444207115
293242825 293448841
148925062 149557509
276466531 277237715
898806614 899283188
10996638 11488811
394462928 394894906
378660064 378835262
763659177 764594476
593579742 593925661
769917254 770450893
191445706 192303721
482532686 482768735
83201920 83600703
252001708 252516109
657962920 658016580
467347432 468035132
780211751 781151957
906433787 906760677
15967350 16673129
47976208 48513113
185403644 185457174
317242945 317981914
778853908 779459978
815906935 816786180
16735284 17012591
814242686 814998819
239041302 239114287
62055799 62870789
282505264 283425243
427342351 427806087
210575591 211062808
995543994 996206836
429104159 429460951
751234446 751504051
133316157 133584939
509345600 509354761
461313612 461710608
223981892 224120796
593912848 594376358
740167264 741095791
605776113 605994422
105115842 105153611
341636550 341955740
780580670 780710744
125799436 125872116
61844595 62139455
907205175 908187528
44024623 44746095
881353409 882334825
574088278 574126188
354974262 355421618
196858505 197210448
917601595 917716399
237320632 238184687
637373325 637910687
437192323 438110451
439017784 439287362
509945254 510215435
244967562 245417040
768408241 768454168
161715015 161766192
806465444 807314475
306664447 307389935
414508497 414964355
838186637 838996752
217298664 218248207
656131754 656863609
42416153 43403986
87679073 88626299
898369309 899202007
594899012 595679697
640688172 641524116
137922698 138147861
343635254 343872394
203972568 204670222
350632774 351620977
753982020 754296889
842594316 843076363
665843968 666411492
107829611 108341691
329392568 329914738
78476 369660
692604717 692927497
923518676 923530713
984171364 984589613
884784699 885062592
459709024 460315999
52933010 53446203
474160937 474265048
910317567 911245455
299136816 299501478
253837867 254176199
537166822 537231486
237400290 238022508
371678059 372276539
952958572 953551836
162501018 163489808
235030110 235465942
467696276 468094361
653966134 654221529
393005354 393695946
295730139 296270554
309260587 309538245
801754770 802618461
212357556 212364606
362646700 363030223
530431747 530522390
919148731 919647829
720197617 720349349
22576178 23374738
566607057 566813281
388769761 389054858
73049838 73927176
828493619 829414374
300760038 301551967
427606969 427746006
726199219 726484043
867407258 867557014
56685071 57116771
212135428 213058414
776651859 776927806
329223572 330196392
308910518 309135310
688193192 688773744
146387815 147348499
784608432 784969039
607492971 608271638
545964458 546834744
216082880 216501225
597699971 598206663
510169099 511133520
592807390 592811738
391201410 392016495
168327585 169240296
855020010 855650338
751473378 751904747
296277398 296931890
519118749 520004886
746372132 747278644
130211660 130929800
952808622 953572193
463992709 464706041
410493120 410822736
107406455 107654266
836882453 837258173
585597110 585792135
265709354 266130114
183529488 184481228
288850172 289167031
286353925 287303066
901650284 901661136
85076079 85737542
767683919 768330231
484437476 485225174
92036382 92388029
270225802 270994069
588243771 588328562
308884363 309720658
564709342 565498462
559566871 560555313
735947645 736841656
147339409 147871903
543567386 544238330
192848183 193576333
441209970 441502674
227503768 227814855
342915873 343373536
519043147 519961774
708201701 708545151
884764923 884831287
46738354 46922661
882271900 882728645
463194538 463244460
211450205 212204029
917767499 917828226
828152105 828713595
176303137 177198525
863290796 863658923
727168292 727460947
556168733 556298453
733663190 733744077
654094356 654627175
983170545 983361688
547877127 547899507
623400602 624234229
976769544 976803666
537161272 538110034
321165518 321872726
881450376 882407625
844795693 844820544
677443581 678255327
856196634 856890817
912921002 913522975
689352682 690172787
895835646 896064209
88972399 88986888
852592854 853501558
800477968 800851658
722899699 723174550
750580077 751306979
681731607 682194232
368806144 369197374
446538323 447204810
261700183 261930528
843969345 844576358
548258735 548324823
430249445 430840251
809502092 810067699
205738676 206615575
500845980 501360482
703946269 704864215
482408167 483317655
549844133 550719072
501901328 502632923
473906988 474523662
989246760 989664271
837653615 838548571
347396597 348095352
594664885 594890442
314242295 314417175
557670421 558036755
527533474 527845830
735147831 735499894
600815033 601026687
654370681 655137811
143713145 144213196
34233056 34761303
587112556 587585621
826010461 826621591
420321191 420666016
565285497 566048385
36770395 37243718
529180374 529401164
835263409 835753065
271842642 272109218
343563455 344270994
668978818 669384982
564226997 565200861
365854602 366113152
36672542 37055322
433879138 434219054
775593191 776203254
247199911 247689270
595784408 596325329
759747865 760542537
793957247 794944165
56694780 57316683
449925600 450636593
507332212 507365276
690647353 690881687
275405208 275524307
685436185 685831007
83763419 83959686
697031754 697356086
943141941 943979974
400633768 400911494
398960317 399649092
640554940 641549489
853689420 853804661
683325820 684324948
496460134 497259589
955130492 955800536
950262641 950548949
250692468 251079678
774308860 775072912
349172437 349473547
213186977 213725539
593007599 593495812
562644501 562950836
778765076 779557322
279943280 280554843
293221474 294075407
838477261 839133924
432471986 432651247
599218275 599876476
904201310 904547075
945542666 946145321
850315383 851080249
976681580 977532834
371563502 371673452
59498969 59743528
320029110 320751436
931519636 931652781
782189277 782612669
894502852 895480674
429671610 430555378
633644840 634084462
503325825 503777492
57384912 58161432
683844952 684618661
23631456 24072341
143786526 144087083
769658689 769664715
659617408 660523198
81137835 81381468
338844871 338970251
324378843 325102086
257922091 258289151
183107481 183442301
289699608 290569679
254251869 254593856
224842073 224852321
283781689 284208303
232104929 232766740
125555949 125669354
691982743 692003833
123084619 123967762
116676306 117294261
80120724 80752643
103459099 103519241
521480644 522204472
460957512 461875258
411661278 412507095
920982138 921635542
769612473 770022932
982821850 983126067
627838122 628267725
560192935 561146202
390307868 391030442
366066650 366964661
572731216 573681670
287840289 288367133
868759345 868792141
541772587 542008725
362948048 363430821
161172174 161231683
345630068 345632367
988017897 988655910
754521299 754910876
903431468 903950205
754445381 754686176
627369132 627630772
159618754 160350800
354160594 354353848
233861325 234822711
59210521 60141306
73625647 74094476
549621114 549919581
1863051 2551164
515499397 515667976
502914664 503498282
789332250 790324884
46687040 47263383
327001462 327536855
528332836 528731270
528446858 528512110
453709170 454282742
757875041 758852016
496643211 497474367
806424247 806870848
373691477 374351536
342827719 343561810
919219850 919638532
927588649 928336717
182945469 183769469
838545041 839526242
620492530 620691005
725457574 725712979
122762927 123582997
872486629 872991083
865240511 866011293
395943377 396304474
955935157 956900164
989814178 990757847
61623541 62583418
794716175 795095096
823418076 824372809
505052751 505441906
347230239 348151935
585442322 586299691
967778099 967841137
501717792 502158967
497443427 498360559
772206918 773080380
929398235 930361349
600705982 600865747
236319684 237016944
47368155 47629004
551790515 552367414
832850745 833228342
185987764 186541490
511681896 511734474
640134487 640303742
329571022 330182652
490368561 491239610
659052965 659599109
347293681 347981589
359912282 360284582
992694661 993483806
956038822 957005916
17659165 18260686
980546225 980900534
780926809 781302123
602721338 602841621
559031676 559193731
659046073 659227812
137130932 138006261
693123075 693369265
937023842 937572990
397446482 397911021
958598136 959125474
286308237 286547396
123629322 124029452
170290629 170415818
637716482 638658102
309000628 309605536
566142965 566356801
523328771 523700736
400310719 401068476
426577283 426578833
922269209 922359982
777135871 777990220
679864397 680492694
905829621 906808695
397100307 397494706
435139728 435534176
255999674 256269438
744931925 745544241
744763020 745662953
830355265 830920888
231209325 231971680
880844151 881088802
517889271 518872651
440901734 441741581
502678194 502783484
780517133 781048551
163946135 164165716
10351436 10678824
814264976 814980170
757245831 757256794
635000052 635425577
497977720 498835514
570064529 571044241
106726160 106852827
584474421 584755861
982416793 982609019
837512697 837798405
415820677 416589742
614639598 615015176
179318371 179723323
716979474 717753273
784083224 784107564
708922292 709123006
669777364 669867719
259034503 259453857
807235441 808139644
263043769 263545764
930115896 930444325
197427436 197582427
786334114 787157282
107614413 107767910
29212660 29574275
715084415 715209267
311420617 312148479
941154146 941504307
393592852 394098540
745295650 746255753
522420265 523189313
569935188 569975987
260033502 260133192
930212111 930785635
145063987 145264359
18813596 19641648
940404533 941214630
649345365 649730421
684142458 684620339
224798883 225405814
212074499 212749093
586789452 587346560
236026704 236544160
565931609 566649651
890983923 891482414
915366972 915848041
212363802 213307939
284402500 284413826
851389162 851821502
48694700 49689099
82334407 82351714
874793838 875254252
325406572 326208335
971840710 972732499
930205600 930935804
231342796 231409697
237536174 237649311
794779217 794879575
587503075 587574012
331432675 332001702
450253299 450345794
652989620 653729075
673128314 673277920
816347812 817144678
193634992 193774557
665475272 665543046
392304424 392900515
135343769 136308696
308938460 309504647
143237605 144095051
534628491 535400857
733517226 733598329
905562606 905980616
664309542 664709664
848763393 849249425
56537931 57068104
86603338 87268281
644480528 644873114
48968935 49003577
8711603 9653025
307168814 307358776
324013341 324153891
332694363 333127506
943651673 944178425
247074356 247146209
397904929 398423849
320922292 321372876
542069452 542727799
629692414 630054065
162977372 163848516
48401772 48421257
153821600 154548728
451612441 451815328
682308150 682706435
361389292 361539228
110633576 110817714
72929408 73050358
402799678 403191767
259351735 259417817
860587019 861026200
983750787 983896505
121520946 121869726
630751887 631215163
143966149 143979760
297749532 298493868
314504716 314845363
756584422 757104972
685024106 685554279
434682867 435493629
728146000 728470484
285751048 286563094
101474721 101897185
51332858 51457268
999310372 999968429
108464099 108900572
806192786 807046459
53993631 54635960
516481254 517164446
3993815 4468801
312698971 313610889
129939289 130267272
884374045 884601749
182189286 183097514
486155107 486526904
671273695 672132868
349410616 350237414
718293798 718811133
960625003 961188802
64353928 64760833
975694195 975768512
599352424 599594814
127920056 128259174
953579506 954246801
660911529 661824581
493994880 494647466
692240061 693070689
756097417 756136570
799424447 800199292
824971384 825937584
622712968 622858100
194321171 194954703
344681447 345445417
458574429 458676626
853876565 853928642
398900376 399078068
172994564 173515360
755644441 756159952
966777900 967052860
570267582 570975257
244472858 244730287
164273688 164275798
127546294 128373681
790112751 790898953
378761527 379037282
645361831 646008356
757587816 757667299
234373903 234953551
11972003 12187855
142159320 142395329
742617155 743560474
489371795 490242265
833950390 834407964
199853346 200463756
206578825 207032150
220554514 221226803
691097884 691442864
89239761 89607970
477174313 477272443
822408624 823005623
201230802 201561347
561342062 561827329
891103301 891816621
403757543 404436253
568488784 569162024
865593363 865981829
713034060 713539928
503878281 504193127
91532777 92422503
841014988 841640588
493977366 494688064
430367839 431355752
994379263 995000894
596909867 597262325
480817220 481379989
570596427 571338410
733690115 733910606
896725205 896834505
985638753 986342921
852844017 852872326
544997765 545090338
351243607 351684063
670395739 670632340
761178788 761285086
665651212 666142464
476748303 477227125
189168901 189474709
669211731 669218828
728428167 728656330
150814879 151332639
325856425 326578634
615741040 616404305
971311176 972108169
18439698 19309534
452240626 453042161
667847690 668671250
150789043 150998038
194023312 194345395
332853236 333291136
452826313 453300603
962622971 963323133
280640879 280887045
651719762 652391730
396815061 397458679
155546030 156315116
810558103 811186904
63880450 64546466
502607554 503021068
602406334 602606981
483146606 483614621
589779453 590115634
530315748 530889176
848641496 848835602
927421568 928341026
368861847 369446440
406423700 406658784
440720263 441118578
581521091 581604637
671752377 672010174
759405550 759796301
618661537 618712082
365681657 366528791
998237875 998364867
559106623 559809460
860244088 860293443
60913671 61500781
926385982 926562845
158166076 158463415
304558476 304751214
238912922 239036882
553934599 554426573
390467514 391113060
255612582 255785688
444559414 445435708
243524996 244323085
355696938 356651186
183379532 183710371
841454021 841758576
550878087 551302866
265740007 266221462
875503264 876250625
109229474 109348075
868522781 868748737
905498530 906425860
780492674 780546787
756199289 757108997
183154025 183320195
529503262 530499630
349551112 350311886
650363889 651326936
265777601 266389747
341501352 342323122
166029687 166660946
692091483 692136770
621185426 621604627
744331850 745004970
577587730 577834733
526851159 526990810
854595547 855284776
274205531 274918819
784302717 784963418
244798443 245129274
21123520 21821045
48161359 48952987
794992529 795764804
640114092 640168757
655899838 656406232
701613813 702105769
173711189 174302777
259454330 260201557
861050302 861800488
292738077 293652577
606304191 607275100
500430987 501430147
728455308 729332759
418411989 418687242
140821600 141172271
376448926 376865930
149411596 150374410
953501765 954398869
376246739 376590586
367842236 368597507
59042205 59355793
554454296 555025436
780504626 781470401
506270634 507145022
778049780 778313340
326465334 326798192
810529576 810574723
493232094 493649910
392362959 392469641
276525099 277101571
710564473 710721462
325518775 325879040
541446963 542430646
78106926 79057215
628193379 629020403
487386401 487398030
781471388 782130933
465623762 466104502
268591498 269550058
117545973 118439426
424542404 424583744
30068375 30112743
542241385 542822358
139126205 139135047
436306188 437201132
870131061 870931368
893083866 893979993
136264222 136879332
709705632 710633295
947253683 947280888
368586469 369496462
539041013 539522200
9285672 9330441
308231257 309085466
401678018 402233947
996818426 997059278
943540597 943995473
716045320 716983468
16550420 16611639
11422376 11886926
496879272 497696959
444980484 445762748
37095417 37502244
154937905 155436113
831148414 831369601
437656117 438549665
220647405 221545265
291259490 291439198
159273311 159364805
677897884 678823756
728020947 728543523
539347463 539922889
892157498 892439180
365950208 366771917
540621427 540628098
40185098 40379494
272847517 273131858
701478984 702435285
134788005 135596766
576889332 577780194
870474916 870803361
191081330 191371526
605805098 605831922
560778829 560927680
169240317 169836465
762568741 762928412
677118095 677644219
209549623 210097851
607210581 607353176
340128233 340671408
133030881 133752509
867061981 867434814
238518968 239425332
302317991 302964732
444767079 445195888
163242157 163677061
834268539 834584131
658464319 658482252
84150659 84739488
12451511 13233262
649759590 649804728
741613463 742557524
267596347 268116241
626274158 626379374
489497755 489505318
226055938 226842796
790663903 791310653
26396562 27203258
383940856 384597362
953087568 953438052
990013855 990288760
85181910 85252593
750706809 751689058
176976411 177974330
560482763 560761082
750940598 751623547
940313550 940698452
658760865 659735286
796618196 796667167
370130104 370295612
39125496 40004478
878484105 878887194
770998107 771665142
710841133 710998567
425059097 426055977
635639871 636294005
866345506 867081392
222417865 222521701
912937479 913225457
990493712 991220799
670802542 671727448
179404809 179526906
707813994 708485793
686181159 686926852
159180647 159215976
498784645 499489621
626403323 626679006
836495519 836812738
924149344 924516804
840152109 840757556
313556887 314412057
923385580 923864553
965326870 966135343
851710089 852384989
27410582 28332807
620053024 621026049
866728250 867408108
819363661 819846997
976520604 977478357
349435651 349821477
57850677 58708016
399263194 399617227
557592868 557720202
136031553 136721029
772133373 772257421
811585672 812127370
26493835 27132387
741807515 742222912
187204447 187534813
742346392 743281933
122067330 122496295
340633402 341489979
134044850 134788262
188099912 188643955
598837983 598935477
324468938 324785700
962238374 962314176
107849760 108080715
504517893 505319053
635579970 636392018
555502392 555870208
791687112 791974118
28680828 29138181
765108830 765178464
832657164 832815743
861780567 862520034
802082258 803003714
912111369 912532158
948303226 949218720
362066980 362396423
827122791 827315475
193045909 193731261
674302600 675039031
662260273 662309552
191173590 191791540
116229391 116749480
116872988 116994320
496954817 497568745
811985915 812655190
573061818 573571436
101212886 102063108
111193000 111883405
693304367 693979226
527901034 527927255
510120528 510750146
565868700 566171823
595316731 596071153
151880896 152360747
842637920 843036381
53443591 53820831
250784103 251242182
829806889 830260497
97833762 98213901
578568694 578839536
907440502 908315898
743378918 744038610
378826294 379475806
791317182 791568246
470705567 471412995
832699401 832840833
434068014 434802184
455473191 456406728
749005288 749919761
915242922 915486897
899004871 899163559
378551338 379477943
304873896 305366470
196209210 196290941
890121716 890935278
406076642 406602084
18442858 19016361
209511025 209669039
264077055 264783894
250922066 251523803
145627113 145639589
357323555 357530422
878785396 879012825
93219964 94118602
74479657 75252434
326696427 327243361
123462557 123898408
822831801 823608417
764227448 764970271
486549351 486578200
814795589 815301051
82050824 82321842
427672933 427827910
981279362 982143799
622340751 622832960
943236828 943879441
464462067 465286323
608415266 608837064
584807581 585285123
641694542 641906726
296077648 296469515
19382725 19868179
414196101 415111288
676305496 676766835
61295720 61471278
973594157 974502621
451892534 451971064
741945191 742479717
991250731 991266732
617410444 618164152
281411043 282291671
693098027 693859100
337382370 338308343
843995825 844389626
32705236 33337484
353672257 354406347
197537914 197891883
296987589 297617396
98457222 98467299
122644154 123050466
877309131 877636552
178896663 179458206
371791253 371810053
840760471 841088680
515211622 516118915
624432915 624766207
133363196 134267813
202498542 202967427
639311264 640139667
72904930 73056094
182290500 182592712
234654762 235011786
11131393 11898095
36527124 36595207
46606499 47332640
215561271 216547741
952096474 952454203
589530221 590360986
554346170 554348128
730673376 731361692
674099228 674258028
992441520 993012414
884000651 884567361
862159165 862407564
114585266 115224955
799983905 800472035
309915999 310711864
453131754 453801858
332493366 332627413
594167065 595000253
348349851 349118138
6684590 7383308
246509967 247415954
931464512 931951779
700115428 700372688
654852758 655347429
419227740 419829850
522335581 523082456
415078377 415231765
723361395 723984169
754545242 754794863
848630658 849256524
434242490 434714137
683495005 684341440
915779513 915945055
849610394 850224846
628667237 629386426
329067812 329441073
16558389 16900186
51670947 51784257
298478877 298674081
612844488 613077025
36452160 36928909
199937800 199993255
559714213 560029115
912894965 912986701
472230140 472424479
591817571 591934885
590784190 591099036
879095157 879924372
422876062 423223424
809940010 810628867
530886969 531692608
140598353 140827332
369787609 370581642
209924462 210195730
680000215 680427737
751668454 751950433
391094089 392060125
441757367 441983610
919577781 920475780
482298244 482474195
906057995 907016629
485367484 485588284
15603206 15919395
508455492 508748418
921771780 922459007
97027332 98022996
377497283 377663129
446269919 447037387
22685516 22964300
986385055 987339012
2419650 3340097
923660891 923952548
570139508 570732370
911502499 911640130
788145313 788501110
361205620 361250823
982670056 983236058
199228664 199750491
501194685 501380775
991419562 992291571
427653137 428088287
868756188 868998300
358047529 358590588
170971270 171610342
38006780 38867502
826067886 826573148
374262339 374852599
979498891 979741274
577182205 578096587
780105088 780451777
272834261 273094437
910260905 910368202
694440118 695054853
269142472 269370643
725371951 725584758
965461288 965486852
394422569 394576741
652524133 652714032
75308045 76193005
113791808 114778673
322903368 323554973
53336388 54271662
308020670 308358342
321230521 321824218
355750408 356123713
488520051 489106530
259642998 259685923
661573979 661699394
136162434 136296372
324480031 324785544
4737211 5018527
328257661 329256078
460974571 461472569
513919620 514433202
202331006 202434542
666474207 667049866
295553392 296470499
72464703 72552408
580520676 581309137
932855558 933493235
775839042 775905348
101784684 102331394
83157089 83580964
781006932 781194956
883076886 883719728
140709399 140812506
982573041 983347546
119794486 120417704
867754334 868449508
494741714 495252790
916118243 916415998
633318302 633550128
845538329 846009921
883909603 884312829
887654091 887765520
418922705 419890906
946075794 946379162
921907880 922092734
264765945 265249885
933702876 934378818
473027454 473888282
52067267 52299036
151363539 151815871
645668896 646644309
631087168 631595682
676065220 676612171
494536509 495007907
227212216 227787787
759478929 759524121
687408087 687868756
222189001 223126900
580359051 580911729
503745653 504466057
510564957 510888042
705434149 706236312
328166704 329133965
344312918 345274609
509100624 509408526
597030942 597978929
649076412 649814487
850908591 850940352
419402662 420102494
672315311 673151384
183408057 183528665
861154400 861816148
41060896 41704444
184990495 185742226
427502772 427949602
92974516 93569711
225399922 225793903
267176245 267538822
818053911 818371092
26365671 27055896
165521116 165880858
157533443 158490474
372170849 372304044
198588514 198849564
189390662 190021785
596072395 596462619
979210039 979721415
635696584 635976529
562506189 563283180
803293473 803800199
985839819 986215154
547241999 547649827
855750972 855857401
475995824 476274289
174594794 175276987
547603918 548263299
879334129 879425594
130469011 130707802
499607332 499911297
474757217 474975595
863014241 863238767
590036193 590199685
941063476 942003241
98924471 99645922
233979264 234912165
234987799 235127744
199865284 200311219
112944690 112960112
563902155 564521454
61974445 62592056
565839554 566050592
232868729 233598786
924172578 924781083
454658851 455486665
315645852 315974815
567034393 567579302
871658849 871724373
588797963 589407320
63886721 64001978
186222852 186349256
404734025 405173009
888125916 888566813
438761633 439385831
319133109 319471141
699081907 699544389
113386514 114162116
187776143 188011202
979336397 979508611
577620931 578118270
259407070 260228021
444642520 445601125
661559732 662555260
294153616 295129263
165306923 165697859
289935632 290331769
888556685 888800739
416133721 416529256
71514458 72478911
192819217 193059973
691735903 692432530
48220778 49158212
942542284 942766023
144108814 144978282
303409940 303815387
123589965 123605598
332156276 333026069
796369963 796490955
462351538 463237405
687136519 687699654
371050243 371157981
282417972 282795810
578827897 579226836
369595815 369872043
698704987 698920918
75241697 75332138
198806596 198883040
525043327 525833530
591170378 591841346
472643270 473371179
212734677 213469128
503189840 503871794
342891213 343568379
528162479 528920619
736030 1191490
279824137 280468640
430404201 430783992
91114744 91595053
435459853 436260667
556668466 557217690
388063471 388516085
95540562 95922219
899737016 900420941
705872299 706674282
575446328 576270178
334490779 334659796
379923143 380729066
232933620 233290299
82613644 82782278
914820892 914988841
534893990 535417071
995359679 995440092
129129740 129825314
441396611 442144931
69164902 69931421
179073386 179611024
9373806 10204380
315589780 316070830
734117832 734216208
470472370 470584141
414084572 414616616
962451520 962722330
186202891 186824821
766672432 767002943
453673456 453896043
168298475 168553498
858792913 859682965
688971681 689646805
351031677 351699128
345314642 346262334
994943824 995177686
76193747 76336510
242916644 243625509
888734823 889564330
337764582 338619488
108724317 108800464
183430396 183771468
484122958 484458938
957059316 957392911
295539371 296125589
864469148 864497849
534330420 534766507
526116033 526531557
706070070 706332198
541997466 542809807
330355031 331146483
850249171 850372611
306118254 306814965
62376369 62967459
201746632 201981358
151539558 152512788
15440079 15883823
581284212 581456949
363056303 363121302
348637296 348877148
159290643 159347541
728269349 728601591
611113275 611559803
166936453 167521818
311287014 312067944
572537383 572604206
9191817 9864464
701174124 702092802
519423273 519550319
956259503 956750321
801039860 801254811
952671721 953648744
156073418 156948979
565841515 566503525
188294174 188329620
380604896 381091831
528636375 529226791
119126014 119213994
600711099 600848205
259723484 260128429
181944454 182315203
805171559 806114332
364906421 365435736
576664003 576767669
115456098 115838172
272736390 273199987
427752204 428260317
614157091 614347634
139636051 140237867
667279341 667400491
182064555 182287038
19766141 20572088
405893758 406717302
851108174 851367128
356319837 356324003
352000314 352487944
384248069 385233748
650293433 650757622
513383832 514049063
372329525 372711340
351047580 351292279
877262666 877343082
68250352 69182671
698841205 699338805
862058384 862550717
481719692 482434555
685591415 685680610
316218337 316561161
201050135 201772652
270926942 271045018
430782893 431324018
642977212 643021614
434147564 434531145
616843480 617691497
846883548 847151044
253734269 254347732
554181319 554875935
724395457 724805241
862341740 863048201
253028464 253818736
651423318 652241325
616188435 616383490
416440560 416612903
127604164 127764975
492416553 492696859
621942550 622186433
167046163 167066051
829888756 830632743
290820164 291011059
295616938 296229925
872103848 872929331
12295544 12351500
484364659 484603828
267494394 267580205
389897585 390851532
623928496 624144085
593946390 594755878
262240992 262768408
677220243 678179167
235157252 235859855
404220544 404879189
842834956 843357129
264928789 265246207
663836994 664192248
715042621 715540738
251292840 251434972
926848703 927698097
975665267 975776138
145296366 145325615
516475576 517306696
370018862 370133425
691076606 691704376
642073415 642133561
722646414 723400350
325675801 326028358
29323466 30304925
116749338 117317347
672863358 673854971
60426182 60948877
534553430 535378101
592669347 592738967
730396274 730812756
535394845 535698538
733829064 734006436
795100525 795617596
964014248 964331054
907383668 908223630
760359089 761243784
990942122 991703061
622866533 623279508
955034637 955344128
895686995 896161362
690125816 690756099
413868322 414724194
861593152 862254251
345273950 345896722
242259399 242675712
755082261 755387272
643331628 644015010
448215859 448249316
371746033 372654207
334150410 334777465
497200089 498183610
425110969 425449506
575083213 575730717
889118054 890076802
938674900 939352180
716597938 716965278
846555394 847345270
890865088 891725205
538862170 539736856
328555841 328656563
627896638 628673700
434357802 434392311
948996456 949527877
688781929 689209964
111550400 112052601
535594312 535855270
345419457 346275997
276036710 276136542
473286654 474167609
298912980 298945399
706584533 706678170
542596280 543228506
598630093 599452992
39191390 40139692
993990950 994216125
55312190 55883717
72466116 73419540
312880824 313633987
943771631 944708015
900204647 900660940
668714279 669286006
137235166 137899776
676606495 677372564
276582408 277026329
70229212 71160173
246819261 246911602
624378443 624703756
649913594 650678267
463658818 464346588
705460329 706257848
55637378 56034537
175340214 175739340
84459341 84868431
570212797 570711313
235437398 235598425
693826009 693890751
337486115 338350684
578175204 579112858
58651714 59243438
934234001 934558406
519902679 520652060
487936108 488075704
42160306 43052097
635577739 635767154
194786777 195009741
60284405 60567168
362515412 362898427
598989103 599539392
777020990 777436198
175184129 175410504
66854924 67820160
657809037 658522489
847797811 848547135
983442657 983900200
515027181 515696998
306112011 306625253
761080613 761461341
643603332 643851654
27613694 28296658
870154349 870517148
803059502 803490324
511441700 511585615
744398161 745125196
959006517 959407162
237318581 237563801
601180462 601657990
196681104 197404298
16536647 17512394
12777201 13399789
269595625 270309013
411321410 411652790
126853886 127378496
862656779 863041212
307417690 308412290
378732035 379499753
922148829 922155070
962099204 962906856
620635092 621373422
664033182 664973025
681462549 681934456
411005133 411762896
334442036 335407380
243235065 243573801
766140569 766295212
825725287 826667271
247655719 248078480
349392335 349734968
663309537 663778313
755015367 755325503
909542238 910114963
244373874 244873880
367497907 368195025
378528860 378857224
330665691 331178507
591383262 591462528
714331099 715292735
953931607 954353310
656571818 657333123
592197900 592709411
288143779 288491388
135007632 135506584
993232901 993472928
443377803 443382730
949940300 950313664
903740082 903810311
137000003 137597489
877504822 878274257
898682630 898880632
504741252 505319550
277548060 278233989
490764276 491116344
608670859 609434382
293084307 293549736
908471182 908617571
33306872 34242422
368471030 368609958
553004392 553508953
730993982 731378848
126237673 126481804
47130728 47602809
453188703 453754453
196293651 196854643
747525569 748338761
397830592 398802094
716125359 716209076
455064334 455904807
774858197 775265349
889207743 889931698
603967044 604812908
648809174 649277120
804469575 805258266
320758749 321285542
613668477 613993394
84612973 84681462
431247761 431653222
25150594 25317697
653774765 654198939
401728703 402657631
610395192 610679448
91950450 92313699
596281957 597276245
257713166 257990260
608495844 609256358
178946720 179527011
753423964 754262176
339210468 340008184
202689941 203133344
487119992 487678540
827232878 827889413
758231674 758488403
371645102 372029108
533679249 533925511
167463904 168284371
664787127 665395504
482291547 482764010
718688538 718804399
257083811 257669492
947277561 948225987
258576882 259234679
637625830 637871742
965641403 966049990
315683878 316534845
557847065 557986227
631725243 632084706
533361798 533382584
749543500 749744048
378889758 379763263
408117304 408699566
503365999 503493043
823624410 823859885
245048523 245874877
241201227 241584844
6947290 7620707
610557271 611047145
148774187 149211590
578414543 578842679
5017010 5617053
187045343 187900804
649870949 650175029
383492122 383946664
211820310 212199164
718980961 719049032
173949117 174593888
208550018 208785990
421727423 422027704
643501714 643630319
992041205 992650963
543401292 544031318
904564865 904771607
63579987 63790612
965597893 966440004
182688589 183118834
594804409 595472147
230705752 231277877
663978157 664173502
329143612 329447590
66170190 66392058
576792425 577092260
218411570 218672027
563978251 564238136
300753463 300807734
360680205 360911280
441146797 441902613
7052010 7329332
425078482 425457710
829367885 829812892
145539665 146075565
865867094 866339913
77246459 77993681
555981432 556838621
665432336 666189241
696876927 697789834
552444576 552875097
439510216 439571689
912396254 912744594
426279229 426422020
11486035 12452287
15515258 16040242
905076398 905822220
956276456 957109645
401080795 402003101
164539643 165402368
519245092 519516746
873731494 873982278
959850337 960027833
39193857 39491803
418938773 419186575
171220893 172184063
510596789 510844340
470824939 471041484
111794289 112678388
773421957 773608421
822033453 822954102
657650982 658513168
537480777 538228913
241030140 241507521
871971086 872915670
288240399 288837629
761210327 761557239
604749995 605138372
206432271 207211204
551825179 552408608
298696288 299586492
631539794 632187234
925503728 925853012
838510963 838566905
927373811 927844642
662601203 663596562
948768127 949031662
408044721 408206410
262925263 263446852
444107200 444234942
495170052 496095370
225410502 226184257
745226412 745307492
990514399 991005539
441706431 442642051
33778987 33783389
956569724 957359576
938440496 938734609
693171533 693353730
385027511 385853067
639368557 639835721
437280125 437833656
947744761 948736113
741572138 742355854
947206957 947455973
421775534 422658121
123462053 123525258
739709010 739906354
309226494 310195052
790070192 790299500
907202357 907904564
139351886 139711514
757502208 757802690
571446786 571680283
688526976 689288209
29196822 29430675
288816905 289041399
272064757 272966914
204855074 204885399
757580050 758545474
861744831 862693064
875663840 876564478
128482705 129451076
9917603 10679797
964528293 964624239
829293735 829965751
236579025 236879908
131553630 131905567
738756549 738820664
833410597 834136870
543828973 543934543
192014055 192838154
377585757 377595293
216607686 217383647
26629283 26651188
331969744 332220560
234065272 234895196
441683201 442577527
976571683 977488582
849393917 849451143
430247215 430531679
910276172 911087618
30906838 31792734
475426340 475427782
269695013 270044167
871710492 871957895
746582305 747069423
200060372 200296331
709963816 710729058
486044674 486441186
684042470 684103402
816533883 817271190
506070129 506106753
18073436 18936975
644108834 644809732
225004236 225688127
503496532 503771971
336195892 336917531
72720072 72755477
810671173 810848484
78637196 79063631
999654066 999834897
315901422 316393759
518748281 519469863
455105206 455566940
980885053 981864284
405359999 406278729
540195555 540448328
958057543 958919211
750356834 750981581
804576536 805347972
536227984 537136543
486202623 487168519
963797192 964612836
15453376 15658367
607504647 608118649
741116931 741889434
606795130 607316892
308065786 308415983
998051311 998170345
870938336 871873056
15196898 15929960
330926023 331349852
386217281 387193119
739671334 740183626
886575317 887549126
19799702 19928947
549376760 550004003
677552828 678027101
463918553 463975958
1157736 1635696
859808911 860421212
684657418 685101738
190335057 190756556
717163665 717863157
791257244 791260296
147993709 148842861
538254660 538870318
678485726 678780863
470002891 470290358
544607125 544637744
552201997 552702967
490996632 491260604
249145206 249805122
850550125 851160694
113528310 113795287
10000406 10964252
501919735 502307546
957588096 958387524
949813281 949946275
179185542 180149172
986260788 986364192
694710014 695170579
73932152 74092122
823777662 824120752
760291776 761221236
619151467 620125001
775261628 775902090
622048681 622991275
700090101 700192019
203130720 203941194
623422327 623745514
420936727 421743272
9810794 10544059
699664304 699813118
187528650 187532883
974216841 975117781
974608964 975419993
114433506 115373591
203971836 204643791
809042873 809093965
638963476 639372674
939668353 940205561
488486132 488534861
667662916 668646462
702654647 702967151
491114543 492081914
285840096 286561554
999121164 999887642
409883036 410641107
623454305 623727477
741023194 741833151
834680640 834836738
82216465 83190120
388538346 388960595
926641903 927196817
506097894 506707956
867841076 868201039
41708706 41710473
372073326 372704373
81069382 81859488
359307294 360000171
538479676 538905995
703867176 704210297
436339261 436587842
452144290 452759471
11942162 12225861
459827894 460457440
3012157 3500645
660378891 660612985
208502265 209175771
782635550 783226001
234727294 234759468
682497816 682896325
171359190 171744549
165005650 165507259
240947292 241440005
662315491 663270889
752336006 753292608
962605890 963590652
626820828 627377535
703263377 703500376
447349937 448349272
139186643 139257841
515100631 515430004
219896834 220431646
89513186 89998514
438577546 438834212
288173440 288327065
182407225 182732333
384407069 384715178
661861520 662143335
228390773 229144082
905617458 906224432
36656943 36818428
62264767 62834418
204940876 205907346
369589811 369984918
637118272 637946586
955420915 955606010
717613225 718441730
999952825 999968733
704294201 704295722
704437560 705041113
564827910 565378145
651012548 651414013
488482834 489289079
824580389 825225722
931204221 932039167
577824708 578403803
343743050 344019455
898419285 899417233
498254618 498515103
320900965 321623518
225720033 225798866
800895297 801294243
715042602 715961332
979944758 979972291
945958539 946573948
283067635 283944082
623586855 624429998
479128212 479205648
643398683 643681678
837865070 838632186
870664545 870904574
80358478 80705012
147878233 148387035
326633164 326955277
102779813 103026144
866581883 866980629
627686546 628392418
242205773 243089733
866503134 867355685
634840912 635469616
682892304 683454409
833455051 834022393
56759605 57357722
111392926 111741076
810618467 811363345
973885699 973904577
457761634 458661257
640598104 640998174
317380650 317489074
157811613 158759214
63761904 64325164
170179546 170573627
490378549 490413749
875579861 875865036
910923342 910956626
53461816 54403047
305495695 305919648
491501374 491851345
773962437 774920621
756868463 757793198
467817284 468405348
827603971 828095372
692783717 693347892
24357020 24490389
952497666 953305402
747421552 747737991
929913138 930190505
130809624 131044696
627098313 627143764
780275502 780676591
699649292 699860559
493692255 494211635
550427826 551087150
346293901 347133025
79217962 79312872
469994789 470243349
300405949 301050550
695859478 696097949
431377000 432010025
120389776 121234232
272117457 272447159
304839044 305265507
402207164 402611440
501999522 502520088
768240356 769141447
890414319 890726995
423029508 423061503
639786320 639819884
862941527 863306381
830859053 831295946
275114889 275948786
522065010 522621348
889546525 890541068
398187737 398472506
924118810 925106612
70189266 70331833
670545445 671320090
536176838 536609813
944719742 945496693
73703432 74629191
864231940 864977753
107660400 108058772
544878430 545030609
122176767 122391265
349383744 349600395
978116305 978615232
690849046 690880863
19920720 20342939
494216091 495209470
585776314 586680329
96276277 97233491
256330400 257085180
473106827 473180514
333866452 334610898
554493420 554584941
569113806 569743776
108757955 109625906
204827239 205417080
877963981 878682874
547083722 547891386
681326435 682200184
799534221 799564193
107892104 108612388
279095262 279223261
938535918 939003471
403793471 404605815
151524200 151763606
242259045 242746581
868434546 868492590
529727024 530354403
199302382 199832221
956657863 956680700
874909732 875488024
746440425 746460913
164027658 164278054
943670732 943854882
631232203 631900302
620636487 621048617
615278289 615773201
891792667 892662792
16740909 17420849
426912998 427156244
492277335 492602896
717129776 717432359
413896031 414075837
710615035 710738352
345013851 345352735
9349172 10133128
548614554 549287011
15075125 15239599
286149493 286947345
201033649 201846499
659894141 660504813
775451358 775688409
189074465 189614115
517602292 517992134
672551659 673161956
352644081 352839669
709362427 709373337
664460375 664823461
908374689 908879504
310721755 311151950
480970444 481811737
160442694 161222236
283392330 283557148
64398700 64536063
490795276 491662469
289443064 289955327
202539649 202832791
934386743 935127218
474218164 474638605
345217847 346154704
462213389 462884674
182463637 182660601
167566875 168224031
675343044 675350325
527782645 527796667
169943431 170730306
619539091 620174616
330483255 330555426
71442619 71767061
245104801 246019157
53004419 53155285
20238378 21166449
390823779 391080367
504069406 504292347
56627377 56860294
426120489 426265978
196729199 196849159
402038936 402349319
442869046 443765274
140857854 140991188
755945627 756730641
758119406 758646323
262765313 263144059
210781140 210824594
915200529 915979041
490065523 490358168
793514655 794276103
498461515 498731482
768640335 769593264
747287510 747671905
407744563 407937518
826469989 826619645
456103941 456208534
552262871 552717093
629642129 630313495
802561963 803407316
910775973 911535443
457768722 458210489
424172668 424625581
822704959 822871550
948968949 949830741
323015139 323401358
820894284 821779109
364073445 364930665
516082099 516328627
347404386 348217871
227181348 227223245
802474664 802971261
830289212 830627147
402024470 402137428
271704494 271985575
811112689 811599284
635917348 636094303
670091695 670505377
981745448 982472061
608269532 608836455
869614478 870005398
265671724 266157379
51646226 51862903
20517052 21333681
883669745 884475016
295044027 295263034
716667246 717036025
424626738 424743649
294074999 294417960
661393791 662293316
820564109 821200279
886816642 887185590
961138186 962062947
372858510 372873188
740289113 740977412
422348947 422879506
377605564 377780669
378512011 379421652
354073440 354167036
197179311 197924550
525281021 525409043
497079508 497251181
731828381 732418789
580936781 581188060
96889306 97406652
296499151 297400749
751028404 751050423
945491174 945933716
214382272 215169088
518452791 518577520
530032654 530938005
710114419 710326447
485054024 485874902
909997960 910133782
302008069 302407540
90335781 90989126
626806819 627501377
840662704 840918393
787427311 787904139
806137555 806157583
684217103 684795764
139301249 139714658
205014696 205840569
22576701 22795951
265475526 266447424
820786355 821719748
763234500 763733821
433665578 434531677
419931953 420661135
364807817 365065731
555239999 555908432
775495302 776444319
418689174 419288723
775003112 775592371
465368891 465730676
259317335 259652256
498764868 499724144
181029557 181762106
257053008 257279778
718915752 719745705
213035319 213667702
862797875 863107151
78102868 78514227
393125174 394117308
893089475 893932874
303484828 304265965
89487608 90361445
136497836 137137046
626290267 626320061
510624285 511019927
105458875 106179804
668740578 669306866
307778700 308475475
321173262 322089461
182722243 183304932
557275420 558021541
638400989 638422752
663314031 663477470
786930491 787213380
984291859 985145698
371154830 372097850
297199937 297942742
388867575 389287386
918989010 919162220
243411762 244323281
529425657 529890257
684258706 684702497
266381775 266762692
567636041 568357486
556650216 557358489
847070643 847999533
982968080 983074854
824941634 825673510
397030843 397105214
849175202 850034347
722320937 723099360
517134880 517957705
895838914 896039920
251994044 252934138
881329810 881889201
344541439 345249458
360074282 360094632
476462704 476756006
460082277 460736752
721972728 722671184
971256658 971858825
83183280 83987973
253707069 254072420
713868669 714776346
107003269 107205381
364673408 365066870
395174899 395492555
845611779 845810767
870363773 870521166
551124584 551354922
865810351 866428414
687774065 688488146
724235716 724991171
953147839 953171606
790076871 790847325
819371236 819684562
88148476 88927365
650699523 651174151
249336095 249854290
614418442 614793243
187470922 187658943
98987886 99129544
370733881 370802055
855168249 855207355
466921430 467141522
791861560 792435982
403729235 404522426
146007462 146668557
871798438 871927231
519491227 520337485
209337813 210038877
892987726 893501166
622292991 622694464
932068265 932308495
566585248 566789687
827422909 827594229
791032093 791319508
179523851 179759163
776102866 776352480
780094711 780630790
415042316 415134189
513221239 514068690
358024661 358608727
193051460 193775487
732581994 732660144
756934137 757134861
514152442 514614407
280444001 280774569
271635493 272165349
329705787 330517251
842097422 842498834
278640336 279148153
231507045 232092547
659777237 660449243
859019719 859203427
967975826 968583756
928850194 929725725
651140917 651963220
73799151 74699932
360884701 361817828
251167198 251371501
289157179 289213536
28825136 29645517
504010175 504055935
726011785 726763224
186499735 186878808
682651131 682926578
803538285 803868520
602362259 603064331
14332501 14777113
396267765 396400472
49469863 49691539
108170817 108930412
144700894 145284333
992964245 993798143
360112433 360915868
266905214 267184086
870292094 870585989
236671234 237587299
664641233 665640621
412357339 412658413
286003970 286689240
354597849 355009337
337505941 338144919
923010345 923671664
742582484 742857512
204613425 204793495
481340712 482302928
572117096 572778499
891933040 892843301
666468405 666470384
238976665 239782180
242662157 243182483
456758743 457195537
944355441 944409679
217268675 218030332
630404918 630923321
610551114 611346496
179976881 180207190
949043428 949312707
597869581 598631203
707352427 707975938
829731847 830054479
220505448 220804029
129726461 130531158
431787326 432495856
515620159 515994358
727050920 727300552
62279219 62590093
998235124 998415468
765695802 766202270
144120760 144885797
913326730 914256608
327799833 328211660
793237148 793272418
958735110 959180685
582615164 583068727
801978055 802815128
603883382 604436024
429687350 430109598
66828141 67229506
135164635 136140730
477279577 477503597
776616841 776803689
728628528 729019374
989924934 990564989
176237175 177060877
816153457 817082179
988802426 989570131
11692364 12322864
937501415 937616966
384550459 384713410
112559684 112914335
985390399 985754607
339328307 339330311
584195067 584433407
41317604 42182697
137022467 137749783
85039742 85683718
910662831 911235690
48440900 48949130
992864728 993660757
322291285 323148981
526377744 527046417
485884307 486372759
431119216 431836477
36974580 37674184
329988288 329998261
977079046 977882275
178654282 179041758
713694827 714017929
532382838 533190539
31914567 32536758
806915851 807753944
172607559 173239949
723874841 724651128
131396170 131836316
422289960 422350255
487693158 487944467
875967393 876445740
657073269 657450851
876318655 877290847
597530677 597590851
788117019 788170320
70010186 70727057
578679421 578877596
228309601 228359143
770830428 771623764
2989091 3167666
69769096 70090152
828072383 828962049
416079291 416301330
806496574 807235591
256464482 257022671
835914759 836302240
436686079 437516940
437407588 437714092
725211017 726002077
716848982 717548768
924062419 924170500
506894102 506968938
698234918 698717293
264306678 265147547
895264026 896075345
620607200 620790620
928925592 929596853
615417986 616180203
993490459 993906073
50287677 50462160
25374309 25969740
381425468 382110122
476693694 477237903
460402296 460522042
523133081 524001701
970131089 970428443
21051325 21872594
875052477 875883689
419498309 420471175
358206048 358263933
639928423 640770284
431447230 432274837
238365604 238941398
828020230 828913624
661675728 661861826
392211763 392806793
781706889 781788864
994207085 994566125
249135500 249146871
718856715 719222046
257707076 258289076
829294333 829459896
23131867 23274949
604769193 605368842
10139276 10896396
984533963 984805186
418170574 418883460
149710900 149940269
575233974 575259213
318481831 319293770
456696934 456876601
541051617 541759740
59339334 59644341
340278087 341042600
387073818 387905530
362774815 363350269
768721600 769428887
242968111 243713651
445139795 446133398
45475497 46440241
222950008 223598413
657763271 658131804
960359894 960961084
70119600 70321369
603270498 603658116
424604597 425478400
104388641 104929306
490702278 491450200
284999968 285423920
816056922 816598879
804132179 804414177
903183201 903758144
314085909 314966250
65748820 65909313
794133436 794477502
205026974 205216909
929365315 929552113
416902543 417616452
642128001 642186150
595432706 595792079
480245854 480275690
609191034 609460022
45770293 46325076
172905270 173180665
604330487 605021381
726417966 726684757
703807622 704187258
985734251 986730433
741861083 742406776
412408523 412788867
970763150 971197606
707457224 707825101
329990469 330877028
759534095 760127065
689011430 689932412
399058769 399976835
819334804 820323591
579475664 580225311
316467294 317432672
889149796 889835755
816778347 817736627
225580870 226501502
354552504 354833644
708367875 708412314
597566274 598356301
534921475 535317910
166986376 167393581
613237816 613869212
425650301 426436708
131031503 131935370
266785637 267746249
686421349 686576617
765634133 765667796
946569855 947214886
652134780 653103508
92918577 93166465
468286439 469172540
669152457 669984833
960497769 960724554
974247244 974983311
509556392 509757305
312164856 312984973
263382090 263518074
240373818 241246200
945027334 945175938
222560570 222736328
5484316 6118748
737252765 737811598
51340892 52173307
128109346 128319806
150051426 150591790
359979867 360412659
362545733 362560400
124737926 125329746
541692555 542679182
921998755 922061961
123149543 123345593
67100241 67489915
601877026 602773201
859478659 859672266
505703896 505966159
111470249 112025537
652684121 653072313
485633316 486295170
474522449 475149863
429880292 430250959
9982997 10107261
702976510 703609847
578952155 579838646
141834601 142307113
735264101 736118422
118752359 119290738
731921526 732605527
144786929 145043444
716494208 716690156
721223562 721726539
745446252 745655931
508694023 509087703
233804393 234147522
801296994 801362500
142636229 142740282
421739689 421826872
899625855 900196528
445921593 446497961
372013470 372275502
742209967 743073872
88322140 89029043
816844819 817322804
602014308 602774534
359385994 359652084
467965424 468876025
195192181 195746103
91082276 91882626
292568634 292922223
17905628 18896307
788866222 788907438
404838883 405729423
445618898 446559121
649495299 650222746
13337610 13341433
980002735 980192135
77050173 77184519
92501488 93034470
602337970 602507346
260980899 261173309
269557036 270273146
23623299 24614217
461657638 461807138
946162661 946972839
679947176 680072928
130832483 131114463
855103162 856039885
289522339 290399041
594893326 595353535
75680535 76509349
928185359 928730251
648604332 649502441
916568936 916674678
908125633 908244455
427094044 427615911
995132025 995544370
303832297 304006508
639484306 640363666
280639578 281634038
82512813 82599370
827474395 828186164
207732750 208465475
431833251 432240691
790365045 790467556
550957944 551098878
613801340 613857749
806115823 806558163
339119235 339277825
392328449 392402700
434727838 435516527
816779748 817593054
262894820 263628728
763094151 763240914
774945555 775915450
737855165 738187696
748775128 748962232
399508205 399546941
852210399 852852682
323671810 324074684
394437010 395128273
931715675 932625575
159268804 159941703
734254746 734659528
533387639 533959461
768766122 769441648
49449754 50212235
689729022 690544673
550451080 551121896
439942355 439963750
410818711 411274782
160910557 161836437
290849150 290914074
677843227 678257762
165358198 166162133
507068985 507188743
989436224 990282364
494172347 494786768
881258792 881318669
941371679 942156492
515580475 516027556
299205860 300064023
450828000 450977758
31124120 32047811
739059496 739450663
835144970 835273208
700489702 700735467
813771018 813783061
150695527 151030648
188553978 189040326
562279429 562854434
135793555 136778928
30179244 30584209
991613703 991868013
861269174 861802981
382753093 382969184
121935755 122049403
708731551 708769627
943907496 944216001
88721823 89353768
672377252 672570972
53532619 53774693
425643859 426376259
425766825 426246608
459808235 460288408
59056281 60005176
760021908 760404887
543633107 543843197
358445285 358501208
777011359 777785348
889931828 890230918
394136684 394794313
976370789 976969323
524630001 525586344
788676135 788885209
550170120 550696488
218068181 218551441
780681043 781666492
144298738 144843071
952122087 952410964
165803252 166426545
178388620 178751592
416195852 416757110
355670028 356142417
134769780 135499595
288386462 288876243
307820840 308000544
744578517 744803598
254957622 254994229
796036780 796276771
383353291 383522705
744336466 745031224
551813817 552178626
196191645 197088455
859334377 859668690
686948217 687853702
252679466 252886433
578426830 579123056
111040235 111145566
754394665 754637827
402688355 402816931
629728719 629759297
67104256 68007947
156347301 156654642
899120718 900108547
753516109 754270006
891566238 892111593
993194296 993757435
48105536 48886885
348767467 349282348
297969410 298824392
128447859 128983095
511950542 512929872
88806819 89474682
513099691 513236113
932391448 932873707
526625667 527561868
944267791 944910035
159661748 160162718
884539294 884552861
10993158 11556644
125233244 125488837
745113633 745839160
473744414 473848994
410376741 410672439
753974501 754309376
112085556 112630633
259044006 259854644
599100330 599385304
183632682 183705568
136197602 137139754
611665918 612325885
781383105 782097263
979468469 980158770
371663555 372657874
189003556 189068578
418937416 419827091
315323634 316286485
191345506 191628409
645720630 646490846
997548310 997698523
944565082 944769554
513974431 513995482
690351845 690732871
759688566 760655659
389727266 389909383
736221539 736590116
508945982 509608102
152043983 152349584
728158233 728519667
554314394 554774118
750506698 750739401
56675548 57306552
845043801 845376003
484613810 484779223
234259789 235106218
443433649 443773845
869179379 869392539
361940156 362054324
746144045 746620541
980061313 980679766
72595608 73412623
366417288 367194079
429722615 430627543
807775231 807836556
321213710 321320072
804193006 805015255
243067573 243500538
347144166 347642648
214427146 215057005
326487571 327325548
809256444 809964495
567465010 568010851
129012331 129941920
512009908 512923546
382710707 383682859
454028629 454584852
538167474 538175096
623025979 624025964
831343271 831971861
419291347 420184006
99317777 99869930
734799008 735272689
27415735 28350093
397423736 398408960
15977727 16114290
568298078 568529664
669005159 669264495
71243849 71524884
271957984 272566216
489283089 489500225
991415871 992055992
826205483 826824746
707845533 708834239
947237024 948052224
149348013 150188992
294178684 294974447
787738475 788638653
107067272 107523583
856239259 856540495
945388543 945773526
518331852 518540030
914521167 915292574
899804005 900683042
256795796 257408679
309399578 310322146
913260767 913330285
136059972 136659184
107553189 107557612
417980628 418933950
114702518 115324138
842866640 842973832
416228222 416737184
639050171 639130342
751516755 752267213
262625542 263469487
929292374 930085910
511397109 512019820
471064170 471615995
768756981 769244225
627090343 628064884
902818167 902847620
549044995 549686627
834346124 834869003
577755802 577778812
597505899 598018515
212389411 212682889
640129923 640269443
643004732 643515543
572698359 573316600
629185808 629444396
612012950 612150150
481690792 482328572
854419471 854926508
371002270 371641795
782318367 783214480
423846833 424778168
834703316 835577308
307733711 308111747
748195085 748779596
399776028 400161323
580875675 581573852
118252654 119213436
387650056 388032762
734677248 735642089
686565989 687410483
336111809 336333658
777203151 778151311
634243462 635038946
813387322 813406095
687480559 687499889
411200560 411637254
794937393 795546250
410254553 410598953
149522561 149913951
124487638 124867955
613200397 613225484
408403440 408487595
226158591 226231674
944369197 944622041
709723949 710702926
326489293 326502872
86813123 87584501
531750227 532455594
499823278 500273239
886172635 887139917
157907113 158420725
431398261 432036585
360266509 361072773
430145490 430422882
308085316 308185048
227691674 228619443
206543919 206593851
582134501 582552175
109376858 109925951
258700648 258794892
190069821 190383631
563078552 563518584
388980456 389492112
946721286 947029604
86985807 87120194
837607589 837737023
338205009 338244009
11623959 12287239
897416536 898009035
495485766 496458911
60528292 60948378
780588579 781202951
480343633 481310175
855902195 856756097
69200377 69630138
807226685 807538287
386766704 387284822
365313500 366024954
563108572 564023351
713784027 714651641
227224789 227482386
423023738 423366047
112888984 113819100
255286205 255631826
520902002 521854850
538023739 538874299
312654556 312881680
135356924 136281625
527946634 528382809
574123054 574250013
647663035 647917402
607499780 607990668
104686097 105295821
490858179 491649046
768451611 768498878
523747359 523807858
771606844 771616937
85142750 85664073
277467493 278216550
210690079 211630403
817762516 817794196
729882017 730002028
596951028 597479259
367119832 367412850
439775502 440173886
526989306 527394352
646299636 646314985
275905126 276127554
594739993 595629740
970316968 970840270
552664569 552926737
679264768 679285480
393777923 394272251
218513178 218739862
647392351 648096311
233794350 234368584
787634134 788479358
981360236 981640606
354965433 355428995
695883055 696522583
593923865 593951066
157239306 157742197
316497639 317015647
935828879 936620784
964981366 965835916
826622426 827145424
706729050 707275532
967928741 968093470
922031109 922787265
71807187 72314492
208623609 209192703
807808000 808450707
293170753 293504621
928570426 929443531
525315400 526305386
623539861 624088648
620285482 621178157
444428293 444916598
459196185 459619970
122784013 123433878
677571671 677700061
454513889 455076203
773251247 773980905
56718548 57350800
705064625 705126461
684716385 684885737
55308425 56276438
627998318 628052433
423571328 424341824
689990091 690567353
609655991 610336279
925238288 925585064
471525399 472338096
49647502 49738030
741730871 742156177
242553948 242892871
487003234 487945100
81133971 81750106
406245011 406264070
653798891 654719380
67140215 67569235
945856986 946142119
597864142 598467691
754198393 754474110
782038292 782805361
20875668 21244843
888148715 888644089
92492367 93109164
440774987 441676246
785150976 785407859
874829055 875661177
175385907 175729645
305889259 306598187
923013577 923994654
110789389 111161469
786302201 786943935
742826225 743586026
915758768 916028949
878147897 879098491
765537528 765954471
21221669 21628453
903834738 903926383
710796973 711688033
866434076 866702588
99590431 100269792
826882867 827151975
279838522 280204701
860065727 860646692
620305428 620696532
2076345 2699740
721260537 721431038
172291343 173077001
993225053 994058822
132040687 132450850
988957244 989403438
488499921 489400110
735517441 736104224
617431056 617991424
203476619 203956345
342292901 342384851
484846728 484954296
136468688 136567823
442322870 442715229
679193952 679434697
463612628 463828928
285505659 286171278
437732771 437776472
795321047 796101372
84833092 85276153
873657812 873695494
35233030 36217347
76905522 77061911
224208379 224430790
235586903 236165591
839354422 839646991
665054290 665924308
575595599 576180360
867673971 868314282
405095514 406052281
759128956 759329818
815798139 816662680
353768552 354203933
163709387 163793812
454025396 454850217
811384558 812019285
526685436 526826350
666658135 667292418
376528351 376831327
488901374 489175032
99622158 100064014
178771375 179455633
690042071 690410061
417040799 417843300
287724760 288553371
957333758 957406773
798779703 799353547
963144116 963872457
960065310 960089427
301395053 301587174
18306081 18683892
342476246 342875292
606701053 607228281
139074941 139970741
157683522 158137706
966292798 966503290
814404030 814498212
177143424 177717579
622871623 623216712
362157735 362700897
787860155 788811047
88725342 89318536
118528143 118569474
236749521 237554654
598202954 598856639
94860666 95004267
443975544 444070414
101395114 102299319
956056878 956863545
617714423 618557712
612078871 612720576
288657914 289538954
607358885 607815933
637901136 638746008
167451986 168186601
833270829 834115282
766536043 766974747
645754575 646061430
478976121 479279580
999668371 999746063
838657262 839258493
570928793 571671520
136494566 137157528
947503773 947676031
905734842 906222204
324163464 324873545
303140522 304100110
532275565 532788680
969462244 970433651
144904153 144981515
397701006 398280104
352596870 352702901
588232142 588259763
235105618 235211460
160331679 160513744
132612484 133467562
608753885 608772686
246482821 247478994
424534695 424952761
809036503 809160381
427253805 428007698
503014789 503957958
422169342 422440739
147408906 147593499
71803461 72255448
400695502 401272216
412716597 412759060
896098811 896984751
833425080 834356221
557533135 558064192
84261995 84825711
371932345 372130639
116060319 116782617
794624337 794650915
224280613 225224502
215373282 216343544
92380308 92659487
24610042 24884628
805475354 805518131
177547855 177987332
780837491 781811276
198736522 199189818
39108276 39574642
465282513 465375187
904794088 904939376
571403189 571575656
501534804 502463381
405216935 405314876
889052672 889487081
393185792 393326942
84677278 84862198
66174190 66920241
694958498 695218365
37515415 37880790
497630424 498026562
154312835 154713114
164624827 165022816
349497028 350417323
73929311 74643630
600566121 600713683
810243974 810544779
779808095 780551677
798145066 798277092
943225072 943778467
588222029 588899511
907986053 908014339
462850532 463762944
431585940 432025577
334475283 334525175
792583143 793140352
717930676 717990024
754587006 754884273
348046243 348985507
254369197 254965101
244294556 245230609
526827748 527437732
578908237 579274033
983568317 983696039
866334915 867281323
856370730 857116694
682114223 682127282
428320031 428895132
568983265 569515869
139110047 139524064
161804629 162129333
901362994 901650419
122506595 123197230
26965479 27821623
938181348 938202800
573982242 574828190
395765468 396060739
531448259 532285297
64170776 64530692
974961219 975233059
951923319 952919151
418046295 418566418
495795386 496694956
359919106 360498645
468536201 469011289
347094549 347964159
370063249 370174983
749678811 750032152
326890797 327630584
169343158 169862588
353859847 354599189
236550043 237123754
490523483 490982560
449546423 450427706
817891526 818503606
542660061 543468406
600202039 600767225
338246679 338514897
822896320 823262866
830277400 830813178
115655484 116397092
125238736 125255763
900391619 900883187
675390887 675567098
661216644 661619193
85820024 86741372
707731760 708686708
449200045 450057056
405293188 406038123
349808578 350060787
903431971 904148995
165579433 166071607
137046196 137117435
4791268 5682542
533184531 533868401
7987002 8881555
725524064 726459355
373161120 374086760
352610007 353103608
428518260 429390197
953361806 954220197
454217783 454277109
9171326 9307793
619644973 620522063
118373035 118410838
981399402 981863032
258599987 259191968
99503865 99767105
545641906 546354034
311584237 311747652
198988052 199729919
635089624 635600589
694942958 695152201
838908733 839579246
736797539 737781073
556122112 556869580
41414071 41485031
286848197 287675767
204977890 205402738
8294095 9090679
192701833 193603993
490150717 490582658
496680378 497629628
554265702 554956254
879050740 879522733
629737656 630719385
441104479 441466087
138331719 139228229
484485416 485398699
414825508 415646991
973303048 973648609
7585624 8036428
415825827 416663893
906486973 907076046
579354611 579747605
916888352 917478876
825182870 826004597
649969633 650734498
546720389 546738954
230216193 230670631
868882453 869262113
700620743 700872344
621977055 622046214
89353948 89920922
217889708 218232119
138622986 139549984
411323279 411852994
15972166 16178321
955068705 955772971
439488419 440206381
359127887 359366814
167446788 168241696
132043924 132995304
484703206 485386721
329117012 329756022
806002161 806119882
528462824 528827835
735943194 736393689
64268766 65238324
689693995 689757777
893815788 893940522
264459657 265387959
571275720 572193618
174023454 174690393
182068546 182268979
404133036 404295157
455755767 456615185
962852463 963713050
676988670 677299086
922317307 923285677
208659276 209065459
157543858 158472810
126562212 126965616
597269948 598202934
983179990 983542725
279891823 280872883
777451126 778179867
848360950 849303497
516691902 516825754
439517373 440368167
607221504 607692035
479657923 480501284
918644337 919276802
63812164 64320221
253749856 254488413
688114810 688706010
635499113 636264682
155432428 156393083
533596657 534527564
962921497 963309593
961667236 961784826
325439508 325658245
221688330 222145794
319959282 320207850
47091847 47436309
251206258 251668855
781068631 781915332
190147132 190281623
261927885 262898983
611765866 612200443
917549688 917743943
328286755 328623454
786732452 786774452
571297291 571769221
260598398 261039660
343845571 344774524
493134734 493258436
154560526 155348023
65726280 66092321
472427436 472572049
763156827 763210291
274047727 274619619
891366061 891918773
213639423 214263636
491308576 491502198
299271687 300123198
936317333 936952043
562535750 563416601
150671090 151397961
875259085 875522474
808649341 809517595
49635703 49827682
83068527 83611144
353400494 354157821
228195754 228718841
291745323 292507639
794291740 794487269
762722760 762780019
803346024 804155228
586348693 587066793
832262299 832321921
848561070 849303051
989858556 990725260
477779030 478240370
920272883 920403713
563053181 563286648
33068051 33754911
255043146 255151564
625192743 626081099
225779854 225969983
764981704 765158902
332675970 333160104
874731919 875548779
368760130 368769875
796756909 796789706
47780450 47969580
979025124 979062479
854647730 855202369
239692009 240365360
704519788 704932158
893501926 893699252
201493461 202238232
603905540 604495536
454826248 455096313
994652994 995001644
680696157 680995904
625664538 626565298
179082688 179366750
614919150 615676295
398656915 399369238
221466118 221603361
506169811 506801396
816721480 817046586
916797012 916967956
239733365 240077109
728866619 729473653
100170755 100529815
300680451 300855523
206921653 206933283
991979265 992083582
207884923 208530647
109697577 110040766
582210121 582333736
864029530 864626702
816990816 817467025
337662557 338504376
400324870 400662368
867035981 867607817
227508575 228436297
39637881 40632889
97168215 97419530
733001821 733840687
652320579 652339667
93830162 94223593
810898369 811289060
492469840 493291897
164084680 164269780
512301235 512758550
657648789 657737499
626023614 626876632
528197126 528384249
95469276 95673701
988608130 989086985
475027459 475243593
809308341 809597368
525893930 526852931
449220883 449848834
680500880 680922520
753607153 754059246
441261985 441974940
393797731 394461709
159979779 160308280
816455453 816584294
542666510 543288281
3528696 3548214
6513158 7337389
759823778 759825795
679568425 679886296
441096042 441889529
512767490 513379430
167773696 168369794
19824613 20593453
590511105 591190625
479502027 479832556
110335002 110867020
551762452 552527957
154122010 154135809
254160163 255145917
174254346 174876750
413482701 413800917
962947782 963755184
273676546 274047582
315883214 316427200
471641019 472134046
571046941 571746042
890601960 891056644
988030451 988138678
536487638 537180915
663379583 663932738
943059599 943814176
195984855 195988614
56280204 57242532
530590530 530889253
774625924 775374915
181677441 182557450
47150802 47935881
832995456 833123471
241008244 241225409
430610060 431565588
740669719 741277019
200633409 201305186
267641340 268011179
759858695 760629972
285890887 286106517
989767927 990532278
910187177 910724647
346685815 346875553
521605129 522108855
134069905 135033775
456765319 456892604
904429748 904995394
151635354 152405032
316835189 317739119
728365066 729038353
560073509 560945695
512169823 512877596
848340230 848826754
456257795 456820973
153455024 154161478
424406417 424991469
974977490 975153956
614663782 615603250
532106169 532813353
626631315 627121786
674720011 675132301
813373248 813847638
849082155 849371788
991737310 991942184
550272085 550598888
964822519 965049642
234214906 235125863
846234201 846374534
828920496 829290064
613990237 614036531
231099361 231267964
287676899 288617832
418154657 418279339
805186466 806076959
311318755 311377937
787913225 788154475
940919337 941854952
657330690 657597022
260763406 260984700
534238624 534328035
511410108 511746842
906133201 906603879
608374215 609084141
715162282 715898200
713575859 713761069
532527284 533249185
931034623 931181730
922682071 923361912
531041180 531697694
518315867 519132237
521168929 522057597
73390113 74058415
237891080 238664989
318280080 319052603
73090454 73758464
65923390 66823381
624451656 625109471
481952648 482489573
988393033 988415304
785889506 786332704
278903410 278990691
503076599 503138796
415116421 415776513
19810760 20801006
728110474 728223618
831847485 832707910
490696205 490912322
744967636 745849843
867638631 867996754
465644053 466037298
691025239 691526701
65983028 66470545
256440660 256730789
159924413 160389453
775115669 775235094
395209039 395251085
452671181 453420498
605662304 606465533
485486835 486089277
367998160 368207732
838846133 839039650
484740352 484879745
589980053 590350730
76151879 76431304
970461965 971232327
450452001 450945872
168805076 169001239
239242822 239683448
312673982 313302588
549874592 550864621
779763010 779831295
110932099 111506492
806164910 806627252
884191002 884668784
341296337 342241749
934850907 935353240
583966805 584437918
7994650 8940597
368493741 368966810
22205842 22450042
396559065 397217340
931015184 931151924
602717313 603353751
202954863 203571257
469755721 469972763
924592873 924720265
401425476 402246710
200154439 200158334
910429068 911334539
608243843 608781977
971156368 971663022
928566824 929341928
910248019 910295240
632416408 633065533
93703308 94265672
932079207 932333798
608798981 609539521
87126982 87969345
405383917 406109685
895930961 896389199
327561707 327900281
110296756 110781019
917832521 918461922
141895853 142604703
382710818 383473862
946921473 947352918
554162139 554335897
685765713 686289748
779498920 779639020
312332444 313080662
234510800 234668371
69427479 69659293
81618840 81647072
451901916 452404967
675298285 675371610
747260750 748038773
753622448 754312106
538344225 538670420
642574994 642727882
563365707 563372910
320517138 320984262
839385381 839626478
74494729 75259215
184428230 184665635
956985771 957357366
599999562 600749248
813497690 813668982
737421652 738151895
733420158 733515175
928944572 929597338
746629360 747445969
258927700 259837867
60516430 61386776
885077444 885219161
97367552 97734995
6487481 6941819
842671476 843422438
907800721 908275203
904323050 904877166
378292477 378395818
73267459 73553216
854755176 855289851
637706487 638591911
852750463 853074686
953198692 953368291
624645312 625117518
947112434 947919598
669544938 670132545
68937503 69317459
623142803 623546992
879009977 879902330
38961480 39218727
114818197 115605448
862118901 862951205
768775141 769089824
259685707 260414958
292295961 292453453
637137746 637273901
139591606 140136569
476410171 476576405
920243180 920869001
626954714 626969678
977012191 977803633
729293043 730035913
482027424 482568389
709902881 710401297
533980897 534003876
180620990 180656254
679347814 679614814
132805123 133524848
742364214 743321055
5404495 6272416
274086993 274152125
778751242 779424334
350282148 351084417
656254990 657217779
620240938 621207840
241064902 241583654
529771928 529991325
535272418 535983696
900439510 901337140
323848895 324091077
358247902 358644895
603028459 603577575
429745194 430251877
151626610 152243345
851815517 852494336
320964256 321259831
114302372 114555348
244091567 245064136
827019248 827547570
350560673 351368626
809143628 809919590
991784042 992592988
168798798 168810146
582119833 582865460
688458965 688937102
414466127 414603541
516984051 517025831
109321901 109629045
288298822 288633251
200463709 201293014
472006482 472108997
801531937 801826713
976825903 977402905
59173370 59751344
446859831 447150400
269823751 270102643
214772539 215250100
430777152 431557205
709068724 709997592
122174603 122294441
801470422 802437224
632724167 632887594
252574451 252616606
425434624 426187929
360522566 361172284
923068454 923120959
541701437 542645088
107449647 107536894
837644352 838526964
430384734 431124106
393309257 393749305
68335107 68880830
261853961 261908842
494596342 495151047
779174560 779700516
289973756 290264542
381303822 381708198
232422921 233081049
223440514 223720098
620120178 620379406
87480546 88403369
524869876 525572073
834633990 835195916
707055612 707293316
94407713 94904384
315248088 315521457
981655402 981690912
693832250 694667496
206399269 207188027
769402049 770194773
67371626 67796323
914675143 914910869
904751413 905674050
222321487 222427831
72434978 72521600
520044639 520263784
725761155 726510430
417395761 418009634
933884162 934081609
789895449 790109300
304145790 304879500
594539788 594962450
370175081 370708069
691434467 691541461
886460852 887417668
346105109 346606407
181113114 181956395
871884710 872529470
172440849 172924455
750081333 750731029
269027193 269126964
418647737 418656775
416088405 416492688
450665500 451200326
466709931 467132560
640592996 640726236
294809406 295720620
193408839 193914467
552630426 553509227
781568322 781785842
290893933 291442829
417047717 417395084
122396907 123314008
857337851 858019775
674945225 675200682
530700226 531372799
390424231 390966796
642391181 643081784
612197954 612359798
785952608 786166688
82045893 82269605
480805934 481479327
105820033 105885900
894979733 895222721
757437354 758331330
185583365 186380951
68565761 68926361
697050503 698013367
265686091 266018917
546945757 547117916
780828841 780863861
465919525 466248910
830408916 830869832
21754702 22731130
199196557 199387151
47280087 47305814
931071723 931258625
321566225 322342874
376323899 377245454
610944245 610983216
284976876 285939061
902027467 902737884
239703195 240375171
685642741 686029429
892387230 892607591
1032358 1219959
433106525 433371204
85713154 86105269
723163800 723666099
856073593 856411333
757310989 757738134
465457140 465782098
623335136 623922980
159548201 160370365
555775014 556446313
780848508 781561215
784191601 784763594
203242061 203693716
718124998 719083522
237314565 238280481
10993781 11191274
637500257 638423404
460297815 460500108
445906203 446326517
482950131 483527240
532663313 533282096
531361259 532259017
279970815 280476108
226219809 226447977
280477589 280516132
19297368 19430371
180852603 180956485
782312443 782868260
265342817 266338551
761470143 762224028
777376682 778279468
299885356 300496696
941981092 942317400
509905370 510091079
712695180 713384428
417058871 417617906
276169682 276803428
980768677 981745837
589309102 589647720
52400400 53398757
307209672 307919473
967906137 968136295
260123201 260867544
378298403 379267890
374202297 374556318
232587777 232812510
328521565 328760411
519428346 519572140
679922237 680496837
328660366 329288250
55044611 55112295
20011440 20277963
216919362 216953198
474358440 475002506
911564895 911622473
754960308 755127203
843192061 843477716
624692032 625137336
329809820 330392224
860488082 860509066
789384603 790228118
72368929 72635912
841075254 841874800
789612682 789974573
26106797 26168897
329117549 329843043
202379446 203166014
299807454 300695087
903494221 903553538
276456337 276666400
70142629 70633848
866576329 867408443
949607753 950127534
688943427 689763660
266936092 267069350
554025520 554536164
733577526 734478995
598435618 598532430
685879074 686044872
628369035 628415189
854947700 854949557
467178181 468001737
918165211 918236828
3719180 4664610
434862455 435308319
719756253 720676029
856133455 856751459
230436188 231240301
654030377 654560316
803264095 803670661
352628590 353543738
885614121 886397027
458651836 458820270
846486177 846724553
28641232 28881476
952628693 952952166
916877201 917367844
899425940 899516641
966780043 967374873
950197341 950862524
420458382 420885538
89543470 90528496
701958843 702160480
303497233 303604801
175748569 176643802
643970886 644001719
329452175 329729863
921646822 921957484
899275065 899290873
588841662 589355421
135862489 136268885
569878589 570579488
70004767 70969847
972808952 973703321
680882409 681036858
845359989 846304129
19261831 20016137
405856389 406609048
936443157 936803732
517497308 518021441
65484452 65978405
5351336 5432470
358720960 358967286
822155132 823115073
631258653 632009490
197373640 198068227
872465302 873434381
733517774 734480817
418674741 418690347
472063242 472867073
448496473 448870831
814950575 815285343
104429595 105004791
134879475 135206413
825864504 826366642
903261722 903517383
139210829 139917101
889291155 889769911
40659882 40663757
753972863 754117465
973325489 973471873
158895718 159704482
739655532 740071085
146156406 146464983
830434553 831394208
891236884 891677622
735793440 736491698
23566958 24421902
626031550 626853129
178685895 178920927
674539807 675174763
311867945 312782024
110793003 111384197
762237591 763185267
835575778 835869465
600966463 601526191
347959729 348560345
455830188 456112328
590439243 590799139
585595013 585970802
974165218 974971799
537560599 538228260
218470532 219016121
44940539 45479079
763778144 764080765
463272264 463829640
826728297 826740540
99159795 100085663
936699073 937085180
518447022 518723099
41978960 42715274
195693527 195826083
421088500 421694288
574981290 575750574
153094290 153176171
284894282 284928435
325153278 325699077
746195008 747043466
417062427 417643986
364446186 365383234
666168514 667068095
906443722 906845165
628753673 629254134
508005695 508025326
962143818 962281412
390837766 391163719
345379685 345578129
242678588 243341501
166532576 166556889
839678691 839696302
396913087 397795006
555498613 555725770
933336517 933511239
270818532 271090304
362598803 362953189
947620975 948532081
15452043 16020138
846116999 846502340
927633409 928085680
325645490 325947186
763553215 763804515
565290082 566058782
909188605 909247249
170364409 171278270
682987555 683370129
923159208 923919501
773957134 774069947
380176985 380763152
402246551 402963773
997216977 997959700
686014351 686142744
324149762 324224315
15741878 16017356
752650551 753318572
709720555 710700942
748499208 749038602
414763481 415403898
961851333 962414412
313063161 313207423
238387555 238902286
48792287 49001166
775852089 776346372
190776601 191400141
606589639 606852707
90558489 91418667
247397388 247592468
46539594 47364594
164000763 164016232
445178596 445825423
947984755 948609583
559343709 559364507
602915787 603002066
369270952 369423385
750774803 751650922
123442176 124243090
91817007 91983054
134999481 135666918
337525907 338414914
236739269 237281998
209973219 210311651
9368272 9480659
457778443 458479246
740816428 741050729
556488744 556616355
598990787 599017650
30119184 30181474
848754042 849577846
800988192 801488043
181961249 182314121
462268964 462651859
200446473 200549343
841286656 841578851
707007232 707787160
908666156 908693640
257363346 257557581
724932796 725349087
736124894 736571091
344515379 344825792
288552813 288831099
903811895 904014223
44987666 45712149
387450817 387994956
301705214 302050313
709437879 709664727
321120932 321142810
843700251 844045996
705914257 706609592
203189197 203896079
908530328 909409016
466425689 466779378
948800128 949771508
230702141 231143986
683689640 684665955
663641937 664447159
26431903 26682580
362780775 363440719
369825292 370806484
963768296 964548702
13466140 13789663
153796198 154113044
394428098 394805044
32451524 32830574
74402991 74770219
460663505 460963974
87551650 88411507
18240505 18835397
483493607 484285887
721190515 722072158
60425354 61138020
677077611 677925067
91838778 91898953
817884106 817935255
83508142 83872739
897746040 898164617
72653228 73631579
832036082 832930869
304697156 305528822
79150332 79892986
940150485 940944014
491987805 492341162
219328969 219948090
106134074 106928921
835181291 835543444
666711454 667008003
252461760 252473658
56545186 57246914
705159068 705742465
544900547 545312604
429229857 429572614
605379138 606204284
491218925 491483335
391612301 392307298
893425101 893790567
414063844 414596762
66105348 66328473
591234697 591582129
316913799 317874934
777944643 778136152
188071413 189037261
310639039 310837477
151543668 151874272
226877171 227291197
549738802 549788127
751850501 752663085
565463809 566205528
25597260 25761012
517744782 517852780
611883133 612673695
764629451 765231446
932373808 933102732
807193932 807794461
190559051 190909514
68204768 68532294
389665951 389815967
356816736 357545570
476186837 476613665
26903241 27013685
583102929 583736410
37644110 38503700
270945504 271644645
496713873 497016621
640637344 641503459
22931859 23467911
664860263 665786241
945249525 945928812
383437310 384200963
28626314 29141453
122638550 122778202
710826473 711787986
345266571 345706524
15850135 16447973
598270186 598274583
648903242 649129872
320026592 320773953
274408237 275065816
977553698 978103713
438772539 439058090
273553518 274366721
112218973 112361059
128936441 128982946
495279094 495983325
874484885 875262052
496859743 497691912
414203421 415147491
801998533 802350840
324203611 324642910
130707973 131070688
649117676 649536446
172245381 172705564
964751150 964868207
404751007 404901897
224498120 224694260
53594860 53875163
811573050 812512165
119101954 119459009
581548213 582024941
614450816 614696709
308550595 308843690
602724046 603330791
634027158 634029628
72695281 72776620
873194731 873858530
704561791 705484258
65082577 65756751
30249741 30525164
425506188 426021939
635341664 635792576
738592145 739207554
715053657 715992626
532032381 532354446
987616548 987896050
502560173 502755668
967346521 967919507
395726101 396100456
883072242 883282983
143513543 143548001
576895508 577268064
68986814 69921856
34505704 34688721
853886534 854318439
661914095 662884449
249147321 249473010
851564371 852528216
887859291 888118830
560070525 560455250
972376896 972673358
209635069 209719619
167178345 167523138
509635809 510239725
434341398 434800110
297977575 298229241
974618952 975591471
244759207 244789774
562483391 563371287
882948575 883623440
547908331 548460746
387128533 387202172
14922955 15182155
382893915 383135517
576095821 577060019
525396843 526177268
412215527 412807341
36711129 37125083
179477548 179634604
481591674 482499434
10758173 11122842
233525918 233760185
944217762 944518123
757441425 757461833
207698643 207904636
395132558 395466584
873765376 873868131
527925308 528503509
768348969 769171719
973419139 974356970
928783646 929457754
248369555 248557343
143034180 143526814
770854608 771387647
752552371 752667636
569220381 569671386
852062982 853060335
575124725 575344595
610522819 610699668
655583216 655655130
837354375 838205633
842875376 842995232
915102191 915611634
82603367 82639992
497997863 498589119
128036940 128787954
926674039 927645710
343350516 344340956
521429448 522246843
718259445 718519179
656606117 657503114
382499302 382976485
242813202 243200221
520443875 520545985
602584514 602946531
308964950 309050769
762007163 762851380
271215787 271924483
900067052 900442304
232076173 232785904
545986407 546968734
780291855 780316154
498410901 499124064
745580457 745634034
774903638 775682931
16052817 16994982
931708938 931801283
176985195 177479615
42190146 43064219
945288716 945736300
732443658 733419725
201191359 201519693
564640598 565451368
769504628 769649335
995425960 995703211
655260569 655508860
719941121 719949779
147869629 147920085
640500486 640911866
3668290 4573059
309198040 309848900
325897446 326037385
934134616 934427833
726866917 727275563
413511882 413904968
816973812 817740703
711683307 712209023
958649567 958877601
139160689 139189784
683529326 683896470
505984339 506602489
75197725 75309506
314070491 314301910
672751730 673464902
693070197 693489255
957354186 957407552
571553443 572474180
73884606 74790514
478769249 479209928
971025948 971072803
346698747 347586931
143006144 143248118
799887208 800198030
932143417 932443678
862021433 862110171
2979976 3764247
808024154 808329061
929046468 929225022
447196306 447958780
484814379 485808564
852624282 852766666
657056692 657249060
799942244 800250923
210625452 211578594
556103878 556635680
788610105 789529076
184039630 184368192
179671044 179802217
93508631 93993277
688247316 689156975
463023624 463731377
267183849 268082275
795026046 795502522
395369849 395897761
990468417 990810644
195383586 195814938
47474048 47845812
747420711 747633342
449180595 449409091
37194411 37440957
894448368 894554516
413603553 414157753
431316083 431519423
327692083 328354489
490741677 491304864
375457892 375661410
545508321 546060002
255192492 256153882
511154402 511356831
583196366 583908225
181792140 182765347
191657890 191851817
603680760 604316675
137460155 138326823
484916804 485337531
175313428 176070429
916478184 917305105
573923703 574188464
99213827 100148382
593119625 593587157
595735229 596029907
975478571 976277390
913695249 914137572
347838794 348178216
449989120 450824758
571468768 572243576
542150960 543040671
680294091 680346665
840158351 840655285
161515366 162138384
985741118 986341445
955972249 956562620
314128324 314919503
233120352 233842939
123547633 124291282
681935418 682156005
709597302 710500565
473719340 474123529
47630300 48339218
386299433 386994820
405211854 405989946
907758766 908599398
181264554 182010475
476047680 477004406
603191795 603825191
351646961 351809561
566760060 567495052
705559540 705885996
566844846 567619613
619801718 620242587
787591194 787855964
215372884 215848178
188173216 188296506
160399690 161167561
496056852 496233202
312249586 312850257
190133143 190722618
374772285 374965414
5458446 6001454
601998772 602037039
815344135 815606133
96544055 97524771
949184959 949854442
956850024 957155310
945530422 945727713
528240960 528448029
906981954 907977646
449497376 450070812
831620107 832533785
310793813 311790627
20943943 21388810
764084900 764230333
842499240 842720787
929232937 929654452
229740116 230188554
145639754 146247223
845094411 845224524
337803565 338513867
27870408 28344999
217847845 218136393
120030801 120996754
749246260 749961318
401468314 401488423
765135400 765646659
231073610 231558491
531033880 531639506
584233888 584567532
945251242 945306700
680276832 680557120
280695860 281018429
962564283 963041890
348008011 348570689
913727928 913960914
930513711 930621687
249132604 249654374
220470441 221282592
367268461 367722815
611122320 612071217
138245230 139186562
532468632 533402834
959439580 959832973
985712323 985889217
664580711 665542433
554495900 554504855
474668385 475073142
671324008 671696910
138043100 138683561
616230975 617159674
720667266 720894237
402923282 403648403
311308418 311766104
180684376 181497034
473572657 474054395
848620863 848768337
155598620 156220247
748864776 749546674
630798787 631260533
376502315 377323527
179303579 180223235
913884557 914834811
541231667 541678014
715777911 716314735
18270260 19105865
692997001 693073472
792865961 793294168
449316241 449363817
805720399 805741523
243026585 243100285
137663979 138307452
384656642 385057952
446257464 446974476
705542211 705690777
45107500 45987162
450662579 450922625
239192490 239739699
516882808 517171909
113282951 114249436
549184939 549873828
495421950 495821286
319938833 320063051
822818080 822941394
476414780 476613685
442086468 442476514
630499959 631050444
583427671 583467341
332256894 332570213
974619910 975174616
645083279 645670331
810661062 811424744
847329116 848112338
325968555 326937285
413495740 413988303
927527825 927582954
160120054 161011215
956512984 957318896
616369547 616710249
160937430 161583149
174143793 174811350
728516542 728681350
204119424 204838048
772713795 773393686
877454231 877893645
544564068 545319660
709286234 709971867
62829747 63691518
500698877 500787670
622127225 622872691
771783465 772108892
847374312 847807506
526512612 527026212
557457487 557796576
502690303 503409098
712051833 713007925
323568963 324050885
593126682 593577864
529341566 529658048
637770768 637811101
640210391 641178893
969792543 970374114
902408785 903110756
410493340 411031232
788402874 788421709
915176527 916158398
564141909 564436767
92129816 92643215
973107037 973408431
354135881 354453685
75109626 75245223
587655802 587802854
374977318 375288022
456028994 456865359
319309935 319618268
28258357 28511381
995373939 995377305
897311041 897974304
292897425 293700061
292688188 293434017
957270 1075917
150362974 150976406
983137559 983717384
387976902 388609701
797583058 797601758
17566409 17874382
568330611 569183678
84802445 85189112
49770146 50259741
900689724 900938304
393729769 394281648
614056556 614171861
818222913 819050150
854166289 854253070
144996023 145084921
647926986 648154634
501932249 502831694
875131923 875712443
739710699 740116029
675326353 675965658
166168419 166530346
123513082 124002403
435684494 436075319
724413558 724718783
753216577 754092604
571929704 572517813
190812360 191574761
812188309 812295156
897372761 897912371
817130285 817765108
743124381 743443017
47846831 48401740
542186346 542286767
194479669 194649883
215892741 216624135
295978118 296032616
537436256 537542157
206921741 207296762
842489792 842860666
85928881 86606600
898579304 899390774
856609669 856740296
917163529 917707238
439305966 439753346
131334575 132143952
212932006 213930858
512162580 513116050
972892378 973370613
880657981 881246180
399804559 400625676
680868791 681144404
457479413 457901202
769096926 769998786
971585753 971908413
325199760 325965041
977225694 977841500
808369346 809010180
277289276 277906619
137280567 137666485
202927545 203342584
404627904 405004243
414307465 414487496
55181010 55819280
378883913 379016469
798908209 799412282
85685652 86176503
143841395 144696819
940947957 941875904
31277542 31425074
336541689 336994755
362596119 362970648
66239347 67012377
831832724 832459339
822495184 822704991
733769176 734597413
757878113 758298713
53382878 54230609
575771271 576609382
323676170 323796870
537208148 537654233
804269050 805198832
483298935 483737640
589985095 590910454
295373656 295430746
480660587 480783785
954186382 954446120
396176260 396305656
78329223 78468943
73167012 74021690
185787256 186073539
863098016 863955409
760382119 761150603
618177743 618933156
778530522 779416888
246885396 247836249
699991573 700131312
698621515 698988298
568496752 569413639
748431763 748440598
55731483 56586028
410034365 410607415
908961613 909535687
860543577 861346211
202161752 202708247
893406245 893529861
965391041 965421783
997943434 998901516
697788147 698387236
39190691 39342805
608302493 609084949
327567361 328414814
293078465 293308412
180913312 181159261
741170960 742167024
211004936 211648881
758447342 759177193
626896475 627158313
424077749 424485021
866692010 867194610
991748812 992040808
401772445 402167767
956370564 956462741
375817195 376322677
981439581 981470168
803208431 803737782
324333428 324905509
771149038 771251165
208987847 209977038
329239509 329502824
305128994 305519147
776517051 776752202
641841721 642799881
780678262 781622254
69223745 69790806
655312712 656133303
526525813 526703194
489565333 490539979
534606221 535271125
697344536 697986550
777106103 777822672
669488127 669995200
438227447 438994563
889608763 890175907
137439279 138399848
259778690 260207239
548541047 549177364
78868280 79432190
53210442 53420810
428753117 429463813
518442152 519089944
953018491 953505803
508795302 509766549
635488834 635889935
154511447 155346880
643416318 644231824
926466104 926625919
969868674 970535380
671157984 671255777
173600452 173738169
41862537 42584412
265784999 266269384
384430014 385366529
3641410 4151203
134153974 135140587
373432102 374230786
518361935 518548048
924239607 925161672
342542982 342593576
301250820 301420039
845450718 846444541
218565997 218716048
447946027 448327151
636741630 636765238
843329672 844121520
269900203 270366119
349632492 349848265
589887570 590302199
791729626 792373309
178884524 179400263
870171199 870651482
13484106 13915433
735885388 736565734
737134384 737457871
442507634 443027826
431496851 432475187
869950745 869997011
219207086 219896110
121786348 122222789
817524133 818312939
814073843 814088670
259638590 260470882
475790381 475930632
535026172 535990604
997066404 997313809
658007538 658495176
889357155 889501241
224053573 224482203
655390760 656246749
558711635 559452715
573197569 573439192
228173423 228283658
401151052 401730440
317271293 317956260
290931523 290951028
44532438 45249032
947701843 947937403
404705627 405562706
632168184 632568842
643812069 643992941
646091153 646914647
418698732 418890721
164875754 165046547
97800732 98110645
617396850 617880903
254858660 255174974
52193032 52741464
872106736 872202755
761477721 762233585
168718091 169493724
339783050 340775487
717261709 717958797
540878285 540978198
952008197 952367392
648208965 648331953
253752008 253991486
704755688 705268987
300585833 301272290
475069595 475502083
522514407 522546138
696822363 697384767
124414400 125051547
39174053 39186921
67592218 67922395
160611275 161323079
425447124 425778007
456976118 457251682
817822330 817875619
817254496 818132632
343084104 343961639
621354 872174
831278798 831468283
339281591 339590503
63735247 63790164
423630207 424544816
774734934 775427099
11563988 11757897
134538621 134654868
714907244 715319035
570716323 570768717
62463286 63365326
979698392 979740772
522040005 522122004
17714226 18174290
781832310 781928659
365093190 365799983
692508348 692597053
321967399 321998232
28249121 29171677
247687124 247968758
832736797 832909247
171988458 172553212
161832574 162408514
602764146 603560386
423116558 423357809
214750467 215290480
779099963 780078660
750145090 750152765
680518630 680543838
703872857 703904247
850148349 850405706
540991430 541875664
249086886 249425601
881880011 882449499
980971210 981825229
737958648 738405531
258458355 258874564
94322198 94740705
913536832 913854483
971796154 972312126
939117133 939958027
463397425 463626726
724239073 725006206
887586376 888418878
490119340 490616916
845554546 846091539
87620286 87685793
660128454 660401232
760616987 761543128
957331659 958036149
189327704 189510456
92118146 92637786
323436337 323866618
445223317 445537849
241280244 241625759
601098036 601643303
636019319 636516776
203507026 204065549
104933293 105611856
846394351 846880717
105147609 105995995
37876900 38190051
997213975 997765770
179270181 179939026
649766824 650392957
410973998 410992941
840210012 841157968
885794643 886013075
504676931 505424594
817888401 818304647
59447265 60247092
311585581 312399659
937500737 937989499
986574688 987562713
55490590 56153298
822611110 823375763
582683675 582949568
363260514 363708967
232624167 233590615
472413530 473081122
34563847 35400643
294628797 294980831
97661672 98206010
198030055 198859505
343177867 343738179
545058172 545719553
356201994 356560288
804207963 804476694
404180736 404261895
576185680 576433651
715172296 715330208
945579728 945760577
250284616 250444517
899978685 900053895
577938473 578052362
892975226 893929997
668561799 668683163
952285884 953249913
685190706 685728823
657818543 658782431
3034338 3216744
761305881 761899777
48612356 48897110
316003576 316531125
682812428 682987759
869515244 870184133
325462396 325877224
49572048 49781647
544577921 545318027
721301904 721483361
795189467 795583976
92773059 93745059
100328381 101280346
680408306 680554774
427329934 428024300
862711893 863405504
298863625 299199279
904243684 905149865
482934301 483451949
855026933 856015594
258369004 259041042
603269894 604002180
930932323 931330614
594910731 595812118
806073634 806663393
764916162 765896025
343616984 343877115
77206122 77713322
258041832 258473259
853061181 853351994
287685494 287749125
5651346 6401418
211023129 211979271
384340886 385106244
291562789 291814327
768210775 768509301
567147987 568088492
174814726 174994363
350957314 351737333
733275106 733346746
560106162 560260336
87496882 88297815
282619739 282745371
442122979 442221637
849219264 849589430
681294326 681600897
691273317 691914569
293853263 294674960
330421741 331099142
372994096 373550844
151580604 151683378
844278895 845088931
877221055 878055931
28859365 29177371
334451239 335113638
56941164 57054460
257002252 257003070
70233831 71102540
709069320 709589204
826605443 827142493
339761133 340453969
747797802 748067933
999502297 999922890
489538778 490403905
164305328 164777427
496760812 496802273
843280467 844169418
27837341 28127912
416386428 417084373
790513739 790926999
345614309 346436868
846077365 846874400
518869197 519840237
770197919 770811725
932255316 932545992
583775440 583935467
655905971 656824260
620675856 621474145
964487480 965296596
230952610 231151032
20248256 20870149
655267071 656095683
571551571 571657325
936618519 936719557
46531377 46789049
783758739 784697789
983632473 983822783
980088345 980445727
932643083 932916182
248878451 248969389
290941870 291258804
223711098 224548560
52444462 53141938
83333089 83782446
153355715 153814616
787651280 787995211
227314499 227468649
844518568 845369851
517436072 518259772
326978313 327475017
800271406 800689927
527408412 528237378
349243523 349333677
467476492 467682413
345445604 346245603
316324988 316984963
885440228 886213602
141006221 141827465
98709454 99704089
542635028 542886904
738085652 738124917
171183521 172150642
419646134 419810997
280472819 280606703
384841989 385266863
348654978 348688188
962241745 962527813
995817629 995982136
252579937 252839120
993445849 994279398
888781097 889280438
864402167 865381557
888331572 888397887
119648066 120637699
167632273 168011637
595705218 596667933
897287843 897784378
601988468 602030605
575671647 576654694
621650330 621807861
407234587 407856186
76726307 77339805
581375333 582066647
888476958 889461192
370088248 370763428
266502751 267127392
310555925 310864262
740754030 741390736
850594432 851225268
80918733 81092807
461790906 462162249
626385231 627313536
325924558 326883154
459099090 459527970
373141016 373655963
364063411 364470734
130883405 131292085
975960089 976138693
472967262 473197287
921011965 921577407
547375595 547799541
959688387 960664488
536151637 536507950
536936885 537110026
18891812 19091754
737501736 738098407
633203633 633294247
45702916 45855516
225059234 226030296
705604804 706544047
423052858 423464379
5991049 6204178
63596007 64430932
819127571 819633641
294855330 295640573
984918088 985401041
441021778 441472280
520298990 520382844
345050363 345193778
270461149 271369466
353937302 354214508
618625928 619482633
575344654 575473129
564072942 564567811
779030468 779287076
474716639 475668496
512453167 513126189
508315379 508470749
925168655 925657770
605277706 606137655
364522178 365292348
338122400 338630642
356954105 357790486
65278751 66121607
114248649 114725096
692829144 693552443
940448002 941436591
365580383 366230317
353954747 354130567
795702329 795855540
893529718 893655304
930506579 931074856
641964188 642502210
370831281 370962104
821822085 822146606
500261487 501090573
98563437 99035409
562599503 563316216
15532993 16070138
933862132 934466206
252032281 252387198
468135186 468922545
207802274 208351441
757973199 758792650
129194494 130089164
544953904 545175673
360459411 361381251
435417129 436030317
87415658 88231904
227149866 227260504
944450059 944493706
309585716 309893232
996276835 997240163
551726591 551820990
717411066 718115719
758836647 758846379
509491371 509659177
652150974 652635797
970864681 971145204
153204520 153757460
855488364 855862539
817274163 817472447
491845018 492361357
206669685 206672412
16864408 17359990
94760845 94913250
677660287 678617460
131639894 131992096
2359303 2685960
678952767 679824455
6863979 7812736
168097750 168619856
902541997 902760228
802850369 803803384
138509957 138523852
802136636 802584818
85246125 85821100
890180856 890753837
463359104 464132479
243139788 243781896
43787085 44784128
793997438 794293954
149145355 149443449
845620063 846417078
614128512 614875235
705539182 706116639
156473108 156766584
863677521 863686032
972973289 973221268
831745804 832112996
496716893 496974124
737695595 738193590
233025627 233183199
898480432 898878324
733984971 734282995
401444213 401745201
791440677 792019135
756246203 756723096
663230760 663544856
101587307 102132861
325638787 326327343
555750097 555927705
327456693 328145683
445783002 446212170
673918620 674542885
931274858 932211273
453209770 453851681
81429394 81538729
686815909 687773728
347567123 348289861
135094936 135938699
557590776 557842307
539577877 540337794
650652631 650836025
86433232 86874933
606646622 606676939
660932015 661590528
694885673 695641582
841624875 841724564
59553711 59616228
521219375 521524638
31618834 32560912
183177025 183211232
989982545 990956324
39131579 39719108
277359300 277779119
174679340 175282745
488429550 489317976
102299758 102505381
700737786 701192397
768811650 769224045
676768909 677118948
750863393 751054225
911476017 911570781
888106813 888309223
763330027 763811541
133305266 134126701
549258591 549432857
295595334 296334751
265566337 265800625
635683891 636610854
480722433 481173178
985366177 985785821
550830880 551494649
60064959 60803153
466916688 467188306
986782645 987074870
598069272 598173635
651213584 651604585
573006473 573158387
314737760 315675218
936331980 937079019
130351537 131194972
134430450 134622253
354714613 354878028
700715155 701029454
566457419 566847142
868591291 869505574
472575239 473050049
369803689 370351106
172098374 172377633
201754441 202607387
484682217 485339367
715468541 715719323
969456318 969705294
603319079 603532103
470887305 470919988
284264603 284472493
989364254 989937632
82859178 83179460
545155129 546150479
666516759 667341123
409056730 409117349
576123725 576634226
813555940 814143288
300943171 301384721
784759021 785202401
685057691 685077257
243600904 243614593
404488977 405355282
606577981 607221708
487583718 487706503
731137964 731261800
953114188 953661126
79679141 79784871
129370052 129651845
375286684 376146442
229435143 230270431
305210248 306177201
356600157 357293559
742106494 743056936
793327953 793753226
336303544 337264970
901322683 901909344
242031099 242272198
998601009 999100447
719510826 719612518
582618855 582729444
390157499 390783701
515237223 515421244
272944451 273287001
561358291 562145545
417822296 417962071
137715141 138641759
390244370 390725983
298438045 299432008
935731450 936083682
422452559 423270102
213101468 213670904
672881221 673469458
712531337 713336509
262482636 262517908
620707154 621509781
77510707 77936358
327569065 328471157
673119242 673801956
988748249 989707323
778752064 779370897
618824112 619015809
445030312 445909978
109667326 109821790
401296030 401894132
272831679 273596355
121835368 122481819
683038833 683493362
321369544 321638820
611624919 612153705
493328482 494143852
58945403 59059045
458474505 459225049
592426974 593414382
440216713 440840354
241682511 242064186
16285799 16434242
565603619 565704547
873295599 874008775
804738637 805356523
561495013 562105913
399160922 399700264
38900685 39151194
839682495 840499821
532883470 532956389
685531714 686244652
495171018 495187503
573510162 573957833
879209107 879265111
72082765 72891938
661917700 662108358
540466059 541463209
421296813 422098103
271425639 271871010
920938381 921926408
20927039 21426376
422568229 423528592
723024857 723168335
591153527 591914174
848217907 848681432
900603310 901186701
905405272 906313579
236377245 236911792
712025458 712776452
231061286 231186263
384394929 385373587
982585153 983241673
430586760 431402405
478258688 479214604
422618242 423457680
220800591 221753570
56339758 56627153
818927030 819174381
422840374 422905890
643894613 644660687
531712038 532140245
484981210 485435583
809081522 809437965
448198334 448531671
746724976 747388541
674613679 675042177
483917162 484638183
634565782 634894359
9203467 9776639
845347613 845528899
963197860 964033615
28505362 29205055
560530143 560926658
252341271 252444743
683662789 684301735
884119248 885114360
685138810 686048020
375142557 375896736
385635481 385761118
796325733 796547668
938500926 938564235
912024277 912878110
362929979 363689332
927921302 928712945
322250173 322531365
348730967 349324575
403785386 404539293
484479701 485373449
758481493 758920655
906104277 906901344
833125809 834120154
549600383 550358245
656954004 657158337
185386815 185914056
913603049 914480284
461838476 462795313
169967536 170566256
724231251 724587654
738263498 738349177
785609011 786047960
383473090 383862369
86028172 86586773
262003633 262852794
707483809 707591973
502960636 503627198
635581414 635669096
507256097 507896922
360763621 360915886
839178755 839527707
993084352 993710497
994979251 995857234
924270266 924956133
716846871 716857838
335997810 336379410
827191668 827388085
133524084 134321025
980780945 980805158
329181437 329854267
836215925 836987078
308711769 309624682
649882400 650752220
416808349 417532325
104242874 104706240
996035085 996696076
818422329 818660581
648072136 648519604
663430845 663877603
993849246 993943616
58685808 59288537
628004406 628464085
918726924 919008271
567499869 568215656
602019114 602958978
292303665 292782797
864755621 864910145
296068179 296276317
647721612 647754297
541449090 541502330
590863359 591612420
988980545 989689577
939493148 939945676
56410587 56803918
280957678 281100601
452538406 453372083
855528011 856318263
235800420 235949786
624187326 624255672
243285746 244152372
666554995 666606150
938160294 938803644
94211923 94706074
830119608 830221356
678832052 678977955
968820243 969259762
654212080 654567802
962732151 963532069
137497884 138197801
407557339 408117540
540970457 540972907
480889196 481470294
678271812 679102167
586434732 587025038
854572240 855186234
670147859 670241810
360052393 360202036
663927691 664226164
410510803 410819091
791589569 791701427
999887330 999966794
603780328 604100247
885230784 885758808
645474837 646334470
135109763 135689250
13782573 14297695
148200839 148216439
83255828 83737804
718453510 719374257
343122698 343332593
32702914 33554015
519772132 519812146
609208842 609693296
109653484 110585093
771258606 771926050
205002804 205708597
817274582 817596666
573433597 574108479
96241943 97125106
545609733 546325029
281001159 281254379
547671693 548330635
164741921 165128998
67663944 68068596
239886512 240029767
37642621 37731716
603363194 603886832
22276754 22805873
802632238 803130333
34821763 35356698
36656847 37549212
889907994 890460478
472816363 473297810
739108957 739351851
468299435 469196211
584449019 584611380
510850659 511417978
355507818 356334497
294214516 294928344
624340791 624613543
313550208 314067030
848188975 848210323
274674761 275277415
553957458 554442058
281839099 282095678
563141490 563149034
105070873 105519143
636548168 637464857
403138976 403644168
720689262 721632285
416245505 416478279
805829254 806685509
292136939 292654762
284572995 285506940
462026089 462947994
691776350 692549153
984014138 984022755
219355251 220235728
274608848 275045821
296835470 297705554
562676805 562697890
761420674 761995608
922143735 922851665
394538471 394707986
310139358 311026689
388297352 389101640
719015449 719262510
25991672 26304562
193424499 193927845
304030164 304226455
153469334 154117214
393003155 393920171
294066259 294076556
743396639 743670819
918940668 919802430
778538404 778916447
746899543 747069178
35528034 36181554
374846842 375029334
592953600 593413514
823967819 824575575
764239309 764361237
967548877 967695439
559861256 560639971
963948769 964430715
451045844 451450837
678659096 679479656
855188331 855723886
513108765 513391583
543693111 544256671
162631335 163178107
342541951 342741416
981130671 982103365
541418854 542029422
149174807 149721841
831500924 832057735
230726906 231680487
675202154 675269965
99047139 99780498
196378198 197141411
979640474 980487914
548238977 548894343
149532548 150115937
273780467 274627300
492480196 493376648
19732140 20373790
514540523 514966981
362024782 362336690
6294356 6712313
415733194 415779679
248636671 249485525
813073540 813608239
349471938 349661457
565311610 566211873
853567966 854411029
373459609 374009818
239943826 240751669
536743023 537082563
168767935 169609450
83528235 84222185
213602758 213891267
516048868 516985543
646689878 647579286
880883542 881532365
971217166 971833844
186927068 187117268
885419756 885787204
158341465 158902655
226087435 226546638
396806269 397005740
705060769 705360667
941835563 942797887
285958470 285990577
773503167 774179984
67231953 67949968
126404534 127311294
896340327 897331594
229747528 230005460
127385980 128004698
19798192 20622190
281575241 282547811
828269798 829102999
356944938 357585407
58999965 59193372
221674819 222299236
802122874 802149922
794025413 794575946
353605784 353615509
42240852 42670726
394542384 395100161
702178770 703005693
79628073 80102757
987589745 987772088
893931483 894507168
189842699 190721785
958240323 958482096
147071284 147898452
232989818 233659279
199632725 200081372
663371844 663627710
485725576 486373005
175193519 176181169
562065387 562219523
891629712 892469812
315521847 316515365
643264168 644047081
268160349 268732576
800205638 800213567
206490667 206666116
839138530 839744010
676765949 677443151
99878874 99907072
166056928 166084335
528163421 528395159
697478789 697899910
18205678 18447740
303736096 304062325
924249703 925007702
528257047 528465707
290152840 291012201
745969391 746127952
787517551 787809887
163609179 163988137
478317138 479261713
116652109 116778677
452783543 453709206
661951810 662856691
13689003 13898579
353446766 353959599
322182640 322600570
201880835 202258785
883795617 884148975
88693773 89628189
743289157 743670313
898182016 898609756
977805809 978308608
323852985 324479451
916115495 916125730
971528717 972259222
814700393 814948051
676384039 677083881
740653950 741391619
881258944 881383397
363458582 363729449
233181871 233238578
254432279 254512393
395979385 396122700
487751943 488046163
292976229 293895047
129728206 129990452
530682381 531091015
927615315 928145814
632765275 633142694
746184751 747166625
492655972 493262979
861626169 862359568
483680825 484071080
785508536 786131401
533707463 534372722
603842195 603905985
833486703 834255454
344625742 345431951
99316011 100183149
265049470 265756330
467846740 468334783
494624999 495421504
223601779 224003934
947868647 947943589
976629302 977095533
236851150 237028511
476406938 477203498
875184160 876097500
23640148 23801893
227964211 228141952
630389791 630791184
712069068 712921795
141502903 142145117
962918271 963324334
252336206 253004792
703484326 703899965
662603713 662867462
201044485 201654588
771957238 772061913
58111007 59086365
289408935 290140942
650795167 651379118
675494003 675693884
961040520 961278300
956810703 957706210
324328612 325099700
365491913 366062166
272954307 273118257
382977163 383417242
192490998 192811314
126093596 126971137
108471662 108956865
473720418 473993211
556498962 557084150
467278931 467517393
125125383 125327892
138774770 139316784
440019818 440500301
559091013 559858772
388575901 388998930
45993750 46954922
492084186 492190515
873840069 874219268
991349787 992171663
109905813 110368480
862606904 862991811
862546148 862591343
163671958 164281231
671340123 671957622
446070702 446631421
819845118 820492487
912185620 912846127
357428862 357666737
246465057 246959223
464833464 465126766
461400158 461922879
880312258 880408496
114081096 114083743
405587418 405737300
3290419 3314984
330348300 331094259
605191497 605297772
153480727 154209643
559964442 560285632
324120399 324218884
278770043 279675142
697281433 697402872
641517339 642020770
362623404 363543389
395151291 395666183
33051490 33640080
330158342 331128755
993817248 994770490
347569260 348553263
824742042 825474048
657542291 658016008
36039555 36928400
461611117 462292153
735753191 736301958
832898119 833849407
382250200 382975610
152941065 153905047
569324485 569426792
471481941 471691065
933633685 933682479
667238274 668177251
742251615 743169816
791072008 791816908
469480989 469836789
737858256 738768677
962470482 963385601
146237196 146452823
884632729 884971647
45406211 46107168
330205865 330986364
798549929 799021113
927366863 927528849
18134791 18220658
482422184 483008629
309221423 309248956
704951879 705441876
924670926 925258080
531467615 531633080
184513381 184845319
285496103 286020768
486432169 487384802
978923982 979432155
692204715 692229585
548154639 549065770
215682016 216217485
977772782 978028981
203443978 204038783
278589051 278973945
7494018 8182092
310646205 310654610
12495523 13196054
531357016 532264076
408071273 408382485
306875483 307633553
518350760 518970239
52380587 52492476
794554418 794868486
73051589 73237434
467728266 467967453
380988010 381275150
463998834 464928865
162949709 163292503
101478432 102372105
802277959 802498470
516074913 516133193
679586943 679775285
290182557 290963871
337630465 337870803
164362491 164851842
106721770 106820711
378504957 379077579
466399850 467251093
422527382 422735610
8121822 8222781
999877153 999949360
718725304 719187771
74428150 75206994
580482903 581337059
393920698 394381201
47452208 47534359
308389429 309094539
128803314 129297081
217455973 217982355
203650326 204002032
47149861 48082939
908254241 908723729
637919139 638254637
611660744 612633360
807427217 807716432
969070490 969813945
792524794 793458072
575469080 576240060
508807351 509476899
603334442 604237832
434988586 435557175
269237367 269738150
711358113 711514713
397287588 398088342
354707726 354717120
951850033 952043671
370017946 370880523
568126701 568141889
810253254 810999787
271250818 271443284
708479962 708862819
128293563 128575998
988926146 989124742
149947503 150835870
208548289 208713910
276485541 276642979
831368666 832174223
871458986 871587592
53146776 53325733
27928915 27989390
51952043 52408768
616389253 616854610
524993306 525921854
278078200 278346735
1134710 1177554
895728020 896311546
840346131 840463616
482119402 482571051
677697254 678120741
54957407 55435701
590248560 590575318
481060232 481865240
946019271 946219880
954920702 955829688
851250414 852248871
735814332 736472703
345962104 346734349
475445642 476154964
139266057 140006121
276820494 276844356
618774027 619567518
494466242 494490108
988281570 989262536
703494826 704189946
771134768 771291109
351787496 352622358
900553518 901424980
755240958 756055802
343147892 343597279
697607702 698002539
365438823 366211978
992278764 992514004
721935346 722675451
696180481 696182767
749712170 749828572
274546697 275494587
872442037 873196832
767709487 768565791
337759101 338614992
324794674 324838286
634431207 635324196
565238509 565702447
274390526 274933382
9017137 9379445
328003427 328099001
179476624 180200367
378796106 379220379
689435169 689689675
885198307 885707376
873585581 874103270
280051947 280639278
751044098 751317204
895729600 896623443
597393868 597914665
317287316 317305794
227713927 227772813
667522000 668467186
523369044 524173589
611762685 612194287
282526341 282558917
376707698 377521365
225159926 225291442
538752543 538963938
722493640 722577016
172756462 173597268
207852775 207860320
517919935 518201358
348129439 348266279
767106234 767199032
748835969 749612076
544884006 545730292
906529348 907084840
492804291 493620602
329574756 330136390
933194906 933416369
621119822 621247933
749387698 749939182
693256677 693340003
183319313 183463685
427646099 428431899
550904532 551540813
826045003 826786469
448215239 448750859
223157658 223306963
513351633 514104415
589921697 590036905
435567903 435790889
944567292 944850341
958622160 959483377
57530567 57903472
839497212 839986509
407842923 408640322
691995530 692733289
287813129 287989787
48274605 48650823
982236819 983191638
549273980 549648414
149760104 150717391
971787055 971787301
190705166 190892906
465548288 465990044
353248371 353835250
546166585 546506369
8874551 9625411
296677822 297083983
219522921 219994549
159864474 159879344
250107475 251049497
271578467 272464726
116680907 116847996
417358966 417591358
308653917 309418788
317833106 318806483
449873129 450460878
820988947 821251828
551618997 552585805
884310096 885003822
971418807 972114545
541315973 541998654
555639470 556503978
706222607 706745937
510936596 511143715
914097694 914964727
807661819 808244412
227621591 228590909
558744533 558925470
55813976 55815020
520263600 521123144
868616861 869051598
188712248 189508443
800553986 801260669
201907187 202716072
754041028 754294756
324474298 325424836
928058988 928736820
54684528 55653481
394684233 395115328
143098383 143257686
867262224 868066662
462171024 462251295
220761412 221305125
812556085 812889890
866014658 866242133
709539856 710116550
409213150 410070246
594902933 595803633
93320091 94011920
909768036 909951744
329435729 329477426
956697197 956822556
10542468 11245595
46561768 46656216
79994335 80993658
293273295 293682673
89507763 90009472
772457977 773005640
710256281 710269253
295021205 295922736
940383575 941132633
533106066 533857072
643501439 644413180
154220665 155182045
254175157 254455265
578051092 578367391
432420749 432470117
284703249 284862925
652999305 653714508
687868712 688627475
459250589 459656791
423899631 424196219
310131028 310489451
239668078 239791711
453591220 454283725
29931785 30476809
921809518 922412623
61344073 61881363
570227791 571101323
583218378 583887937
172772034 173466843
863092024 863813469
752759331 752861780
349785545 349824896
789044074 789452225
830614511 831163808
204880329 205419733
140945290 141608697
906131021 906333310
102642531 103329298
488489373 488974646
673046920 673938189
385267993 385758245
283373693 283625401
268750752 268950756
626718316 627691315
755943269 756694468
887493475 887598209
945703638 946565888
601972243 602542083
963503344 963710455
66636680 67038041
243436295 243517876
149482240 150394282
133574416 133710693
876133768 876613748
152453720 153033682
219510234 220378925
167390488 167541526
682725129 683270872
991478373 992043548
13478417 14029156
297836275 298409413
679864514 680744073
151499300 151956102
592274005 592492912
86427764 86609119
991842691 992817117
937219039 937872604
746095997 746195030
234587925 235066730
265459419 266424274
601984526 602842970
996797726 996798750
843195422 843753089
419879338 420684014
266014188 266737232
855798000 856602960
792146433 792809530
149200296 150199195
592333598 593140558
955395591 955689053
915531070 916290878
763892640 763941691
995425760 995609496
706763188 706978826
513130862 513639438
122609161 122797674
198024930 198055621
167931215 168220793
512364730 512744533
663235577 664000455
645010225 645112436
475435071 476118729
460020359 460844398
810301274 810991957
683000002 683189495
905228590 905875226
21865921 21928219
406110141 406476490
47058040 47175355
797214555 798176295
189493353 189675497
624787168 625735568
818077732 818546669
507329956 507583325
682610328 682832706
396292825 396571417
167418907 167771164
659866589 660020139
283754537 284741118
386308062 386630174
49305768 50112025
751808446 752459534
668263207 668316699
85936786 86344333
59034085 59630332
868982447 869106966
546574217 546788019
118113429 118647043
480277223 481062274
925567252 926153171
64459708 64892362
197729208 198700045
349334053 350269015
307331893 308278746
782898514 783240296
950615187 951586038
226657963 227220716
858038226 858613508
980361874 980459821
120057772 120504582
502742823 503181153
321395684 322235280
529158768 529202258
657942246 658726784
353078687 353958681
732662998 732794289
331796474 332524615
410799838 411403868
682664391 683424697
684815633 685782256
165730212 166141287
487595878 488448135
735315843 736180819
356109861 356564134
589061583 590003675
916151577 916552387
539730970 539971605
739515859 739967577
768275071 769016974
653922288 654625544
912495226 913099522
954337474 954876126
843691175 844243830
891083572 891548111
598415798 598830464
546705243 547024511
372238452 372738715
815729285 816478549
861907699 861993460
629604643 630163421
751626924 751656140
118238374 118245374
329881754 330542901
120420676 120713999
832847597 833360784
679878317 680332149
253357148 253465725
379361498 380250715
127096149 127793616
853478707 854129219
216355678 216800603
588711870 588947612
160855496 160946150
190872567 191820586
178704832 179492773
201178767 201771678
501384829 501524107
588544959 588809932
510163899 510583097
379217775 379892493
254506694 255138219
163777651 164106117
761026596 761358613
242855083 243406149
131269293 131313867
284618987 285239463
439515637 439956138
409460014 410103587
667769491 668442523
168772043 169747895
462031901 462168813
998007399 998973811
951897568 952369940
19610539 19639870
858394113 858825814
92670048 93446411
483706991 484311915
257729993 257940259
956918388 956994654
576089399 576296773
504392424 504439179
702934398 703285038
981945276 982744444
177521410 177593907
567482613 568094832
341328828 341626244
400455926 401454881
531379238 531884658
835876466 836429429
300925684 301816030
95558926 96383136
4743431 4754254
187511607 188380581
792159310 792700533
346214324 346991765
402430321 402608414
490915462 491631377
883192465 883460872
579011812 579938616
638934894 639200417
563923516 564699874
416212555 416404193
617871720 618197248
858716739 858897177
20782032 21496511
215489227 215798974
709927392 709938774
293633728 293703291
387772329 388283884
555282242 555430580
105849831 106345058
604268215 605239770
894236165 895139061
857192096 857878934
605037676 605991015
4939468 5438838
718379560 719260737
663054263 663613723
852007288 852092497
127724661 128361211
230683029 231266318
232944608 233500681
12115378 12788227
841653750 842210457
672462810 672547804
508025746 508593672
273781582 274310163
910626547 910673128
799324771 799852617
21090713 22077968
982794455 983655274
338968528 339360965
837076402 837656009
830988637 831824476
299225598 299988102
988920143 989306702
676767927 677498165
24280361 24728342
953079256 953146036
17734557 17933962
219225202 220133641
109103315 109170101
472475890 473027313
369586121 370353172
483433914 483465199
439262609 439362780
953290613 954119893
515567836 516259429
111397832 111548019
724738668 725528086
849115838 850040894
83224909 84120067
760670242 760866142
129004809 129782040
819631761 820392555
170666423 170868866
263091389 263416780
844038666 844401347
291519575 291535693
109456257 109474438
918422118 918491440
445336676 446140565
840934350 841358436
122102003 122466473
553961262 554340692
386254021 386802888
246985214 247112709
989727551 989752710
349135486 349449173
611978248 612759369
827293863 827379007
226068732 226929980
840354030 841327244
347115559 347744198
937520522 937895953
225879644 226369759
419659017 420481958
443700785 444135615
302381815 302810619
903257443 904129824
919739095 920479568
895075531 895388738
104352150 104607182
277505765 277557919
729459164 730051311
428842039 429124536
657569332 658512503
490705751 490930384
861939516 862001536
497517916 497982281
731535351 731824189
480599714 481152917
529255288 529389989
841745833 842413761
109452775 109769721
774458878 775007008
681124289 681243800
642252216 643127120
131567004 131958273
793425300 793907478
337982971 338374947
387173494 387385519
387517896 387829414
675857092 675926377
770645473 770822418
340946603 341257534
592236825 592943820
36341848 37037363
817252782 817426843
326714909 326847309
79658550 80042556
638772756 639520143
107257136 108222920
429894758 430539341
172727524 172763435
113145000 114033664
186172817 186249331
996354670 996743032
470776756 471610058
460597164 461450600
214452349 214925089
706175653 706951877
499405407 500349021
464732449 465483951
916065102 916600806
299635031 299691071
203313355 203985674
969929146 970020463
436899994 437878478
545305637 545716721
174559358 175195492
875857882 876527935
341706425 342018169
247716258 248584463
728755822 729064335
225657079 226368766
402616231 403388579
877836889 877842464
484754635 485565033
231383233 232293843
336157009 337091054
658921027 659549718
27626044 28249508
176659752 177312878
921623555 921670948
350711325 351094646
267580973 268466058
348607093 348825317
735365383 735481336
109990553 110431147
348179068 349075661
295377909 295656131
220228432 220775686
135652222 136401989
977154169 977685886
561437170 562226232
743787395 744561386
817547216 817755252
305181630 305534050
830588648 830963556
532315355 532358083
631540157 631563376
885565905 886523472
188923548 189395367
8586070 9499962
801126545 801556437
432304913 433132731
189859958 189905297
237625439 238599030
779634997 779928799
221533080 222277879
253621063 254320876
723556940 723607778
164510365 165283347
838502065 839114801
44038070 44792688
227729866 227819741
80899942 80967119
806273899 807055371
60469097 61104311
53079507 53756604
117141433 117197058
353710989 354266922
591999977 592134997
430090812 430715659
955158705 956135707
9225506 9737808
298238299 298995134
311159922 312037783
197612769 198586413
755939006 756896445
542038180 542311597
5230241 6023680
845159770 845793258
236862943 237845732
836008292 836698571
530627095 531479098
763759053 764447977
453649174 454467425
11108601 11641460
327479010 327684565
682129470 683115814
754176803 754258132
384037826 384427576
609174459 609813172
929659671 930331057
410840753 410931064
834018236 834962968
669921484 670165961
93153995 93193058
254739369 255143962
49594965 49711775
419282709 420039980
382153145 382196294
383540865 383956838
693039662 693645016
328771238 329022918
92917682 93682068
378263777 378512305
810362251 810863030
38519828 39220487
635792840 636420178
863857195 864033706
599867313 600840680
137392223 137990663
901885041 902182806
701435312 702223143
760547396 760757395
390853581 391599343
84797562 85779377
549895623 550093318
128012894 128936694
629300176 629315617
416997139 417697634
59528968 59914539
18848622 19634869
238038238 238521922
201052825 201267301
228303581 228587670
766382210 766756618
982608821 982701459
222205379 222525751
193554072 193977907
930363770 930686486
595918640 596693021
633885574 634456687
742658177 743338927
695562199 696086536
240358615 240957792
240471435 241248021
292173258 292554122
906935587 906939182
936267480 936800242
906574017 907335483
679691276 680583614
711881157 711936400
393468838 394352129
614308191 614497562
868704479 869456600
716148284 716217314
104456371 104698395
531464319 532026511
322715534 323205418
247948318 248599196
275080789 275129732
255513670 256189190
617369351 618297830
313197643 314014619
709881212 710662436
308498306 309087770
205981162 206193347
651896763 651904211
435552074 436167255
963219407 963598470
607072454 607323046
458659900 458992922
182381130 182534010
790049791 790362659
13934425 14196000
639367789 640128517
868053359 868377476
568459922 568795971
209856472 210125606
97136842 97703861
767636848 768632267
523808259 524329136
228818112 229623543
133061285 133187178
524942893 525901756
546754712 546980419
647714157 647727542
629540969 630113967
663708839 664489779
833594640 833785517
477015099 477579620
715013690 715030158
193401260 193916536
841883775 842283517
439363943 440228376
674893975 675410733
241244654 241437328
695438738 695726066
768461503 768861243
305515127 305969488
85105391 85698299
914754299 914867842
604403700 604455522
873217811 873436784
800031592 800398849
895453425 895808376
163005020 163925197
147282261 147299655
905932124 906386117
717410789 717435849
278697938 278903698
226879557 227859072
178842640 179190952
676874370 677662394
277501548 277736668
799199141 800129566
765422189 765874140
442262134 442573851
881994955 882137967
33236717 33445204
509405938 510051437
412161536 412632493
564560258 565192399
301880864 302464214
960332010 960771399
876291030 877185707
109569393 110342568
337087206 337545282
741894241 742273280
407546637 407987682
743619344 743830425
451637250 451876198
37596617 38300436
273629529 274396072
963575785 964027926
640245247 640444976
807869717 808451117
48404740 48519697
899684937 899712783
844880231 845356444
793753650 794084178
268575166 269043215
746419005 746456924
147707090 148029922
237253351 237676005
732879558 733850370
474862480 475569208
338390781 338936714
61095109 61449891
19497787 19623725
380804020 381116972
895088386 895336799
181572092 181980134
706106290 706237533
836616647 836996260
539561612 540221972
245046088 246021532
157109673 157988551
18733819 18761947
722557429 722761754
592785247 592860701
837765348 838128373
380284676 380945837
276434241 276970661
962894307 963379047
712765592 713153016
907334135 908215059
76605781 77597063
740195363 740767536
745303641 746031703
744464803 744957320
128503453 128866375
555180196 555626534
646532975 646831633
757287078 757938086
459943154 460022423
84551951 84950651
101792184 102055250
732540873 732984271
526971625 527459642
276842657 277526794
862724988 862750924
651959633 652103097
530191788 531116886
488078811 488663181
606437650 606684347
558328110 559254218
361241043 361404300
466669840 467482575
818559475 819144314
501895131 502252437
308386162 308731599
831532527 831644768
488632377 488945154
177287715 178043668
164503217 164642435
15766456 16369385
383197370 383641740
338350875 338709838
539816495 540575054
598380771 598591899
331464801 331998731
868663591 869315468
937990455 938047552
562636932 563047412
131443436 131579031
781174548 782010073
355745026 356500731
583660979 583676851
975337087 975417784
708651633 708872675
639014060 639072458
949248215 949660491
107290592 107940743
818868549 819511283
16786456 16895294
849388030 849901465
474504281 474871647
784244022 784301816
218283225 218684300
432175410 432544679
195426657 196097760
564840510 565233174
233643486 233756857
355969675 355972227
119424026 119561138
851039277 851941989
416262226 416876010
16077869 16563947
684531481 685341117
271553623 272469977
321818220 322002177
833422725 834114225
930870672 931103068
931202685 931408542
720574139 720681762
433713330 434190769
788343973 788411008
265405011 265724184
251932674 252841329
287680280 288508981
107365908 108155489
279830334 280398624
385023954 385695414
382359024 382915978
220471280 221226022
623409752 624117784
182715067 183113801
722853593 723083816
815630557 816409787
525318203 525500175
807271662 808088793
146304554 146587387
818268724 818936443
878568616 878908600
554750812 555274014
703765746 703877159
476460820 476755632
173916925 174266660
627929336 628470482
328437922 328438523
479558603 479900534
745589780 746286368
635862091 636253983
727932592 728225972
316757022 317325358
255981190 256376175
987857796 988383293
809550793 809654940
807674623 807792997
788229036 788472735
41646007 42337423
711727483 712174395
367985298 368886707
380992534 381405829
844479641 845306673
376215482 376964491
919273718 920097163
164588079 164934434
482918424 483363593
749059653 749441780
508494875 508515547
763795121 764390419
75132273 75622246
295907041 296405927
73397408 74338657
92182966 92773892
399180265 399400809
739672150 739805903
477864802 478049870
830046201 830432571
492605715 493023763
295059558 295517680
870349201 871139196
843843165 844526598
275789773 276193840
257914647 258361113
380629804 380800385
655555677 656477024
342334881 342644615
644366763 644673765
239069699 239758469
915189063 915291618
429695496 430102226
21640069 22139221
24711118 25700736
613317794 613527780
732808355 733538576
567479124 568462794
416076766 416892977
963241452 964205433
299506484 299610036
717633582 717771296
871009353 871885374
184311154 185032117
945684381 945847459
97764342 98511004
930020081 930277703
356383039 356752269
495649941 496115785
905360140 905894339
757550396 757971588
378597155 379471283
660310416 660717687
344367004 345018711
186976093 187653139
78994439 79254476
218984044 219277411
676422049 676904386
149624347 150038073
630074622 630846264
895226823 895813719
145283747 145838439
601333416 601472381
798447360 798704899
262631499 262670866
225906222 226233757
223860093 224062406
347990435 348393333
700668564 700984323
622912 1490193
946765673 947324353
453262093 453629706
629618112 630007575
681832561 682231287
228320916 229301524
864322201 864699057
216048289 216153157
767704526 767905985
46932671 47387426
685258170 685332954
299044435 299927497
915048462 915081050
773778516 774013750
768321242 769292988
396120730 396177663
666374221 666668082
614549081 615237737
306810103 307345756
955130412 955394858
575135206 575557438
758299647 758619391
744588621 745044878
694600686 694623093
712616786 713282515
990125193 990719448
965045429 965937978
520137878 520307061
187775751 187863121
261332605 261462267
755421651 755705634
856754739 857236521
840027389 840482907
241573540 241578148
795431327 796027186
328793803 329571546
431063922 431095188
911333896 912226017
233447254 233504331
771865423 772293070
509205724 509295738
180038539 180228467
856498618 856553869
707084687 707851144
809450197 809868199
255049062 255797418
450307657 450707459
545897068 546727568
480433182 480790185
733719248 734110034
733287107 734051153
600909330 601532250
168788098 169591480
862541564 863509778
290085499 290451835
842764479 843003468
877640180 878296171
418375312 419280585
941348785 941554225
723453150 723643556
337127901 337898311
24580902 24613392
963842872 964287621
576206329 577035422
892775331 893135545
622858455 623224757
626984140 627661106
705910211 706373865
246942538 247103944
809993068 810150345
600275843 600815374
47593653 48025477
668733710 668900681
259318927 260137967
204575433 204824072
506090058 506878782
423128054 423445351
505807451 505859498
850430976 851271160
60870455 61197979
285241628 285724455
557906184 558074120
837579209 838546355
294426906 294803433
54483134 55321272
283437075 284336949
976940377 977032028
3728636 4560776
144784838 144819461
47011101 47212986
562956045 563877393
611709252 612034946
553648375 553972177
209159801 209510025
10852182 11043992
487923849 488647021
151204032 152031616
716782720 716835442
585293917 585497186
359325826 360004416
26881574 27233855
913224030 913791089
946927666 946934587
633769615 634682445
485907670 486565683
552205474 552516005
767489965 768327386
522537347 523174462
319506125 319663714
779988636 780426586
531042347 531429208
369300695 369332627
742189124 742337459
463836857 464093309
705555549 706211465
767019525 767158582
771310877 771820355
81730687 82215518
84652352 84918179
559881821 560015608
640493345 641039250
355093870 355589709
657098453 658078913
962962333 963061393
310725907 311529404
398757246 399424217
822361268 822800506
453002281 453199035
137362312 137758003
293490484 293983072
223423440 224016230
740865026 741457329
349308546 349974699
258407146 259347266
577733145 577827455
748854211 749385845
506772737 507405282
872745545 873529455
134616786 135194182
104374825 104804893
723467072 724456073
510035759 510729081
740940513 741271332
148192408 148391152
556331537 556793660
76739237 77663699
562682940 563656219
845488274 845965458
157818710 158325748
439172258 440097259
191340665 191722367
757841831 757960786
540044851 540527889
433345583 434237551
84334038 84608838
652936039 653469257
829119369 829730856
859322715 859742337
759957920 760540047
36270748 36767337
52557863 53454404
507128520 507329686
494972796 495669364
35139385 35360894
814609437 815106173
332950520 333397462
988092684 988836127
197734454 198622749
982330227 982445680
291541644 291999558
477985713 478129435
572858030 573713800
146975272 147451948
706360879 707345111
354462153 355238859
625574506 625631800
522628720 522629011
500053575 500756694
976081270 977013457
609536257 609701386
320292884 321009425
375868301 376100804
873503643 874326123
991668539 992602099
929524231 930061392
215697686 216176115
450814861 451100278
87295911 87364619
642307446 642363643
29119678 29294544
882170881 882379325
139634685 139782331
970526614 971302011
749056800 749712982
834230694 834482016
856900266 857632498
543697742 543882288
101301403 101942138
544326575 544415175
119176151 119824763
359736787 359972984
936711250 937357929
9441877 9555024
364683908 365199363
905850961 906219671
646549010 647255067
619691080 620513864
194922082 195257516
281174028 281302615
936485098 936661517
968075485 968590858
303042616 303090553
593864181 594238481
14021652 14158336
461172015 461278679
714379065 715054898
235287841 235893939
14365321 15164048
509253319 509629100
368919843 369597621
5127535 5872688
208250961 208482921
784140210 785060549
184465115 185316357
213605683 214097423
249326140 250206991
117631714 117912061
796428845 797295704
111907953 112044975
51435864 51739332
700596459 701057208
683399194 683488831
575133626 575430651
741888795 742626592
177820515 177863939
731574825 732317662
675698477 675986968
118878885 119650947
470832388 471664582
186125417 186258308
642468049 643223828
188495134 188567372
937283392 938195262
516786434 517421418
72644066 73401943
88663373 89551872
736652912 737641540
416125014 416942977
782708536 783612908
899909569 899924190
595042540 595932216
402406119 403355973
557379657 557999418
999028003 999540273
384147000 384900842
325510472 325749074
278548316 279541061
66879567 66917216
372874905 373317136
469599176 470120355
872293579 872643087
549761311 550127602
299713080 300089400
30084773 30834347
515857943 516355183
28141900 28314839
753249449 753540437
100974960 101872507
493978114 494738949
780965545 781053724
941139979 941596114
518962878 518994663
882629851 883449331
928954551 929030760
189848154 190774725
425329725 426237172
514735407 515065413
152452318 153139482
275271275 275956339
450331973 450682345
103219265 104081158
796807345 797005517
316671222 317663715
131530089 131676578
135264890 135403744
68716512 68949730
413158943 413435752
83329155 83802888
443767585 444257620
193344179 194324566
188864064 189333538
909315498 909462383
545101371 545585765
165455673 166332310
815389799 815625099
501775166 502400814
564770885 564877432
61938073 62520768
173693661 173816457
19515039 20010535
887333698 887975687
666424775 666697504
169499597 169916573
702963388 703556696
787588039 788579658
211453637 212128967
302530780 302605903
16660297 17297032
268345094 268791472
998721417 998873041
864463307 865161108
985130351 985963461
831286739 832058336
535042204 535787683
321034842 321214335
776514793 776801685
439655234 440636681
133017976 133958755
643548514 644068082
718048914 718695390
581951311 582004715
9902557 10486808
92537354 92682856
658997680 659781997
204969110 205606145
9643649 10638873
970501090 970724559
143894677 144048855
587708280 588451936
438401547 438423319
495018479 495024130
666036182 666924240
635677620 635773820
795577047 796206838
846192235 846854896
496774640 497597878
586712688 586791901
873220730 873837238
438223397 438587378
443763669 444385947
342861931 342874625
276306136 276962648
233454277 234240745
947586394 948283198
488336354 489177011
703795563 704199316
253203802 254033021
43325842 44144346
928643133 928700421
708837222 709201476
996837441 997593044
415548538 415571058
433470261 433482777
94808791 94996136
837439445 838262077
604045672 604333411
772504158 772842658
905425582 905472240
564103915 564486274
53036458 53911628
238681449 239670718
472934276 473588810
459110190 459438685
939867601 939962374
789505936 789686990
902547451 902694193
651019969 651643319
465355680 465410410
716949331 717234257
613648999 614078344
964774038 964857043
905970188 906497758
207235075 207379178
386719049 387609521
656734612 657575622
831250261 832198584
318196179 319061049
885215217 885668780
284844932 285400869
308222816 308618003
365782005 366772570
511442540 512320208
208720826 209403954
279514847 280045594
387977122 388796822
696892141 696976191
630880419 631748968
316252931 316572398
490548250 491276126
433853090 434584373
404141457 404905121
122526956 122999410
877469422 878228552
284936259 285877915
463378005 463402917
752037091 752181047
123383067 123815285
174352819 174991861
342287671 342288588
542066463 542871680
123523378 124308206
26504990 26883789
42852465 43449335
372652479 373047313
529772612 530138467
130261665 130904082
358204398 358881465
708474412 708682029
508447536 508852386
678890154 678947033
97542808 97766831
374241598 374600468
99224535 99950795
587882230 588134417
11293878 12156174
969571268 969711453
889508537 890318567
736941329 737810461
116198098 116534481
693972097 694055767
864150186 864841930
57550143 57661279
303145339 303795479
133421045 133666804
444109166 444854043
653706207 654436362
406288574 407171377
248757582 249498390
248456230 248995930
538687225 539218171
559133223 559413149
792482964 792810029
759665567 759852989
332584112 332766498
205398951 206158995
226255140 226424457
981138630 981188377
63154954 63244484
195787369 196557336
253416419 254096774
585258031 586096932
431061833 432057702
511455223 511589563
571402501 571687674
387291768 388169340
946277194 946576083
232775527 233450512
915930833 916796855
207763703 208750526
284613502 284870285
289164803 290150628
932128468 933060818
645867516 646025049
154889790 155555209
78964145 79766420
349889643 350106634
422964219 423451040
934833992 934857207
354572477 354912277
547798374 548186370
640130872 640654640
831723687 831732476
776532060 776931298
756402818 756961145
678712858 678901808
329759668 329768174
92603037 92833499
744730805 745013691
13496970 14066410
764508622 765327315
169931455 170244781
632470469 633081260
335878422 336640554
820450655 820705876
461204200 462044620
59071953 59892067
299465485 300184904
253935385 254309000
243216417 243531152
400347904 400561317
411179500 412168869
283863886 284613670
841553549 841761813
484481266 484865335
391676835 392195524
707815871 708451504
600103643 601082076
665702067 666483083
959496402 960490483
776849469 777693710
560807805 561264467
168001998 168187828
572683486 572918493
206657311 207165292
59360928 60173189
567240528 567497054
124489308 124684877
252711403 252760011
788255888 788641219
815099470 815359215
996284899 997136561
683765874 684432129
711061180 711071452
688296917 688548140
559347252 559860026
267898405 268853406
655661166 655883498
39274632 40136598
278967609 279961199
451298459 451950781
835107849 835440716
546338885 546411126
474096263 474201855
17093951 17718960
608454578 608767553
267696102 268430159
649713819 650163859
455478811 455785206
758514324 758780853
712665648 713462616
81786927 82409499
839793057 839937474
125140896 126082955
700380204 700825035
637870707 638445905
589140778 589278300
301417517 301586685
362578340 362778988
886937488 887164444
720176990 720231321
494492082 495340743
137930781 138488435
267364388 268293291
165323144 165472820
447482069 447683940
821216454 821558817
946872869 947677160
410790124 411244454
541590098 541616848
62957621 63468223
892396889 892453383
30694752 31330465
916140817 916160046
954713230 955649897
271970385 272040031
938702309 939581707
441767319 442073668
980926035 981723496
120347181 121181619
44347324 44756152
857696743 857986289
744778920 745668591
320489130 320674176
932545639 932977939
264658625 265494773
717759121 718397476
30928315 31783595
847943794 848596201
11169074 11549441
177890299 177985317
843514195 844344809
120780499 121097616
260306915 260311567
322712228 322850768
406938459 407213094
255838451 256727053
355853938 356620983
414690636 415503917
813090854 813401834
934693662 934956195
383625138 384320467
701836213 702268998
706241802 706916041
274396318 274989075
801214249 801656774
220902670 221508003
478111865 479042901
144586366 144710720
993322188 994260716
54030824 54595040
870728139 871641959
21346227 21445179
710955435 711914795
838109401 838426876
18391544 18689265
491288828 491469538
609739013 610351487
68970976 69723588
423994511 424563773
412743291 412866349
534695579 534880480
839783494 840224625
197626311 197780274
939762769 940530335
361258547 362200445
249282633 250025179
720739315 720922639
627041227 628001764
144800299 145659742
615968818 616342965
341355862 341663250
74171194 74248173
888173690 888410967
746779818 746889486
727507139 728286170
968662447 968876697
472161471 472272593
71876851 72749454
353787242 354560611
136399930 137238762
847523344 848144215
819507282 819715683
469028315 469225316
665200755 665733245
101456367 102055293
608188040 608751391
710487652 711118568
561878636 562067868
379335097 380327064
917109861 918071109
303507795 304196588
401698305 401768665
749729432 750451540
692125162 692717503
632843006 633250059
936301082 936730882
43436294 44004194
959404283 960288779
921671820 922439356
75748830 76660887
429780741 429955721
596845941 597121223
513111470 513441745
178404001 178710511
631162194 631451125
692816885 693411564
300526897 300809440
105515113 106324414
434550090 434704912
635590474 635643333
315954761 316725442
524126219 524918317
913188280 913519069
527316565 527953151
662694487 663039695
76541485 77516777
910064897 910734169
446968116 447929000
504221177 504286991
905378906 905675248
905617291 906168428
393338902 393750840
299661865 300438273
704370431 704441409
749545670 749972403
745089995 746060294
832046506 832500944
262594067 263539690
298452715 298766854
627628292 628622472
941472894 941900707
117825323 118538762
945365641 945724164
790644790 790841134
139283780 139295951
784666856 785134774
451957502 452541316
638415004 638859217
813681549 814493976
390426536 390682763
496874912 497683408
730038796 730941083
989712780 989740611
723816226 723817752
449421173 450023430
193742503 194525591
945647202 946097566
313629335 314474227
30155018 31075399
473312906 473549430
338902910 338996372
589787609 590460365
337926520 338501885
486682395 487616543
367503006 367835663
415381182 416290904
655500 1127366
570001796 570842534
288938756 289363057
408201104 408327122
683653057 684080398
13006205 13958172
843588016 843674049
153483126 154071525
187994307 188255037
181716947 182260064
433066276 433640294
953914912 954602039
802487259 803049504
763271595 763838558
192589785 192825717
239258560 239882569
135086413 135167813
466555647 467251557
966822449 967059596
906923601 907389756
788511294 789113975
978944327 979817203
199370530 200351334
69812452 70020767
968571862 968825917
845039276 845786844
244575618 245040061
735635301 735696031
554727978 555704663
416362498 417064350
238406589 238828281
41550310 42108423
90489389 90685067
370266814 371002695
788962935 789107619
913918061 914076539
230848323 231411242
816926988 817333611
804215535 804798837
218407845 218833769
578202515 578919829
545613355 546381963
727080246 727582422
335972284 336455287
613913640 614564420
251019841 251981922
625304249 626026932
294744677 295536629
26224904 26901525
325490024 325882710
224069176 224695642
911937743 912496044
277612444 278090500
588021351 588448578
952670392 953479595
963739943 964468887
277708394 278110221
67915904 68355788
220578544 221100885
59897753 59952292
861614234 861910468
207275761 207628041
838139791 838173617
548464736 548467146
523917941 524389467
982552328 982914141
718529585 719026322
588411118 589150762
101164632 101778528
608597104 609028333
203934925 204716635
662134532 662371706
457606739 457719344
926748677 927142740
870130580 870902500
228907439 229691125
772646568 773584595
387544177 388333842
307181540 307211458
747974973 748651108
710468055 711132542
883630576 884214693
37053621 37718349
18104038 19000080
56161271 57145080
869896267 870548139
293201007 293371391
583511654 584255466
302457666 302473863
370311110 371285583
843086271 843635566
768952763 769695830
626359111 626936313
892236991 892844641
211596704 212079344
868593198 868977602
767157802 767844714
107385354 107418367
474388464 474998276
916398248 916909568
256292825 256982194
643246786 643383302
987720139 988463538
427211441 427502565
454338666 454843108
540432179 540887221
57369592 57808156
606138160 606246236
493904306 494449100
720348001 720732693
427806601 428413215
214527164 215519470
606369546 606550282
447642838 447756950
368005270 368775841
954598213 955228636
750156896 750339834
208100580 208884678
824029592 824492487
277091526 277987701
265348460 265394730
579759480 580348939
601547802 602388625
683047689 683277094
986612827 986616652
959640908 959733302
85976195 86546111
861078143 861493711
659973043 660439482
935845124 936382664
629587983 629896038
932515884 933276096
783051202 783521007
585384660 586096790
461889192 462572960
964481084 964522995
771168379 771854285
797492755 797605196
732079529 732409384
378915597 379142860
47228567 47633943
298368338 299040228
28590073 28806373
596133822 596497836
459125031 459125540
824509765 824859524
592112023 592765689
471748694 472728543
772172997 772262160
982872301 983609921
910933404 911115517
425922857 426310452
879818941 880453230
531181797 532151703
203686154 204081957
88118715 88909601
56966944 57419831
25332576 26181512
335520702 335540894
977644694 977915043
84355402 84787596
276116533 276220835
814959328 815938760
14294069 15163416
391960602 392862791
290090127 290941369
783010181 783974393
755015636 755496001
707188453 708136232
221432029 221641845
557667353 558099792
946828698 947260495
2857963 2894469
372956419 373481981
244349951 245283899
651644228 652350628
591515473 592147319
343330741 343619824
492014523 492698060
289779635 289951276
409907535 410718598
597496062 598139683
218670971 219141730
772227474 772932754
512975520 513061479
853074312 853185132
980568948 981552920
529450505 529583325
967575395 968272418
938170835 938641863
974716440 975464949
693291540 694118498
549418938 549723502
125805461 126492361
814801677 815272396
681269326 682134187
908304600 909264917
765931191 766400870
916675689 916894522
688849262 688935243
571828214 572271832
48758449 48865969
936247399 936426786
948070847 948210619
552317391 552647364
841770591 841988435
668293560 668455551
622516295 623062690
22190599 22840390
730908030 731696407
724970747 725691115
886024869 886520233
189697750 189869983
306571978 306606932
595827731 596494032
558573747 559560061
831847095 832214822
83957538 83986804
9879914 10830819
566445313 567345020
855434168 856284111
82608082 83257786
931404149 931534389
13129338 13689545
519203885 519372624
177457968 177955917
208035501 208904322
104823877 104946730
636771288 637705142
991977415 992837870
918885553 919259584
368880599 369093228
959479916 959548084
939229093 940082035
848091185 848690070
528018161 528741692
800262591 800951803
870674666 871638286
433377896 434002386
89266245 89775432
681507849 681644748
931715325 932686182
346242692 346479847
452391639 453122356
773669836 773799755
945000378 945225197
439605268 440107300
726458960 726923059
853484549 853903306
169206972 169967233
245241611 246234805
653081647 653936709
966812156 967000551
724074596 724294513
239450083 239866612
381019440 381898243
546983492 547310602
616955883 617842208
810105343 811041456
350278666 350320148
78825617 79569842
590847496 590986133
238596107 238807822
735737248 735913825
7748575 8623748
755538001 756159981
584383379 585359471
325651757 325730079
153103200 153929700
536691567 537205313
411406436 411711584
52033905 52250329
419462955 420253718
654849039 655270532
251771897 252450909
847333738 847956127
597820463 598636793
897806302 898224061
107085888 107311192
937523740 937750169
565880241 566554193
67541045 67605364
798277416 799216529
762089900 762437421
703128876 703643030
634264309 635073822
22988171 23332384
110523222 110741908
642225819 642639627
108187548 108803754
623548808 623805073
515473147 516093870
411594044 412512323
656931039 657172356
237838327 238123483
33827477 34233675
163277928 164212183
320755395 321273472
894141941 894879665
197985913 198496385
561314451 561870154
153631882 154291337
98998642 99584416
149897145 150024926
403029010 403217593
646884778 646963038
280470968 281375734
907421560 908356732
862509250 862786044
808493813 809249028
907665503 908541935
77170037 78008648
163988 251130
887655204 887891030
147043146 147308701
6514465 7426106
27795338 28770944
946554528 947061680
285557576 286059811
502558367 502714848
525105480 525491025
322180869 323070626
492665237 492666713
999821030 999868775
754736096 754839925
884242648 885102695
131201246 131877064
365513015 365628028
241188477 241400941
51583779 52431851
661813305 661884960
134825764 134895872
603666068 604302781
488379690 488685270
139186320 139231882
338364919 338959551
325202423 326080336
542101724 542812701
975227415 975317455
825525690 825719925
495147023 495331686
75007305 75405813
423134725 423738959
768202801 768203372
971673530 972056273
882239016 882358884
792363698 792686549
861440102 862098928
496821916 497017995
491663861 492454173
740729479 740984493
389867725 390713784
680858062 680891251
899456553 899807805
179469013 179770775
557564458 557854615
981716861 982612266
834314363 835031273
138665160 139418108
531796221 531870107
61274894 61744626
319790926 319975864
947156024 948104152
488610357 489444232
934349377 934981442
879607490 880454609
177305522 177571856
12006751 12072158
419592181 420231484
563861046 563932421
506943208 507801511
897789538 898061241
747921174 748140752
671708029 672650145
309205447 309772058
368156762 368933455
777124494 777284071
486445096 486714543
147305950 147557286
672102554 672890141
270486179 270876308
543974155 544400529
442792664 443449653
548971512 549034084
371785130 371946959
240258026 240965964
501821137 502586378
737005109 737917072
616473661 617050286
977764236 978034099
654520606 655494589
224811051 224933026
601702560 602355401
223915388 224408649
233620124 234116503
192701857 193646455
671813732 671854672
692257742 693209954
194272544 194842237
617582077 618080250
716992727 717303451
882299517 882720106
580688650 580789163
57732612 58712061
383049857 383928460
710433643 710596578
787236898 787928270
494908174 495853071
293049656 293201633
533189746 533756687
427275877 427931853
593160618 594132236
601637296 602515210
904467660 904521367
701643874 702384083
137804156 137997481
276486933 277026122
132706549 132828905
241272376 241610088
892522337 892552510
75681190 76644329
336054678 336737285
533245867 534198718
36181333 37081147
187491128 187622207
335219384 335761857
263059123 263514049
687492846 688383963
298929334 299001837
671236015 671311760
307373392 307521401
702172161 702725404
773704346 773823795
406171630 406648562
761609160 762279334
357782180 357988326
478494194 478590898
891496295 891956546
910663665 911547515
260487152 260729832
301151571 302147495
917308710 918274986
237783495 238245826
700602265 700802564
580553785 580683116
393239685 393667416
490190985 490881901
199064889 199940802
366571472 366572824
523849134 524248653
971965940 972911433
225427738 225786672
389884451 390837193
110716075 110933648
793530634 794351841
352627726 353322721
969454647 970009909
533733590 534678918
824134561 824326976
822855206 823811497
168748681 168840602
957613874 958087078
974395097 974445029
626681706 627112145
246901284 247227847
442647445 443366887
540858377 540935410
837907064 838791701
336356438 336823048
120009991 120671629
408595554 409315413
365030166 365066508
761150016 761211183
385920263 386295817
50356261 50606775
235962599 236062301
469638817 470044132
821055751 821841270
117761448 117949344
619590817 620409462
791244160 792057733
704563336 705240567
555859061 556370613
850910003 851059001
664291569 664442952
708020434 708539033
422326882 422504940
467188989 468123098
189185151 189796991
409805037 409916903
965455120 965671126
48408023 49007913
800116808 800129642
766434817 767275474
867415048 868126942
110939690 111063475
333219958 333566522
131837855 132156815
179018562 179727272
357302545 357714576
926654599 926906874
794599523 795220263
956905463 956924826
246173580 246431596
733650787 733846862
95562776 96091187
326230376 326929046
46732977 47477242
92941797 93732321
825452242 826125810
360638444 361206185
60099894 61042510
795876581 795985792
998051846 998689230
828352980 829351887
221947079 221958917
253118929 253332009
952514801 952849930
419851526 420278156
620004329 620277627
726247232 726932462
742147258 742328873
783739742 784687995
179538009 180441684
106411770 106995567
139031936 139734303
292639645 292828226
623974444 624492660
433829733 434315892
207260621 208147856
983689250 983962999
344141097 344854149
819069670 820029454
801457904 801772874
996858597 997471268
375515023 376401501
658039128 658279657
454662188 455418523
985480718 986420157
593617354 593631865
50931471 51089103
171906923 171979255
218881497 219389316
252385810 253142822
789910355 790691219
139861956 140026398
522366539 522595673
795950769 796520515
789070149 789453639
122013975 122434996
722660968 723640428
902196752 902713913
995288945 995800727
737855509 738011071
293861410 293902582
498902895 499306157
560336279 561225374
190525430 190554049
746419516 746507577
730795819 731598403
895178958 895509816
478630358 479419653
355605048 356344427
556347598 556602478
673190456 673850503
405214472 405706819
702486905 702922601
46793518 47402077
744048497 744468597
494676802 495174519
11373836 12252754
552307749 553097109
742580707 742778034
598339848 598451601
302954294 303818659
586203691 586801961
908092693 908865697
55475242 55620757
338760514 339604894
569670645 569932238
380796513 381614074
643589740 643904853
279351247 279917336
491746502 491758192
879294052 879367201
673707909 674690311
649930163 650336883
894504858 894565377
359976629 360810392
566964298 567350116
172462384 172746361
189624087 190026581
508841580 509017279
214741792 214905827
772243403 772738794
647832373 648441673
315165134 315661056
219731746 220480630
301285206 301803605
840360460 840733327
752103048 752686304
288191741 288294728
102604276 103259507
985798885 986646005
286074055 286828275
567360909 567674385
134787955 135429465
880086032 880389475
930565661 931334648
310090866 310714273
648182231 648839349
668800276 669078181
814173193 815136186
11294984 11639381
158522356 158683413
281401926 281638957
208626419 209158881
555648467 556002760
614504186 615205727
65953499 66826533
61885200 62103080
538222042 538422767
66844038 66897032
361411650 361632226
343784392 344648900
896994420 897945638
757926846 758596173
538979074 538996199
853194434 853694239
133852376 134357335
742983235 743472844
905685567 906016260
578495529 578671004
526342268 526772033
50701760 50936550
659674967 660475412
287806322 288429949
8796329 8979418
538958788 539782182
952129593 952418829
859296352 859535529
884056549 884534338
815941611 816576478
762995081 763261477
587312062 587702016
348949743 349327858
735715891 735993569
572564201 572773595
117435207 118039678
968614004 968928558
845500181 845720185
646837968 647343955
112466082 113118710
105243720 105331165
406030397 406204014
833378254 833643712
426608689 427481998
712005276 712107043
626208149 626495297
795694613 796071956
58288227 59076854
638109806 638854370
827251071 828167585
551369157 552331887
447819804 448492345
905020624 905539344
472719225 472968725
939692327 939857440
786028356 786449062
199618735 199824143
608407863 608606957
783845350 784742856
744005732 744429314
444880479 445718142
769045305 769580592
204738321 205146497
831521693 831775383
37400880 38313826
91815981 92216293
678720870 679665312
865169554 865576355
190928511 191584713
645127354 645976001
920560153 920918434
884479286 885262488
324811999 325804433
340480878 340967278
298403494 298760422
246200958 246510229
246482860 247315032
625367579 625638077
66503581 67361120
175046306 175493012
955712084 956433435
980117416 980647624
354668692 354989517
445059826 445746752
162247849 162364294
291091400 291991082
988140816 988539896
708883971 709034077
611773140 612170094
384188146 384563598
171880412 172845101
671036877 671347708
522053004 522291962
154379070 154570099
24114134 25061368
6341261 6518318
690858497 691273334
429114902 429299895
520645884 521051038
585401904 586179667
499553650 500496804
156605732 157135331
718123331 718496733
979230042 979661218
464287834 465037119
725032180 725590158
678900342 678964724
930328816 931221396
92814454 93528717
154339773 154969135
374433812 375030283
241282365 241591082
838506032 838602065
240586478 241409777
886899060 887547627
969474729 970284970
94970907 95946316
489518117 490386458
150540765 151109783
446395518 446941796
258117243 258255844
653707652 654225364
432127351 433121446
656713063 657085141
979455640 980356173
695362243 695624566
374286216 374461299
813448981 814257144
668607207 669569360
60140327 60570975
834940888 835885302
628471430 629391658
245459337 246264352
284300993 285178878
129012034 129446808
447287463 447707006
202273202 202918975
754012009 754811235
501492710 501587140
321171816 322144024
651137943 651364560
939022346 939565502
300909551 301379837
547100308 547854046
292175426 293058582
543144093 543458083
548330955 548438350
314629923 315533428
188386959 189181528
604374501 604830901
71126478 71741283
791257647 792078729
765007083 765805921
256642814 257213604
453303788 453682396
212873375 213003324
999333006 999781351
832414710 833237710
919406992 920030933
942530474 943510507
550611580 551333186
647748952 648411603
695611922 695757109
42049809 42111779
428910969 429034668
672117901 672193957
86797046 87456075
485350110 485638869
98947138 99904874
793070072 793974080
239336445 240186379
294324519 294495907
984505631 985058334
927943247 928652291
172927950 173692591
60316563 60448732
806640531 807031211
917662283 917927631
409691331 410392998
245077133 245747110
20617862 20792401
421865815 422020237
587147396 587636468
311301865 312006617
954828199 955125333
350563413 350846324
787990461 788520207
850063928 850791537
586092034 586328714
352054726 352920411
460458239 461079015
163143669 163295990
34672555 35229712
864194140 865089567
14390131 14513431
128224249 129188954
709288819 709683165
556061644 556331479
479884189 480301383
968872648 969067822
805761923 805787906
526174550 526396925
125221419 125434575
412226476 413121230
730289925 730799243
294103515 294420228
432873728 433717714
633122874 633417219
600225404 600412451
672298404 672342867
753382290 753599398
517189393 518116257
80235259 80690825
741842891 742431661
532145241 532401642
86327063 87184843
864572612 865154928
95009494 95217173
209031426 209070622
320262541 320331608
845420702 846113006
186485875 186826109
6185422 6391312
517545209 517938924
876067844 876336151
507578816 508437533
459482922 460169710
274107467 274989640
221151837 222075185
504799556 505526781
444375908 445316494
232078307 232399969
735028298 735482033
655157476 655719264
740696186 741258541
377565987 377946831
458570632 459314273
458588103 459263909
138954270 139127060
871969142 872740645
265705541 266387628
87901531 88216375
46368938 46500515
954379821 955182204
286180739 286339843
939296779 940260546
129499127 129640014
395975082 396295126
410144694 410714730
216145027 216848505
475365059 475715132
613289723 614248830
801757623 802703337
632216388 632995798
729099078 729144444
506376887 507033033
950597374 951036201
529777380 530585665
537237800 537633781
256834440 256857438
134254154 134712905
988148834 988631282
322706218 322909928
759227399 759311251
810340690 810375957
825717420 825959748
278073840 278687598
433845641 434260836
286230451 286842178
570722191 570938746
612558565 612958138
658353862 659134376
983257769 983699851
574198531 574455170
545031512 545893879
343474292 343708264
321770263 322060496
200604114 201460649
889578582 889667641
686147403 686956321
694681404 694981336
13065201 13856642
513265816 513394065
598927343 599436156
397692431 398049352
210358444 211180567
336414276 336676055
781315621 781927837
855663708 856436543
252901176 253525312
655445335 655730748
481666075 481900996
246402314 247305439
430766009 431310789
259137024 259989138
997420581 997603858
901073606 902004547
427756502 428679063
755785434 756290203
930661462 931007536
509831736 510585571
8446513 9266024
368925321 369050974
56558584 57067748
51516298 52054421
750005649 750957347
995226001 995638682
47529249 47689343
752073919 752646585
102666880 102948428
623588447 623937084
193741702 193988018
89823436 90050835
858339058 858365027
732621895 733414866
115986909 116353246
771285379 771820721
722708215 723654464
157856308 158611295
599919820 600235538
540175227 540476162
597599067 597762978
961370881 962354228
647337676 647763108
761402146 761624480
203754699 204520626
554811125 555550586
801388101 801743710
770200082 770510669
944097692 944215760
314572203 315065262
968351895 969085795
561614251 561659704
600732975 600855032
850329046 850800901
726517286 727256088
541610098 541840467
293152015 293605665
163276295 163367937
410244284 410367235
722466104 722971563
480844385 481505023
669355937 670031449
22685551 22739406
758069952 758362247
99738815 99759412
23895386 24429732
755487104 756403149
395160089 395664503
940124144 940952933
433138055 433331177
913018493 913758348
552727271 553459484
356909407 357706343
178563835 178742954
434167326 434399731
962527614 962733526
904390680 905085895
232959278 233211054
896888751 897628154
490724654 490800179
626363870 627216251
776447887 776953946
599894136 600662591
183616299 184059973
78645202 78915274
303717824 303922465
126747017 127206296
370788688 371142716
210759441 211090248
876827527 876961846
546180010 546316556
118090207 119018779
299212017 299248048
782982350 783710597
956849225 956952755
264994966 265733221
466818553 467647535
483440165 483962324
30434458 30532811
993384524 994090935
804152405 804174387
786658340 786763837
463444609 464240008
471412308 471813101
940800085 941490022
673953508 674562979
120999753 121151183
281111390 281952744
96293208 96976240
78807709 79478564
431727366 431857638
582093305 582751346
360102687 360455274
372052055 372243574
380244159 380499068
348194733 348768672
172923782 173416085
737642616 737754113
811484217 812028238
11823674 12746571
585293695 585505692
378814767 379007186
93919015 94718143
246619275 246719915
405499487 405913278
154519750 154921255
742240172 742496900
58059739 58752872
105218391 105537097
635721089 636052497
86830433 87550151
497506123 498497012
407759732 408745989
621192665 621961392
324680966 324806599
20002322 20170603
424773258 425339006
329477834 330389504
285731068 285943398
49355046 49423969
27964899 28662398
775385163 775975496
453216477 453358348
889978235 890373376
459174502 460003499
217099321 217843239
252595935 253126777
150228542 150621711
649865346 650097844
501595531 501959992
824836351 824865145
892383309 892398962
490478405 491430214
372342967 372838509
977385147 977400987
880035713 880554956
538890604 539566595
292014910 292454511
296662578 297634673
150908350 151767560
688111965 688651092
414918238 414926794
576309677 576777257
5501727 5939146
806758611 806790057
109150846 109872298
647805868 647924134
614109397 614162809
757143260 758107216
800849273 801557279
197606792 198144544
279224251 280219968
399264558 399687794
26722371 27500105
633096807 633750800
336171842 336436431
622645217 622829512
33175880 34127941
679019789 679461841
336628493 336789997
156049047 156641190
882574782 882934870
598650607 599523627
153445044 153531108
203203895 203302766
271345380 271437967
234606446 234659498
832373009 833256369
38579207 39261522
450002121 450684000
780216947 780348290
806905336 807278227
31221737 31991322
673745526 674156154
591553088 591892912
430292296 431040437
753476514 754457039
403725375 404705327
441712292 442118671
801764087 802605331
522171447 523140295
27412638 28011441
791535644 791986430
15425890 15499131
866163937 866683463
983349452 984185616
809026067 809802352
888114638 888509078
799524771 799824899
994525142 995500248
511586169 512415473
375347402 375725977
532625370 532687514
508715750 509222645
940533642 941110110
456163294 456809997
811327632 811832151
231570679 231677544
107505550 108202325
949879849 950171999
480901347 481572175
759114858 759995422
282612585 283275910
274145900 274422072
587180868 587385574
443090147 443647867
83400751 83602233
598108059 599035672
203221083 203550661
931626455 932298347
979633254 980332723
965257453 965326627
45430806 46357652
769615990 770424949
461129146 462021551
51568093 51631141
28873035 29564133
704534659 704971985
169693690 170249691
179977185 180849204
595581956 596007775
651525606 652237369
493385853 494280152
216330755 216372981
310418397 310978471
366789638 367664437
908540753 909534796
118160482 118848580
192301140 193159541
159240060 160011897
507666063 508342932
388120854 388179117
104360206 105279522
655499990 656484829
730194259 731167225
856483969 857246240
173673055 173823531
879879651 880404162
387220913 387462764
606855211 607510274
40437344 40586769
20220632 20323539
13223195 13681548
887143661 887745925
902211028 903009770
882454716 882946396
333507818 333932366
690825158 691116871
709211764 710009068
182552087 183291023
458353740 458576544
471173741 471549392
662088057 662274613
991709346 991888148
922984438 923300155
587361964 587496986
940866377 941063867
211379612 211895454
436803317 437428456
284463304 285027298
170468307 170501891
749171609 749597400
892603965 892830896
855562074 855580953
406938493 407280619
670259414 670877599
763881196 764471992
955142024 955185815
447084436 447349739
38889407 39643032
116024104 116719904
627319326 627878839
673075530 673460141
248947858 249505470
112042917 112185917
599323928 599751872
204537134 205172407
252446003 253339421
70061684 70546107
850898146 851213185
2877086 3411864
638837506 639813295
219068787 219092490
488582823 489004409
388906945 388942988
491502340 492180395
625992908 626322911
854713623 855650861
967950112 968290949
325152063 326113437
806632096 806734714
98590616 99331067
691028536 691366173
377843639 378349522
513022771 513745502
422554465 422871712
575544407 575799562
162010486 162584686
436515773 436711740
390863415 391139219
148877943 149467309
339411982 339801524
330080449 330583072
780393366 780402798
151249317 151430966
660522925 660813219
500775171 501460322
332611965 332677404
802673178 803612984
479836738 480214348
92324224 93124202
482452327 482597452
846908783 847640433
441960581 442786558
151047185 151967950
493010238 493127897
942527193 943209879
129958692 130542485
644180673 644258720
554110150 554807326
624978499 625448066
32972219 32993825
228792498 229719403
478318725 479235336
465933386 466474039
301301145 301709380
197797693 198551234
710762243 711581907
537263867 538091585
923115331 923674450
39023453 39616172
867827173 867920335
880232225 880889271
149463443 150121034
304751103 305143748
519189163 520048772
39611406 39759324
461554451 461972938
823086880 823481252
706448338 706993629
33896888 34670621
958725358 959337191
284704138 284722319
738895421 738954505
94852833 95256410
870284487 870981326
848987977 849077192
949869780 950863786
429676299 430455309
23976236 24922741
945384439 946272855
362831692 363360292
360958390 361249126
51011637 51725488
220222201 220468643
582578589 583478679
199410318 200074828
600072222 600128558
693571910 694219108
98482574 99041848
741654898 742180940
939871589 940819857
336326005 336331118
580464168 581180984
299067759 299969279
309478965 309975830
974879727 974888085
851216797 851320574
256351483 256904522
142608739 143488139
161232253 161571493
684077973 685059807
438301931 439139673
940085490 940173286
83102896 83758751
848389676 848887936
542580652 543305733
357153547 357607890
438672982 439124393
834048615 834637753
691126687 691968462
598412506 598462248
875871749 876270817
55173466 55958997
468552685 468892174
993834139 994490052
725287695 725549356
882777161 883422607
858689531 859024189
88581224 88778906
495218118 496177866
751722096 751743640
970588718 971267452
253372738 254043886
561427955 562181461
692983410 693708937
327424093 328166913
665699194 666555936
520585152 521500237
939743694 939978802
259498060 259880741
791113946 792104163
440948929 441599819
306926239 307587105
114402594 115293706
479930973 480019488
354832560 354860349
307227814 307636236
483107890 483823343
825929516 826717737
499017105 499754502
653613479 653991005
82290588 82360405
191854934 192706405
881137071 881751260
651457467 651731742
942426901 943317296
835585912 836478621
309431051 309823543
619620646 619635446
682355244 682949472
615129488 615804495
72566539 72760567
648089015 649084423
814393952 814572178
97696400 98129136
792962101 793547480
540028912 540541977
613053789 613845261
13482831 14290006
239564232 240430072
886874349 887538868
949111646 949196082
728949990 729387400
866129982 866484228
953005340 953428722
810713419 811264527
572955771 573664862
754025783 754089900
421402271 421515813
911515055 911903070
659421827 659533037
50019845 50225295
745839086 746297915
944071814 944222358
73775751 74572305
73047709 73370952
339448584 339805357
790460725 790677989
422934998 422953987
469894565 469955730
135925211 136069058
463106166 463590791
613380474 614037233
400741677 401521539
288610561 289249863
222519845 223061320
514235918 515017656
207909442 208471607
477421901 477830143
98778719 98782904
289920872 290012802
425347850 425956640
553183378 553821393
982802434 982883974
835460430 836030598
262495295 263197310
472456920 472756338
985596310 985612443
107910629 108693229
489443469 489451787
620175719 620510637
175825935 176076391
380817070 381206521
238317218 238736557
841549876 841696277
625902232 626677131
542728542 543390355
363734981 364162935
899323410 900096607
363485025 364244318
392483011 393438525
666753372 666850161
493258493 493442141
772457093 773236432
681675305 681971552
681534706 682310761
946954250 947258900
379529411 379660741
660592128 660632968
493037576 493398486
715197745 715986843
588800591 588892944
188003581 188689861
167965980 168297381
301018647 301166910
420946184 421153562
243127733 243148081
286763093 287663869
750107899 750151027
212874936 212906636
984233043 985202388
449060701 449992649
668443302 668734809
234112496 234366120
214089456 214323657
321933203 322683471
720190322 720715771
103988666 104177038
114425877 114740937
573473867 574059014
207429707 208085588
296747884 297729319
232516856 232528886
161786231 162425338
658108882 659069634
262810309 263358133
863199787 863573759
200116646 200836329
599749713 600250432
300416193 300522941
462627439 463134274
922312462 922505052
410493172 410740758
873804106 874110499
497276785 497807680
857714873 857731682
281640662 282400545
326267022 327147820
568626278 568689145
266970710 267220755
492717005 493528082
554119929 554784397
249460236 249974890
392108507 392858957
728743905 729470170
12987788 13170132
265090132 265924498
639992273 640398945
456480781 457390490
479755595 479773485
336384444 336488706
235640444 236110483
510812654 511798270
909051792 909344473
226208386 226283588
443552158 443599122
969899913 969923527
460287252 461043679
736195676 736919178
507220501 508017706
329388011 329749104
128899624 129212730
424280613 424402307
606342856 606944748
242665250 243443964
114209956 114927950
805815653 806216346
450929028 450933886
815910781 816156059
632190207 633001047
2504235 3092341
159063795 159557665
587966512 587974201
752891457 753449965
950188801 950891762
98250225 98326970
908410574 908779518
833571361 833800889
892911633 893587557
936268586 937263392
594693145 595674397
751017803 751130725
978149083 978495778
106902781 107068228
495119907 495279338
345562579 346529440
567169733 568058823
707474161 707885166
394577887 394699410
810748194 811536373
140637967 141374312
866766574 867132130
467889184 468450998
221203584 221870502
622692778 623101413
608558435 608619399
867571045 868445010
601113343 601214235
283080141 283761913
65974851 66353973
79384954 80160549
392555619 393191976
22111120 23040253
55794488 56311459
209587680 210304226
851986194 852872572
901501120 901837679
403147810 403154894
806250117 806392987
937119750 938055152
574770448 574899065
342241865 342827481
467151839 467974169
178963177 179649206
37246369 37995289
779662613 780177651
917176208 917305294
823030136 823597967
185729710 186447351
756318161 756636804
337172055 337341114
450099900 450410784
697040445 697345639
604967826 605352441
752418645 752881183
323967947 324783316
813841127 813883759
868836957 869272615
604503161 605235341
744847482 745184161
107480567 108079777
916262734 916618386
454531719 455116905
518919114 519670301
886975639 887062875
220391816 220797321
657075630 657176186
843692083 844274443
469969683 470320733
424267985 425196173
572414050 573323954
134103322 135089039
728858395 729171447
502802824 503737101
724778799 724964198
24052262 24728081
308660866 309115121
728706596 729491036
437028438 437881891
906541018 907464619
48875127 48987638
298599049 298943493
699766143 700032372
766108362 766598402
989513766 989795533
257557732 257769860
727467603 728364032
454836338 455069834
255333461 255770915
737604269 737943324
188956655 189863284
990754101 991317123
791094891 791316291
774498643 775388993
230186430 230413523
198566046 199396455
117539576 118523707
753392813 753750405
329563138 330180207
513557651 513966305
652819885 653139257
417440152 418302957
669377031 669841713
611268635 611471114
697626412 698291787
163961752 164110970
328883453 329255116
479241267 479396158
523138523 523571159
341783500 342273008
341441842 342284076
285299535 285421583
615751413 616094774
188827579 189662441
175237519 176031691
34260664 34472727
897742175 898584314
993943629 994100437
742738115 743572937
323676362 324304181
507449163 508169702
571098368 572029346
890110357 890378275
950385772 950848008
844686452 845208279
944747451 945335444
132610500 133147502
290209159 290684825
836096645 836551829
204077730 204082432
448639068 448754184
961915686 962520961
457732549 457996981
151830707 151942440
986024149 986968727
632548448 633083136
756982756 757098235
504476066 504884575
767457292 767993862
865438003 865815841
662877950 663100600
365915941 366087776
398941778 399764426
342175761 342822705
679647155 680407027
543923419 543941567
128828566 129204506
104936928 105708362
663650588 663984509
172390583 172851230
877333868 878265576
790323064 790398929
546773771 547720620
297395926 297775635
723956600 724019328
879421447 879904429
770768719 771379662
542223689 543042728
195860178 196627412
637107578 637793743
685963421 686315358
179429663 179613718
653811810 654244609
971172163 972042449
671741591 672617131
227877146 227984335
291684100 292268095
193148888 193544583
593220226 594213043
271821864 272120621
556798224 556934545
961761394 962124404
341346738 341845361
217670619 217676215
539796756 540489505
389441265 389864184
56615188 56976060
623752612 624024473
574350111 575273166
72056901 72961291
560821529 561539135
394870853 395137849
668331575 669148005
621509771 622119741
306717580 307509068
424757440 425078533
682736464 683439547
433272355 433631181
677323962 678102490
389814081 390584180
694033508 694301938
248352939 248750574
298167471 299081774
469847794 470288240
962580811 963566885
813208426 813327821
640042174 640520881
749017370 749477257
839477553 839857727
268111925 268674633
339637829 340530068
127601015 128056747
557903791 558718243
275082440 275545919
357558388 358467748
693199159 693646962
575674798 576294563
157029075 157632370
2448471 2798334
235119782 236098691
51014127 51852401
937330213 937983060
320675719 321590387
124252793 125250688
674948907 675423474
189570689 189648482
35354324 35954634
153861055 153947888
626112018 626473780
476365298 476549126
426765292 426825817
274144077 274734926
403534426 404411460
816021377 816180607
957975584 958793602
681958780 682334642
204817832 205504287
18400537 18882282
763061378 763573427
775768410 775907609
269376618 270246376
943481112 943605018
732433136 733408257
776045561 776728379
898709368 899105409
59986592 60171948
28467654 28817760
461388969 462345417
526332795 527179920
789160526 790121078
215527943 216049231
403852915 404167015
401599290 401800201
51340223 51757639
438900087 439178910
383348265 383824644
674725666 674950541
694854234 695521393
598146100 598724483
865419022 865555104
82655495 82927664
297517177 297685664
269820828 270753939
916323409 916725333
462401205 463384195
572095663 572376316
911147102 911873270
151920755 152899314
174737040 175094120
499638330 499797305
458867800 459401043
703780264 703852949
275278463 275304171
889453997 890195190
729371232 729941692
541038734 541523008
843210237 843873759
66775061 67039698
317856696 318517154
485619508 485925364
345627236 346419646
392205179 392854500
793838076 794439117
265284401 265583080
148917367 148922050
502612263 502709169
873217654 874187457
867915814 867932819
347916951 348520384
527964914 528028982
701881519 702811628
311882682 312434453
891836393 892392390
610465475 611316601
594028295 594775890
758173067 758247393
166176384 166996063
947799507 948608344
221042386 221797455
566235412 567138127
324169988 325058560
991534767 991747652
983280314 983884936
447460567 447480580
922684707 922837136
349868752 350360331
624598109 625078441
789081366 789350903
899453512 900315422
450464811 451410355
490066264 490966234
476863875 477117023
210953505 211782385
995184187 995787016
596894727 597154979
183485751 184245969
573392863 573722148
999344540 999380238
975184353 975348780
296347647 296687210
963687313 964499851
248922963 249097156
179964771 180592766
258941033 259359659
437404957 437598721
645287381 645338971
329013028 329523848
590195514 590662391
934097591 934197766
969789007 970050722
309338856 310080383
665289650 666134932
897138130 897735544
111068617 111657297
482363461 482930870
563063386 563434571
674326738 674377210
127516921 128061653
111101903 111381614
323279867 324068398
911753958 912658668
451677927 451885497
284255499 285111853
698146772 698950044
987350435 988309394
598326831 599240204
169388482 170305943
711621491 712030328
779166711 779387541
472067267 472323766
295894588 296528189
557997513 558561166
12055905 12245953
607330240 607722687
625685489 626585847
807374334 808290241
619793853 619963798
615400481 616261225
741202991 741765405
611023687 611127385
410393202 410594361
456906248 457503300
278871576 279782639
573785002 574679064
669385318 669831542
618965213 619243049
46442936 47022156
96864155 97105192
685229210 685976221
671508251 671732977
542819709 543331100
458710500 459348242
694507810 694744801
516665954 516797961
203416840 203679503
937159185 938145359
755249488 756067377
942472924 943468183
793646373 794383740
105910340 105926592
486674001 487657878
86591308 86676407
699725405 700270152
99197267 99273492
890993392 891295570
394950564 395877987
506274015 506700082
437849013 438674518
11916418 12014816
109323171 109807279
992959660 993514481
680601727 681550842
911209445 911798263
25942715 26562009
49562095 50104453
682050150 682097984
240905738 241623469
361383491 361590392
200984643 201906699
405883590 406797684
159397791 160166088
992610842 993124469
791824149 792772879
140363787 140618223
932606524 932850557
721948524 722315199
252366801 252662419
407297300 407695263
605376205 606043780
631536226 631802244
845261047 845295411
136776443 137555481
259091334 259764584
423675326 424399645
464468137 464523672
289508127 290458645
917912357 918861080
812972689 813275660
881003126 881807573
446278982 447094359
346081550 346953404
896094147 896367488
240648823 241075034
923486453 923748646
423969270 424534459
206419412 207220256
367310579 367384102
248980053 249972444
423986812 424858346
857018033 857627959
614848294 615123639
29323624 29762971
92405541 92609418
130205952 130494123
463403786 464267615
690940511 691783261
443910889 444156229
271775724 272749587
125725822 125817669
50121406 50680456
339095537 339928041
952142277 952952551
964303961 964817568
470298688 471015640
7757497 8191052
20436731 20580970
15644524 15710473
677112888 677297679
944161628 944598636
764283456 765179153
151477276 151892904
477813867 478320337
730566294 731180753
385077789 385911175
646586626 647580945
905563304 905616182
146198513 146249609
479574815 479648701
680710690 680916656
694462296 695055449
823117398 823538999
849830204 850685975
823603003 823971651
480343619 480850288
428088704 428492836
923331630 923826871
250930757 251020598
570643712 570755639
503430297 504052947
826134357 826850834
144888992 145073461
906486299 906782759
960689636 960768280
140678441 140720493
611016588 611352242
120844930 121605462
881874681 882596559
886637954 886979351
229445143 229496949
253241385 253258263
883130354 883452150
105450340 105964238
453426870 454378076
141777421 142213123
505759163 506541718
892659481 893484908
844788376 845012794
205901545 206683133
588370381 589262655
912553297 913385030
196634852 197027355
531278105 531855995
808490953 809207652
779251102 780245584
343569078 344466115
643806499 644003583
703757416 704158376
973806239 974049232
788748549 789228241
846838944 847329343
779485525 779575277
518993630 519002107
83403246 83931442
280073058 280273918
206177641 206336988
864274329 864487854
927124550 927962145
407957114 408324758
859002108 859478344
833831829 834067822
793225790 793962397
799528932 800512535
402640142 403010700
689810317 690522811
521989193 522487839
794695070 795148689
576380663 577302298
704015708 704418129
856139840 856424676
826050157 826250538
508848166 509588908
440911793 441905082
972948629 973418551
685018042 685632591
889768954 890494669
597836877 598223565
639321280 639487612
354274097 354931222
933435551 934176573
453040444 453888821
896985581 897822877
774586970 775096242
621802740 621847259
726822221 727511714
921554707 922375061
916710687 916979371
583463393 583990697
544168678 544194969
396717312 397708267
274110142 274812168
922828721 923089468
427086477 427457411
48442524 49329361
119359399 119439597
171886393 171985313
31270867 32116067
594154466 594194305
438634166 439002523
64132964 64900955
314104027 315092221
835339626 836004889
778873710 779688512
298931041 299285519
88438584 89396548
82954769 83373575
219127814 219183051
588108731 588599930
17347625 18290110
585412175 585697154
845663674 846300044
378046192 378745027
541071939 541234217
898388260 898845024
261415811 262000366
138242639 138535344
62285506 63109293
318410823 319154416
282165985 283070064
133940914 134198648
143399866 143451880
31552862 32452616
321125618 321438923
191107165 191147096
641619337 641821124
818508939 818531614
898953294 899294074
65039691 65426796
172509481 173128067
111494670 112472749
342139439 342240540
480603483 481222088
999333297 999677187
468451459 468540556
610802994 611125508
100373454 101093073
892262924 892827318
657123744 657737770
597558173 597926418
411557204 411614609
127713638 128218280
54048793 54369203
119355124 119553960
180973837 181110708
155872777 156850557
560182988 560991996
118663962 118732214
835255041 835313986
408743644 409094770
677111148 677270337
353684630 353791295
764248315 764404763
65794308 66026716
450546768 451403457
180382529 181058013
213841843 214655624
805131518 806034211
282289658 282680479
623432954 623518189
169190315 169890794
506125276 506257394
969622447 969709198
934922890 935789222
835030862 835790466
576312186 576947572
746896045 747679883
96435163 96882359
321246050 321776302
971020121 971828588
105641463 106029742
470814755 471687746
566694715 567079251
34170458 34491847
807065277 807978836
161087991 161652334
215938006 216683811
874230492 874481924
173032274 173579598
26618765 26953631
4554676 4830525
807454740 807916038
413314557 414061375
476016829 476323174
589438279 590422636
645626482 645972503
503190495 503567253
742440018 742564540
489072598 489847661
241435512 241573366
653277190 654095953
280026855 280564047
545177196 545350428
372910422 373737512
930251104 930951636
502728718 503158835
945230995 946229391
163594615 164240691
896907395 897603165
716007978 716276501
114608472 115267003
447938540 448875708
485116467 485802695
732670873 733138056
652217552 652963919
25924836 26532354
155290467 156014808
956658173 956771783
387920135 388572035
337495358 338191650
647683089 648479994
862117598 862753256
575836085 576009913
227396016 228280637
349737544 349875229
239203046 239643097
226620639 227500478
206566832 206587550
962789119 963231193
309814768 309834004
941870570 941944159
461071969 462060335
9816756 10425825
804477122 805121594
732888886 733450327
768759852 769039825
731753650 732235516
166726054 167424141
36812523 36932339
929670383 930647499
200561239 200666111
299076713 299574608
659873155 660748328
82768484 82907354
143221146 143897924
953506726 954022547
776395931 777359552
924853442 925348127
205187271 205815517
353509655 354332348
815127432 815773741
253536463 254373396
838373536 838864264
953407491 954292190
127799616 128097071
737848015 738044514
312010665 312403141
296370428 296850075
851072288 852056057
51522608 52481839
717732668 718385322
73373642 73460579
796640458 797564654
684689859 685004276
553733638 554357945
847120763 847160198
169018015 169777833
697979315 698551972
197604227 197873967
279029867 279933956
561281916 561972633
678226450 678284931
679293262 679388176
301371516 301801459
693691222 693963685
871421282 872159406
412203922 412373550
692441467 693251378
603889881 604008621
324496522 324903537
418181753 418722863
251699840 252444444
95147844 95260336
747561994 747692673
912610528 912791752
509158319 509712173
22626739 23057569
625631180 625871790
518066117 518771054
296761823 297204109
85216041 86084466
565100573 565312966
555863439 556226541
575130451 575881671
785295315 785455748
788116518 788209856
184411030 185409885
158457795 159240250
171531023 171860845
473945402 474433320
559601846 560200667
787774858 788294368
215943660 216278993
118090827 118290953
47453132 47659893
212149425 212459713
980385984 980981757
742640387 743445862
186141947 186846936
157575318 157866407
327896824 327944292
983868961 984023228
557672136 557688787
590273335 590700159
37482386 37916362
644996996 645200024
345912804 346259670
769426362 769644378
101985185 102051606
875883714 876565019
846757626 847369453
778154539 778193065
619780032 620212004
112468125 113178809
891393406 891990125
466755349 467585005
835788411 836660198
391622857 391653917
141996028 142362334
824410409 824872009
814264107 814386608
895233485 895759595
143113904 143442400
135566214 135661584
105424909 106124181
410178311 410255055
586812267 587018535
192695721 193618831
129132557 130086116
949704460 950462584
68988384 69252147
653591542 654387204
765050844 765793553
922087055 922461432
978944573 979299899
571390011 572019865
2347104 2492342
769029319 769915013
342166099 342653434
629254204 629551760
752406247 753255950
479819061 480182526
967866781 968850508
324015017 324822996
596097773 596904231
638900522 639243512
642137869 642406731
682198817 683137413
482213037 482823108
180387773 180409206
871514631 871711447
783765590 784307978
179141764 179628357
212121373 212794405
204576562 204694341
794466524 794785359
601602889 602419270
160953110 161867028
456002589 456749837
672298061 673114098
922133678 922295531
539821214 540193206
998839719 999006274
793526244 794183817
815479891 815600923
240482703 240692558
993951484 994501704
340726680 341429142
700126618 700476066
415821201 416022721
794710039 795199958
637959860 638224446
63393757 63896119
367447647 368422325
1297623 1997408
736793598 737604544
113764508 114233720
562305773 562510312
809618387 810348369
54039222 54651107
757960288 758945281
915233251 915507207
191605818 191858310
923029350 923802811
331645218 332288467
568903577 569554729
411388804 412327961
289513126 289556905
772850575 773235901
962333533 962730054
223362243 223814102
451138957 451915464
242186236 242649494
509953449 510560131
386176365 386446603
545236775 545601930
604725682 605154929
395331130 396119494
134388021 135008641
23477369 23500799
36855980 37325322
786379245 787205342
945691366 946654473
215001982 215022616
301697313 302140228
508371242 509134532
267849679 267971045
783184841 784045891
490400260 490815732
753090991 753267533
228011507 228235114
793594656 793730856
216738384 217348288
623590345 624550985
645260171 645619115
752849790 753437229
591694084 591717645
799114921 799661175
528457818 528510481
449369411 449445284
574002976 574713340
538379586 538794176
160577135 161284995
426342005 427178773
350312229 350730966
540162964 540634700
22137153 22441681
425359870 426332503
839979900 840122207
62129405 62906472
565620273 565776236
348386299 349041048
188894829 189521636
500993636 501862229
313892368 314029398
496591386 497425201
365977285 365981204
419343639 419879306
803002651 803621708
302714756 303643640
243201815 244054841
807182640 808081009
304914895 305230029
968434820 968453129
619348102 620086901
671699949 672095350
231088853 231729728
482611711 482648097
723816325 724793512
539854582 540796659
451115362 451316160
706655599 706757002
483610476 484387541
439400518 439738029
930846193 931237444
275354818 275918388
267430037 268033848
786240335 786793183
171436618 171818440
378689233 378804232
