10000
468692 783980
624046 640950
186418 835261
394592 694724
925816 57292
815670 547887
873311 59743
873331 943062
834774 261945
511334 14499
960557 763397
320905 421937
98112 693146
840393 88437
860602 220913
298868 411545
637877 123903
78550 422659
516844 506392
773178 138694
795746 581102
705188 238740
491640 18495
366880 808119
22248 592247
655746 762020
700270 549622
563847 887449
998641 809892
451753 906429
541741 254021
451857 480031
847733 307102
609059 603609
62917 102337
896236 714942
226460 902766
133114 231133
145399 369323
672460 323694
644235 590818
618018 121544
437293 578722
629335 755223
908447 414841
644460 685792
147073 639663
808304 264517
610313 527539
241615 490407
263058 258442
279124 533341
458953 107177
518572 892719
112879 622540
935376 190819
379660 466481
958463 866745
939680 182566
940984 716984
665205 15862
280594 468015
38817 843676
41901 536840
14000 956329
977605 35252
447757 270481
688411 795303
815082 419935
139538 747864
784303 623859
237881 575687
283928 720666
275808 565245
539522 643471
29317 18191
429824 545557
201294 697252
764023 974292
646497 733058
402204 649356
528522 489590
986350 370317
846806 269423
377895 902746
692942 968452
241537 928872
552194 256889
107145 818724
717844 596779
507008 275421
937438 76350
917547 653045
916395 438308
791641 8074
675631 852747
59841 578079
720561 159859
973499 386311
8284 152526
575284 746813
164038 296720
963433 557008
396122 375716
440468 969207
701931 2333
799108 976491
243298 480988
793903 2891
740125 919008
923466 396253
385749 835545
948409 214286
562135 561233
835123 542025
299406 113519
25565 342461
326631 33149
282649 706618
776923 823276
651704 575636
762409 883590
622816 20890
244659 4996
914017 883524
576826 387996
728304 844481
748532 739764
916792 177417
597694 287749
527265 676098
647462 234440
618398 345618
926331 950893
69033 694798
486770 291441
491963 830081
810495 43930
29821 417917
89165 953490
294213 594988
262041 830707
892954 96268
841458 695741
460747 670304
551560 290063
607109 587191
241014 189295
246817 850995
675920 308800
109246 695494
661091 909078
616522 686973
856108 103783
124347 599741
205456 340211
900905 905159
944181 228085
92531 16504
158549 761871
521695 650482
191844 32872
96085 391738
377916 402899
640976 512448
141086 734654
214646 136047
882798 110382
967070 425382
572797 425930
187331 502686
301570 782566
876022 828572
670996 337094
562900 251441
347385 596677
336718 849651
410837 662878
126960 632187
758517 855513
710066 271375
981638 320900
169659 109825
163706 144235
456400 845108
541324 795449
991365 493325
413540 754909
775243 550521
229158 426204
407788 158846
359070 273651
954279 28006
684114 763028
533103 547532
145749 985426
613538 404938
270952 612700
123394 820384
226266 44006
642281 482881
838764 746198
260273 477529
141674 401336
843190 17101
136040 4549
279838 182022
96939 429952
265669 774190
178595 859453
931358 209048
909174 611362
358853 834556
308257 106181
651995 576271
336687 692939
922805 801459
622491 380454
91932 366447
452048 838366
179490 625401
515065 508258
481552 170023
596242 535142
790491 928997
861736 439028
19964 833205
55357 243685
188182 317355
53359 440536
641890 993918
901427 661607
582840 395820
594567 844507
129237 423736
436512 867386
849589 526274
295711 199354
586574 825075
463188 691943
286100 33322
648021 369877
495298 619811
575780 591723
279733 238856
411074 721735
226508 514178
9068 340614
385351 423877
231529 530739
237738 626856
650379 736063
560913 679962
736459 66473
45455 483682
836237 110728
583206 360492
771836 465796
502950 80269
229624 543308
695952 840546
104038 352316
493258 382491
145264 712143
888381 428027
672970 600881
563066 670225
444983 639477
633523 817343
330154 115380
271157 763618
911826 649587
899267 213922
731548 321950
340075 599238
532622 993616
615324 149008
59124 377657
885735 699153
234607 155870
860354 745920
502588 574054
719189 928958
771616 140795
973350 127923
358255 78715
811611 827962
392872 563881
533142 84561
176316 693441
598483 850367
539087 677658
777600 203882
434402 604548
859292 661598
419975 256548
103294 964103
563061 58855
725193 562002
207626 330179
379575 682638
509845 817907
605300 988160
97987 162159
301517 561283
676549 10674
114278 619075
917569 88103
863798 7352
784003 163752
356888 929464
649226 99720
507504 305174
743384 85309
451056 261888
171816 944035
271511 651861
465436 284527
918477 433471
959923 722229
861828 441950
848338 678467
312034 143112
803457 716433
478204 699966
659002 122555
636043 485391
771776 495943
270538 524292
304997 273346
149694 145682
474335 924688
832672 137985
795334 196256
673605 929592
288505 406203
85786 790473
585861 176109
349646 198847
695455 233520
425456 396405
862439 191513
557631 607665
792460 565235
308171 518025
366321 851753
21309 839891
623003 773970
150488 290450
119289 469453
934973 2241
765698 530822
134894 323506
256366 376878
359166 659077
6791 193480
925231 925799
924241 894066
735922 764858
30293 338112
614116 379813
988728 969492
238164 792549
65043 354181
305307 193242
23146 762404
351126 89024
555721 571204
158672 524177
87945 191547
484294 972438
289346 420501
346710 663494
149020 510115
366924 790645
42526 808842
884120 488977
68566 780110
289129 119619
253583 149922
298074 477403
181 473311
464988 629553
932139 125277
485288 818419
452664 673784
479619 570921
111477 252435
332418 493082
782876 466862
585562 427064
967015 709724
363395 12228
233173 732999
796061 146992
973094 69882
784124 548724
798909 113418
303230 302329
55974 684799
292168 36910
712511 855319
866165 716560
352647 954781
347040 810325
65090 296091
646678 23608
785843 138586
583925 505918
343715 174440
521398 129902
462280 593545
934355 688946
265337 747248
852968 286947
439200 557472
435435 636188
252054 849928
697608 928147
975478 747711
568707 194282
990322 335940
695266 467608
534467 24665
936593 52212
906701 941333
865356 665382
260853 296301
519246 18069
448726 481687
569591 906121
723307 880800
45673 11792
808961 604455
548379 913856
344812 476819
619361 104614
166826 365378
564913 183802
422473 5467
390439 772138
988296 283639
980608 423068
232660 463789
643047 604472
326042 763254
737434 229005
216879 712797
97240 767172
878808 982202
634191 408648
193697 8077
191568 450136
760499 471603
686092 920293
20090 113273
316895 391099
855066 625217
376738 264769
161577 519974
760099 605726
147502 978677
448641 12649
192915 836778
293539 49901
328830 803536
174827 364263
870547 911655
499202 241201
309171 161615
339325 273669
867603 717198
939614 678855
750745 999052
254212 975954
43889 768637
798213 818774
21128 701583
142151 427591
392612 594561
946161 245781
54333 768371
140568 587448
396930 957813
742036 377291
630435 168923
633624 312765
766365 37796
57063 15919
492354 965674
787679 861017
394376 350282
203162 387198
445323 111558
650949 294648
981607 226988
202063 799349
195447 176475
96946 154972
902551 488661
548060 622585
123542 117429
272639 576029
933902 881451
905682 774769
880690 343165
91037 504763
266817 166916
683081 130139
706788 244696
576315 336908
930760 952637
21223 539478
93589 942577
338621 814249
251415 264960
267116 849041
544731 198560
266137 426920
381442 866839
170426 450613
259991 440323
424979 225683
608841 572962
763826 292214
919746 379593
784187 570021
557974 168280
829040 223942
306651 824765
94427 229869
342586 315551
83808 609567
726143 896206
50122 836298
941954 674205
146386 356705
304212 938793
588643 513398
194367 704007
539889 455260
90093 126228
419077 877209
74394 627978
992873 347644
696621 322717
684580 436950
98309 818303
53365 945535
560965 555176
492996 279153
400683 781564
270203 215197
682334 670448
672609 15425
666968 534029
652482 938029
832824 891672
401295 709727
826567 967201
459665 689749
512895 414733
972046 72191
124411 191081
338188 147333
68271 684911
869146 263649
899888 989254
986213 957569
698351 935124
975458 621760
560007 835333
334468 134097
706888 359527
860394 894979
793683 329879
696593 748618
547485 425368
887683 189670
593395 259632
620482 593307
791444 566119
398210 136272
709675 946305
765672 13406
519880 959508
499624 219616
880616 335010
549334 176920
449647 637424
216645 692803
43075 965907
534857 705320
84075 11597
390530 811165
512918 377427
353657 107366
975880 459773
741456 491282
489959 208674
449667 360450
232587 53872
202145 223459
358736 893048
230577 398261
712738 143814
84880 540996
426033 806076
988934 544015
601994 236661
865120 314836
775724 516019
823658 50954
704329 846946
162231 440258
295603 705610
788180 742307
531933 211753
352323 438548
368247 500448
329675 47967
303886 395541
444199 660762
247153 297582
964410 323142
752179 509079
673230 896820
275350 961177
817906 240932
268451 347416
559050 584219
83517 951128
220329 429896
713010 77244
919628 86640
918821 133769
716475 100039
455138 361544
643317 662745
724393 227879
8972 235451
589740 587722
923725 388740
367171 84955
480533 8257
121039 455519
785486 469351
476230 167275
146623 908880
803330 832995
486222 532251
861301 840373
27979 592091
807604 166645
645084 254501
271912 363469
569978 454884
9128 883429
535830 211787
806092 643738
183395 786674
603083 507251
142596 805985
649514 188469
992761 96974
685958 889800
641283 647460
763327 852750
522949 830454
657712 234391
829640 438473
269181 513656
457705 382880
551026 906136
851677 307245
995979 585857
391598 504631
291262 810471
789613 808798
397608 504651
996187 848159
468070 378230
941410 806470
223723 40126
721772 805764
130105 759199
539631 988903
384907 948666
520919 456156
706641 912542
648582 995569
892561 299194
451258 589921
763804 395306
258764 581711
412741 376133
985310 742816
161005 377035
632636 350042
461935 47373
57041 164404
947448 542424
296403 61313
253620 711092
391167 84167
592517 738974
257721 797031
178580 564536
204213 130490
494232 909787
787272 31420
676524 157894
113162 125425
924617 9411
940588 249067
569090 480242
343774 435866
417696 296121
264775 897194
338433 392299
946973 646900
694441 999327
672566 737156
840832 79810
84071 880060
348780 679484
61741 747014
448925 542857
804220 406823
918353 707104
85887 462154
574494 936795
446164 748922
720589 160586
978278 224789
699375 184225
238049 229510
252263 713035
318558 988775
665170 675318
872037 748348
839255 776639
537670 961342
54347 172695
458805 543747
37649 407381
527863 76931
193741 101524
73003 480097
332525 468630
32864 447652
991692 512100
223609 243373
17312 447025
764716 917229
739592 890155
162270 515537
997868 77921
364799 641189
977109 160480
622220 590317
487920 968249
3391 665327
233116 878258
547929 187234
261300 129081
830694 554049
897208 315236
408917 646320
737233 586647
224525 100165
901869 392062
707316 284071
882651 171471
467706 173127
786996 314841
545343 275133
103431 502458
56302 333384
195059 562861
956509 970963
71173 91493
2635 411079
177453 936560
293888 788520
49089 257615
278538 856245
29321 180230
532237 142479
326006 765735
927929 714283
649583 790728
982306 92003
310265 862802
622642 813318
546139 465415
463200 662800
120926 555485
733913 313525
625212 339249
785881 845275
136333 991071
459521 817668
831395 314017
462903 184625
526989 732672
851838 940062
601216 690396
938673 8292
418931 909623
328180 288147
844255 201749
737384 174696
278501 388269
21671 635260
144554 637744
429775 660966
509802 137744
404268 86328
588244 198019
669714 581121
229127 811277
119811 384813
930448 758475
319799 738720
468551 631731
549774 537716
251899 122128
747773 220397
108090 687198
55537 57866
676133 738234
118163 982698
261508 220788
167349 464315
400915 695847
434436 400507
536326 498849
141174 354130
888170 866823
577781 819023
486211 187347
274266 41897
859634 696723
940567 51199
237634 446976
472879 535975
461599 118678
363159 750584
209396 1712
321752 431588
399431 234142
520211 632740
77261 35573
477922 534149
458090 112015
81491 494337
921816 803512
810241 461612
81076 825995
564548 505991
469880 301314
353785 721331
344798 641934
278920 789455
628165 713486
822484 20502
286112 904626
588369 585218
894536 64036
378212 847673
236649 63757
523638 999870
871386 823960
21711 757463
722812 999457
879597 955317
690405 79722
225568 666591
457826 275603
793770 980497
14702 399767
138635 321512
431233 555676
583109 658761
183190 66424
811612 327937
145896 246396
770990 894304
894990 179003
654887 222979
139445 443553
876424 202308
3702 410536
6711 386203
280485 495530
979427 896748
749542 194883
448196 922168
128474 40177
883520 45087
739907 219783
387433 27599
328074 954716
981239 866885
288471 732309
31775 476926
641241 227448
681947 570572
992044 809566
110841 389763
962507 981626
966368 187057
143243 25484
214754 809964
240815 366928
513277 707333
564748 818607
642295 99657
671485 721958
728056 780490
485060 257496
765259 58905
858035 72460
571894 21814
841321 984015
784369 774030
253561 587890
585860 419666
275363 389029
707155 812795
487616 450213
878887 144094
612129 874057
321842 999749
921390 919995
864166 567358
217329 542259
798877 305391
27629 961261
527391 374391
405177 25478
230969 52654
269197 782935
116482 803646
67610 252909
45890 812097
253567 601813
67323 727801
551957 41925
254758 565403
276101 578074
456593 628320
301553 673379
837604 666368
311641 766338
539908 19668
817459 962765
796955 607663
878119 797066
277677 815612
617360 644096
896168 764315
877961 841790
363434 317578
633969 899347
737082 112384
508296 864363
84618 739199
206652 776048
399183 577482
558478 719779
756487 685083
561907 95872
323801 276887
295887 803957
349595 119032
461841 495750
326103 634326
675697 258176
376764 36360
167994 10326
372383 936192
762417 578161
357690 849096
362904 725502
928712 917994
249734 939209
95547 579925
676943 268285
605953 560519
670910 173441
4286 185764
871369 404115
897804 848109
302623 999640
145920 524406
563640 430514
531820 669652
931736 246551
9955 637678
479605 430319
389355 382286
353159 95032
88772 194169
108217 224768
432994 498928
447231 320048
392798 301131
193659 614355
536164 278680
235211 424745
806988 751863
801751 527846
727402 365487
776070 717871
25974 842799
915590 924533
54615 828074
888636 793132
451507 439304
620687 625439
827524 619476
762269 936843
818813 361878
946259 815866
398441 945994
874645 283426
510319 642684
646820 864613
393190 368316
337189 618912
962223 81005
213114 552854
211800 341376
284794 769439
804437 27113
168875 217243
128057 650938
363206 449647
203859 882897
906924 149708
893288 913856
405527 483958
689171 171305
957006 78163
795195 474469
833469 277162
485711 343063
923057 216761
496792 127826
224149 117263
373410 163077
956903 941318
767303 686283
807398 569466
277228 37124
805357 396015
714825 333299
376964 833884
166934 775925
485420 232036
857022 336169
790331 786501
917874 880725
667539 452052
873423 514672
760699 703643
542813 531852
570533 993388
695505 397313
12089 350965
297791 839332
421444 803053
232850 796890
874297 651122
273153 864783
236337 507878
846752 751459
721892 158342
638618 121987
723176 767767
357892 498213
785262 653673
865859 674079
372684 832132
440943 659760
121637 738777
405015 999655
9500 107024
825632 274690
708665 316172
728194 318564
989953 482456
429943 353382
499395 868675
118939 650219
260167 40497
285683 801592
116568 67661
377560 689131
69506 87829
597002 58410
726851 538412
746272 946613
137543 577378
958533 239456
670727 441002
750686 383001
764825 793841
747145 242039
580697 423806
101390 220915
916922 970949
538193 751891
598874 501276
179486 638271
807367 411342
404244 394225
469046 204433
554158 836642
268093 212291
995118 258231
68241 548582
694461 339727
665546 584361
156124 477186
305306 117060
572581 891310
858873 320192
935385 986112
572004 846601
62509 17409
591659 587692
598838 725279
916966 295458
141555 319094
485373 513409
626805 923466
264067 743834
604516 735971
318599 235037
705607 871548
621032 615037
916083 322663
433958 612692
746353 865595
163355 429114
242632 468470
995763 70978
678304 554832
497663 155078
550436 434464
52382 918607
519811 445437
41056 146961
662864 602952
66034 877169
193947 938590
778894 871767
789321 834717
927607 365547
176905 493981
497029 177691
999648 491088
70865 676941
429523 756659
842280 739917
248639 742548
722290 672683
833527 619219
519829 105755
800684 152082
319218 579287
348771 396133
72931 593539
778059 145642
27904 455099
597509 63541
503082 112109
328534 241941
455811 336735
852336 524087
140752 186079
366212 630884
343618 673786
145333 650024
959397 121767
620363 21995
986376 720138
364815 185828
653361 320314
13526 851499
28002 522701
503688 165113
141446 587845
704316 566130
125576 703277
228590 350988
209239 178733
941275 416062
507106 666892
355327 448987
924748 879433
269615 638727
654383 130346
916420 924218
618808 457956
559984 619597
625179 738336
265710 404618
973076 699550
53344 383645
62115 632381
380869 194001
203708 535878
346571 187456
88223 429039
162888 97143
90476 504357
394096 204791
2581 937126
445788 549373
349330 500350
660507 86439
755740 177196
361293 994535
735924 744005
471245 873939
374236 515813
259033 370739
320752 901507
825801 910448
243901 373633
303538 934463
947018 578671
455094 291335
710561 195518
805358 608910
234467 526563
441586 270953
657267 98456
464871 212593
359300 350839
90077 400637
528688 428705
961831 539477
642080 928055
16058 270408
784069 130526
140427 169846
922859 538815
371320 376346
433728 504034
924029 160136
377197 234016
862097 160997
787008 45664
368177 442942
553519 962521
854134 267681
154737 331440
455537 311043
225041 821419
841380 381817
681833 712807
592916 452575
240804 378917
786040 962520
556661 562414
529847 450333
732228 937530
738925 102638
926752 784277
467178 230586
216474 286371
957940 251664
195176 916467
359517 756502
516318 241917
731076 387726
772066 569689
517469 324564
20825 144471
151270 736410
966997 663363
284144 470791
658539 190167
265246 575782
375571 408225
501411 676897
672315 171761
324914 429772
615317 692492
569604 545611
691443 712956
859225 682505
877759 940415
333861 763256
878809 450587
838351 36073
741414 216352
707944 16507
863439 590088
14935 992586
33854 313932
517032 771069
728854 575032
200006 807106
265485 809736
522235 966590
237988 630288
181164 981110
515908 828510
951496 759485
405184 730672
823377 163688
976999 521879
479747 561918
329387 549093
56590 860278
326163 996542
418284 268226
212723 736891
24174 841470
51751 938154
603607 803598
599142 410872
394415 205618
79899 930630
378051 757506
75488 116169
423165 24314
458054 99797
774269 324431
307674 743227
461102 390310
632808 275770
829294 691324
752936 464305
684073 450222
90836 120710
33713 842359
884975 476996
83930 812749
643628 932490
345993 821756
603571 289989
807856 276
558242 649458
434311 248737
477100 620843
458620 901437
884790 817724
927039 629268
867504 253011
427143 652906
417414 843984
10442 771586
616332 903770
925513 266525
503474 502282
843447 774935
72855 871847
721991 807514
10683 940405
389263 320225
641910 693604
359894 912083
373145 496992
760971 904261
569239 392866
685983 70204
219 124637
194052 607441
384459 674293
125409 891566
807297 782496
718715 489319
37781 440421
457030 859982
627647 499657
98140 172352
719729 389657
459363 938054
330416 585669
184173 82200
192012 256893
290456 759127
333823 445625
206121 950098
881104 793469
454154 270406
209607 330919
33335 512945
99815 510135
208197 182655
547498 713044
932450 811399
532810 98283
617949 190651
669989 752087
512499 79305
258156 857954
849847 243493
624667 644302
288494 712115
941960 769703
101629 896557
88282 92641
836923 343909
486902 655348
959385 8980
188944 341617
776187 161574
744092 897360
100715 884724
412957 553681
439411 733775
385182 86096
961850 135389
589639 557586
207842 143743
569326 759681
773490 432321
319555 471671
273726 154329
599720 199640
767884 580093
144963 473418
674060 978613
893368 776982
807489 322058
195621 269527
754901 53343
948583 820550
417420 358994
750362 383707
870633 428976
465476 996655
107071 52626
342596 259490
601791 102569
721948 297768
728705 563719
813331 122287
47383 124287
45412 91329
808949 77125
745467 674278
197517 997191
318644 856478
547683 644011
20804 325918
56674 388381
810622 332015
163512 762076
171374 942992
290112 189564
669207 872211
706128 760918
337870 629089
702350 762178
243924 807624
462609 266557
19045 847560
956863 683498
398836 210177
309440 520812
439256 258417
798449 375800
681290 572326
294455 360639
297789 976976
849768 224597
408569 176405
722722 662412
498696 733178
493419 126717
929296 442412
697340 862912
99457 541575
803197 172409
108006 467896
23124 189206
369000 921413
336024 621096
557104 895441
714598 490090
47719 982699
86924 633145
25979 581375
751975 331852
217060 170190
446256 30986
773794 127842
899322 364790
86612 844683
141474 435369
452460 164514
330014 313906
397326 574900
83354 855559
762261 853216
327174 694436
410205 691286
11466 521351
576380 815043
226889 223768
903887 632493
992013 252062
422631 938502
645530 53721
440810 819841
463624 700798
31116 346257
742344 102836
672838 312369
185305 743858
48613 450364
562507 766636
346009 570114
240728 823263
559394 137278
727657 268668
372638 415383
74346 16017
90936 499341
396613 602646
633235 304145
857111 668359
474171 787094
818434 373359
962292 507742
279719 737258
227786 605933
919144 952890
344224 755975
127764 381286
400175 153587
35484 213227
136417 558586
778861 827028
560141 981462
317967 834942
248759 678396
668460 21462
783875 120395
770014 697182
117620 376604
841513 609641
147745 147873
424280 519296
906580 13167
268028 249598
89243 869678
803238 697344
877326 728877
240367 478098
979017 211816
794170 527337
871376 221381
614178 777513
449427 858006
803502 188457
548430 91121
964720 255103
415900 351384
452093 28971
721040 358865
5705 771653
16183 153044
603042 399039
433224 456822
909812 581243
600146 116466
441216 110454
318726 120729
86805 369213
974263 402524
809950 587753
246446 518690
577280 764925
384582 774033
966213 604505
897470 421843
931241 751512
862164 690264
478056 753160
776394 491567
335867 675900
222456 902534
683079 599281
499779 322161
771140 978635
907223 809592
210949 990113
500984 907873
742360 616766
306477 21226
250730 520268
106078 202823
210144 907258
60060 277606
767124 980330
501749 992269
590208 669348
731490 341137
282741 442042
474398 80225
342482 620181
961519 86981
434547 265719
526421 42140
846840 361411
511313 897063
501076 692875
3428 950591
128444 698384
673289 396185
104961 702686
633780 350431
272757 984946
41283 197642
254040 67124
643786 419406
64933 637203
164647 591813
112032 241302
971737 851035
54018 371370
853186 924405
402323 486338
999208 396738
124205 835026
762854 161565
59484 351582
861690 367297
71616 820913
227889 812857
737300 49122
460895 684926
498383 524192
365697 184713
847181 436635
705405 410567
472138 847772
21163 681313
310048 830808
110353 616348
112272 357881
650664 598498
443837 336711
733083 355909
304340 300950
400466 677439
191658 301962
870757 405621
930223 53674
606726 666620
471663 631620
992682 467065
892865 351654
794509 110241
46654 59471
224019 722268
171571 611063
956068 745287
649851 152257
220617 983197
705735 501691
137154 416716
963282 225486
173574 561351
277577 783352
86296 525632
177039 790957
937898 87083
646459 783645
802812 772083
751446 637442
694084 95918
764790 229078
994402 17931
42748 216641
928562 145591
137572 546708
400706 415656
874970 897569
667549 423971
415320 938094
210359 22350
14310 143190
928376 752033
551730 996785
632108 593109
457329 588782
640672 574491
705962 927429
670963 725657
739895 746796
366363 569467
449192 393965
508217 102320
793070 29261
916799 72970
317339 96200
576505 572309
801200 233788
933552 296014
480066 506034
142817 35801
344248 609608
705252 864918
86992 341087
142964 496317
166692 424371
6041 148539
223113 472894
80328 996782
747934 148034
255941 139683
450950 922754
740816 583606
844355 905334
224827 748119
398417 179839
351719 313486
942525 999805
148738 256467
747561 378958
457065 507305
302064 656953
637420 502823
150849 698088
865901 787144
293933 523514
913771 38238
653041 632372
317311 233856
524979 152504
265534 530476
270522 773241
153439 576064
787284 954910
72832 143259
930239 711264
181406 290960
311417 340776
951191 136126
818863 315075
544857 988219
422882 293259
909227 550743
671931 450985
594053 285903
283977 860891
933676 444125
465222 644895
597593 597954
815883 955181
814541 708093
416819 787577
662740 406653
329566 27447
428340 81836
971087 294553
188087 342859
700956 20277
312311 331120
151073 620996
36608 504873
907962 21364
737590 66509
214169 316499
753205 592824
274562 865002
612546 48796
467219 436519
74210 767452
609418 160251
544631 620195
443484 283166
916767 635468
78941 60415
457517 566080
652347 556426
867185 357263
58455 979372
615531 712548
304084 860274
271762 29681
772778 694681
382574 853702
230060 344911
544267 617827
592755 690518
414627 431744
807662 180752
514402 358836
960331 36731
511260 287173
794997 847561
413295 528485
610089 269627
640972 235746
837606 116623
286381 660555
408976 948947
645287 525078
665161 228903
19929 183839
221045 507364
332254 402613
641046 454206
391811 356523
616350 731153
324681 877297
171418 597213
654756 977937
90566 870868
350617 913782
803817 136628
464378 740161
808835 136351
925283 667846
544946 345199
964110 32165
893208 763273
493220 686796
508738 659724
779735 181545
528427 295257
21745 979705
984630 775551
330027 888844
229277 459172
781647 685854
644100 68908
72739 327818
967941 531320
483628 843788
280640 875208
161489 4235
796559 701414
347706 423045
212145 79080
284236 563489
994432 694318
50847 739424
401608 572123
802095 810812
396103 592329
932454 300614
939011 590915
205171 777319
1743 237660
630290 637326
958880 262605
444304 721336
334871 991964
800183 629736
436856 145947
765790 267805
980854 725642
592109 464652
518261 225011
960032 967632
470147 157004
988375 50144
691773 172118
652687 518763
734715 144906
295120 696632
93827 88968
296935 754244
953743 799043
780388 861661
15020 372490
140620 230706
874005 966461
641180 37585
37607 346941
287437 383922
100949 232962
304338 729580
84406 150889
173289 94448
904930 352680
5791 947770
697511 964563
297726 267252
825488 957704
280618 811026
722713 550534
352598 404318
740251 311238
971572 249546
146168 502721
374439 854703
553976 158543
900682 34952
569056 800375
69669 520175
636027 434929
899157 961727
383469 137731
385499 794721
464600 420321
546581 378186
104206 460719
327254 633391
115146 774647
113709 539831
912689 552684
563054 223233
18124 753950
191807 860315
918104 901494
168124 938808
586534 615491
58463 534633
363462 151073
923822 375267
912429 731836
100578 623702
80002 267188
919778 729563
535196 959754
579437 130092
446382 993014
188744 398799
339530 805590
15614 375919
621490 397361
919521 369495
277683 454435
142921 479496
142082 789429
250942 832989
696068 322896
176752 510183
762464 144512
190931 157399
862327 871811
702582 723695
480783 884084
56116 892326
991929 788628
844318 511228
782710 353708
680109 429529
261657 660202
364277 386372
455533 742225
532261 315603
376746 820004
442249 469664
364214 176700
784768 898171
833925 403831
874656 208654
267230 737156
256162 242008
388131 578007
692763 970809
37510 224873
574329 863436
167907 290269
211429 369193
52616 731232
378933 424437
474310 907412
543160 120653
647080 395431
254273 605700
320548 642644
919714 109438
129635 216920
444343 873507
883434 763462
283434 840095
361100 374617
929398 787871
996542 770869
62615 113293
396387 723925
752024 343723
80641 697890
367287 799699
975639 50448
880906 271390
530536 541028
177 330207
824696 281010
997075 912923
622005 103546
670519 783584
808614 197783
885708 175844
217275 815814
661970 593321
294861 33331
236705 337458
673395 978541
232745 472354
885653 319844
118038 392514
567708 826050
261496 686555
568235 387808
457572 698046
529448 314713
430861 215575
130115 852783
131770 945833
406799 702050
340722 532761
622178 567244
20781 717034
25616 559116
379243 352465
884543 500830
271625 6897
158384 575327
212513 283098
394500 944261
70740 788314
288292 150510
818004 238613
566482 120382
313028 423597
930790 635192
485545 836788
717594 67718
174892 191374
814865 45755
324457 684363
598859 247365
212645 153424
547183 577223
49570 505354
60271 674487
790452 358659
476113 584491
878687 628708
835851 215388
347256 715502
38990 513795
63921 301478
637406 738522
387240 279984
81481 866227
612874 276197
984735 778763
356025 568927
917923 595887
1570 504503
216882 709164
860705 871789
598241 836771
17522 27133
181239 302611
479018 238967
52444 545214
888889 393224
974252 493845
243844 601608
653712 389771
265835 781375
385399 653732
655846 483434
915697 837643
637231 296820
683083 836007
261366 28276
300169 765326
297136 763264
739353 528757
66073 183553
565089 306471
185488 160916
47590 147566
354967 171768
307181 879539
932204 701966
708549 808184
58120 206816
803840 878816
842949 870044
867613 123098
91051 816065
62253 717613
198114 218297
658201 203452
28797 534436
942693 165084
485079 768592
944148 880541
820091 755740
514045 389929
256506 67058
850281 898806
760038 39216
776015 714377
147187 223705
666865 848874
946142 660055
264003 499863
588835 279092
107911 417863
506289 650926
468428 527674
764544 280779
354993 852043
548678 755317
952036 524934
128027 103994
715266 64580
67694 495938
696876 269701
833950 403175
785116 162515
512539 614820
986363 787622
545262 568691
784093 486587
498074 999971
286973 778240
670618 529108
59222 378964
74903 720159
781807 603150
414684 757418
316248 36927
31492 653784
977020 587075
817221 418152
90078 720168
651007 577729
417783 738794
272800 871441
892028 711908
200067 469608
746958 749967
341265 132572
47432 505610
844136 157354
958322 499605
918573 905635
696666 928716
213924 943202
268938 561304
442786 694148
190167 681647
58310 944364
134119 511531
207214 980833
466623 798240
811541 900405
700016 101329
295956 358270
562764 195714
546962 877748
121444 921753
166982 254142
107784 896034
756886 554525
30208 479170
410452 899338
982446 296343
237874 30314
311151 238696
372239 598798
546559 698232
498367 796043
227435 959971
162477 403377
938454 11519
793025 391962
520062 433495
378807 956124
742835 759682
431101 181397
699851 368459
649879 68255
840307 732272
827319 193809
17814 509329
740156 355698
134491 948204
503952 630516
449820 868339
766970 478341
860133 740883
832545 655546
172035 535679
652068 315976
158248 922089
707505 485638
291324 230626
239384 396804
573586 37484
771665 854216
222536 698680
988281 993322
900479 735031
451628 203777
154131 696310
295282 778870
392019 687316
599178 179752
898185 97523
133426 351728
688490 781834
836019 982241
431989 267606
519327 114844
103374 404976
185964 534432
310791 775207
207378 434387
615053 796132
270282 913540
526264 918034
869241 701086
748719 236312
634641 937902
479279 131160
188892 423620
234827 558191
205646 712235
840151 712977
687962 42684
12474 651867
450784 314886
444794 275045
195540 509553
701639 125872
477691 683393
897587 388553
170914 516554
926078 965331
942292 279068
744805 631908
75435 596231
71727 822285
193323 721237
211101 337112
645874 21956
745321 338484
594634 356945
559654 344192
917992 807637
788478 357724
567136 333074
478271 79606
120648 515060
452328 466555
742026 101181
201198 955444
594771 995269
125850 403952
73524 634960
296154 957610
73945 13488
557915 825465
482672 454018
363879 208112
363516 87804
677125 831138
445097 615143
127288 539512
91121 975093
851784 586975
700426 649184
428891 474345
150479 930961
981505 568085
55844 304423
681012 401930
216210 219416
217583 889210
53814 602286
449549 303772
460858 647438
24195 877915
372699 693733
420727 854500
700243 826970
958271 45089
544604 931552
254976 3107
606553 414118
860203 475334
400983 39783
940744 371281
212433 41532
721832 168622
166617 258909
829308 407382
835395 907365
992759 500100
120910 185493
956563 975574
611949 650296
931564 135817
979662 947309
452775 370083
844781 428742
876207 73964
24687 825086
678569 16754
11470 572047
641772 188284
641489 544737
55492 597194
724273 862483
300370 889438
765727 390087
153945 688733
458987 359244
547811 921211
817298 418022
690228 543803
716991 681541
168295 478026
640672 638915
387840 763550
362106 122554
737612 484364
660323 589902
668942 124920
764761 882741
117803 537132
483443 612495
308700 254239
796231 699000
151770 760362
766992 186966
632734 711258
294955 506307
188769 455592
499653 627887
117668 912154
358790 567193
429156 771077
170995 507541
64478 246665
949811 126560
496620 365371
447730 213562
547742 867098
406742 333785
158728 393310
472846 407187
528015 236628
150589 133681
673410 59063
212535 504719
820877 251849
369917 748684
668402 407518
991794 861698
54389 67094
874498 5915
575197 427049
254645 79150
949482 743019
764576 381585
847972 624599
297138 813694
147410 877221
698363 340347
193418 57302
571021 719379
738118 209199
51669 858028
852760 319609
807533 139913
752178 694104
337427 869733
395379 960664
267562 415690
717157 946
474663 236031
536082 449288
702909 510864
878720 8932
843846 637503
448747 855186
803480 991054
237388 467977
135044 717579
924342 769104
356384 697406
520058 380052
897631 138155
477922 361724
844614 287178
984654 410070
851195 473841
26576 727142
867185 194445
383701 545778
268957 167904
292480 220671
640089 895159
736368 637420
975596 353645
311480 273257
556135 616613
329939 599394
75280 396414
924381 836419
96420 371454
896488 488840
456484 688686
166596 922030
640724 168717
905607 950497
444955 984374
122066 265194
551938 768769
643210 749344
579339 16516
991240 42487
345076 96743
70677 238141
158882 95444
664605 9530
760779 604411
36470 129338
954538 19623
176856 325711
720628 397606
584224 495964
779873 377155
540801 793211
530956 863004
127232 225956
386362 466009
212615 741684
705677 126017
586535 405690
508140 155992
333097 816863
398082 694944
20976 865176
485074 362853
716330 67810
46307 504327
653047 988983
50814 729325
282756 984346
955230 876057
467448 913071
882253 957342
548477 464596
35990 772897
545223 12896
700657 995459
765565 97069
215931 139624
10077 247197
52505 126033
449139 217826
984577 366268
819980 813240
498211 327095
203939 976055
902490 801666
299622 337339
703721 536089
958835 523626
501680 461062
506716 931309
677359 983595
837138 625200
794318 116101
694390 655162
953633 920459
366418 167324
911689 458789
957213 404942
175070 199892
677603 672681
668456 800122
352322 111789
644956 113842
774594 968306
929523 271053
786795 628648
365203 660609
725002 728883
936532 517410
260624 321950
85892 833002
749014 59872
624411 535464
602409 638923
2030 875930
469839 473373
956798 239676
156627 379743
427192 694584
932171 862690
311984 815677
783801 425442
559800 444700
28914 531402
762790 46755
256239 759038
862807 994673
750644 130930
254848 367523
302310 513201
761018 920729
652196 899059
155016 633961
888561 376986
32738 818171
338326 385032
371355 12132
464331 706622
639619 132497
700801 202219
106505 96232
124242 931971
790272 530366
705722 596491
44810 477522
841200 748165
950033 310008
405788 791155
993940 273459
936202 181080
905864 512446
534253 940189
478692 941259
814885 812371
655343 266005
56174 103691
253904 169958
184219 493834
922317 824151
715091 996369
742530 995207
469684 485084
613258 361036
257491 892403
758269 534271
986473 879746
912606 758472
601320 257402
96461 769906
206738 498249
277185 420485
546713 242871
903809 730188
493694 105262
573036 320971
6951 231956
962411 613987
622216 449559
490521 342115
921655 899355
245058 674458
513086 147003
771250 790625
834695 648488
619741 942555
134153 842528
266548 24830
707206 942385
507667 600556
627693 857089
926181 975032
225739 817578
797782 414737
288849 949235
289153 178912
962599 970356
607158 972121
726234 113671
177275 964879
521334 970580
317998 886364
137683 508162
20057 972631
56074 142186
450945 15301
77398 121629
168045 361542
781018 710507
4081 448088
678989 96439
460935 436950
630064 109749
923394 465311
18290 351634
852270 302088
906581 515720
348514 915764
468826 373956
97934 362184
187007 318674
177600 607479
322768 59136
759030 846905
519089 452254
270207 89100
841169 252771
318179 389092
218778 487167
957380 495733
923710 931594
106044 86582
141828 638681
785016 265519
518660 153928
97953 235773
81203 899332
444528 893958
70925 940186
586559 302528
871507 405124
594190 836395
642838 19766
825715 494456
874024 333834
886023 324366
370101 939848
770610 159011
501161 425738
742543 81073
417805 263827
912114 95531
345721 819698
447555 646164
973620 319489
953725 155790
82323 787737
355618 612478
610807 632195
240566 404925
204616 640266
266622 373355
995764 786368
676209 80297
828753 309861
692823 714517
6918 713591
429819 820245
566407 91122
603374 512046
440416 138395
867237 774300
697877 20457
7039 998870
286478 723378
569408 62685
149940 450839
878930 339371
605799 420475
382251 346810
660866 861633
981558 252924
205071 230750
309167 20514
367821 690135
917662 833365
629570 976695
450907 179668
622885 52105
58126 552530
112206 990794
500943 457808
226939 790414
671234 132528
476604 681036
95313 676601
994112 312517
996099 874186
778606 358271
420321 841020
878211 866718
135150 588196
400741 78457
444487 835480
207954 650716
870050 893228
831974 372466
914558 47305
906461 583422
508329 319748
872652 41873
883070 916943
797141 692325
52571 860456
889280 991495
692363 614012
331941 110900
65342 77911
617987 54910
435828 197400
237175 614169
131704 483666
561544 609275
701875 35213
369798 935108
281916 787231
715022 451790
336017 333189
362684 413766
252200 40509
262505 812129
390641 249278
790026 731994
495842 154485
243921 97521
894889 576817
723712 464553
760566 196190
230185 590221
855686 411723
711307 300843
405784 626811
955013 211772
699304 941898
405923 215738
681715 546706
625700 976979
395426 131535
171531 351621
638405 514253
535145 69669
276365 69687
933456 306688
8800 742364
82630 996225
7608 464670
701307 46950
433438 840367
473040 290610
482809 905900
494922 907092
438802 100146
462834 950320
912610 82590
22179 486667
571545 977094
700227 132678
488549 740341
384230 548254
515024 695658
918476 714037
520607 96738
995507 630339
760841 722306
228145 595700
242535 578164
526106 832402
509843 676282
777937 198326
635839 467949
66491 458605
324512 503821
245762 145874
108686 782116
237060 573066
74971 321778
582528 948335
877470 971347
871058 96181
65064 191487
487512 241738
14317 541971
89232 563189
230528 909371
561301 731535
979356 950575
57321 928658
863935 324310
511307 58726
776927 810080
196109 384247
215850 105760
314717 889977
928094 692250
436067 797077
299651 131861
847455 463139
784436 140221
283038 160951
318305 930141
63157 756601
571224 945955
794692 99347
778837 918151
487920 436452
714969 80487
945416 294754
537285 286622
661699 541923
733470 518310
527464 881659
826250 455550
785186 695311
611243 475867
138408 760178
880018 981196
782083 135964
996811 605924
897844 657457
964681 658805
22323 223912
318725 182249
476518 518139
745796 106376
303328 601187
431392 762293
793236 426550
76215 627475
773185 243228
829757 375066
400165 93413
490939 961640
25327 349138
968963 464097
166117 556491
26 615303
668359 176013
790489 36660
851075 814973
705078 732526
546677 195495
277025 623500
605540 59293
376354 331554
658921 128118
893067 652261
486779 683790
989522 139519
744795 522275
263052 470779
126857 104653
721099 98075
221289 406042
490015 860148
67006 116374
580151 8759
786815 389132
421466 78930
594234 764099
892332 551555
34642 925227
771579 972251
778345 633735
105564 991642
722560 520023
898917 865893
366323 206250
780319 235270
626330 474816
986968 305045
571924 905364
723498 56280
700112 12933
111527 371228
499553 759843
797707 350562
283410 223401
813306 453852
745502 819287
37615 283983
236986 745199
524836 629039
293551 488912
125938 659211
325401 696556
391063 788019
507522 996818
78557 128625
281861 583930
578839 105302
887678 389434
120771 928796
294878 53779
641856 543030
644373 664416
721277 734472
539981 473984
555014 34221
656465 30197
786571 308149
646450 59437
900465 289613
222274 492494
74914 47215
655610 915252
37740 410003
866445 697111
975698 258052
984217 67194
47422 237588
674854 193871
551146 49104
528068 513047
40348 66418
853581 17810
572973 960916
98288 860796
598242 855435
340456 568096
259117 616511
744141 311
215631 533885
697650 151516
795367 161724
979087 431589
405867 401011
186650 575035
25999 128777
468628 989738
186892 611729
108482 997509
101822 305190
238677 773660
899933 741829
207947 679125
704912 943190
136578 421724
544518 264048
402333 265934
640892 226079
24119 332511
611116 18696
18289 259305
96000 518231
269494 629753
496126 63286
786110 579922
328305 565049
325193 303800
857158 504690
996058 301071
774680 449401
197687 945157
740124 782201
469763 552389
554570 600508
948531 504927
421775 846383
955975 320608
478872 276066
825009 834349
649580 717706
881196 264419
999180 653025
934450 663676
945552 554579
697478 908857
885970 205359
419225 543310
13528 169536
778569 9485
178892 825208
615384 358328
33805 114043
262738 976026
835889 900879
220954 675643
132989 174752
516992 911378
368829 461193
357841 502276
989142 479213
459048 782386
234555 499522
251213 375655
860761 307040
516496 754478
121028 11353
475480 26960
732046 652237
624567 991410
529001 566419
833975 793531
730336 887098
771271 444615
154464 878136
906679 194774
89654 113613
631560 752395
231308 534359
587390 20297
472411 804680
382169 512217
24140 749408
592058 80325
648920 759339
649940 145829
43337 288718
285435 187344
746362 247590
31100 135807
643818 957423
443642 419019
950387 559785
493098 469445
843269 179243
185744 706490
129458 433233
756859 114736
993656 51048
353086 671488
760053 359256
619865 648481
146165 76271
309610 432767
690340 48184
743289 177324
841566 823909
327021 178502
636947 995054
620192 203749
258893 617731
963155 306345
165489 124653
12868 840655
580187 585916
499992 150008
660085 534008
482361 228284
167826 555196
582057 831443
953549 600240
948623 692268
152113 690311
308378 202285
101693 382341
571162 68826
319438 569006
209153 922385
9424 807021
491159 270441
516318 336761
849739 560450
474054 362273
781760 882836
737612 216437
186585 993767
20997 121645
88058 833525
534 305076
508008 326831
863167 731524
448794 598160
606056 459611
893579 884070
241538 714428
179674 28968
533254 671263
156641 692046
130621 753396
61054 639167
916866 319337
527629 219156
543363 515477
720319 129250
767861 292287
53976 481192
953799 755580
684389 566814
690377 425268
246638 640337
916491 496026
38700 796544
896035 123458
733253 121538
677655 370045
595554 778446
667320 336792
186936 812257
444142 277775
706643 524815
375766 243386
649247 303695
86759 710001
402795 534555
726194 194429
197880 607203
195603 637425
221145 584237
441030 212410
84007 887618
516477 569319
737095 958829
76587 608086
90931 830829
719443 781867
722612 988572
761683 788022
705178 552010
424813 389771
783026 51038
214695 270247
312830 252106
329988 497177
972698 700094
401574 519528
392432 465369
431445 944769
71878 325667
695005 558034
991719 7063
249428 41874
441619 348309
558236 403995
127362 820527
294816 706108
113668 317552
782037 608242
591271 23428
480606 711033
682661 887985
5297 307619
4341 645504
825053 34403
81284 310183
120938 679890
263080 675738
60030 468608
625794 639467
873541 961623
294725 804751
724586 681883
432316 109906
888572 747423
638373 811428
944405 286476
457396 360728
996919 488614
335212 999394
725653 821653
12968 328119
798348 305927
144937 713283
313127 165706
792811 665130
501105 451007
275695 717487
357895 238876
38800 264218
474518 732935
417207 92364
652554 66302
824489 217452
923727 703025
725459 381744
280660 513369
590708 749111
657593 735672
144827 667473
173364 262477
728997 572635
632629 604107
230299 971691
232716 283053
567999 255655
908191 808187
839162 550823
195288 543192
39688 369345
83382 831975
467530 20029
439871 335370
261331 567721
716333 286990
533992 513305
93213 696200
196489 37216
506288 891310
589491 425220
56116 442257
359259 475879
874481 438156
238200 724927
262434 706113
213572 797798
134783 884144
203843 26870
448923 840553
614562 577863
119624 181465
487750 67279
564172 517760
366406 731873
550370 264920
401947 144644
216308 351603
544238 962778
532966 728351
659531 12050
467187 573875
575061 83301
466332 387125
742372 622574
893107 382175
137673 463577
185054 52767
661893 534520
291925 621400
413440 674299
574536 821754
433800 355541
457779 763953
8850 771434
633238 649835
763404 329472
103153 168407
950530 214480
63473 531860
786992 653077
14598 758492
298504 864948
150318 55099
551135 587477
875274 37566
807383 773285
750362 237719
415656 22688
691702 129131
542841 127911
45794 464088
896352 580137
478084 735412
312695 23557
226964 746357
578059 197427
231902 66924
570179 579644
289296 485179
438063 506059
959922 644603
659248 264114
48714 704094
69397 418290
603319 637631
420152 50471
600440 629661
395474 237203
956445 368063
631497 629671
426122 636946
710262 518714
651465 666191
193992 898882
39493 453144
976798 29004
123966 409225
693585 364657
941281 90660
176148 327489
536991 662094
229929 526151
817697 556932
62693 851387
709805 628352
621912 611359
98003 804074
694376 477378
549558 867482
649262 246059
792767 602267
549606 935583
491178 484032
688033 330707
64876 30307
73412 587079
865879 591509
935928 251771
85754 661478
811873 751170
352639 737978
649875 991599
241849 424108
723527 969890
663514 108531
573347 720370
749452 979495
507766 263681
615431 697983
28171 356061
473978 931428
324308 26812
272659 280090
217934 908888
593108 283576
988420 461956
369890 245277
58649 207774
365589 627294
479462 904030
228411 909264
726697 670334
235960 715887
942732 144815
138890 777775
540066 37502
838548 111514
706380 287994
672371 686212
764329 542219
617712 21523
771574 439360
941436 220456
803503 741989
414939 743399
932328 12450
506226 328888
295911 189402
889491 62674
587548 996521
188144 55594
638820 805251
551669 127409
548018 755037
454606 983825
95565 820636
417164 412249
757676 101529
190601 288840
958956 765643
649630 371747
609235 660159
356165 461975
381838 676161
631767 180122
484839 511292
403133 781554
327173 592895
229604 678701
454109 814929
7918 864878
161131 161456
974368 569039
455851 396077
391802 731380
803326 82091
653451 288436
931858 412004
427992 671321
969959 656903
977324 474345
126489 934771
4662 762661
432899 457008
806069 410625
720310 187801
282496 65187
868596 923150
864711 302715
321108 680935
914004 263538
418674 645993
322449 580101
320449 970318
787098 458874
994592 525834
79089 555387
77692 675986
959812 581124
897327 338298
63161 201073
447745 601140
110540 829637
122406 149876
662226 214301
420539 329808
440936 239488
562064 281231
495296 478899
595401 263718
218579 956662
254418 791873
282958 465957
375088 602231
744291 4229
618338 127356
430332 547603
498946 723429
491404 8475
79339 798121
472346 673932
489330 234628
91557 450080
555181 78142
954385 823512
902865 602160
691283 170579
712891 604731
107712 906048
105106 118164
723148 533660
246753 74125
281125 580453
627274 195079
220562 251918
951540 205850
889977 76539
793204 406272
424806 768218
234220 983858
971188 400
938153 205073
480311 618528
637401 756457
606947 760450
680231 48257
549400 575220
519148 157478
321534 33871
423083 536191
810836 684435
763890 190277
260170 664401
399310 123412
607255 540465
424943 699326
592816 142740
247515 631215
140962 415367
870286 646042
255955 562123
114689 304278
432365 457433
588724 922395
738174 844357
335471 187925
425862 2252
504197 426181
738170 361636
685284 52987
49598 638886
332495 759945
505550 332200
150984 689253
909103 663716
604770 559906
683381 171721
38010 72148
718767 659832
155507 705029
56485 494692
333160 366465
48188 292083
678084 35377
217271 549959
281869 415448
20194 519305
981095 172885
565841 739696
607083 235382
858916 69848
318333 689332
483662 185392
453553 894235
890593 754929
925538 378074
19233 804113
845806 957497
451137 642746
504737 150824
152768 598248
48926 475785
713408 967495
714547 666201
776996 523456
931335 494374
724134 518703
526858 346102
52735 720093
143172 428472
977866 200192
825728 858138
389744 499845
281697 501305
438790 740492
796294 91626
594146 534420
828638 157213
141504 475843
706503 755054
223959 698471
416440 989964
7328 780675
832109 369982
159886 175017
404022 894515
383291 213551
605183 198738
783200 720743
430020 700387
284812 956602
833506 724352
896873 240920
468732 727389
234317 441591
690153 52657
379095 946665
972065 564998
447788 676081
748060 322786
72179 182995
311426 521046
278756 310193
414840 103615
499515 631218
226578 361243
60932 362530
766358 253619
882148 86884
776094 529402
299460 739556
458020 579653
567299 770446
598961 802401
518919 838208
690689 147938
198986 946949
777696 719235
822497 515071
686804 943884
368316 637669
640247 315278
737353 657200
31116 772872
678552 939211
620808 979256
640813 911383
206058 791564
982599 867575
984312 972940
134327 638763
918332 719600
994189 420149
170382 901498
263649 78836
263355 202987
998644 80028
247841 833953
940240 251238
853066 944547
629552 702154
134725 475043
943548 739371
73204 273780
189688 766629
792072 32717
743507 734519
142792 638125
776523 39303
529473 267425
101002 340967
604939 76239
203097 201679
59723 662410
792383 219258
591635 658112
535420 703196
358063 578403
18475 293304
625471 454941
103917 245835
273816 923631
826433 262545
28229 113098
619117 13413
195874 728816
929017 133551
283555 296757
354742 954020
378253 365663
129904 929807
405249 430688
254186 358795
156934 501660
74480 353433
745003 906366
148121 403433
878133 141772
178237 384432
432891 486944
820852 270871
762949 198201
118589 152920
53768 68724
51132 752214
660478 328590
283726 861302
725256 910328
683369 967345
202070 390520
744893 820720
105780 820959
121528 401125
113597 316385
12353 289400
326557 407775
106842 949075
257304 150416
364705 804601
108549 866279
787828 825068
977189 365354
330640 332513
440710 474071
336187 763277
798171 113874
295403 330796
495493 924714
168757 175236
95290 763864
324485 445435
970261 780960
945942 277260
900109 810933
704576 628018
749373 750232
135058 443799
711 950996
522973 120078
794640 651606
973456 98990
673618 643259
154528 129689
536041 870958
13688 62322
729739 3905
47225 830399
870 952493
109391 669779
360091 888476
479452 782540
214034 352298
958802 247922
884439 367831
291090 607305
849772 245004
616277 434784
366557 885094
273946 730365
76680 427610
114727 146240
522328 963477
637111 26828
793559 321363
331216 264413
211474 128058
343357 909457
292922 835951
803428 247238
982021 598255
506713 296155
87845 817304
190219 712733
890686 775994
991487 734655
328596 790140
511616 392186
335197 291548
633465 990753
251026 409382
35347 774482
144646 507945
190618 921220
4774 732429
555104 908642
904899 583284
74819 725793
480625 933629
404604 932457
412385 813125
453330 275033
858046 16894
412965 642398
540898 935890
559321 341604
320652 47112
55518 806166
276807 50545
524299 656479
621992 434478
796482 335745
97196 818530
137098 302576
353973 205837
850124 408887
53226 480428
586648 94273
101206 404298
991669 259987
585570 688644
227096 511108
367786 908251
233236 172842
337043 622535
784660 170027
178985 126404
632136 47068
306140 777483
714036 668773
971554 318543
503982 602696
508955 646355
67961 372486
469999 207688
826105 527608
529486 325172
363359 888986
840604 744614
551586 412151
2076 960325
805610 45731
443718 344894
509170 539665
85646 112267
561931 231250
605974 386109
404583 565914
188105 139825
978813 83417
4555 2255
893625 516235
153888 901809
86158 329179
817340 657933
949889 771626
227383 138972
926886 422486
178473 997086
487638 153689
967880 357993
783669 738425
409368 918047
852143 941845
838180 771524
917935 371973
744553 535507
179399 346275
727201 335490
693259 765636
449720 855212
951234 136889
717005 816955
331564 702772
772696 853626
955228 861868
906337 349320
419526 417392
93596 837571
552389 424475
633107 36515
509848 148049
911068 680406
60917 940131
140399 457877
887571 738516
378728 222373
332744 11138
648287 349890
586811 121899
453343 763034
614097 22909
659988 103319
852645 527698
50441 481005
68461 772737
817375 950882
246700 433632
746927 205227
932391 631676
344208 153175
24721 395542
626562 34744
901993 461425
978332 515731
769337 59026
678520 855686
98164 517494
947275 910596
78317 347078
731820 318921
216598 469156
81654 795742
197840 878656
804859 978969
113512 21521
167196 656146
316858 132505
328509 916975
217893 60127
272719 565976
145386 429657
600214 806509
932644 208888
562171 999504
592506 962925
483173 840183
394374 167612
994823 897543
517582 528702
358002 662343
196109 456346
482061 394581
906318 974609
78360 936938
159853 401404
387521 688695
286216 774920
159677 228492
100981 339292
772308 538204
346010 649858
486625 668521
694984 881473
537255 73692
60608 922760
357372 855220
618424 175492
981680 320580
270456 90583
191780 63950
917758 729555
82871 68759
861793 535162
278894 721797
991115 774709
14635 67293
652393 160887
947666 463163
585237 904258
366014 356720
647730 983425
28892 101507
863342 20538
267016 758762
247153 793169
643804 90760
577862 522961
949184 999969
287072 383250
535726 689175
318195 221783
289184 84748
512731 570260
534318 599519
875603 458975
46775 131085
231845 635254
845903 967006
389557 633462
226948 412800
868566 368649
907717 77266
552006 101856
683564 297023
689715 423363
377214 517686
489700 540050
396185 910780
883126 538828
197886 435862
122066 598720
757052 694058
207745 373153
717055 384296
375086 606425
928230 150359
622879 155718
448266 901218
980662 361436
4367 658365
964027 579541
733576 86765
872946 43977
423588 252627
750868 860885
565558 922585
14093 503330
43689 131072
342457 294702
784512 464850
571099 92389
620664 482476
221133 188428
392815 361689
10812 544399
615948 646673
43107 557007
174424 525161
490106 521019
913071 586667
832236 964512
300942 476867
142935 192867
799736 766676
961987 986888
765569 225407
757863 670973
166728 595529
898918 396710
324195 224457
840593 205275
726191 312170
422875 649377
943725 440886
717214 113107
912689 97773
281451 983616
938677 72454
54265 829079
764878 353063
780336 806207
590971 716532
347103 509921
532130 713528
926002 337055
32147 228277
717647 502134
211094 894232
838042 768174
490747 994101
323609 782363
473370 62249
77919 47837
187208 283017
295649 619104
342316 914312
779824 731819
81614 635017
69354 247276
936877 646752
341457 385435
25212 583229
290975 398347
765066 858622
879306 558878
144984 885221
4814 443262
326059 663152
167043 447869
941226 121015
134566 924730
609366 25110
589329 513533
353317 82976
865302 512403
948586 949242
503068 623408
305447 227860
823300 941278
481837 694659
326998 246875
603963 522167
951641 168527
730110 424991
608556 585570
426775 475004
547517 801991
794198 875881
112988 273637
340278 60592
182108 246901
822640 605077
588988 63475
319100 273534
925479 641046
467995 330037
437204 138917
455137 19577
305963 681528
97665 46659
663847 492271
560218 155057
442288 848272
45567 979350
340925 460758
320628 326460
157155 764845
273308 664290
503893 984312
707420 835434
448478 781653
910008 590992
540238 496305
911138 341971
867578 248690
812818 321430
672089 59541
531237 798037
259884 545040
282871 12840
569952 916607
560924 478614
254977 629145
948471 541323
600593 416464
600909 973738
707760 335647
514519 143993
801684 470130
111195 977234
584976 783872
59852 660360
905583 960647
829947 513305
126256 275080
215441 581823
495511 652600
337717 52987
356900 700957
989817 556494
378375 826017
177456 697043
546743 989947
221981 942450
937108 527055
419427 27687
139359 765263
730844 251098
833690 863432
358700 866252
260097 189001
612253 269356
157200 309732
283053 486897
382768 226397
982513 256378
155877 950859
109739 637771
124961 674527
769504 540092
656892 478622
194589 49756
48783 146489
419195 147978
293356 343998
282406 609041
259864 959047
112014 257907
28997 844276
858432 810755
844533 565110
807328 245075
248250 446210
525755 977489
366912 626265
54798 984713
557460 26390
743191 590819
236882 315341
820394 978028
225586 588074
469157 995984
622026 436323
177422 498482
231019 630779
684326 614138
449971 913496
746160 620349
604848 683104
832431 206162
527631 252493
244036 371550
423588 476469
765049 25295
531911 172381
347929 522766
498458 408700
467009 112056
691639 969002
11427 858690
886373 13355
630235 290139
251613 432293
612597 575490
419331 148763
234669 401075
169072 804098
180456 931254
367657 782432
747222 484028
637031 824294
833566 881453
578320 206774
467720 751324
870088 263547
734161 174059
630131 189583
563206 952442
154523 848262
837145 12041
519220 663943
812668 45125
912110 751492
102593 594500
237997 688078
439460 647725
313956 174714
894666 32279
175414 479795
363297 791489
873457 355087
722465 282915
302607 948773
423314 477165
108366 604199
468801 204280
120859 770715
882957 683896
968045 186473
216300 783992
155344 523274
396983 418609
336126 360439
782716 697158
85783 370538
676841 470901
659643 562806
511522 762161
215059 731348
971396 708730
953136 443175
345121 53939
462787 947838
913226 723485
478682 734739
864415 765232
122388 354658
514222 734440
719055 772927
750560 141062
861967 742537
571720 212300
826897 258998
58257 24927
599714 62803
420838 753391
303561 957940
429455 855864
968816 487024
605624 705766
802874 848129
308307 344040
773363 783834
410129 878794
741246 664092
691716 896812
602528 213314
830358 127929
515763 909804
41894 16201
793781 674261
400845 400545
842211 552482
58291 687912
203401 176808
288382 702793
813706 925402
844626 87754
229696 257746
495531 261560
13453 38113
759881 649123
722611 625987
409878 647683
797204 474947
788799 51664
522844 754726
890490 690598
354685 882204
804928 783795
779980 842318
838291 719060
441016 826844
951666 7058
16879 33448
554850 280349
281144 441658
789776 987562
140884 235949
454575 460314
837981 795600
63074 201159
864313 577943
768560 404524
221193 134520
726247 374481
993832 315176
655520 580776
454014 839938
654626 35335
889135 646552
711686 708845
163336 470070
935505 146526
726103 377859
748823 938299
679983 737252
268267 641722
700637 651409
395562 791848
672803 74194
202517 528714
366236 716095
147623 487112
391703 326316
849672 404889
463161 563137
155495 447405
124662 208438
412144 769416
617469 934184
413966 567198
346933 334457
756577 145321
450469 530171
587093 106456
452968 605210
367531 640454
811579 508716
284815 797612
432761 47433
168552 81180
411465 400013
690714 142464
797582 49118
441022 236006
515107 998872
697005 177588
934277 453655
981887 31226
154375 793656
73808 960445
969627 212354
769612 683863
642187 642274
333838 262585
660856 863476
158940 354744
482389 448281
922099 970498
146761 477583
527266 298890
53175 518521
244308 731017
927354 493615
304089 551906
16560 517983
304568 425894
434395 634579
945809 651145
592950 888023
922494 567283
638380 298860
34652 639099
961743 14638
90107 176351
742390 804490
901359 15215
653827 271420
286831 307121
978685 861441
271406 243194
852657 409372
17597 827034
890355 247393
388253 41086
439480 555065
374140 618048
240231 756870
987289 411087
858390 851109
141964 960850
484591 282567
732791 445889
740418 404181
761902 181467
578503 996305
671592 209573
553493 723424
970043 226147
811552 279610
316769 71193
268725 709939
29407 822002
627713 875578
522650 914552
892370 800756
127401 582797
32540 505396
551415 101856
769582 865837
423891 418770
832177 268882
885270 380069
553279 199719
183812 604299
163258 79562
233067 981167
744577 614193
475767 161970
572143 489377
732813 244610
205933 320423
829413 375376
191410 255618
601021 143503
877903 894965
991367 162598
406123 448982
413616 515524
955587 365222
697749 854700
863816 220498
157670 635224
10040 955391
863714 188808
116689 880153
786708 481146
246472 407554
360122 883130
714153 621224
991342 136618
159447 996033
155686 574546
530764 721233
898029 334067
606873 387959
657016 756109
275177 856644
950636 396813
65982 797961
24853 795512
964356 590069
550288 433762
634421 374463
574822 656529
325797 63674
789042 712540
72927 454101
138452 235344
502147 564071
265953 993720
107475 123631
258377 793203
424594 853249
23785 845980
841719 662145
509606 214899
172764 191959
123817 480070
269245 677050
82419 892916
56203 393532
277337 466802
111023 31583
113034 947433
947165 434653
29256 657620
790218 837131
251620 213471
5534 196252
208283 721886
388021 749655
471591 655351
493802 669189
176668 440534
535097 441656
721054 590199
873555 827472
411585 99135
708250 777286
633942 122084
180601 3548
901217 879165
237564 711859
893625 953732
582872 631308
236609 815802
432371 44271
884629 737728
445175 814177
562512 517985
222500 264625
731030 335218
853419 767389
786115 312000
424537 920780
370178 610461
983417 930689
768671 587739
977644 960264
854919 345352
382878 344362
450032 685124
275749 361120
405777 346300
858170 443611
692571 967246
467300 189043
525986 885057
676430 481411
992434 129747
555728 990513
644737 881707
394257 15034
288481 664764
301952 459796
587452 445046
953103 8092
53251 265407
515947 688843
755133 187206
167778 511114
668665 462609
230078 937497
70868 634811
161435 71027
784042 888713
830770 568857
67740 783218
800516 286717
993928 569611
384608 845666
546147 594958
29990 76244
586114 63829
671620 569500
174238 724390
521672 127733
891263 248338
786381 316243
638089 874220
18757 410650
486718 897320
746095 913172
69009 401576
660072 594008
155319 661999
578481 191398
856646 142736
561347 592566
283186 670075
845436 952330
867092 414965
989177 187737
56997 828639
277069 535455
386278 192744
807594 318196
102563 688688
382596 110444
931515 308924
31835 895449
228274 441816
823644 98033
338583 824006
620502 802547
610368 657530
270550 744753
932930 923568
15270 547788
380666 353854
73352 670872
280655 474150
351329 128871
243618 882193
36215 882080
165572 517020
626018 990346
278261 326167
968332 630580
656758 714859
955638 73233
356384 165360
474589 240879
899159 901325
476590 392670
657394 125726
83260 454309
523898 693237
139154 306077
819673 609243
760026 31207
625445 916505
319931 32887
126564 523593
901085 989354
733578 704473
901599 7423
463269 10177
387320 122446
441854 704087
800398 738132
435166 85927
107845 665478
9063 27327
123896 28129
958731 915264
937499 254407
583074 592888
880134 287602
279077 474723
21477 618128
278747 372677
496275 610576
655863 401379
69141 694413
664908 853682
23240 121828
339487 31697
966226 919478
627665 181469
229012 711029
975249 718913
715980 3463
732859 931346
418853 730120
43700 599018
732322 379932
885953 39024
730898 412765
124085 521360
416900 861448
406692 895122
208037 265920
276886 337707
62282 953795
32743 628241
18918 568112
545205 622129
881278 596064
234165 112622
763636 327849
336888 645487
684070 238723
726104 478390
934601 554291
727660 810527
773671 421323
419129 277315
160921 530387
980398 87052
632016 978440
95040 953679
911408 734214
251474 41479
74064 620258
631696 828565
725952 891604
12130 522992
712816 626370
181449 214002
760750 636746
882597 492600
598315 7168
316184 247065
55201 502696
42857 263179
250381 743683
589339 199580
934387 126686
361142 144342
567190 942683
362035 995687
667790 817251
715191 865
882834 528117
16824 403243
215377 713243
821066 560735
442650 896890
412678 933538
318086 152963
633280 920106
320714 496139
15151 960172
914608 534471
583980 615753
710369 386710
965187 7284
40325 775227
859159 523786
616157 870103
43075 813122
729189 651683
100355 77471
22081 888588
204653 481266
294596 363073
531437 84263
127698 284702
495313 660167
812131 880772
291982 763351
228044 686108
338004 186647
549452 683746
438297 740058
90996 340491
879440 650050
185477 115036
670217 995720
561886 53831
336773 62114
447939 762564
381353 637375
137760 808877
633030 939163
169975 968304
954272 524751
132573 203446
544633 534269
815440 773866
798529 532477
992669 221140
637299 649329
879691 313336
681767 667672
280395 372653
730065 354398
383066 367844
855588 996346
124385 753226
521287 695206
485722 15488
836500 108073
698495 284579
137803 940502
839151 788263
845684 981788
41014 55005
983201 251311
703864 127260
983560 710895
958320 295967
651834 758558
175561 794312
570577 661642
212162 880797
885340 935797
125236 316963
265642 384291
864547 950629
281562 317824
760145 327398
342364 906881
286931 866913
286437 635320
536529 283112
588521 548569
93692 638935
81152 252197
600773 947908
429675 727045
73628 893639
653701 300970
292920 719930
613953 759330
782145 516868
511322 551552
346116 559814
573211 803965
356248 897994
810499 10933
234919 222326
538844 620319
241256 815280
480045 606544
789649 758681
569646 923716
402163 79298
174785 492144
138947 763357
961767 656375
30806 941647
281220 322256
626055 751218
213180 924591
461438 353354
579552 670949
715847 469155
481786 936735
549095 292786
805415 903202
26017 206446
141906 28686
619040 829885
370054 568101
824460 435424
976396 760025
190882 56193
188350 252823
755106 553955
668093 722285
443682 464201
618409 889674
21727 919290
507285 998421
173212 245998
172695 892921
233089 482732
277564 192810
371029 588528
937420 61621
181377 228918
787818 29678
979964 97341
398491 370896
88313 638878
44219 314998
207552 65737
861397 934746
71599 252919
946149 797030
301345 721795
479156 210371
433892 871666
389916 637747
890971 310832
868277 316534
444405 105224
69061 656415
183864 591506
413949 218369
434966 371223
412184 80300
658896 988182
6593 443324
327093 443127
292849 368512
387781 448523
638032 205346
196708 605358
802193 349126
726043 475933
493717 963346
292756 250411
574354 909704
821864 800614
864896 699936
422053 797095
242370 551434
697418 706153
541093 676409
491613 462896
270307 509546
611090 18065
48803 192367
671449 610530
384901 407609
395604 747586
7821 41747
952883 777882
439280 776446
769109 186220
31070 633190
976495 824600
191614 817397
538316 577759
383110 114655
167611 235719
73978 37005
713310 396559
374892 628916
480066 550201
129219 399610
446624 627848
589879 514947
883462 789553
585808 229996
684109 483011
84313 911270
945192 803757
859767 14209
586416 960208
350479 930336
902254 449851
552515 935718
237449 476523
965696 470107
930 426680
153033 394400
737696 661321
684120 177232
382061 149249
733555 643134
918836 179327
665885 951036
293329 708184
62153 301204
947732 70235
480740 452328
481277 803458
11445 522532
765323 703978
896928 656849
24627 474509
256612 403014
89293 780094
697025 698899
443005 520980
40308 745108
466161 737743
787643 508485
409184 416038
117823 695114
863445 21338
987240 519727
541482 286373
750117 106677
371740 39050
568247 299453
867490 251643
50659 597028
263089 834423
480805 705532
408988 694816
972025 884842
994031 360744
423426 827172
472127 673737
381185 478951
306806 450137
663986 681151
962394 447213
345599 39865
823967 88819
203048 265465
950748 174717
779355 867953
292895 867971
362972 500538
719488 420398
587931 36272
161723 38601
799698 84399
610139 881828
568436 976144
844482 433066
972279 242502
416707 941499
636871 415022
906493 500619
922973 152843
415350 853708
870419 333853
236123 947404
677980 97700
517607 543434
649742 682222
437076 369807
61570 522103
73538 360138
985759 226400
168187 886070
539374 167893
193852 331322
290302 294421
611399 26429
931731 938951
517222 916350
402710 147544
172375 533031
753347 108254
913670 124258
804673 22615
299379 440005
487464 856077
509670 262822
554116 581973
274259 553926
336652 923195
197648 964273
694205 38838
895723 368495
684552 295024
140523 116316
404444 964775
938431 450809
82487 954303
543597 46404
207599 984753
327726 712075
425646 10142
851277 366232
259598 846049
991808 333792
607988 591334
289384 534145
387650 302259
507737 119779
573934 773930
361509 19229
74247 290786
169715 197485
855889 143569
219573 372703
898279 447417
429774 514699
832249 984029
907642 996868
406960 194193
887849 539938
745897 543163
928176 643534
524011 103197
960295 788781
382006 520583
187351 462556
401520 984920
757740 177666
4197 669713
706847 71739
717046 418397
159502 17730
381545 167575
212574 269971
623219 341486
658866 958166
68834 631154
724129 146023
330084 509598
495613 520680
247312 417450
939273 388462
267102 247312
686604 446503
866394 604673
704920 469363
758567 571583
108274 589662
24909 164644
123989 356560
427616 734506
715963 633148
773048 567349
696863 292287
504838 570828
90600 343768
665183 450358
565532 499712
410149 53590
743215 237117
682144 660556
634360 80717
23793 258740
493994 935241
660187 62093
729551 35898
520054 361586
703546 986140
962799 996436
835284 793415
492295 790798
770306 775853
803149 215795
361213 891065
266960 32290
522652 815195
468691 301887
216523 874186
396041 881924
818181 558402
780322 456909
223790 586423
147131 890073
75419 323592
117943 877261
243489 682262
545354 6959
627125 650035
781706 579650
597724 976620
197009 346921
453608 770092
981133 352634
648946 61521
934095 218749
467413 911966
245910 948559
43827 111015
112279 127288
722584 748193
285007 140911
228786 899157
248818 604889
58253 373031
928371 486493
449282 620429
893305 889511
110237 575636
170832 410722
350609 666818
943342 708376
139099 909166
276321 548240
911044 391633
601498 542303
357143 299391
852072 130035
205630 628119
751404 226761
535415 401384
908501 901484
634518 328060
156410 925469
88671 797455
208385 214196
7362 204095
591322 606580
796792 553068
820304 161757
665926 727858
698343 837653
767077 339006
309224 199741
68988 789735
837206 451667
412495 519316
277712 606938
396150 461555
956022 871451
662896 322977
64077 544229
359148 210671
73743 217110
115700 666079
274979 905829
663054 284416
435359 11877
158462 717851
107276 623649
285291 365366
837641 861371
262423 661204
196540 81748
369397 825088
44509 616427
980748 536212
538233 395609
859726 754279
742161 409244
686188 124245
829565 730715
42014 141848
76365 727719
298560 942714
318747 892485
655545 761642
30363 479768
245503 419250
185926 395777
593597 471014
187474 369097
573075 404550
738812 32048
895379 852828
407132 261911
133138 753602
41675 336777
997798 745244
504268 582719
256425 982738
377945 571788
164907 15970
972854 292038
707429 549885
105985 604096
484645 111149
829594 14840
612126 245201
326818 755446
389789 101190
689673 310447
751154 144405
238839 858086
730832 220425
685756 846489
440269 985113
614929 865805
139960 311362
883910 197406
237860 52107
690637 943848
675804 550569
312948 154323
323510 64899
593290 816509
706318 170057
945238 399582
966292 418339
330580 700929
472915 551185
487789 147774
556947 829286
185210 420143
686770 589017
577797 580018
454029 150689
988352 205479
819372 819433
827071 201058
589630 244824
978746 784757
945415 233863
785966 415810
760222 980944
436576 477802
372165 13448
847689 314323
453577 357552
965872 248128
88759 266759
209837 921232
441175 532742
828457 166192
464364 561450
821699 64716
108851 471553
655457 156240
959800 156473
251025 270024
864949 694039
970163 362648
820505 34574
817599 855240
870591 132341
389012 805267
474683 729699
446567 684620
534996 395490
673488 589308
668171 917317
780248 722616
287270 341314
111097 116953
390833 902964
878004 782549
576012 212280
95127 732023
459792 885587
417545 628286
471313 229275
364147 811767
56022 872056
782957 300581
41557 48646
23763 875693
709860 87543
536311 464962
210332 330967
649446 591011
539777 269215
262380 866638
900206 776985
551683 985197
937113 997364
203733 594097
420503 614580
275600 244565
624760 733031
203243 406159
571143 208388
887914 142162
124241 494121
644995 428077
76556 230611
890195 192175
750194 437456
197679 580452
399903 980666
778829 756109
583607 374575
553311 662527
536681 618380
255300 779559
70177 347689
432096 466643
758111 645675
75924 547755
603493 461836
305516 348429
396363 851009
191095 981182
681382 472241
857668 492598
44746 712449
362472 145541
672233 88210
442419 314853
42946 466676
240865 353757
361814 961393
184634 282086
865540 427291
838076 577896
266440 96313
575811 386295
628985 791178
712944 988374
428857 490301
219071 101158
860477 162183
531458 949828
204764 657109
326465 630171
150320 241020
357531 532385
993657 308777
323317 430272
958299 312270
275731 422823
917271 781578
232794 521801
811087 13154
169982 805058
779365 280635
388018 906185
138279 983893
147913 285812
134502 783135
185639 578571
876611 562876
162346 67574
11766 345566
482676 203067
711450 230984
152516 689768
909690 4085
533461 989215
326855 272423
171997 101634
130698 181099
378406 917611
356518 934760
174251 529965
721776 303834
773506 546006
44828 374852
857750 611750
255544 365528
36978 413064
617960 275304
723034 862897
338011 298761
47960 260258
27152 846894
478876 264326
834755 656949
206345 595754
567958 307735
816469 852399
893392 663391
433273 546556
616669 541238
505363 679848
671642 761403
414659 226274
297702 843828
59575 574862
733040 18354
315254 147146
947854 205220
331246 785723
513405 913722
763975 284098
993028 675411
553877 3389
584410 143224
601546 177533
370515 59461
190638 959840
653300 649067
907597 432557
656386 364722
856722 13807
659981 884940
576356 819630
176535 809651
933589 355956
626512 844634
803595 64035
315764 903752
229241 982445
669059 48078
946430 2128
358698 251296
701874 550085
831267 134032
869996 820078
19345 780019
88665 815153
331021 625098
640419 34496
252684 592896
992728 234079
886548 603411
558531 292164
609546 526584
299214 543409
270530 922209
658965 475789
822352 695127
744516 135668
607829 199214
241947 782407
502453 476762
615519 901718
293547 775827
969964 59830
388711 529964
575604 768286
559032 192197
821388 980606
148274 323011
749449 337549
136419 126924
860411 218884
214409 406819
669312 649492
185961 837371
144968 408387
483072 497422
719740 953835
60101 676093
122467 137915
20982 248709
352470 826794
796627 886730
934249 867431
637565 480070
754282 617784
129860 776052
477236 28383
473646 837241
334543 525540
104479 361898
617405 119579
140218 861681
947749 902848
714085 398132
744841 8706
409095 846066
228265 721531
443197 793990
745940 294730
557494 515679
121612 668359
113591 661003
269789 950437
57906 987986
306874 479623
99456 901028
478383 602899
787266 467413
270137 450615
745962 855835
849174 498808
364250 371847
232182 436100
769299 676204
534644 325506
859597 11508
975810 740104
473127 427716
831623 309796
669754 390239
336510 716846
546640 713016
459640 231938
704806 157603
151886 92041
628557 93337
894064 468348
205492 981806
413659 399779
583745 549922
404277 951073
310882 979550
65182 201409
432598 579289
575689 442546
174042 816404
295749 54349
981895 339329
6146 418540
127681 80005
701534 322471
850984 975893
492468 195234
43327 440622
29577 923475
709702 896849
292859 719650
875450 690060
78675 752109
739496 969749
782481 139868
838661 862529
739558 600165
15011 714837
253315 606965
608729 833011
696369 253349
361477 260290
760268 109439
392130 626254
675300 605681
907126 916845
560001 999812
814273 147015
556199 937560
723049 560813
585962 718743
570168 323330
141423 848353
304722 29586
219837 767609
402308 547001
50136 275844
403051 782504
754769 306803
428645 735420
151062 934801
442324 62624
266423 421558
334018 760352
933714 403632
223489 429632
542825 491251
148464 523379
845640 563889
596488 55720
666299 226995
717359 378313
499369 675840
938228 667535
229451 404156
374661 786178
97528 719190
177575 838593
147866 8836
269266 95861
524838 824702
64475 927847
932851 359507
490009 115811
837553 451196
317493 481786
734279 57140
807742 835620
722696 271460
562887 384708
148239 517524
973138 165769
975794 791497
58240 678188
46316 18965
302568 181498
418963 349210
683601 705240
605795 408220
325611 337099
490344 564724
212540 97667
714921 540669
693863 238524
35948 243494
37724 295422
391969 896480
460815 107683
58798 44704
34242 925272
742649 89119
653350 999688
143840 855471
603581 611183
281241 652156
639749 918966
306995 727704
5089 583871
807645 64435
130747 206718
925320 66503
80872 689201
838777 213724
783502 123659
40878 609318
699251 508691
152458 545036
857985 262172
306525 998147
565414 532463
684307 267936
585280 952168
95009 75835
656681 658194
741584 884356
994507 998618
509616 54370
823930 999795
494477 955730
626702 104153
79762 125906
981310 290461
552581 93316
359239 261592
274197 514881
236654 554322
131251 224589
94719 690973
801868 968369
306000 171055
762156 689965
194493 534442
701780 456930
83874 244965
652618 40184
385207 837307
286241 58440
890911 626436
508580 477337
802271 323860
872727 804588
833643 513224
693582 748609
440269 783578
540107 958066
475356 773809
646641 929547
465806 349586
900974 670901
138448 901819
826209 352676
953 462326
162515 511604
960437 660266
701795 794835
905911 509615
66200 987036
458393 490998
75087 578736
264850 128130
117560 71550
108955 164517
653728 278163
137267 712301
121320 315782
252297 248218
245536 442556
283413 558054
641419 171221
370097 161344
692837 647670
610111 933162
62949 763347
426989 967295
983915 569030
442349 563571
253173 362881
53213 394929
252129 2228
57403 610177
24644 37512
19695 90236
154794 234857
989230 386843
428153 143058
937678 252810
505569 937022
518492 591657
532368 459135
42789 811421
882338 793797
293873 461849
865069 396988
61417 144049
713984 216043
543391 453565
289237 721028
345379 821046
553409 66697
359732 719118
287101 751414
57645 586583
962014 912847
530245 224123
731257 497553
95134 242303
199084 144427
394864 931910
56212 960427
259451 360138
359167 813990
154376 213174
493776 95199
341640 414863
623695 278323
274229 941346
307966 559197
501209 502067
277483 56674
854274 256734
648443 79966
817347 17256
947558 529184
871012 155643
405925 711159
706286 330928
145341 935081
239318 420998
199603 728030
582565 297901
846362 51656
439465 147178
874428 978113
262174 406275
300126 631197
304872 19404
263018 342657
854151 890416
72211 594673
128117 797419
39177 496595
232263 318868
83418 85767
686355 164520
617560 443843
672367 940821
310932 801269
255825 632333
199742 307718
3522 301572
19458 378329
223970 17741
577933 511548
540823 412233
974594 300974
609067 504929
912042 522379
566801 420266
331500 318200
694932 797257
19648 179313
293230 260321
466411 56147
951254 177417
233081 30872
831189 457371
306642 364199
357194 823393
655777 878751
441625 927541
723943 311122
325904 119850
730768 956795
870687 234278
490606 934617
543624 274523
344182 76608
934294 463425
659069 100330
768681 366745
777703 809853
628242 241827
802968 238866
818521 483714
637662 773839
719329 451562
589850 425221
433516 175575
526409 564350
540960 233930
653035 402970
381985 517048
892623 307003
782182 530832
276375 606606
97257 599501
380665 992279
234053 401381
389734 160085
572917 171408
294361 588802
75551 306775
268835 29387
224386 834357
550293 79794
185588 42737
870385 774091
662325 653166
377179 74531
217753 703491
294545 23280
892818 917975
446960 827854
566148 285279
435426 56245
26502 70209
5294 618351
696826 683409
322862 5757
671559 830735
696126 380362
715137 174385
203787 822706
421191 172926
622043 81626
965418 166713
374616 876085
512828 755431
409780 287485
144451 447774
262590 66016
92744 645366
539665 15
285444 332831
556502 534491
406045 508433
431491 600358
275715 748749
472430 294358
299893 645013
911534 284523
840023 114041
152135 502392
427946 419749
597732 877949
509031 298195
433015 759566
120166 55702
610258 980524
932016 496969
716524 949274
330118 660341
39621 138524
33043 497063
186820 185312
662528 227216
187435 99826
874697 561671
940971 904272
442846 310674
693473 8481
58875 241547
316579 190163
380693 350320
238947 899924
981483 305392
507038 531386
716153 625357
170611 367619
511278 815424
712635 713788
295004 383579
393548 252458
611152 301354
681913 785448
608350 835420
615824 852283
938422 522886
689030 320436
561916 152842
910458 17679
838267 846420
379003 626390
678684 957631
298685 167332
870253 784449
182107 909105
165748 301162
510784 598486
977983 692612
63990 390221
442216 900003
460411 357022
667281 818451
55603 340252
389527 512660
421360 966329
856142 920812
429095 967368
935724 5741
306693 384387
55437 716097
119011 562095
961165 928680
337694 765822
617487 317674
768454 142740
106544 130409
665943 328954
473754 773880
357438 953421
808849 219709
152210 182960
653410 563811
775165 329323
962884 864841
523614 855473
844703 471815
29322 75790
351254 888101
823830 197332
457769 7180
419886 69620
414081 264105
362083 586331
744708 181643
400765 442114
868736 567688
856718 378695
228206 948976
157821 727705
484596 957380
38720 953471
595107 105560
619116 156321
759468 137077
368804 87402
363535 521941
16560 633653
727458 637446
685562 18150
575201 508570
987420 59467
334152 937736
589237 832206
40572 662062
407870 290192
604733 451873
176558 767080
519574 973859
898049 191820
343224 317662
39015 117339
454613 175174
204575 160154
309947 712051
615567 704338
342242 713050
9949 201172
556516 476413
223088 65242
802467 808999
123272 343413
591869 132818
529287 32080
749212 429486
436601 391760
116087 832061
31434 394291
253152 748348
673853 409202
246454 917337
682350 322136
282112 574049
256920 337835
273789 462000
122631 974630
211207 104918
205409 119855
176986 918186
392860 256512
690623 789065
475568 593818
193427 678890
921015 278170
210242 14554
885544 136985
913467 782735
863847 191803
365719 362117
686267 144459
973267 936037
443702 474646
468416 649324
159152 231766
308174 412433
801065 628239
102755 164209
293278 837082
162273 959274
1627 677414
388042 376255
179377 664071
634258 276325
378993 925639
827352 296894
642779 10016
827582 63261
14664 677421
651733 728643
672429 311709
29741 492751
174342 897819
224099 6371
459113 145569
645831 46525
151951 560041
866888 212357
214886 230204
423772 168378
439345 565538
253291 748541
555118 818309
709030 68894
898617 605828
528588 283252
345699 360568
289624 557354
998852 507438
445208 545826
41885 444700
423703 137536
535640 310933
607343 299913
394180 328134
475120 470327
422257 874455
288885 859145
554919 465236
572800 882252
741513 79783
987216 457082
13392 174757
441420 766379
494182 251280
210533 541671
265027 702124
116607 944141
397493 995092
293366 809233
248063 701444
351053 277860
463728 424217
674437 198003
53894 564310
156861 515542
649765 183393
197175 443359
521717 760976
639117 849168
817315 64776
295249 212454
54123 833125
101679 40338
808474 257833
878491 463751
371722 867382
751 572964
82817 771578
886974 593342
128160 815765
470925 211165
480749 486068
431685 572626
875228 106373
82785 239282
742271 152769
375036 494157
843156 594035
641891 222771
198623 239191
4369 322973
762381 201301
223443 545002
111605 167434
200776 209254
842341 701311
953307 806353
476471 888417
75965 443298
384619 478944
285928 813579
615609 751391
175426 977936
358379 142215
608300 610706
576911 100046
728280 282826
747277 818476
580452 703601
733433 838521
370629 786317
515847 767669
269765 320315
564911 853382
690202 81345
808740 961587
800399 629586
743509 182684
241199 474586
854485 200209
149125 973466
669508 116012
186180 885052
113846 591644
289014 571679
729155 735918
88185 500978
915803 24684
991644 247610
92494 446419
950425 273892
430956 21166
188873 909179
734932 354108
113686 793049
668833 884486
234650 431568
213160 518864
775847 48555
509524 940282
84884 271912
110232 574858
663336 683366
899650 88403
498258 14809
638979 352081
679479 274715
777706 714035
332850 776057
253009 223324
567652 864412
558943 647194
362608 843607
345165 182383
243467 131799
15901 273607
437275 142899
79567 556328
41338 924397
857873 415444
864558 877777
467291 716274
725680 857955
826909 471374
652005 968424
900319 381770
81560 544699
139436 239105
393309 149243
162178 745097
184602 424339
960435 538366
803612 719819
157660 773807
741711 306823
450574 808924
796012 707895
973154 306196
641045 317888
412472 964709
132828 717330
384464 579152
385778 176944
760176 316037
370612 994022
628677 544940
957844 417673
568802 627401
590981 979214
183309 263713
769551 414937
625694 193136
523626 355044
365859 461631
956949 903593
535467 421617
556233 814522
754078 232800
342363 243917
637297 80005
460377 763922
489765 810076
917115 97290
557001 104821
430035 693378
748313 953547
404892 13777
223175 740615
579815 352895
196187 885314
579962 961759
611757 615301
361502 73000
901305 535380
944567 710902
207064 218790
535259 790338
547305 581012
170322 331440
627048 858016
600942 743045
768147 664170
849762 604808
391398 772139
393440 564942
266112 376347
9065 862798
351971 829657
61689 530272
81246 943321
170522 392724
735324 304226
610554 112940
699833 600802
300569 597954
315033 754504
129530 682471
991334 38480
202479 84480
657325 859898
577301 509303
986567 98153
30371 372318
818477 452455
263249 720455
241561 535882
920249 243498
191547 643519
38336 890974
370225 878582
763632 441323
415163 730064
723311 863396
15007 481274
549678 579093
964648 498329
467150 895973
181353 629106
638745 183072
132455 272076
635714 970004
397941 484427
853630 513333
673218 567418
971447 520783
462358 294584
77824 301501
39811 349769
632762 925133
641891 835574
565053 839865
612386 361451
355302 88441
743155 169288
770131 493483
28640 280475
83650 379684
960030 215451
646030 321456
296701 157217
369178 317253
490434 355224
964835 261782
23912 457783
511758 349510
260851 68037
979198 365669
868918 748020
94186 166146
322627 134155
483072 608203
206768 532316
408081 97940
998217 352055
876284 939043
209814 47778
733472 188634
173070 569113
281082 948704
702284 850982
493675 153273
113728 341525
705301 385476
570938 610187
301520 434267
796180 220182
382604 19650
450272 844881
189264 583322
273580 547799
9052 115421
526549 526647
579875 766516
899657 483779
850056 826499
869898 875678
516222 763163
127600 376055
360717 221477
401887 567171
942756 542893
924477 341110
843600 622141
998878 676246
372311 396717
722843 734531
992046 487237
434999 990184
269926 685757
809170 191847
951464 161560
883958 666677
439990 276261
315091 455568
125999 378779
723693 46008
29599 524431
331515 508761
144744 661903
608407 497546
463928 558868
527111 804984
940144 789527
322618 884003
235961 135371
155288 835944
554180 608782
471832 188878
315158 739689
988263 429612
927358 393130
499813 121696
80415 117361
741078 930972
636059 222269
360769 214226
185123 476773
583523 830957
903537 667860
77702 363638
591910 390598
3594 5327
922507 238353
920038 896959
313676 920272
229287 487738
696408 17152
942133 686139
20389 335341
37634 420610
19199 992453
552540 513737
571220 777591
935417 429524
540674 616822
910585 717147
394472 102040
369954 217106
200072 673269
415839 487075
206314 122022
785351 251730
753605 765346
700368 16561
323501 352700
823014 586054
479441 349081
934115 872300
470126 454820
26723 777643
478007 949797
831236 838360
337360 583913
42619 153489
862411 278452
237106 948952
582780 835315
817513 290031
121362 795227
74645 360964
708448 244040
724672 360731
60313 224450
589959 508173
677424 334448
810525 122171
344021 842444
852360 555571
236386 397496
33156 275529
654610 578455
97991 463544
445152 263222
155551 193325
460810 165840
916703 960335
119700 438197
876852 874976
230496 55288
394407 280570
437865 811322
578515 740386
852260 960281
562920 335033
944317 778714
401309 219643
98009 17366
943768 564005
141418 116625
8086 236280
752282 162315
74994 171677
287216 726281
562121 516329
558532 377197
697735 749288
364731 406883
312227 980679
159930 189536
632154 164622
172160 475549
337096 130076
252946 516182
34614 188523
636841 217288
16122 251922
96778 679488
781849 346969
698266 321460
400011 353336
217577 774617
676563 904582
698691 246729
569665 497989
387931 908198
995542 318470
189597 946305
451129 179924
425144 498171
642799 256058
852287 509634
169563 352724
547986 865903
618548 828586
137535 172016
616731 688688
362932 891172
333707 342531
490023 335788
879563 552579
487241 581578
738022 788049
141461 666649
721367 478373
45437 207019
170269 705492
499664 128816
7432 972907
639678 949639
411212 85829
54260 268494
63616 92288
45320 420752
868127 248929
802743 750624
96164 88782
40989 70164
795140 391188
304208 272912
362828 22851
493638 863736
120580 2125
481257 845874
141975 713776
198303 675096
11010 586222
143574 308887
798777 458031
953053 407496
580210 490905
11765 904535
71291 967409
949286 201502
429750 129177
303069 850789
479610 801892
358977 686698
468125 630530
548772 400192
292231 843628
418188 317204
421185 140355
74128 158464
605620 655355
287414 252525
451706 368154
672714 489474
276713 821437
535455 251960
115091 493764
594551 391765
271446 41624
398333 569304
287771 461339
230145 456237
240658 355433
432726 113928
496022 746714
512538 427028
122276 333863
629979 794500
465930 685399
406622 660639
397298 566956
49250 266023
802222 227823
227 57715
777846 221601
288211 36639
58094 875565
474030 758333
980442 553049
501014 999380
67877 172512
965891 358601
706414 608344
240014 916873
320815 296980
546430 68483
111661 995098
784551 523205
412270 800256
744109 13851
832613 835570
425815 696645
137806 581000
643594 94659
817118 29878
755560 75753
942975 478239
630052 167778
985008 939856
967936 473674
158339 572247
663986 714584
778644 993876
818462 975116
162063 252434
576045 376082
747935 130491
893546 381529
15564 912822
664538 729046
582338 126749
421242 781329
27438 233109
925547 100064
832083 316271
554228 621041
926492 350338
451641 718269
838604 634730
675036 593742
354324 89531
506596 555731
173947 940563
956954 493228
547574 333538
99446 522523
569845 487221
888548 36267
702157 502806
322898 79275
604903 256362
811378 19164
939087 232404
627651 975746
18266 76627
322805 817897
168206 717173
437045 541979
46661 800839
276748 424711
290046 828563
464514 757094
555547 82870
813892 686497
948345 385815
489544 992781
912929 446735
372183 593100
828212 904856
99009 565699
401841 314416
287766 233733
38559 717737
649152 747484
458318 301817
254586 710736
805444 871692
340684 722150
191419 587244
772233 46924
948789 344748
474752 623961
492783 149602
864555 547165
78234 57173
150761 767332
919969 344698
974854 757871
74342 700333
248313 482171
258862 215951
512660 949102
239917 800426
743438 736338
994725 545565
660800 708706
226581 577721
689187 594538
880940 638330
317834 698530
161657 797175
187922 608524
480692 244127
788876 43711
335410 382089
174442 251213
198158 616970
979419 48166
197623 939619
974981 60546
280115 958122
2543 608218
572384 163469
532501 736631
22753 794668
903656 604850
837427 216605
669890 377368
496528 68793
925434 329849
65376 218669
901843 130870
978582 726661
262013 570785
17384 547860
211525 673151
813165 904177
546596 277590
705929 295912
153602 552719
794503 526536
306035 228370
805128 117122
215752 192294
472313 934526
879135 466622
920525 777851
890406 309361
731052 510792
513465 465952
526496 726727
313957 25010
108106 981635
925091 208082
921877 636964
777473 670635
13928 273749
901960 169916
780259 370254
50139 647140
490956 617702
259591 309239
760030 339945
16270 165713
22972 154661
660638 443531
30721 924220
157110 726699
588282 894782
697568 777390
472957 171352
211827 236824
794018 235157
249872 159318
126525 629395
664397 791560
807145 931089
464440 2656
48549 454019
846287 743725
534512 65396
514515 426715
862008 528023
483590 918110
384064 809576
573534 371615
203884 682126
499854 368373
801632 356732
180120 474993
683477 303446
449909 872545
107006 425277
236921 195254
949000 843566
254357 711698
380896 344920
340213 683961
505923 983938
242444 986998
13088 68682
93989 537903
257701 233373
416051 586520
453675 395838
649779 468792
804092 755359
882311 205470
349115 971265
728040 234939
865400 611381
558461 51350
1496 934751
515152 998696
737697 777796
297159 969700
766787 470835
739109 507773
322184 769522
998641 937459
132889 747596
695626 804337
922549 851719
731702 92594
959983 391969
446091 804244
296186 485807
833704 617421
825901 46128
446166 740371
759091 967208
358528 539188
472498 764573
189004 392304
833840 566857
24232 880201
53808 19645
532431 364085
330898 76956
92081 551134
166274 373231
505099 861265
739903 482259
710000 146748
406553 474240
76128 869097
593553 383163
548689 531805
898003 671871
14319 578075
411969 450436
495707 171429
365563 713472
841750 130278
724651 781744
249261 700651
229161 324193
669982 903975
890629 762737
250724 246637
200456 858884
419700 65305
922675 770214
636794 393147
757965 927445
73268 938488
83771 717547
239649 742838
857012 63580
962460 298902
802243 969945
899444 27894
832344 45671
7008 693612
644459 88210
592869 852815
412978 216469
651927 45901
540242 283126
205699 550219
441939 238711
63384 76145
650909 417345
532407 532405
426382 489503
3995 173596
406151 259676
286153 834958
218099 956306
874844 559649
67905 122239
647261 437126
930542 668988
457620 891808
783986 706364
703714 983149
295429 278435
572517 404239
242150 32511
803983 30971
556506 416172
853249 795035
967866 693243
381761 343570
404902 658099
21849 259236
154842 5132
789076 980939
48916 898326
958196 441626
139204 371583
675366 771915
463318 951690
70135 431987
449755 917104
118017 961349
203342 129773
417882 122941
481767 411795
894954 530283
487021 352564
645007 925988
511898 729618
427471 293219
127867 61247
206273 698795
428604 532174
777626 268162
162895 725820
600383 75127
775098 819005
314419 596489
105418 634732
305781 822381
12840 533512
314554 713075
138590 806765
150672 680107
719418 98023
155281 774875
535462 920487
434910 341879
865472 671700
123216 892961
461977 160971
941650 474278
332262 297356
256154 856653
986214 46171
285542 918862
593648 822843
98708 347914
40137 973028
387797 859213
367047 662155
96022 805808
530946 941990
481534 88898
700504 47257
881665 759501
590557 92202
517028 891577
788778 959964
84398 16201
158435 36259
155103 387005
134152 41846
504500 151035
585339 534939
83505 687696
463544 982733
437380 386693
247708 278452
125863 559852
179363 358300
977350 315175
959862 294282
490411 382662
544678 955116
225696 794602
822497 649525
981451 918675
53930 818438
216636 880947
183359 466279
247418 747072
133925 12615
304520 988046
861017 657952
441716 311660
196911 126136
43691 988204
339173 850360
497972 67753
318120 645713
352143 405408
458068 241360
105428 142648
293309 291839
317049 552337
739578 680056
891985 515436
701826 284908
785995 102551
723577 269033
601698 705939
939582 313312
668295 745496
128176 619194
625810 537630
614237 149090
684568 801517
881912 407503
523327 13087
76371 572104
736150 83954
558249 641629
334819 29591
810076 114521
502836 326660
103932 450793
931953 946801
61129 150368
174546 332974
593827 731568
689206 803266
520410 75122
698407 248621
312987 935690
383467 2880
633331 269909
919627 666332
799312 142046
500985 3822
995800 663870
341356 991760
33034 728486
978661 958283
285963 88477
455554 659724
403248 839406
419760 283600
208875 869728
902625 531908
724129 83946
58767 637527
50546 999130
752958 733552
291214 433768
361161 679307
179128 988341
306021 408136
305591 186458
280003 42637
646437 672820
490565 498541
202356 241909
374884 484243
945019 958250
964590 417669
558387 461458
413293 870352
197849 48695
220916 304402
892606 18514
512409 315695
742848 25826
300347 864538
587036 647524
385769 906446
419651 676098
54164 383676
773990 935921
659799 188800
458165 631973
426055 230389
461161 232052
608434 320747
98003 276566
183271 608376
68848 631659
224680 627542
576618 592242
819507 765066
385107 790764
364630 612318
205683 113557
62404 500166
259408 540546
773038 458749
204542 148266
239163 99777
354226 640976
85209 536014
987263 769823
531152 199345
982933 700430
510739 672058
569829 522348
28368 883849
540408 354743
844913 604935
52744 615830
943867 629514
639967 528500
848728 137009
713400 474377
949133 891802
729168 978399
398123 969714
515930 128496
661355 716334
458242 650906
679487 95042
981865 465978
731173 831764
961428 460690
192704 724117
98899 204514
148976 723228
20355 322323
371540 222335
950174 905803
142596 675085
82268 258935
439105 108029
153329 459398
438497 574789
432082 509599
836335 662250
312046 999090
691828 249646
726311 527215
815976 683614
755164 433067
739663 938804
342518 45365
242975 544309
61204 621914
442248 354110
899985 503910
335144 25356
15753 526441
427147 952338
978835 8544
611245 58244
572789 563661
426140 114022
556281 972315
339001 435310
667374 769863
72538 543773
705242 126178
566479 687183
588379 44637
847861 82379
804401 129349
713964 783088
180917 804350
643479 27262
69955 670052
858133 94667
802652 709861
749693 831195
296592 762471
718671 190051
665472 270735
394622 453798
806158 479295
64621 320329
819925 534176
680866 546191
542716 954055
128182 277021
685225 928958
667823 494172
708564 591940
497613 779927
438108 545426
33823 289013
230918 888379
565288 545418
414620 827457
706010 279762
3382 45805
785434 486758
910301 217759
625404 36647
214409 800318
459899 690661
209564 501881
479586 791990
14119 838393
629761 863121
425130 110785
331068 212516
752378 290939
862253 415743
744001 119167
552764 385776
643573 896890
138645 917914
140942 424813
767719 791922
777600 436989
579619 624424
57404 329090
449180 815118
952929 139753
148979 801035
508862 342997
98924 711049
225512 44676
514526 515650
101629 706192
929779 162855
863011 139279
356895 549839
757993 566496
196900 710169
675413 99945
583863 736477
848125 889564
465358 55070
688202 225669
514377 493902
262738 320089
291810 334930
794170 395149
65818 567699
250638 837989
726 302913
622298 975188
879834 160454
140426 981752
348386 776207
778908 467113
786085 596844
226446 266214
737847 385458
69975 730889
791281 346467
74842 749016
263308 549492
833870 271648
163891 23281
528987 409661
930770 439378
137550 646236
935835 67861
184809 234154
853096 661820
156112 366231
895332 153558
246953 110395
751923 537861
475000 737672
23604 461239
666815 324865
445610 734801
531434 787731
111557 850154
424690 216602
643091 385054
454721 424228
959651 217974
504263 273911
367404 852790
910757 697110
401608 422794
604183 536604
332395 333022
435729 875374
946339 831235
385117 120728
220268 990366
687982 234375
451846 163725
57742 433818
285818 607761
809313 777785
356660 938811
690632 631796
93708 18712
659279 636917
426693 771031
674065 658396
531645 667295
934088 615000
366792 455231
141482 245495
235803 905660
66834 702253
521513 305801
949446 449772
343888 278795
623119 998788
660971 521211
499067 628009
719257 31166
877801 874970
845135 882281
105954 933923
999706 464508
709182 838123
460982 910105
413266 265387
599897 649985
450288 701310
377329 160958
286105 489418
802881 435492
890124 465338
654535 524840
665360 223534
347712 954554
186358 315945
520541 417717
778782 43744
809245 742781
742040 599933
722069 289848
170076 666381
438045 282836
514413 366158
552673 148981
672400 601237
918633 943958
755539 447381
843709 493774
641941 119757
48890 542308
657780 537406
567865 270404
709330 586300
936205 140601
964409 416556
415742 453757
535379 205368
843709 21217
148260 12711
903735 716803
812949 597293
213063 664711
883370 492905
243734 24630
474003 624531
593767 208714
199199 891983
85342 906705
620483 760183
446479 218465
359059 89201
781502 978143
432174 676788
544433 875556
514267 961109
609102 121320
286258 622165
797369 156258
367504 145199
43174 935224
90489 344966
369913 86148
785639 880582
752620 533384
856719 274297
569431 956312
643467 213856
839122 711935
162217 805775
436093 466407
407168 25819
355534 561354
503299 186457
762263 784316
821171 567160
283687 129946
313522 471013
746288 79778
584076 670930
219714 191300
649817 197523
738614 183930
647095 926395
522100 710737
515266 960094
168380 279209
402971 845651
651700 98252
796551 249428
908207 342304
336255 939820
474942 402068
824526 858296
761766 569278
66002 503868
577955 924983
634211 530817
976183 849708
48411 765291
713014 364448
9189 852048
65812 864210
511511 378667
939018 357646
878204 623018
651670 234090
41436 971588
999058 1688
219876 325329
194406 855108
234348 631349
502503 24935
663060 633552
724288 476897
640772 316628
82776 382332
419003 298176
582843 849646
170486 84645
792487 926478
406102 347380
426783 451962
998978 584143
410786 517696
667270 202767
825831 656134
550958 771278
852123 545440
388673 282360
277921 341908
136889 157242
13080 449380
123033 77295
862660 269000
157833 4200
148822 337350
33099 861953
286678 926407
942533 722582
588341 250675
731657 125402
501972 43710
216068 855684
21563 376778
764302 573189
795493 4988
104546 692155
170527 454047
117106 77759
126006 395028
6786 415794
133745 507040
556383 333427
755434 288344
562454 995187
606440 436540
173137 396208
553100 637551
935084 418319
406231 351240
51636 499876
15502 49450
510905 834479
799585 265515
189196 372383
769664 397141
589713 33569
29565 441898
518685 27111
660769 470180
694062 232429
360184 470978
865111 359947
805843 186275
572692 449207
579377 725210
96740 515425
980173 946377
81959 960008
78443 855348
838835 75667
242218 391614
393136 135276
791079 901522
406014 584857
995828 989095
596371 216222
597573 703677
731860 503297
205427 329320
229171 441529
880690 890604
507531 502238
490857 711164
872776 530295
979328 831377
307895 27365
843843 592281
161819 538727
993968 118629
126005 143107
557601 604217
665587 274053
175774 819129
81803 4855
642840 455632
865515 489025
142549 286498
475209 373186
316316 609934
384920 876650
140349 163050
259071 994111
306786 759719
612129 956882
499213 587299
552306 966569
485128 528304
364440 315221
447515 58175
832406 519094
56372 463316
440242 680722
875339 508869
957806 549088
258947 857174
495885 682265
212327 989866
142366 777659
290471 886625
950754 422204
101509 694685
446893 384733
618490 773115
664292 889407
945777 653813
130518 720994
162002 11955
868773 901950
119429 758996
562181 927917
388143 302859
688336 960227
603730 827054
6465 565643
154716 166249
257356 189642
333747 602045
198389 324742
327744 272315
208420 498154
457573 929880
436169 406475
239338 923863
479581 980984
130646 176864
213795 494092
656358 378144
473072 635018
458172 840977
585127 657054
12860 387181
114508 403990
78441 359527
9360 236737
630357 373731
564725 343136
924108 209686
239242 861597
346477 681889
440403 279469
108618 172271
984667 169329
530200 390847
860381 589932
174408 633307
36156 994303
185706 180319
723081 35898
528438 62036
817529 527580
349485 606500
229322 776696
978062 290602
10903 16448
133792 395313
126283 827754
230910 92573
945769 486467
948883 524431
58627 483849
333262 923158
177294 136406
70283 684796
733131 368200
784356 633581
398907 518807
815737 77131
867682 879132
446356 958005
757646 113295
894326 445905
518947 459921
170696 97512
798092 371311
590876 908394
210626 821147
425525 207505
821490 894942
916473 398190
813190 630070
94147 215836
29260 564145
1435 281791
163633 135797
669760 255935
636606 409344
842021 731107
876994 870345
78922 125725
657041 991648
194957 394317
430210 457148
911940 153985
321876 205602
164138 509879
680592 170461
616338 922753
616819 344495
785979 557435
667583 81556
810424 99023
863982 611587
216507 20782
710412 416301
448337 535117
822886 482159
347846 999011
725914 60313
555378 741405
548105 711192
186129 377603
640490 130059
560728 633790
981853 12237
149487 925181
546576 175933
841631 318955
342389 388190
523284 663895
523526 319681
882556 797709
534048 388984
843057 568051
806442 231433
498463 445842
201477 459834
618545 908547
272418 772879
572316 781858
482311 436378
561037 955922
756226 158917
608395 520395
365242 767032
81836 242844
735270 441784
612376 466173
64446 587397
478459 216305
951006 171905
374247 918504
42388 194409
547838 368680
664098 242361
810164 998218
715705 565988
302291 121279
272959 501274
364132 225908
887419 485289
544071 897971
717031 688342
127792 65923
59668 576260
157366 332629
820091 132830
338485 604998
353230 562036
451668 864354
241080 536027
706370 366300
481734 776815
555604 505471
823199 552256
724906 576300
768366 321974
563189 114494
420483 241647
850468 894259
607135 966713
21425 356551
485974 418539
424280 669500
766758 183877
623989 797684
802591 395361
704218 36406
542077 58878
842300 392341
880290 137236
165099 54803
575393 532150
734424 57158
910407 174901
43144 625617
681979 675406
43574 211628
160116 653316
74224 16461
133287 838572
791998 758459
402127 467921
565860 301009
411712 642933
737 428886
714803 672634
463851 38549
635289 252256
344877 552230
636531 139629
523624 591996
164174 987666
300889 221130
346750 253298
658895 458236
557216 226707
384587 872524
653262 521138
128251 165694
945413 823006
337942 27160
373637 950294
330069 145850
885894 634848
9510 297877
971069 733527
748934 148543
542914 482490
819915 909944
109286 540403
594123 618101
775993 305845
36866 503793
680274 117761
465254 979178
123801 905510
479207 162452
894920 803400
70572 837748
700065 934904
927364 904842
141442 360125
76952 722273
615100 877586
294243 321362
857533 213226
302331 262918
962830 938616
344106 407233
430394 142140
963009 593236
522162 34947
235314 108220
269362 297876
902582 711479
517836 464277
555143 695861
210048 984108
150267 566884
947858 288634
364237 702424
932007 185042
326196 582977
746209 911114
596409 763589
133082 821234
440968 435901
556438 807927
578404 4278
500122 407301
459375 303467
637121 918288
505149 39911
351243 808421
550034 304249
415482 300889
578379 126201
868606 299839
520922 468831
977747 450488
816557 514462
612157 346982
592333 493785
447909 180996
986434 813796
794764 608893
785913 557031
52493 580280
835421 468582
333230 361706
721686 842503
256862 548355
928724 28890
407192 138331
217791 892251
803632 690879
152568 619285
281031 82017
351382 343676
592715 972400
611142 211246
313742 279256
543211 834499
815223 196931
389918 647942
134270 536838
916888 20248
409700 48163
690099 204788
652929 161616
912279 769926
17555 679293
64653 859233
363564 262166
621394 841419
498723 151708
779117 241523
220484 113015
329600 662962
744028 628198
787126 290431
806041 600597
656483 860922
339194 909065
604185 594040
753255 120413
249559 238737
827877 6224
198936 809840
535328 586441
966201 806544
526627 849677
974014 95799
952195 851863
935608 78504
864253 507806
772161 68922
955124 450182
652799 709860
436009 592637
824948 661150
764489 700839
951563 281039
240516 427998
507503 514572
158298 136154
328548 295799
548760 697059
20054 82131
80873 414463
904594 100770
352738 333155
612713 708677
925865 610037
138323 330881
58708 75313
503581 319806
567145 900916
489534 803424
755291 623888
311284 490142
62671 57487
889298 740406
682851 478640
461291 583540
166548 956747
293002 514496
741188 104117
46501 150897
452202 995991
683808 124864
984532 187507
223834 344798
425390 469254
904330 66869
492884 758209
569620 166851
989199 122653
85213 429971
310465 719549
400895 204617
580475 545626
762430 47350
894274 272646
234081 356161
957561 252323
35770 723552
978630 504534
632878 419063
27213 403662
550224 483987
947507 224526
586546 605770
983408 994289
377934 293090
61374 784408
338353 681301
764098 164801
703064 168749
758594 753204
774418 184149
948581 932434
681265 305686
587775 88653
891354 778145
453287 567078
696966 998528
740004 142150
534387 191086
857827 145948
165285 241607
778682 68081
212057 349608
609804 101708
627698 233530
423324 241547
11910 906213
544703 696530
608653 108762
422209 217523
201341 396909
933039 550054
906939 824871
188509 856083
277492 206694
625640 56429
251286 527649
215154 130814
823995 415173
217167 257210
526626 349613
598699 815577
978474 408915
916460 602440
184849 661260
554685 226789
495704 228462
325422 30170
53520 997611
460665 648859
670406 335799
762422 653352
466711 788127
75261 401781
468698 279388
841483 681513
554980 644186
567610 656045
787645 862154
487730 104162
410378 218865
605500 32957
690038 787877
311019 13843
976575 166980
201559 360314
227909 133567
773292 193849
954743 352281
983654 658311
765238 343862
872093 14407
353207 816166
808548 792839
647146 298612
949303 989205
700689 73522
653640 754593
593828 752939
879189 471387
383649 497104
316033 705715
790022 259849
263327 842547
761455 853941
407753 597032
989441 982153
238074 253181
875510 737043
189703 195470
455126 198834
73638 183880
425508 724471
554071 177718
654500 161632
850482 842718
850594 965281
60216 916163
917648 951862
538348 777935
504020 634423
317180 164909
802990 343571
724168 488935
399085 624492
734462 525544
269248 715987
954435 838133
111025 336512
622559 507053
8777 645371
558562 846443
166725 567322
583768 215811
188740 663295
907014 244416
290911 167930
325976 427721
186659 927214
132533 829158
519272 294304
638144 741691
360623 786122
167702 536072
267002 193675
649622 754901
339404 571892
76871 32665
504456 410084
89227 609184
429249 494431
572796 191449
922637 947411
569657 613673
321161 370267
758791 963095
573764 499305
620054 916032
739616 776906
395439 872845
29366 759615
703439 809060
285960 89383
872259 285645
354060 739509
13847 899418
829018 783220
341370 451874
795975 595422
113345 149090
903708 346702
857896 526334
531227 669008
271189 736271
619266 242506
290915 584136
926457 666646
315145 167161
804958 81621
651101 687059
806906 971567
672454 893290
210567 759084
232408 401541
980159 246843
980952 886434
542444 869914
833205 254351
308333 648919
581562 932644
922464 624216
119299 982435
58025 658637
608202 477962
788766 520663
714880 926226
945870 424488
718756 615830
133375 185857
546699 630184
350291 563191
73958 772045
227627 412714
557003 534761
672823 474289
196621 222860
143780 385843
98089 771639
3494 963607
899221 80425
615630 82632
205125 958273
660170 627927
100489 296421
529843 911870
725 564413
643036 463338
844307 108492
109738 580027
718407 194884
363819 616455
880150 228291
425010 7628
702583 303771
524267 92966
902966 496529
541261 798978
443517 873069
545850 481733
744474 144216
510870 175405
843921 358627
222688 607111
770826 928384
414777 327588
39013 590013
528356 992648
898117 45911
950001 772573
827264 796164
734744 24415
506006 407659
182207 421957
771816 693203
750044 46855
952516 154075
856927 991615
511993 702546
681564 48341
258504 309803
217162 272962
290395 577715
424142 406859
392109 218046
136045 382818
354882 521139
809199 268767
996853 865718
527238 673300
866128 589123
680097 890008
748336 116037
562136 638294
699436 560989
912555 533463
574839 449163
55747 424774
72572 26100
131747 629805
987584 822431
710244 89739
974221 637770
124759 582667
433785 813993
541074 492827
95746 390201
521935 220575
912192 764246
867734 604668
709584 290483
134683 159247
888230 560934
8714 535498
227119 109917
681934 713638
568624 365701
819459 941875
962827 733690
402251 458849
725144 803201
700421 89682
856018 235943
659491 26735
968530 946025
685071 196295
80184 864705
633286 732797
692903 914564
392277 537923
843974 684299
955928 213598
521757 542407
161508 835887
751754 759491
90115 470790
197078 661057
716194 453372
49816 165751
281466 510637
793907 39532
239283 120292
200801 244269
746535 585848
61964 504380
889710 721998
389157 657367
429788 681322
738579 917581
348166 98949
517969 974769
963650 538302
200332 712561
833052 121968
458844 483639
168916 906621
540549 475748
859093 927270
232702 739061
332762 680171
173057 517416
876855 919143
239781 821439
639043 970728
976618 291216
94580 119679
107591 346759
861292 884248
234270 798860
776488 459525
894029 837077
881104 626151
142675 883873
173833 53115
791218 440863
15469 587307
461654 688203
254663 204998
522907 119689
594668 800058
274348 850323
968819 564971
434311 268933
632749 656424
981317 906344
541129 829973
916837 867968
805024 494041
495318 446305
586667 134517
351008 187331
558386 185699
674037 448019
708579 295271
262466 502452
424265 591579
735100 100776
57623 351878
211277 446657
666147 853298
592391 611228
738812 301617
577870 378116
230069 255223
529993 72208
368190 89359
520769 624708
865782 961671
266506 202047
986570 881220
997240 672313
235133 715134
846008 323088
359288 28216
836708 89854
411064 67919
918067 191401
894828 257875
196634 633114
954289 69721
385011 265485
448635 577044
175730 683485
26250 654581
246231 767289
762672 766707
4178 715249
783893 468714
761255 836062
65160 231985
469881 903684
127885 888457
109849 517886
850031 71485
54487 366037
120327 912518
250615 390333
906200 283938
636814 681453
101406 785878
229483 629507
631358 13411
873520 286896
597617 913935
610594 17687
954980 913407
683488 829038
145004 530201
425552 65817
164097 201933
981658 32198
932453 829666
575324 322021
808934 623545
92087 746125
536170 985031
120714 206492
635126 53240
15270 249401
700002 600962
188531 845159
821574 52127
523654 886276
739552 785206
170659 61104
901854 500063
6035 509595
856311 107616
887841 163137
659945 219019
652019 44704
250892 283537
809963 715147
570138 355944
491644 426299
201131 705685
806430 315592
668100 472385
722660 585060
84919 647056
370332 962317
782746 318454
81857 418223
121742 987314
709504 51115
696060 156347
64152 854838
440749 688903
750754 20471
589304 42546
864218 181281
486251 329150
434727 588713
106597 350579
367168 717332
667540 233297
361816 352146
924436 233807
575426 809975
32565 756713
492582 40139
422822 298506
805012 490659
927996 286328
897024 739054
731843 146540
224223 394118
659955 759125
510344 6390
745287 763708
913513 368339
948460 956736
611476 455900
309292 341042
508932 238016
787619 5896
420652 115642
625033 331666
603317 39388
705389 262533
619680 529069
605554 617225
256849 311849
622940 293727
625857 200591
247656 459537
555447 213836
398412 484513
365405 912088
418233 136663
283422 528756
228546 851010
786951 790473
391090 229942
186458 916824
327733 190034
316649 68363
203961 919177
698952 224088
352036 867452
403962 845656
894324 665254
104234 730557
387567 491761
170898 814819
210277 555643
641788 635186
525328 634812
335850 340768
374354 21885
921561 662801
606225 474412
724191 493860
29515 688581
651940 733432
941195 672230
487707 373226
243180 925531
555688 973002
335980 990061
878167 749073
701875 569615
665918 634115
341550 964089
620002 674107
924597 961172
67073 102094
927734 298281
199554 472878
215952 841220
887734 60315
325288 26153
270641 135716
884913 707160
856180 359185
101857 29474
753410 62194
649132 820925
272145 674794
513115 998282
904754 384754
185988 358149
564932 596418
469213 232621
682171 908785
845497 467489
349517 791857
974683 335736
670691 434586
529424 303030
201134 710715
70683 6646
242632 211912
793784 525351
818461 286234
139172 916714
875381 221890
619691 177382
195192 562989
784975 288432
818075 371820
462657 301175
769162 460518
849015 881696
98637 6363
694601 727951
244222 446352
841864 616704
39221 292091
361279 734414
793403 416285
103841 690878
661471 928046
565487 20589
864606 498577
707069 80047
943260 312861
23599 989541
148996 77928
666180 529972
54571 73288
494104 463590
484366 890719
749506 186825
585034 63623
722216 526305
775682 743143
259921 263420
251299 536239
975303 483453
611963 181011
910788 735114
544058 704020
554544 744773
59399 572336
676332 467427
826537 31925
2769 377540
89337 967391
900717 126490
724811 408007
623166 340787
559224 284997
607846 207169
204794 314829
971877 870706
94814 35549
947360 597256
284839 138153
73980 268938
543407 567201
640759 821753
184231 498405
204420 727021
716596 943649
698643 862234
92843 727945
2179 988589
236738 718793
337902 476674
354963 744023
145215 678231
768960 468720
123954 40193
281308 976367
104192 33730
888786 61869
775134 501332
835885 691403
538407 11830
264788 76267
483133 727677
598144 82513
401458 301168
293257 151358
396622 194347
613289 518806
270677 823868
309192 996775
602485 934618
496428 998804
567621 232858
643717 887687
789908 86406
787117 708332
33345 159892
854233 510747
141265 210987
71370 844170
842169 958860
929860 595135
134019 847204
828015 921941
539307 3041
277786 589701
211302 473793
858180 901531
643713 783987
488726 387492
153033 183892
797264 117343
165583 456303
783143 452733
389702 936008
873336 120853
766519 211754
772036 436577
706867 632841
565429 507164
764349 868605
641034 131807
385220 912660
935680 706322
99321 817603
283577 966609
308404 18931
962563 663379
119859 88268
366014 777337
847348 726472
830854 901095
682832 711529
247842 398215
138300 841774
730618 919068
99201 414996
262866 704544
970499 809204
96227 673375
723997 75863
13833 98117
985369 602615
789970 660450
381475 967292
866659 811237
821410 406255
304333 193726
152177 892098
46280 594923
489601 764041
210073 994106
528268 483530
977414 385284
847139 303300
292762 438425
230408 721552
811614 225425
212085 174619
630044 656356
133302 329158
443407 56913
558233 259958
81962 760179
480517 260385
94536 507588
539536 359566
325400 383855
324681 402842
430327 500664
939213 704304
409240 80250
750488 976906
32318 940506
642999 589013
598684 141437
651455 800547
287272 313325
795505 634884
962120 194706
45646 788621
913954 333100
305032 729526
390953 602965
10895 241979
82417 490361
415039 850163
961708 2608
751936 677982
840514 712342
294648 573859
238122 237000
107299 423541
603957 734282
958366 804899
236193 907653
866453 704081
539715 230562
15044 814774
46000 7801
948442 689251
264890 604828
654111 130052
80122 346482
7125 117267
429129 973770
212921 2248
647820 35729
803360 758547
616678 121806
869602 696628
27950 854325
21514 905685
133395 554461
314102 130556
634700 674574
211747 244164
857510 27728
920329 235215
642893 212569
230465 534524
793914 555127
719216 937970
141971 207357
119922 91658
380935 17684
518009 306915
525051 567455
963084 973039
282024 552732
212376 341091
305543 581289
282027 599199
291850 475284
587662 538428
221201 659782
760733 423229
114534 319479
519607 915329
190778 28898
33972 773096
199202 197675
993688 598100
220820 522921
317180 387531
383662 929211
286269 992796
87724 542697
883754 628504
140365 197962
533847 884338
614699 570054
186277 105405
687167 538007
210765 956836
2833 984463
576495 130153
907568 9984
117671 707751
679563 48404
754392 601000
764479 898172
386365 405270
540347 827320
116897 802187
821640 717530
201734 372531
37589 624876
780582 681930
347414 12726
613877 510555
46745 764785
589654 885499
629337 831154
295508 657721
529257 536103
910454 819884
720898 613419
996330 574216
394460 385590
479091 605969
309454 346056
647349 28454
77496 282828
787725 993608
322272 199129
808454 594964
300448 494881
794769 13357
742585 30253
859427 685361
221269 826914
58235 186287
408251 910326
424499 876911
731300 578982
61438 389788
436618 587708
371582 448195
858545 278611
610871 158063
323351 400452
338936 408100
198107 689258
552548 610931
822591 266204
707591 733719
665650 954384
718351 556476
909165 182420
532453 793701
663556 766309
467535 333196
73721 370671
620088 800961
612037 320901
283192 735442
2208 904895
33090 329165
183693 186931
599686 511896
72147 291226
17769 503535
56734 707244
994386 157794
498600 577469
718619 633846
418655 883420
761016 294980
687762 757860
622063 802510
575351 761815
689600 352143
7964 761347
321093 972475
592783 985470
56396 383614
705665 670694
792279 676052
258382 733590
86073 409371
93389 9623
603332 918835
256469 590316
706686 425242
691525 606577
586735 568897
585388 201564
996061 120619
279090 111776
482674 932572
221967 915767
756668 7561
750867 172645
33332 532246
850953 369058
206160 779695
342176 899753
957493 960466
106139 148029
485652 94875
726191 870560
182341 904879
204459 651928
924036 565960
980399 9471
681334 25884
581107 999229
841572 329805
160390 896321
427292 465143
450161 991802
532302 403438
247901 115884
770077 882685
749166 488358
186855 847967
958181 546628
948247 934860
11239 660013
969185 116215
139680 221063
70734 520196
458921 758814
639124 118684
576025 611840
599546 185855
389237 535850
719633 936296
959362 499140
585536 925863
51373 239843
667887 899999
414357 625001
174671 973935
926148 151856
600918 357620
20035 340683
833804 905145
24461 108202
324593 464468
143875 447386
313551 369562
329756 444116
148142 943659
352009 635509
200016 733453
886292 647773
510102 955636
861686 536035
340656 500201
97136 589182
855801 838607
357975 790438
62448 515162
621309 534444
250156 190420
441431 399831
350353 579055
324108 587814
264648 899474
217488 936737
596148 141734
142137 386459
940622 85794
24700 430385
448048 239679
772766 614517
31293 125138
187195 65631
726866 965566
688847 695659
182551 952424
776815 765843
266095 959610
234675 203607
319322 351975
692147 652621
102713 862108
960659 5867
694152 827456
124530 19985
951803 607637
314501 755472
64148 318052
460216 494843
535609 176776
725792 120645
119830 651310
248096 147525
526052 757859
676221 167874
194872 185297
199325 99820
874353 947736
331786 93016
132094 181793
5018 471285
448292 86154
927877 295206
876161 832797
882837 123690
257546 607935
292508 504896
526214 409882
893501 722587
973413 930150
61994 127178
625432 910268
961973 244606
499101 454107
927526 98289
101960 981653
195153 639870
875928 260945
623323 14663
616243 555550
509007 988632
60589 24110
773764 432169
970885 342567
485514 556357
473828 387166
949489 359541
369452 124707
519792 513446
375142 412961
289532 224118
406213 917345
236800 490860
97143 76702
813754 519919
652351 233765
604291 9818
760565 559505
193179 76430
831831 203432
415145 817037
914417 814190
749158 322863
474011 523563
639754 363671
563945 632737
543853 680304
488781 569239
352760 362857
611411 707756
218841 118991
506492 272384
303743 622349
167029 496870
620819 316840
659354 125964
904782 535756
517486 286026
782170 703632
79570 784665
247608 815771
529051 110165
962062 867638
931401 331247
88244 713566
479388 86963
444455 553428
377649 514091
863594 85469
543040 213591
620038 7384
199156 427133
399167 94170
933279 883680
222561 78518
399519 150425
55836 392007
735906 183304
265730 406177
511520 799190
751945 445609
78119 616535
766663 529435
44820 837465
530179 848793
628561 707296
55294 204316
205748 838741
304640 64055
565376 479866
132254 991386
467540 440164
438858 103029
179758 554438
830873 730257
432416 727985
52108 737311
959977 775175
99425 937548
401718 284381
243438 453123
933863 332195
160802 997326
370733 188580
361603 261594
813896 413776
58784 744983
99941 416214
457775 731181
487797 747347
19124 270262
742485 589678
562763 953220
481848 545838
177288 712950
508585 266413
574143 612076
378615 58087
871105 156816
697990 961967
837406 597602
819753 226965
598856 559803
505051 461645
738711 587614
517020 189505
71266 477048
552837 456256
127057 347608
896154 946989
345568 693953
152812 950226
896931 882358
986126 278020
186368 758142
480067 208684
142426 938159
717100 928647
622813 921672
778377 151653
510576 110339
366054 545120
268416 784553
197991 60569
675886 696480
425276 117628
679406 167453
955376 871926
555408 696164
690217 173829
15863 949640
840119 781441
188660 791238
284357 282137
433616 842227
109364 971135
893763 941715
3688 514323
471440 9890
373809 630479
167302 133772
374533 936095
151124 521667
570103 668239
356608 115067
353356 370585
38628 861240
413276 742900
481400 890753
617703 477546
376738 659584
651418 794003
40792 929088
544205 852831
208096 936984
135323 198480
864919 334045
148553 612030
429335 216669
974426 176523
426196 469222
799824 736409
963480 356639
405464 635748
654545 631089
19089 323411
73087 582790
968941 828244
867965 86086
768316 983328
575432 923769
781302 45119
306136 879095
187025 616764
11151 898792
184465 186570
180904 892787
847468 996521
631994 881076
465093 394359
603538 272158
245542 535438
697238 204788
383836 309966
266453 200392
904347 689477
85643 41844
443638 269964
551088 267423
93001 24171
465819 778362
382708 325401
831364 347004
820412 629614
793360 28592
23057 139490
582941 185332
12223 604820
577578 548966
907600 614721
340265 828440
138977 798587
864478 632133
756718 696982
284180 314266
657411 688468
881719 10616
196978 831684
25669 542597
262162 244327
908144 309388
466393 701764
737782 815684
171183 950909
588208 826912
553716 364852
751634 41260
402490 862650
197305 618994
139353 925437
233796 791509
956275 250470
30256 358621
458387 713020
65857 950234
206153 974318
321371 460760
860238 752375
841418 743829
177835 881886
98773 616199
919286 35181
700655 370039
740460 211981
225744 333985
492912 252312
384029 42526
933278 964300
872926 717599
366051 878907
59483 625811
339307 301719
755889 857013
148745 670411
218116 650114
769439 734448
31210 853576
42981 576315
169292 5135
45850 79279
660001 182639
381355 37172
669873 566966
288170 372330
430443 368915
521239 936377
516564 937093
85717 922158
350544 360347
311532 265092
849436 119644
161879 132595
245591 652670
369042 706997
182353 621463
965596 999258
523810 101213
39724 881427
49131 24826
385242 353034
245681 120178
185219 155926
439270 170776
745244 310296
295481 601234
846525 750973
938234 476455
301845 415690
555442 519358
944097 751878
683984 960637
953684 358072
655582 519551
570964 900783
488397 105748
185773 185484
628809 237091
153068 127607
772203 87508
866017 218929
220491 356102
54201 448048
468668 213059
464885 152305
135986 715917
923386 887859
471501 747558
723486 804274
243776 996867
821970 516707
379819 385080
327582 402779
893198 62574
826254 133311
62383 333117
961663 61901
372667 504544
854634 180734
468287 128745
762234 593065
962898 336282
353746 961672
218410 87777
934257 371427
73823 373928
590418 54710
921992 852213
311747 681446
106620 993589
428243 79285
345267 877205
611957 56039
486505 889410
333706 223686
167062 688962
583253 760851
438308 30580
314141 481805
332364 297647
716565 114186
633666 552125
745949 76169
840168 51951
860074 18358
761060 428722
350047 119802
331156 102195
573749 862133
31874 719654
496187 17505
312363 673459
493440 692563
325338 419132
289555 780153
525138 383167
678249 621552
606474 809417
712415 839506
570150 671896
862869 955553
12879 442699
176206 569937
207644 975767
756421 981732
944091 341315
542907 404927
521699 999949
266845 182865
441941 133587
271436 379933
822165 604160
919133 822200
805706 185489
250277 513552
135020 591602
84131 913098
912257 64546
634296 792501
218890 773599
647523 672921
202993 346249
214642 930693
562308 381884
819300 359845
943506 709587
263000 141094
879182 875255
45663 929347
502098 483661
430367 240451
239602 249778
960263 107719
448033 121879
377693 963339
392933 804273
485641 885708
354214 978567
154380 404802
304236 307042
722796 445005
87776 887028
424066 778476
120793 3652
520207 786101
470075 984747
680832 88393
369375 736876
265119 661373
154437 765433
385517 953716
242085 559994
594498 305775
684862 805107
831779 226384
691544 857002
592941 940653
749699 486951
544268 282715
183667 55762
112130 168006
184126 245923
770012 706743
751079 954633
79595 64940
743599 180951
52583 684428
636643 411989
80482 184909
869184 866099
296088 918241
464739 332243
659558 802394
58663 922708
981399 36012
332361 681109
220134 451729
228252 557087
321583 189995
486759 45694
760217 221982
495639 330266
397802 632128
69239 642714
206513 245635
995802 429012
454617 714243
113039 444435
361552 303367
649266 272310
763257 403521
636115 721506
501328 330503
816844 843589
492406 62338
274774 313580
53679 772585
648148 422551
83242 122020
923008 39747
157930 804994
967863 1972
138179 696231
134645 493736
928194 247792
480957 596174
409630 978562
472155 354960
470079 329065
142997 423718
518372 811268
773239 656661
616167 47275
361668 323450
13721 987814
104873 814226
775403 969956
874370 102594
457115 826659
365671 973880
514293 66963
398526 534994
377705 756794
341188 63691
979524 560389
316429 428719
593987 367568
721990 620532
185116 227214
816914 676895
484946 466830
173882 928080
122706 453476
795092 528887
552913 6767
150111 218035
82872 631230
363756 950396
367315 611596
730063 239000
372015 51367
10395 670127
316911 111286
439994 475762
219338 258406
202174 680648
746783 384418
658961 507648
823703 588743
364950 665408
482755 885566
225008 223809
617821 598293
711286 371466
614682 645212
123606 428618
954316 731853
726473 803353
950499 106889
938488 248533
496723 915336
880477 937550
943149 233324
70321 104427
846220 394443
392915 9173
651290 369256
78917 666020
521330 619772
490766 295596
381909 540850
509555 261071
138512 566532
110922 220639
525420 778334
903184 893035
316415 547301
642512 915274
904593 905048
631306 207482
837363 257757
423295 25588
463250 303693
163442 923040
789161 73402
958534 225693
852672 642659
877712 242500
648153 445854
841581 295846
483409 591645
427306 650777
985153 412374
419078 172611
411885 307396
540163 417623
19764 488885
554846 358305
286330 240061
912875 762379
921596 385426
207528 37205
366599 925067
643035 555543
28439 296424
964593 234026
334097 280664
105996 528163
387939 193974
465108 286891
934090 163060
225415 817307
256995 79655
283415 653859
439411 183831
788529 264288
47285 842521
404999 320980
664114 389632
860659 438062
901125 594490
809508 850931
137763 113293
67172 268464
713082 312435
935294 966727
526054 903800
884791 565278
224956 779619
528980 206451
760056 961836
3537 272491
207056 706636
168882 787981
461786 198633
9009 704994
194809 735829
204208 6259
455474 862891
808923 924957
608218 967003
50570 52488
46793 534846
799767 275454
193390 149679
613814 624913
58278 104622
570417 665041
786212 272954
795279 220469
917883 638590
999699 559753
562046 424452
686845 653927
854816 495770
766032 575554
779329 417745
301321 391398
639899 161835
784676 913849
333316 48253
897800 339219
341316 891030
919448 978402
64741 400103
745525 174795
853373 437761
977366 123967
35846 686041
14022 819576
505722 877970
978469 279083
486357 402441
191908 350609
537627 584817
647183 857826
393889 581352
551590 496650
348015 376581
757438 737927
497515 199713
302974 721652
941826 289215
643630 76551
593479 800091
804520 587906
422041 716198
93920 403546
755297 779098
936920 899977
160029 892860
443781 989557
900919 158065
943338 374979
847820 769295
356925 270447
562648 123060
284346 631489
875320 326036
310641 335929
671642 858464
484856 994553
737448 573314
765042 967956
488844 37021
156992 595374
37424 981551
558183 738023
677475 904170
630743 926476
693249 981401
723272 34095
601730 386
818053 787333
927082 69101
94150 146733
54140 767843
451800 112677
77835 343195
627172 455235
614202 475652
135803 273172
48790 755395
837114 817833
512154 829472
992598 39627
976328 72793
508052 190757
520257 38338
703211 414513
934973 610553
916721 988205
926939 787700
859546 17345
317216 800504
76670 642481
612372 943161
206493 986320
643725 713031
908993 242046
136756 641620
873566 925393
712831 38101
988293 626121
160854 471383
595900 370618
714360 86688
424370 177565
129714 314407
456935 3139
26965 797123
59903 39747
348092 252119
993774 526861
729758 647406
344923 496018
924729 907497
426135 523553
271792 766779
899880 897598
746182 411430
950631 496980
318348 43766
992946 30199
226579 931301
639871 486999
522021 816594
130579 201266
291877 459365
877178 739778
422594 463783
723576 46664
286742 398394
291985 866557
804076 135836
254895 408680
421839 614938
175632 701192
496676 425361
767512 37890
496590 342719
970563 220940
449930 476938
218263 827722
827937 824793
140681 149507
293015 628214
950514 631822
79572 452866
831445 527032
858142 481311
954991 596550
57321 158893
271322 928314
437104 557749
800141 287648
951257 398018
745773 450727
452534 871352
761101 194279
947511 243650
404473 216831
503461 525108
741941 745773
424040 165101
231381 591120
636162 109532
578543 67980
255018 278366
852909 124635
788300 107110
957972 53932
310076 825311
961123 730556
701673 195849
363458 939148
803645 299577
788696 200476
155256 191289
419472 399986
74391 663281
556572 973472
785577 32537
541395 377084
686796 862950
196535 987053
473512 884964
16417 428621
758731 567684
661437 311180
933792 74204
719646 251274
94203 756488
338797 988051
37827 242845
907961 769613
571777 911667
520912 847840
457025 671313
256632 10810
589763 515628
463464 319669
724308 330378
22557 871239
996000 100126
499078 482074
518145 37937
242554 959031
996269 3078
993779 556039
43333 86529
14855 250332
23823 247710
208370 755374
638705 7189
356234 379079
611177 687104
618777 892408
916577 726900
945861 966526
363447 688395
181553 501897
877653 148933
8280 22524
663738 665117
673731 470317
639713 76573
880408 299281
872644 878500
304972 364253
488208 18571
594709 496254
79584 382254
300029 485703
950229 762465
38209 540892
111994 945741
266122 815662
873088 927355
66649 326439
2806 149728
937857 480788
657230 927596
838229 285385
846953 423655
169661 628037
726682 755033
387793 76036
183690 891327
352501 157041
333872 198358
274003 781962
323478 26109
337369 334020
108715 341706
229163 856935
92431 482310
539335 756505
469384 729098
593329 960574
433327 913755
382681 238684
121200 788667
122708 461571
6626 201036
44936 816933
881604 466284
977870 371693
623492 549197
509482 553900
592541 126327
4159 237866
96947 310614
32114 548697
409864 597258
756534 623172
623090 651691
312020 156025
55503 664322
614503 716132
171985 921217
491841 819303
671673 374318
628619 599996
666718 575907
801659 537766
599799 665770
48613 501435
976095 155018
761950 685510
293228 339283
494878 891497
847087 178272
693847 367595
359044 709826
643617 122737
444482 414707
564546 679485
61136 191433
374963 916722
62574 656575
281837 724745
636846 943029
507818 382952
263470 673384
211385 390084
170251 82991
374672 337821
333578 100114
947493 55970
925551 481382
963323 729225
344737 588826
127453 838200
239785 471317
860511 318755
656629 359010
779526 346460
442683 15687
477634 146091
922916 327172
907479 952449
575785 335708
118629 765343
397540 779620
958888 34572
900170 440141
739772 263647
849674 899458
41489 513010
670875 653037
554542 691801
697542 977817
1727 290976
485501 390351
591466 297503
160935 164778
161391 690392
171270 949315
926344 101836
957909 66714
184350 162499
771869 716928
474650 795603
335037 457634
349581 932003
49862 352262
127037 738240
64346 161317
440512 806524
96739 941244
561212 961618
740053 120212
466803 624139
633933 736120
56529 133988
679810 75575
304824 590986
227815 580593
949255 405328
614841 983132
521621 533878
38606 579784
718317 676565
450713 606701
285699 57191
844438 934337
326603 773355
213039 157830
422773 230609
780159 842167
510829 806174
690848 57786
420971 791601
766334 183727
622517 458743
422908 500439
294533 429194
179543 119934
543854 115933
218714 861494
572138 739096
641827 442776
630695 553632
804364 675271
335898 900577
895641 528495
151480 644320
217950 909054
651835 565550
647554 463705
336226 868792
872621 749979
122430 979445
451968 861394
74805 390467
592776 906721
713215 867241
617491 737045
230343 14407
104033 221361
653660 371947
977879 905624
882782 257736
73717 248750
809720 995236
938894 216341
697269 320928
219096 687415
328201 215212
677935 309541
95530 43955
613163 744122
255263 387293
374499 91345
777842 475609
556735 376524
268054 990197
395538 609964
880337 854782
977948 6025
563435 779723
624674 236830
192770 841244
917515 197008
777206 165715
455290 101079
440459 971786
739604 371656
258663 762517
773817 584837
687554 999464
961922 852523
632606 680233
473963 277836
471771 778093
888319 419255
466057 949739
229948 312869
861142 165307
310633 169306
141756 925578
101792 877895
105426 551676
862726 259289
264944 891445
475184 83753
831092 163079
524566 788599
425756 115262
996085 164329
989113 655858
407121 226443
496991 10049
396523 39088
181629 922603
876737 219395
402885 494681
238571 670413
460824 530380
23595 806448
932799 463971
312929 388177
944460 243197
11610 290696
609844 484214
542726 315515
134538 55486
883171 375736
511265 647314
310373 838847
926422 218808
653943 940979
276611 729634
520925 818363
469484 100846
6875 285187
352579 458310
876065 206259
719074 277003
360320 991312
882665 568587
488802 244029
316086 266842
359929 977805
212942 785075
495760 57241
999069 439717
76699 269878
44791 587173
559139 819725
37388 822555
593406 386608
109337 984070
100576 864514
292413 312560
135129 128402
299056 335629
216940 928367
132734 173089
706985 817402
982928 96528
259217 947447
169979 507737
507388 518239
110812 46042
90426 803100
819635 166227
866001 794155
450891 826646
888121 588121
795167 111556
450852 977806
223706 722864
260344 971937
645959 177242
919679 620549
221675 799546
312978 491934
392768 483920
166905 531716
741406 621765
475394 737790
853430 251531
911092 519554
597336 406110
696728 6531
454234 33222
619977 380727
657725 56072
524841 308438
215913 634597
690378 350433
25824 895547
112932 611051
612834 348085
581884 568433
901867 115515
202062 679412
626325 944519
454321 549511
338838 529460
732338 44283
655072 512675
893063 847787
501531 519944
716287 730327
523357 861922
404919 700760
441544 104185
210919 392684
26380 884782
133548 311231
823868 314997
434033 444033
717611 387876
379360 188372
443167 194082
623260 670000
808446 877760
548136 897292
412006 537445
853854 974720
320146 320210
27430 272455
407254 576618
999990 887525
517606 566728
934946 637228
587670 278665
308817 105262
340929 753634
783502 608310
358079 683025
43174 229767
808066 653729
320080 240261
512319 90827
885043 46297
670577 658953
103360 296369
785048 285879
366350 785156
301692 600932
678300 699207
901141 874705
904036 757166
39067 708616
571268 165196
45906 358281
388617 969589
444381 953871
967564 798613
33174 264733
655491 947852
250358 503490
920155 240853
67998 744316
117540 226281
557940 646233
413564 731820
337581 886202
844721 678855
247135 365214
570187 606332
846454 276262
790985 276991
449530 418792
307593 202258
532023 795114
492036 892017
251511 446484
825871 400642
733472 479452
534451 844718
833409 965331
549429 314396
165834 963827
941529 36868
383361 926837
727925 620115
488689 807873
581250 471183
410073 997872
485678 11324
557815 747187
36504 954659
401375 61320
490218 390448
382012 165150
486561 353869
65361 489257
857037 37590
309477 387054
221625 238661
131902 453759
456221 148001
765149 51073
16669 767509
448937 663702
613051 726125
219335 504377
464000 397280
706999 695941
68293 190872
965795 530067
517116 303806
469595 678886
840996 631181
709148 754971
955604 414566
11640 100221
491268 273442
96927 421185
680979 866552
25213 461033
746305 200232
117282 768647
107136 855980
921547 651684
167385 727827
