100
82
-125903671595934149 368002912475014960 -526714524314795207 93861920185738470 -253593599619822972 -706870945895350021 -743750246482925885 58310878116042393 -867255987335733747 -773095160046786423 289860772427631774 -133067644330627352 324268723882299097 -774912449094267347 604218418079541137 -945586936863244044 -326112386756653461 -225539687236994082 336562805062719747 470198116278425067 -81870103574421760 16037979830948580 911549618807048456 819472003304698946 648957031303862930 -707367545870134006 -627576051666799809 63635108751606636 -792429870484524086 -167151964243645141 683791310171592325 -477750079388355432 561458946274302873 983026999710455909 -574749256387124744 -321350694518866274 -946164788252175718 729002513400684359 596786185868866918 -630368295191553631 -68275374565855891 -510349824443072664 669813492962092605 -139413652347095885 -790032213869144475 140166619143457707 580694806697091605 725396935154214499 -418063028304639154 122835245068193262 -262110834510935385 313244507157384267 227364748334121656 -594736863006282861 -827447454003568164 836477895650558465 -193167485815304944 981886373330738901 -311676916527330215 926008476270550334 111961877720075843 228996871256468799 -912162129663527161 -975772788382553889 48200754458884305 864839447811971581 -243990636942799855 32646490813514375 -694149737921605387 -816844349440773205 -801027642021537081 -910333729607947175 834422465053507491 -631339951763022177 855092624830098882 -814810348320376440 -152205151373741869 483718370387462369 761630333233290510 -948664203661806842 -214482410755500900 30901934227152162
89
-925568456972729654 -178687490174227514 22563131577404206 -804454017788989538 317750825484882184 -792750342847723864 480475014595436693 819464106492141192 -266858950498949558 -343473686817630623 -889582373373788472 186956456887412504 -965385552978024044 860942234372464701 482820849722716056 -488093386766126879 469619843069773854 -161595946813186526 -709968188151628311 -9906427562206157 386771864896749150 -586842171151122135 -123183470582452610 -835577778384373857 -304912895021991348 107856899376208315 173939623404817033 26539772201643941 -448893942830104879 -759403549051209900 -169602848071786468 -957756203215561072 282120412070105876 -146761537514974072 -509424075213689788 317989779530780935 -464089110733571804 -568085408179885097 -7561879649109785 -812517085143079337 920880456949372495 628678251948592206 -231645392198414563 359445375029194336 292919007211384623 -674617896748539564 -377302514908282534 -657623017414431560 9119036299182529 -785407002305683118 410524466426402878 -710279413991332744 -327682881551268961 -154117386367782130 -938412762088291386 508002826836806295 -71829546792908557 225427246802397077 846193649369951624 961376515065990358 -589931861320013711 737177765085576270 -209273767194590777 -888933039254657455 -12828897990957255 -467890333916381409 449364385812416968 312146881433320893 980546997229728655 616838419676139877 -183481608421602576 620033417076300511 690865914989893900 501611248761898876 445426304163611692 -261068790141335907 -263961286408747684 8390954099898022 -587088968167658301 170097358438458127 -100186083470682722 523459086042040783 -243194646656560450 898406995761153785 287784847775225218 948930388064803681 -67247563971632309 -278460925882168063 -990150306575623719
77
580634726129793085 758476942054915588 515241420613017525 289836812258935903 16744551799579672 -236545015198043567 -487838636542913440 39396974927952281 -463676114352236158 372846540612531646 -131523267985828423 -598486152022065189 224345759490445784 843566644593791325 -195902746606046045 -9389222671727578 203177186476820060 -868275874383064894 728141580300873607 -309751484726021439 625364328367759392 -469254464191282996 183104277056275020 386620022139018369 848791112655814409 -428351982035460298 303655240672934014 331918953440179176 662849854723489337 -622177684467836041 717090253208047887 210032231475726235 241121641443374952 -148955424068169480 843091625698577202 596085495520024597 920579661978968473 48465299621965288 963313896091562853 -324140824664957090 861738310701527413 -444936458611017659 683499164096873852 -198405281260597133 -528160094303953595 -261127244179072305 -961172822679720108 250007510129814635 580325611325102374 -769230992405995297 957292647242162751 823500653353916005 247872515425179512 582229557114909262 439523389566095202 -436580069789002431 689526802032108666 -770448166893354439 36104500407452630 -676294474836265496 -521848647515516713 -916741147205122663 -348184538113513066 -555629409425676968 524136089992284849 294863506138611543 810371785113664408 -342953312859159740 261218660433182676 -33852042730865318 794994120599172321 925394228313549540 37985194265870161 218363800828803720 192254728546893197 -118964536810978650 -735951404954128409
33
441662645253238049 -355475745678261314 87945276973879001 631111645251041627 -584174428437675845 457602651275311056 -420893559202805431 -819439628914985485 601751728226454847 -365028849454241693 -780296303949517359 519758020272825118 438065015585093870 -535007179722376523 365485106713446732 316611344551830624 594488676018208720 673329087117194513 -746650753182326140 -126575164844898897 460596767959524221 -194658414577417074 -434088264617491741 -15127403926200804 145172207843024781 -796286866045009683 -328586902403233031 -937215745418355015 597026851658902519 269838690308410857 311136230212110627 -877255426955846495 -337102087011760470
70
431312001606654328 728923467511240353 644872868426088653 -787029234546722398 -907037085740624369 843915323880454801 992613102125672420 -965495567969025723 5011167801439173 -489617400082831874 235618428683556319 -265016210584202168 749602913738403793 -811935093758662623 -950034755079664744 213948785712345598 -533207129064436754 -74744815414775532 -391684491091018172 632738742326751312 650555701043008066 562094044316688899 872628524961128182 -49606483598186541 445825963834624184 -139010805839809434 688620860405082002 -34113804901273264 441093432044585304 83744818494241708 -912537917087095953 -274223887811168562 -78849633622527445 -386526276295063049 -785613022542821560 257244356495901902 689271122894569015 -152233154171833526 -121847324267627327 -143025296050218507 419868986350824118 934712867664344942 -915757376326294418 788129459800540832 -971311264963118839 -589525073320033205 -457314307837503674 712146117940222135 -601847932654551430 -650782965057699896 106290835059743757 -395087858934058652 -921141498633669041 661065066881818121 -186241172135892264 -962436849247360557 898602777311918947 284958043663199337 872371658463828299 -173098724158833495 -135738010780277531 -243447341324120715 189714633509596065 751909000867157165 345460715410477724 611591956965893692 -929442851692896274 -427604197977701008 410849046461174357 85259712646375542
15
-368053884725203383 -545146047375045444 -525305468431473359 210618624543223643 612248927846702468 249435786342019783 -895574369415943592 382727772113599721 159185967621382760 -835176489288690203 -650345557366040839 75921886265819457 -273477197429913641 798597305260211043 607487251969251376
98
1307027457437333 301384479681190084 -34796489923793039 59717506974138511 89281601151870266 -415861940656109939 627389592507919642 -57422261760702537 -903703683823447509 -126261186537844771 202018553513755720 -448821509775582016 198648712281557230 -702945030925862945 -965296168307285914 751903676370161633 702034647590093431 100840139404674762 516088158107684978 -849727955381252057 398908621416685780 -997675806843871442 -642224229256868975 -841209175473384195 -887535769085444812 876934318832536108 820824640340497543 -208359924926511724 893408125832423575 708149067774693767 -648885626526915291 -110029789745926985 844126547991892889 -878950939247557588 696191135838988960 -376351123859095360 882114962596782564 -391500432085369155 267770382897944603 -121339822307953748 818086386598795136 -839790234584130921 154254287529360159 998394484538607847 518047367274573645 849317504136510249 631446231085330143 787360331369181248 624128696780200359 -331833775725548835 -194292124894109080 966937248903531050 -782762312172170390 949306263712114139 533673345798970675 -70010332109699962 694676825077653569 661781680171215868 -273667246743744186 699488238118859661 -343470487325487493 481786085104749799 -640552871716149074 384219779098698537 376497181566674466 -603924302505362532 969005461021626093 28167531939148916 -674779356084288335 -227143652361114566 -823019271938601551 53382311735219238 658205984750572990 582341357739364216 922138769135529453 -596476129046312877 -347346181343066445 -949182409201713833 -64193943110408292 -278469195524347860 561752899953587393 897984960412950252 4023907989373147 -494225625261337719 -438960834163755213 -308983075026990032 -333658770565600867 981889860161655009 569839106160589589 -389364686133138115 -294913773233549714 -709544556952601664 -923855688969652609 320467455325063513 942795721506408760 -944102305768477479 333540412482443867 -111428664933460777
42
-697420180201177740 -36043125780143826 -138021795441319202 294941919861341352 84730594014177673 -630684006968832310 758376361965579225 -190906822135216637 -207507279935408271 510041811403714132 26458174985695127 529276749592842913 -472004901592669440 -259507578889539427 -668450318380681528 930635463110699672 -381302310387936888 119817367109202909 -283710751741649484 111946773624756788 505816486079420396 -671747445841010107 -271492409032308209 -3826165790658957 880256223704964957 866629627738967667 -911527864735268213 -304291143331649187 237371617750617492 -675719542448448639 506421859935487455 -855008707183928435 342107557103758604 -772272015511334043 540775611106187388 -448055776067756029 349613028643296332 940450739691971287 729815231627802477 -839614822188734894 -13011780102819118 271571036232798760
95
-396773173847257296 391257798170210361 -100499209197293464 57671557779924124 -481234548355062851 679196411985406812 428686118724301138 -599210048248839045 -54098469069721887 869175122939883329 -915634223189223898 503157309101756514 147997838941714023 779570266908073522 -914997928387863986 661389599128873861 397424703491476662 188548161662175733 -608389083227809589 -589362989691712908 -877708259510117094 449606953409307025 -310765709270148686 -83219408607969244 901744829706131835 -985156483788169019 927643156018573162 105713392596922098 -445883022703449945 -348152854141498713 -531647687283547803 -577644756636429243 -775057558438811901 888896619095872153 280709268157430814 578986434546129403 -280340372359518514 455697266103125216 -708691249343927081 206755895677245942 187853723853905448 -599877445864109612 -49094640411781548 -981900777163517604 830654263195166354 -320880555824726125 407550717589903690 -773380789436502966 -940229624677040873 764752112184151349 -612423306860006859 209048167034603950 265050903610039486 -326236935749069620 -988380278165214364 961604782216984649 620539494048600177 349871383406842911 -107022959492712848 741579257567331746 -826421927372693763 559898758578584810 -701030145284019696 -81764999865166706 -423530746398805824 154346707891750523 -105861206874303074 210014859374800735 738143383739729077 501360516403348332 404689354523951248 927864486304791907 163655297637480589 -164115604595800413 643204865782589839 363028621287389263 -710424359551830808 -591959396397843816 127887973983354780 -762151891620055356 606160814316243197 221595731021717561 790321867052572993 448626412522621428 -973896288981219243 374514383177896464 -55576030180767506 -684991860725126248 83738902767295684 -579777992802130279 908395203035697010 -326426411639584560 -426544711485109299 100980769280661484 -49751509157051568
5
560579022892349283 -756640103036931204 510270823872976798 514157760538666199 963004557109029671
97
-719571909258944574 108592902039820886 -167019708262037719 -617356330229098528 869839522317822554 -778067979382541848 715614938812632127 19833449821514026 432954382667846795 -950885219317684693 519804154011334458 610579805109844290 -724259663462666012 -682270450079695141 381620649223340676 -318878740349818193 -192973720307875359 -237520571479538182 358830771409459885 -190948912436481963 28673388438007401 -130940889058483707 -832187078002484669 821633875596621582 -445530684407202793 -302650491761116727 -212771756238715452 -645105536193518328 672848548312261756 -11521523381907977 859173340422270576 -433874085660565525 -661810721491898671 -82781966826152750 -611842517259647131 -184145516634031467 -585320760004839306 -781847793673710169 161824340816310088 777477932271158564 428201349230209413 -175352678205218111 -126880032854909490 -17580634031017654 -202433825375287971 8060873854126291 -914188229645556364 -752082462942578937 -644810957635274910 -430162754336286503 -572003448025793580 255779988740528616 -68520219912189360 658872077191071924 -319962338289089931 788831823216099633 -372712062367749734 968064916943384180 -722639868053891832 -603098143319235764 230779642290665186 -861039859061523747 -78753797071064195 69877040398687021 -972776836898495318 -451677209337186689 816893574854386553 -450656297792218329 -359637365503111947 137926228357241540 659498957807941955 -86426507279248548 -51379262518923568 335683875419239475 -519339671106369335 -156672539198081062 -890923933516890428 -825581602412999900 -166503609005689124 298695721587963894 572043647163554019 54733688718056376 743902924803877152 -648365170967545867 -541022023838586230 241397896997047535 -161167234361275309 242658268615302294 351409459144842257 518943580809428623 -241227766670579489 940110708817357649 -169655930780103093 997391012481150754 -466403252980988963 -70950796650297651 -386794228244794224
94
-414242828010466656 -139352964518045331 -60976801211978940 -984446851159246630 590815304570103397 19754752045486899 -348387914908888766 -243057284269095526 647448411236868866 -80252163572259032 -380847839941542571 -339136583183728308 569486021459393227 -842688769505896181 -98925394824451661 942907249180017631 345587216280808152 820491151849969480 -197650686862399715 -140673810182382464 119488371296659549 -853973334571934012 910333997612299176 812559965921661669 53925822629013853 -670981188476122848 498416038426406610 23151143429409800 -167246553658143489 869092097365372385 735193156442772884 903230539406631011 -989645679180908468 -780421152398393008 317710256459415628 929311452285364670 -890903191411020549 -685246193409153271 -594678824534434990 903096116420386848 -71309904260921846 936415911051836861 -626625721315373141 -854066634489138598 -489627576660729883 -762064265623571928 305949178547857369 -994911974888671357 66759963811012441 -546722997814003117 735540853227504610 -672856983159453602 -980721800179783789 -716441539285761447 838762479684571259 -47576270810425633 -134524905621072401 103263806905287852 809985402532966702 -417039254255723328 410682407926323630 643472214200250285 494777884463468410 710897253378702164 -339075081455260491 -219559277086307441 -411548339247209182 -181619776732083003 608336743296372833 -343171419245995837 -465757340926590854 260813649997664175 648719973458598462 168941843682897857 526059067433955887 634151606106251708 -206990270854823032 528229043922735596 829949823752049162 979858414726859659 -790701691791496733 202021587717594713 -359784833227717048 -866767624095936782 -177357588514486765 -76542157361796244 -458601783731695892 356806808782326909 197928219021750739 -685860584684995528 -71896854086248947 223250563725549671 -565202844945791027 766165136139217641
64
-798833567666981750 311616990941348793 -109743886978258169 328244436066323700 510794142833365159 448805835005772559 -631386012802436426 94439456165051458 454808713466156387 682149531879043827 -356714517383682995 567798755355698420 -859843222173373694 -143499038354469612 -758481991846691899 -419301619013040946 -934138140217338757 -512238542451084872 684851194782359843 479528876265376959 992540564733934601 -464689633523836787 -75780639947336975 986752893342798375 218105225874471696 -353539019967296545 588956195665559018 -495869635028809342 365648347121500425 31500681173822425 -358382145571756780 351774881907405576 -707054141661690791 837701040854191537 -962964528700685343 696176429998622378 -599037488710605894 597464659331539071 -122831575181881441 -945215309112786731 -833768019089383648 830737020525283781 271144858873476502 907110808364721339 556432979243664412 -898078223549520271 -672141188401841336 250316218463705940 786048542861937443 638041674696231175 -9032590443835553 -134368935116242088 642866602996088996 319477651583226263 -588856252445157701 -159426110324367786 30843931122350002 -900213131353146585 -965265373359398906 -363339420588277938 503451857821280136 -793124827431638279 -235244256981423724 728830711357728834
16
818860218179246256 -164990057403303169 440877654531325899 153032835906400549 505518563218905241 719503125475579709 795830055566525346 -681317217567169949 443740173889197851 415945336218575586 609770071478941603 -395294671665767472 -156899903839152038 -274905011315177401 -980397781070859084 457318112851683400
31
-953962319605529791 -247891715690566056 759411428380284625 -764507926914630758 -909000655255710239 167158733752550337 541931738010461585 193700784259408990 748201768824706624 79044045108534211 -747479624220140188 419304279488290067 -750208240180962376 -501531327915456132 -322849890313748226 -548427819431714792 410951071031550035 -91940958371024757 551472947321893518 499546439544020019 -798720148393313633 931438269823662169 563158806863849920 660253007882471377 190178810986873965 320588389859122838 588915405264796694 -55263651346384471 -295198736861901975 -889566687357109668 846676554506449712
39
-469948215146746333 -797028801257322944 53476451142054402 434736570696140521 770644807071387492 602590453673136114 -53921703860977515 582659378278928823 -821420848483320710 648663359427367626 -728710039119950251 -190416689732898231 942139288754900521 -758560496801957103 -130681127693684013 -139441671528690984 -151377777304089138 615818372334519494 -801783141265308783 661301026812765312 -177067444296719901 516757892253891189 936413490262876304 -53026213315432260 642232511716968914 -967758222181122249 -228267168903807230 -270663892320525385 859778675477843768 -562888851821478839 12927477795351366 -192611751963563187 -495817568323773758 598661952938075481 114434394544145773 -136987175382326043 661887380823607336 -201576155293343564 826862461243142088
3
825204262376417901 754898381293960239 718322699833836134
50
109582040693189966 -408411548779869446 -143284792201373178 -325123242077958072 113940372214126392 285318761580538079 589853908503521632 -131477110274892775 290299174953054050 -879142892754011618 118424522902798306 -280781314602649700 991603028226546511 670977799411151617 970545820032437085 -915373393208845456 724388192207274655 529357950298544705 -563955465751191746 -778452485758936043 220905842026941447 665391284984776293 -3102906163126587 12978017224616664 -541530523016883642 -825411963211079997 -105128592527121352 -803227863185887696 -660053608379837522 -181809354014239048 184892134951063828 -110498436614372615 -790784017255398848 -470261420505829207 -935945755447197817 854193856514448909 834636999164079002 828916108648806689 112807318244558518 975092893268795766 357873091073853556 -926892857419786327 480806922858954009 558331148654547617 -917793431935466949 789066706569090385 -881421634501761912 -698771585366236256 -393451975953451726 657898144994568237
83
-690758385102299876 820577674685701124 85664420329882602 762100673044167379 392770130112440428 -564534330141798581 -83664142808910477 56569612489058628 371360936959805745 252402198483832027 515197677955301103 622566264261833069 112325965876195123 543247153210317563 640141962505313559 -344584969756894022 719052389830714687 707951193916370756 -335406382673968864 42599228911900787 -908174093823193976 130806138651928313 -429065824008302005 159262541167372392 252894398493461468 643774984082793444 864266473389358327 117976113530182921 156706464222608806 337104901433538244 810812062849875228 -128464772308944013 -526257830078953253 -575078507072619150 -867446847864096984 -818630368069655876 418417370708607585 -972903268424347736 -950320288588669439 74988921226291839 387211902625089190 -338533513278976757 6113200808880459 -784022480953247884 456329666199555654 -966148507769504826 346664318351581410 -378578308798238215 468597916037842150 -325284773259687818 -674678220463033577 149000259901676853 -606315525215471828 -32567305919431277 794893401080908909 -420796617342213367 398107790472516050 -752397147273775904 437222660993974630 -253585895612193063 868592661082504157 201224183460875419 -470601789532706218 -174953716516882480 238004379704467 -540529545363554060 290532505823687259 36497069569417683 -824977777404134110 570726200333180359 705327796299122186 -614898143760989080 837967820832588210 638187983214794974 23325892770773550 -919594834460663351 350029651461419745 298479002103408181 -34827185544866880 -284065585855527962 648070628428828102 -178443177204297048 273923637624367308
73
-450464593852458790 -685130102065888050 -198281901130952826 -340953431494145023 -447265915048426131 507306023250024288 -507698492932306417 727485335159669140 -771725981313709591 67180413699420485 322590280670758170 901309227238971760 107838102432566593 768094251358770940 400056154010779165 -387186444488330256 -942161666394191450 -442151323212566091 166169765029713242 133588695858117036 -892942735187156185 -474707985262526420 795624282838602993 752580735271869009 -779682139128478495 761060988293442227 -462463083817099740 172293312500498054 -424099847324250856 557397699395993253 -532739072880098142 962343775771601252 -683802957821985545 -213690155618713151 -374766370826301240 -623378447175949979 374838101222415927 -255453454905309654 -662374340252931539 965455872911948746 -614354984359638604 323277285767711673 -80152545534797125 379515866830724514 319660710003664508 721758288008550089 316548573177490047 -480432483490275072 31836418259277178 753902179775892000 933722565463107696 655586233713578145 -657883726187751338 924978213009968026 243918849312296847 -250248217512117292 286184019159697283 681696652479721740 245918512745639514 487068814223885528 362113038381472918 191177061044834456 639276359491806045 984463840403929527 815130811405863683 500320688828642190 -713322793676006899 35199440257886465 219754965998468181 -770809243254965777 416314701564027823 412491347889273914 -424393916007256530
63
-253533904164863734 637573394571187336 796780724530379801 -153886061478393138 434728011870927965 -5815754000263587 -584920558428834985 883045806614313564 -826128464360334632 980946516549056577 -944604042358696720 -637350575482921648 894987271665250276 -779766476415950371 -897736251826990512 245074787634248503 991459796928773309 -978466782339464034 202462138783898823 -672361352353583331 689407007786788729 814813566996770510 -997367810256684769 -791602544730826358 485912565902204667 -876036521816928455 -462147343517552596 783868925006706892 -554215278307388265 -997240617058078567 223133534106449780 -797596950656109358 846739931193922341 -667346325006058288 -463679709630233982 -299037836604901796 481810363121362515 -329001397612200914 60019742110010844 -274383228355708371 -584130607924610647 606900029330092116 653728028661735875 953354698720019309 -906428149259516821 101125256403882913 -940011203166719186 -953705834700575763 -384516357571637607 193506021061671108 -6107774208759428 550449628869439853 954938507526105282 207996186911791449 -709774525806607115 13926764040957161 530933225203115664 298178917589190255 741216595535123103 -498422007296667467 945404707262425521 -683086956045684779 740060564817827370
88
-621392184604123867 262440707611976265 945436051902836306 797536587747092504 -87157578075060026 386193109978165652 954268080585420895 746785337917042225 -919999328985402878 784384026826792429 574905301152414188 -270522873487675659 209139743168194796 508400391952263232 -235504027027484842 83254533523406446 -228716503586559784 -272056198828840594 -663256191951517644 765994719631747283 -756542301865304045 231611054015521172 209815222327243795 -588160391406878232 154740941291122439 961124413867341279 875268641206153543 -349603897536084461 -258162536015328314 -993934949054238947 -351518789954649316 255883285189704348 69304362068685503 917176064731624728 -938264386267025036 -213189385228706720 951967026917378756 -775137907275612258 -903485487698198142 -21611884612185106 173670219383219818 -80120101551332810 372237608749709508 108945756930982107 -108940670150186884 -525186837376531742 783631581051479125 -844964479566329951 50884510262511441 745332133242187180 -514631201188966046 -622175182736895446 967286295156300973 540072028849575890 -158861501207436793 -805455088798728359 -2879107353904466 859045304709467426 362577193053525419 -121099236326242686 -210317301070168945 987158703130060988 24285597675197668 -222161670561170810 -424733288457225182 541016297239569139 356042357469135509 -811042335008825067 13703445649733045 -88853308693673702 -791946585866790243 35829551332700359 -982277185216528902 501661561877494603 531651483602955016 756266513551706301 -11475050173546367 613462857061980640 395578007265778717 147389998274641278 286749221874156537 -647535858487991089 -656768545791924588 -47252812845779479 934285836622894862 755386231251177048 -723417099159613285 166371624681254597
61
880557933117571717 464419385868520124 937659736054382500 -125606026042414234 -115438474370426962 -820423380033930904 129536305976611963 -81327947131909408 575655405235008735 451974313197132834 -507576675823519510 430831650760611942 -43960796223059457 -853990434887491092 -195885245602936410 970724062748084456 -463045244945947334 114452671411524428 464061179543438042 -246294979557402560 -483853509096183329 434013150726425820 46016968632256647 -404162324181261418 286434929894346052 -337937776708917730 -301742837008856304 687929996025488645 -235240355545311925 991300111880562718 -931157714120138138 -838136383958333826 -649661431975541541 -175143822397633352 834087436607304450 403540200036066320 53095840262825380 -822307222788345507 696264706578110639 -720391714997938553 -860973746393300875 532669640854043271 -24306520037802801 -891538899010384447 720624786077959013 265862028145831287 -780549413553098465 379747648656159791 946837847234322203 -141191214175679509 -825458802855697954 -332662541636816224 -329728348770196058 -873306981906978087 -785883928526764168 -773108385316081380 -178552151130765174 290104189195908368 -954639285553078393 -15327315800692076 -981796487797457274
83
-67923436680621106 729315224405677961 580524984057304242 -331997219095383892 841427796116249086 -341558419559484995 -520752458920296998 880596585792389008 -145578591585802425 -560623280876368450 -953729266607405626 637459661421208045 -19344149813607188 879125598638872434 -502684388892503422 -667631527233431470 -30301628721874539 -206685926572211067 591716740765011548 21461965162693694 -927414037440795243 -568530371539807012 -367766514566492583 69780471539376837 -413284203876606757 956534602115443114 400858618609455697 -667085408842269054 613490545325531750 -396745082040137074 843749919114077408 900621350961983386 -659967113165118539 158853066257454926 -414412961967606013 -306081150506649903 -82728018042460185 -531675865417043690 845125658337443349 -11807493914249624 659524246565657196 312175187986362241 982210280051703526 297123369729097632 896858431322206151 439091952636557043 -607753629737982822 128328004452831745 291093711432848049 873514183175258847 12733695994070056 -485809516674463176 506930332996781067 997276234386704713 89683164747499492 936159745460286499 575339212164940434 -535198913264203881 404165119602214215 224212427741757438 634965799644967307 -285956933414036398 497617792510504920 -416116311980406525 -192350688351615191 -310515145287852616 -839348034640879723 -936756114943055425 -631230174150954765 -588018778850473509 -177420360948487718 972930577848734951 730105273758319751 582520621124993906 -710613617887856383 -884545293977597028 -666409895836326433 786840550659652236 222564084728545954 -748717509083093896 474819460599851237 387623173568730245 605369183150069239
1
-902525481038235817
17
516838573899983920 -952872273715956953 -688451140930684770 -473646505724634108 -763659216172014022 155094417869492645 -191573631447553848 -829048582302504836 521874058255754694 -55818064737754373 175816116970727102 699679384584410664 -196155342953812073 170799264518024834 406115924269615876 -100201247298101960 -37840863247424817
78
-888787831522550077 837996027094206617 502897602939295503 930694874298955020 308529891295227959 -138242280859357993 667852001537759002 -466252630887990209 -223601984872299787 259521447390057160 498249334009455918 -665972668576723318 -628319839743372612 559644243852982982 418400979556763485 -97548054848846960 211034659193573518 653290094177181769 -36388553586958400 -93887758914373089 281880503804241830 335018311775632921 509041702918180289 109474258057780739 294447649555059371 151739076159129905 -825630118351581439 699996931584681842 836969533519458056 -5291918980520519 744824148232432189 -334224704808522513 355852597982483044 -245127722378422669 -561040047348265548 -279553316219026041 916176948899632754 435942150521080100 -474439066499926163 -91709740056236497 -775401714152134653 507245244103220885 792913050780716253 -422029208108668695 -672664036543326731 913235282200339298 592579537007172094 -843168355451699135 653241047228397591 -762791456155093796 -766508103713321997 -157106580911606431 840839847322218540 573760724159126125 447748564259306907 -116132388872329461 796106693317330761 -268220175039306801 -963533756542837002 242756486443899225 591452126528279440 145229243282974927 631307290506472601 -368141247328120902 39298013467327384 324307587795143942 2124139869273606 252099944326500018 -838126197657153026 -909697162722293378 406736246804561821 887141853796132437 -714918700472346179 537512630648811028 -920813875807199747 282602719934140328 -569323066666135245 -381866396421600243
29
633946981486294869 -107639129692771668 805713508861019880 -126377579808395594 871533334918587731 -68135846156283289 -493817480592174866 94302492990279794 -867132389519491108 7749531137310016 609388018479759650 -152488573528968573 -758889906423788647 755883299169224421 490116212618888102 -728825668288387865 973460032614685413 127740718785527577 -958626769417129017 492148421809523054 716254983122818969 460912957577483500 871421122035660368 880720842755471081 -411012085176007227 -161273239588854744 705799717057605851 305304795370424317 -214747615819649174
64
-411520870053206444 242254263115650943 -469932527541925262 301885711725407941 967480020188593575 758421962085575320 -128029651618702627 264358914080690158 75894452850780799 497506103015662105 -625506306039824389 843442052044793896 808776026947174710 -932960164291647142 -867872000599620579 -287766930246714021 -131804125005344521 7498308739277799 334039510499624603 -319095701891128303 824020087524243060 540952818999095269 54038366827265921 845066207950774989 -713059895915887936 -38742096579096761 -152431537825031119 12109974223004745 -419016119169820059 -173133781923178030 84672442600799242 308295755076122119 -485028811338928623 802416069997380224 408717886955596681 42551351364628309 -460006313295569454 -890876996577125647 135625861890808430 503340713904023051 -145033768433074642 -808557568546478372 -821746420577748538 -807496057230949910 475292018013164460 368303015531154449 326896227094421457 -341155012171633027 286073617334051545 -577815469546365975 -793352255987771294 638873578859134963 958324475468112125 -200695601665418264 -949230554194230389 321474598926950993 222764404614205718 -920393775684683025 -321802932730719105 -94076003773412665 -993501869970782969 -416180728046313173 112104863954128256 -781238124986442098
43
-848548802635032125 527787669771211088 348236004091760551 -747603485879937386 904595774814301656 224179096028439977 593946212169014150 -126226051552752634 -612247437736724743 535957208567247583 -443546070956068118 628528224302911769 678133106180906596 931563667464114604 8767382801341298 -534869752674891562 64585994919951807 -768035897059114463 -856715208013003967 -515954359543280182 448467731649378400 -3563741662440853 270178388817678175 -515045697430485789 -212047563337967528 72407675193097136 -645689399808049210 -85181891738673705 371142751480620941 -504151854348144593 287993451659691475 415398950725314035 772269378060320709 -755559371472839558 -626942694251852301 -340408641513532129 -529177521812312101 -667270751047683539 -631581907188968896 -509197107572385645 -616990389184787609 1675120293765976 -435081504765372444
16
-164430509373633556 966099509270332825 227616408964717719 -120903009131866840 -611778695861558024 -174404562745091439 803224842387467970 -901197490265836360 -541943849712448827 876417934747297558 -633288351888423421 374464855710896753 -903003635048257012 -992907961717248047 554826020374373295 -379110232973693642
86
174145226489247231 905660409268994512 345707198259598729 707279040973168830 822824459553408796 -91647426360244216 373003338346047529 -967956374263959568 -209243530271712789 764203624390883137 47231995071268961 -192310301370430297 -922666456386480960 664169535907474152 637919753609609065 -842558903503177137 11448247237570577 351268184184387311 -23895478305715263 142590868516888307 549539015924607115 -846089473532035228 380550336537261834 176996594575965447 -637733314331537199 445482884608465038 -318872391602261896 -894978263674760730 73836489362018621 -149407761735396837 693840643394587449 51168043290111976 447206576346069696 -890913564034910935 -704423658203273610 879645577916325103 -290589642167529064 824695076122593328 581192135080086537 168294295224494325 425998982965056806 -212146610468729571 -636697836351938535 -876493034157195658 -968898685562720979 862435886217587717 238337601710521256 531944183453077864 692110050525137805 -842411872578217848 -107642071137928372 319840257983179717 122921458564695703 756210682038217916 -724446163701850853 279240272779618122 255313164814897910 -86033426526231159 -667673502691583321 244651057091062179 -430803313876142634 -299171184783469592 119721834440150154 -740485836819949973 -166999503598451571 -221517197815822290 148297923068840888 166218464472222939 632491339986135100 650043003596056965 -142179099559261252 292804227266245065 358754591091611920 431496696321088301 -631157454655239117 -384421846515955073 853230644983832823 893777374118707435 245966180035218316 921760996055270851 563352232887216624 809683883247359438 -133892733056272481 153274644929958440 117454083161173489 39270134682169129
56
167906896787153892 32043438943271507 305305262722481598 755778440359618982 -137787018982701218 -540068193276661607 982409169978646752 -630241517849722347 -859141854479203688 806587702693575530 966436600454803337 62739429003729058 -145971817251185486 724829786786830196 -141197346887849333 -601998040610558583 14670680588924105 899516098254966200 647979168879106307 -263081686373393337 -71586125425213161 -523916095549511765 144427095784607993 727031010484526773 -79201104644831476 -289259085134544157 106132143739271073 465151440623333895 872585604668070684 304916900945645647 760626136719590914 369049696813483910 -882758120175987072 -519456861024086444 82830432339150466 984175884769257326 -370141591677241566 -70694158977340073 -679740116448002454 -454453921595698029 -470773319527164263 -461622965650668237 341564644378950364 946614790352615369 599088007224359383 -765199454246161067 876007578637798484 893330132190561450 -809737587179707470 -408391582458138080 160163515966467410 557616346736704327 -93413623666119065 -250351675937343251 -101340553614984992 505355519641335841
42
244215161411018562 40760733072261454 -344183691723069421 -486500568453349120 -962898596781675469 -142938491278349213 -746852130161485714 -469967034397273845 -279083119892390052 -631821205314203802 -583365264866139264 306172563409694626 -675175610633355485 -484960147237005699 872517595594074522 185254377430894692 -233346348586847882 918342871059859782 547959347213570788 550085332079533669 -206278932888812843 -79519323182903544 79752311655652562 -970335301485298168 443145629010066974 429807530717425570 -579131661452167114 922516251676597453 -360839998897226904 344181506385600425 -443620217419993715 -840529117450377246 -831268944058450484 -835805670159768273 580731544760967948 -336459150774260625 528044593215586569 382859082152172835 -98980351894798930 511250602105498154 -2712270503588260 830972638937746456
69
-583423678593854486 -872893904536141650 456446855506688058 -373968704744814772 342323568052153354 14730711535856408 -687167024904042121 75037337073437845 -77374255078310032 455301302899454002 -831548467647353422 863875596111617400 14253998729522735 -435231941821941815 228839131709476543 167668887121847491 -390963613948209305 602139400749570227 736275650737198152 -222908415713159459 -564392680427441270 -699885471024030485 -921602838105500501 -90521684648474996 -694213434965557360 -765520217671100425 -232113961499068731 230375925326743183 -869303236715667376 822324000821929127 606833478327425443 392394693148042937 443375163455915639 -220422212750184284 90183123062011910 -380761192804846791 -332991037953323226 671683311015792174 552869520864833119 -877686160937589421 -131296110940403543 -902732063629288935 130346753890191661 830689483539986796 -394082367508088311 971751044257430174 124230408467062889 -867226515195317471 -927154334663866092 -702923049216573567 -732493744528490175 -533121134508795913 878996661456021187 -20760737588563060 21931694544536138 -224063491295791352 -718950463656469613 -312644022093241509 981543936791098554 964565409770345960 113806221200002969 956983147469834293 -1235955907527411 -978726720767572251 -959617192461454006 823708067095220030 -448204575738451881 -59979069087508355 -605366248974872181
41
281709846197629485 -962413522107972481 -37019151657370115 -937028659666712573 -105968139145144407 -425974344682629750 -803898398132281598 517726747559072276 588144475732699631 -813535009451217855 -94693729678912178 -756085021253926913 904215851504702518 -809661685360183759 -574446842554783841 -365850992121986759 -910733018198230210 -494730995838110042 -236845710586920235 -415732202127800810 254700245601557418 394557059361366103 -86825459604395575 902942983097272218 653293594099215214 986420724166417445 -834673353131672365 592653100765874237 -321189654462973094 -656754516587136998 121064488773805680 -921138404067082852 41636519612537124 -858419345483701281 813209674441845439 20133300635950992 525332962626560459 -899858485896753601 -349650771701352917 844387786371167616 129064885382927190
77
-889198115273845906 -889291776100393743 865448391170802758 -924859686798385965 926690237491759669 976691683196401766 -355407832567194830 501012257020229375 853714834353672266 520078646800188029 -544266943680215389 122154393509739370 -849063516266280476 93759826720076397 385201583475528861 498989458002343218 -31492307339945889 729510246203378498 91792071589808276 -560951953287336299 72979526455696281 268121148356835852 -836251961987099013 743172908781041142 -598026163840099501 562676291306286885 238853396334534340 -418431868051501069 -42151283944713925 -964028963078300380 111577434709625834 998190345965960565 -480057492373366075 612443103067897135 -840836154031828986 -518325050808127712 -75742414623207595 985607713924872588 -87404448063813543 -995990638784451123 -462564016409940985 -179690545216936188 325975889625764609 -151794346628158899 823962395561075271 529470289634733763 -950837292611260395 -981402313692577073 701327939882447313 -910989814474964203 -243937637592507307 -340552469709566752 -33219707491050689 325631255951199266 277822031563115955 -681848833057201823 95274148081144676 -133212431096724496 424952552466062995 940230184807876071 800152498983617852 -780720403420410156 -866194582777560268 -447440444782058212 480658419911103560 -502464557254408812 -945020922879108456 -511814462898317691 141145523008394657 116888888113889889 -616433428184886678 -592095859756479125 -479611465790622873 125457813782695004 -271503490640886606 -247764142300485272 438869379860308458
53
76509134434068800 555683507574940812 886618135752220699 -873923250661877152 912830813629530961 -909539801380384448 -319574894701136576 -557478142634639713 401144426057185359 -241904130965197472 818550785303401849 -398610494683789085 -986852694910023420 618943293026279101 -526863344967212988 -357701272809179484 904804904612706748 -791556857294674112 -243055693028793052 535104063701918129 744046505193961899 -448856938157428143 -244950213082346767 54314268067701463 -214777297662407665 743213547973522861 -464341510350216927 -59040209831127108 210433255664107410 351963586383820214 -672319171117128154 755780059076070864 775467929889628229 161060589031287380 -713820934971470086 310119088528133926 923935464668894452 32140830235747970 442074708469261158 -26389817612565076 -995310113321236699 -199478025704801977 854622083273692934 -838979385184756536 -709705370317764449 -803370143420723656 929635455846957092 803139375887582218 97761953222850859 -979721619884836092 217716798533171034 -259354549262213887 -825207936159040285
100
179586280776865238 189953194153640339 502432681071806525 671240893784541880 -405644276420386480 -19783205037419503 -75769309319739868 130969556900858485 911494519347039859 -4023031152485284 -384565918494958501 491650942275700218 -196217002196672269 721937750089098226 -91947284343074512 -540914061188019118 906160491357116617 -231546224058409250 -755244481061037421 586044133528777022 980854659812246713 -18378162546100402 943794257975990031 -380720446577585051 -94092147272475724 -95152180507880727 372001565845778755 827168823075091874 -833740222653643428 666539162130388168 108563459714022101 -401205773608766443 135496496446537801 -207573136764052274 -484736201797128205 -864990156923708820 868091846516849020 861897678496190075 372031350289151765 354729280943737155 544564852867027264 -435976006112114274 588016244622102681 744305921505364123 175106506131801776 -936081329008701957 -757670361971940613 859171620553878905 -725413033829326679 935677857702988995 572676314189323526 430866514855636270 -351489105348290672 585834781586569627 989395830973587198 461266616850848588 -191690658390370216 83453149257032855 -45086079418982863 262085423537056675 781987263490491853 788744659788960553 -26563781288352537 -880328464563813873 805874194510771815 -254177683674601816 307024126211761011 -213028434753653556 -621268594763399899 355298278780497984 -310220257655554661 -91255254896671510 238590461032338522 -828778344143642595 -456957374619974943 220521644469311370 364132423120792137 -110828103048225971 964742157826700327 -419637268480702006 890225768725781597 491748608794762579 22511310500761306 -832378094213131292 597757244130352772 -293272860272347756 589376696197579999 -44997306255802696 -20323462015094944 536706391820845710 151414060557844214 -93933358849137970 -185530520565035595 486366478864669684 388624444953234522 -757636241802389367 184874086105717728 -530782142234458965 756862579190837628 328040314118761612
85
771636239356126467 108065031749709004 46628838756137483 344307326945332161 -258085204104408624 -229761050332749004 -292325809639186707 -635529408378126324 -636129334291552955 99863395948618754 525740023642034212 -804926746722656390 -201577063231514829 -235398969244596309 -181677878857553304 -322925451613144579 -105704968643546870 -484057558564482587 -314385357485612664 565633325103334609 893447575728439375 822624555706278987 -700026762985547490 53381079300713253 421982493390573822 -248792383131683926 -509411841449874969 -462724538896843691 -785694932644088525 -344775341918568123 -402325936705964450 -995006435392277768 -522831996948797433 8822146156779950 -87277709136204849 -598896724239929814 -543215633226786081 -438703485539520055 907487217446807822 -418827448660472020 874285218134291451 566103680621750655 211294305712486181 256638423660483066 420799312070943337 735478172232548262 -31427765300871037 -387136578999626745 -23553812653167675 -553493233949224650 -459888663472143993 174297237036606195 -33522320454999314 234668650663426689 -522512392896711312 303843820138114794 682043939871190908 -420098962585145506 414728261442520319 -177517977066934717 -647748646160855238 778133112915672903 200058961093653061 85475063999640558 359323789605253538 421378589523073366 930168222849062707 358983961483766658 -62093188941872673 -669785568781177690 -352271943370368472 -27683226444315567 -87520643156289524 574841904145512818 -131045657619268407 992218827617801411 -543181863822985713 574262107625522502 -167949749476921624 820900366326804224 -211680050035435812 20770221005614474 -145977092972052401 -181297601614668622 -420328498611814588
39
-165520591117584034 -762230853565700782 901246877808837032 -424620599571699367 338353137808436741 -324639020608424244 71190925321791610 -185638628259752348 624757473365055479 636556449787706173 -413788040714403554 -825691661552147955 609529019627710441 744872875716253406 959149790558565901 -209859508274139968 -885591423348124771 859196209468670336 -722151938358637385 -372689432659986923 710365452031029345 -601752662943643609 394337322374781130 43612103325331884 106520468187198445 955156338366107684 397417828628834188 -583733112396984721 -498064739292009797 -740330521863885249 528243516689483775 -340289744799487268 928490862210640206 633023993706769 -228544172802538963 -791110408774900387 -979906487970912365 -478391301389811346 63747716368856814
60
-3019587535587252 907137310678625042 494767731073645299 -216611622083647301 768125777934054898 -29367775417276608 995768208878125153 378358563911726076 -556234739588660681 -308010419477916678 515053257416132053 -830055517147047114 495425629960888904 184597150483499666 -603065283266651492 -771998842191850405 436825976718822489 -480165493319659716 46862464666996610 -183244551400321623 607950086362373294 553542720780571272 -488678437219446783 61925555420381889 -309780261558505263 843237809822483107 -198603172530668299 -728757934310762946 924283108343646087 -359091485710810687 331484638758466322 -524557933456624647 481542041211170881 -443203832204676722 781771283122296537 -150108525614486962 -15865752606268238 -926113502507609287 -174542650818924701 687061920010486570 -783902339501671343 429609441734363249 824041289113747031 659920167409948896 -569985530112038458 770367956239905968 376340807866138005 -389479912007795156 -688092483937092574 544996680479391453 84194329786275355 -328061277176470849 169233611000635765 357451189479976775 -968579982171734581 530822920279373758 -889870475333855140 764909320062101085 138226026658729969 771940997878715116
46
-25108319042991173 -221395745443418703 -77658052359620033 -376992072079856870 594332035412729267 -894121558084959334 -874873223914612763 -126422788901331555 -684296241565774355 372338352933993094 621033120340842877 -844225169666937864 -399360466974570729 -795313064686695574 301047654015184064 52017349519079979 654446831436514850 -930249761843528000 686265882053548225 -449916195559572477 667897760208422933 -388509351606639771 -418096112630009536 471753759076365514 -203741285890639561 487968868457844790 974380401893485559 -827074935569815995 -834673801872423945 228224655375866860 341491781177337710 847574752323218505 823786731241743597 495385079441359097 -204597206911974131 262018603811985414 -870609970845429405 289968998993914498 256155432431308915 -533178542793166461 481140417810952693 444641233331879864 806594344668708806 58980174890554363 -320696318978213132 -231806861133944770
63
-719344536177286151 152652983245169120 758780136505480545 -59825157511846357 -11627901924026967 -513798768284891360 452463598034100711 646397784461120298 -182348093327655032 -902610795343065717 639546160788511348 897705339369073922 -553757847017662774 52624029630661678 -152964830319397644 174615215192964246 -372803957828563506 878640077102743267 305523222051781092 79487169821235010 -322940688547443482 -279556401974711812 -761875739854817711 102495209122484163 892065404640715313 968018382425882099 -129904439234634597 -575741416173885044 -124670466274832674 940331467396032 419896177482897134 75701989760220978 -260231791578626018 215939857730697420 852029166419850987 795728584155679909 732991999223444830 720837278860924903 -175651138179660545 -501947009573151859 561263664196132382 -193392148059985814 251133016471261351 -314301270156212666 398344435932193049 838013871512277102 -300898303302909975 730666067733830165 329367698366393219 -252849578436008361 -613751616247600743 773648113874777446 67816861235426666 -396860821483827155 -479216583818121257 677533053133925064 -557748495298528035 -232085859060743755 350121246426364079 -85926238570678304 -413732816724198035 346598062347024910 -6159261959892849
34
677043180853307971 -457664120402306296 -198273086018867357 -591399111585964382 -286078968253419292 147536053383267042 919746828724160244 -702507661627207423 520186235063799281 71305819177384033 -305476821648768593 -482833130416317537 797919195689204790 -109359702121406908 132657920534083234 -318217477586944351 121713166062791157 468575933140876862 -222645073208597202 604187706454339712 573049065832445277 381187518032467816 774971968270675236 216385690873767768 864725099830562002 819514461215896760 -824527181907436194 -24866476299558742 -777629708173393055 -153965878714978702 691811908050035178 -155197167991984176 282692194861339253 -109592763844937853
71
310328576187472188 722417297796544621 152557886121287921 -693504530749964813 -736604222274631581 -347059499466562382 -219216499496600767 -549764635964364597 -218733705816019386 556706934921747962 -218480303176769437 659587379138409505 45479553662122540 -649304476266767729 -689589937557378534 578154916876385476 -821309737708627668 -499103339840903911 152018610448397379 137997098318258747 996413144027346574 199198460668632079 -862075250756570858 923872724078048944 422349836483350484 469020912529279871 -619466077976073483 -746713746777282892 -656149039808276652 -231058840152646901 381572895539299628 -828663625629173783 -566897021237822680 -413759366447360934 836000991999526565 -629862800990892516 343184289896311579 -622337315464866617 737915633054933762 986452844907092140 8789971200794614 -981496652751041067 -498488059300189604 -47879986116797012 874300405395052006 -951711420168061355 462234119777513846 -974628209859479118 847943270057191311 -759444060886497637 285608376700095577 -266296584554350532 582296203257742057 -897975133944261562 -332142605261246045 -196292692123980409 70172762035118917 -227229001209581199 532450314704943775 -249615366949545272 -426997015072193109 -504982908704949953 224230533139375032 864204996931196307 475653102381490593 366467885031164691 171099655474273810 -73225750978691461 -107318693965076981 826078363800600061 -389259220261702165
87
-390215153704345728 -221908873564466744 793294498629101677 -845342238897037652 772073180664846058 366375439906417015 -250608566332579353 -489084203869981699 -242945957445062189 701678532161590240 129504792151304727 -981745727231348638 -585593145097864556 676821018122222589 37555842179253191 738025135741749137 -439762529072209195 -834274517535185446 -920742744069703220 -168885926073766849 469143018111459032 -43479058883530766 -75947689489236502 506726163688803434 45299271726471994 -134816807592631974 -611156552431752575 492185912167280803 747445012574341470 -286357263022305395 -980711149578421530 -729420710822528864 -730608139706259918 586234374849531160 -448701743373915899 -459257712799952930 689238656534663857 153321686194283227 540637418293291122 -684544036137255525 -639387147895988047 380518115620933574 -866990518399649445 -231336606541170143 -261566995629932273 -927282336826929852 -232293726024212252 501721012914205539 -466965243389926783 438810186652930523 759710307249072751 -312121442115921645 458609389721444790 -716060592266180848 107797497991709014 48193644333848942 -583327080157963258 994749673572485220 184271664596288396 -95768401926736819 -592913354933061395 942792622843097281 -299488760739649153 -634847069185960893 919567921613481231 723572438504627981 -910258753297717850 -168060267458987603 -865340368342342196 800011283211839687 -651074923634208552 423551638279744314 -774211197597838110 -495074177723819968 195692045465191851 -131398403531516081 967535688184563398 -874374630467110052 446901219719388576 924483574138525111 344537680318486120 -902971846963382539 13932768198642001 -905302775076382747 158585213604102024 55454062950870070 -399044210087707151
73
184876467523453362 906579571255133508 -971595724659343559 288855773920706358 519739907415673194 -867561586890318791 285917258862026036 -658635959385525413 -716718656132150932 2308590844435506 -46254570217216745 -861953543220319637 -298958808780074045 -531895457581730271 -606573879190733791 -388585592552051280 713410985861613515 -838430384879623610 -243725578324922326 143080941983730050 585230243444985654 904679122082116720 652009014086902160 -73684349015819449 -420466870137278618 -505677317554033564 -849784426191902068 -584595842941746863 867896506552830058 330252734932796193 -49519065289513309 389721688955491678 809498426894346696 -493713510043305405 517467565543959260 -816116703883322291 270400507119809003 524975678253987553 301210188212455741 -309381353557031318 769902564510448508 38677522032124793 -612483998920379983 -813169941992188030 458969877839904132 788099688598628175 -231162625832445239 324335242181672339 733810219224509057 -975889866183412686 -341126904511841226 37903278109707820 237186753164705706 -469044414965030452 -132444701047775836 265993767828528273 72302233345893938 336878340140661132 226029703365580199 538143041560759113 954021473462133102 -832625029969481183 -413925560692077460 -677202351346916922 -378990003602762229 648716815664746731 825442364787439402 -187831540255904943 -291364865052740249 -419361753887965421 20389795478147389 -372744960748647857 505728584027290668
100
741339842646339937 517394770879640882 949961582464431513 -1233249308047371 402960744343523320 -92248944477705143 -763235878039088239 -511762241927224538 -661539653140942787 -479892083233249743 -658326084083650122 465423641111816005 -777430160101741843 959399603334654298 -891251628833486145 -219403398180687277 722595758138584347 -138855101234521208 917709684247025641 -107801179949653008 641706733905783796 197344913794252507 -865661821154289733 -704819405708915660 -807539997274302071 -205707007607766383 -8915897350160532 541419744600440148 -148363402730629983 -850144257325440862 388573656641196240 -245279148719452075 832265071724211989 -942325047733967743 319796499524102799 665657370039340450 -701822660288165206 -309259344675164070 -487444455148739245 515580447999980948 728255639357000008 -99392743375957831 -867555023062355753 158781950984008048 365965766101413633 505617202815243444 -330843171782310756 -232428645371981312 52606886455637802 -376302111348021966 673990798650664464 319088121177623494 310002931019143949 840601836387353763 717567866659365333 -67092937125562327 342683443204822296 -849204042146624423 372440791888854620 -733305830287507000 -824009554961316069 741691704968495945 -126187974669810048 -594899072174228386 -762934301171017023 -755166973804988436 -573254246343184035 -697637493304638108 -614368107746843664 770737599036910616 132497637963491079 -116863809108864099 -879453546798027424 888565208749048588 -953293471188333820 931026480654884756 -921670258304941323 448499149676817752 -200137964710692827 81766465477604901 -389552008503947613 582899147103013945 811781187961857494 -142854563643028876 69732757630075013 -321664109950486636 -988634843086975643 -633338343808143132 -616657878348015223 -182540142803778327 -164323349734694157 817370814165841714 -264083014485864380 -297267497798043687 222304805726006596 714454872239497054 552970794547318695 132164264088171445 941582291315827974 66039120252963320
74
-411342132740662370 883390887156558747 -95082381084318623 899695715893068289 -241433924606324881 524266485314869845 -251803327518441852 146502142027567973 547575154742099849 970400285805473811 -872050207707664504 170636003829685900 91015780665221689 -942155610978039379 6058977900792474 471651827742642933 -911503896745066902 -664185484040154158 58131021154984505 485598929934308455 -829652829257487518 -629017959774509670 -715862814627966544 785308127628874992 -336268889521346825 -87510610020902565 -978126966192390628 -758294875661909644 -580627445825514221 -74917585895959569 71705107625997643 -646301232148490729 -785649786092220159 -445349149064733148 -647895127186071203 423383894344353790 -89470235034874617 943827051851910274 545933664803550194 -60169348331194002 75932143648525653 548792529029001834 -867662119362104892 -593112113934844799 -461805225185306889 623074533903931371 678812488337200093 872908908998685919 -46549030905337903 192352040736914191 306288853998004298 373595560881734588 -653834569004054105 -748069555707321641 -822119186480768714 -562122807307950 -596647947726939409 -239070566100188990 364914273691497271 968085676572038675 479394916774808296 -943453314897363212 -918394503717456421 950314026993860387 647267725845099018 -214165423519504389 -963776812619262949 -557799853832713321 63345637500493122 -974288750194581339 915748414270928755 -953346556370128203 439812292011293485 -198074201515989353
94
278965299415126449 388855959159990078 -32397852037032361 -724926908742189670 -11089262430126278 714802610555772706 -239075078097027441 -131168947122621151 734898793496286169 605822015236061462 -705851944514063582 -226201665931154128 -347453030599900603 582563019621142916 -811617219106257631 -975309453520770853 155835119868992543 4539283862192383 -22691013559401981 -955668997300179498 -910138025655379434 722518403586808001 -204321828484581777 -540372155910840375 -236401391882242735 -785443502323660546 36939215722928503 559334769342769929 -419520077340786454 571762827831454827 413199137059510933 994480365018174974 796480767509793391 405855187995479146 572545960509202177 -642529077599241788 762574207842080527 353773373431295536 -31057281489118155 900694592263281275 -459014213286693657 -43023700425736087 529674080050763489 -942757618348423105 -638313868490598528 -377248448811122485 -372123721140362048 -892951565064350775 985772452986589591 201714735850804940 -175628236305192027 789104794634985309 24481552098881294 422696250858478681 853954224728596148 836615539214314945 -214153230922855929 -724883502180760662 883502552909276226 -403845567358481522 -296920051447703206 -37711754016862937 232263184144649776 866934636111822412 -220537246808740002 -551132375545961755 -741023741083166852 -285666053935853962 101355923825078076 -51000671570674172 803266336244897631 -277524369267195804 -360338227136318528 862815401584881469 -195481405918505100 704158360602218486 714010814258389168 -95249639369856821 -161206239552123747 605355364662461263 762634872248853349 611388508298465326 -780546142064076624 987576851393568151 -422649566759291960 -995332100710387543 -980978119758209487 -916535037921756868 -136053201245383488 -447018791280460033 2529324752812797 589487727567959388 -1948254001525326 -415765132910347059
9
-379061658648619250 243458388049557620 231279697076046941 735367982119853221 -359691483954179089 476852707759466277 -297613258272687643 -758789797284379667 -997081869849468640
97
-885131925364574824 -534651666664601678 665052135227195281 743314081024519198 -568315833188311339 529290049758129376 -962623693120681776 -931548007582163781 496331632041648671 -851213848469917296 -596805485614066785 441006112400473301 868531612712105116 163348213829393409 713361224224367867 -133692838088237737 231178959773630329 -615526900260470252 -980997684523150728 -792672842997001383 -461272351093508711 -610149993865545254 -1524673511579586 -8889071467625482 632428405769958119 112823369374705107 -744657419568671687 741306150234455756 -997981567360842862 76097128783799498 58835062400417085 493327800555964555 -683574084990702440 604736815692759979 573182244291186830 702295860074560789 434907771941873144 47799920504311984 -596401104732854314 -802438870445121850 537886538905560718 589065978682088932 309048763849308790 -366434737620152199 608874811373104736 346103050228060156 6173509299399323 699769356404714304 104056499399313203 13468370002571591 233231522123184789 448299817788097235 293066280083353492 -555433106156020621 529525210043786998 -4207558502229195 -98170236876587625 -2132705732396043 -408774820786290934 -337079879663557078 -789866635283654571 83402815252714790 275714979693684537 323386706188445648 -497342930125791497 455283033448024305 -650328015176431987 -256618502657260894 109679706529560491 963637401225084651 846449508039042959 -856145944579229430 -950985854929939751 684538153513964509 -546654154659510972 689967604232444801 -118239710853164980 701879439442045843 -66845551941466505 139254636069352750 856316728794122006 -683767638203595797 -398723092314330479 -585519524941388115 -589216381211769710 -163781859629505815 -136218191426486282 970846504466885078 960154761685456435 420489293463334335 832016180230275212 -859435865848220304 -598591108413242268 926792550359319391 -887491386666113468 -966041165540555219 812530147328549901
58
788597515831868151 -897659803980535282 -200076239146522066 -670420081882801734 993045150416987842 851645438678047559 -17415291330373113 649007764519150829 -244417486271367523 870111878789910169 -956751907633061367 -274111496817490784 -77992336378751622 421574277064875296 589836982127572936 458300913290248412 -482330103914471317 558671348394820434 -698743438041685003 -891517073824651063 30546861962284975 -535221686698629964 -247204255458275425 -596304896410579874 24509099558827015 792639122501958311 115394068974717962 310906561087143746 -755792352985325017 686318031891063887 -927446838709287175 612183106346027120 -9013585526589893 21940912978243227 825499032211429582 248522197184471459 561793333119630004 -4899431722115243 -994276591129765673 572655532267053976 -626458458861617021 65176785749621697 727498578332610918 317427645886300655 583624801836266886 576640525579529210 808502849507454791 214551982619663277 729286923838917110 125357314753203422 45442608890437778 284844181451433810 185304232420382834 -747556238182053281 -945365579209433678 498824504927283151 -334591763262964785 317952853123068062
83
869006937378735590 855343681383384300 180365585416811171 -809233030359385888 766377623516953707 -427031337560109213 380047767455898345 -974131373843890931 705669983420049992 -563112359542989215 861656924845428583 405919161482022633 -430491124975754432 682556669426702884 672465684531803093 -980859908093590561 903519068736742424 662722826124647403 -593932651524084234 643813667399389705 952276298714072499 688031668663283726 -901222429318053545 77056824679799633 918552082221953570 -364639561566282453 289756118964346057 -144359371980307896 -568113474581638029 29556285530698164 367169363222461223 604057578621462518 406222241820215973 -282956841859810974 -522944587687591848 -798709194549554260 141507389281050169 -823345794238498611 -433566796776822761 -70121204854963207 -839908705071325765 485928181466126331 -60610567818646226 -217879929125483567 -648019594890086757 -972136018787416894 -839357232203630572 883385979989649217 -967161686971893244 717462919996443432 420827822245940963 -441656962712406749 925383494290044731 802195377491119719 218649680527009661 -395642522009772836 -112436375590638871 889138096635465971 139734041262697141 -871348868292260087 497803742761762309 -644098952864340479 -900448141985041101 85637109557748161 38487399904736349 -41867540569401508 664461248407870225 547527674776496944 -889786735669983933 -471849803076033712 389224414621183288 169192731163884462 -456775047428190051 902741604433494345 -848747950527056894 -824919652534405981 -895535738851174183 -200921295731350935 -712313248072768813 -177871814007103973 -469380259289694647 -303273323819645117 -448351021646214003
76
576216504813354178 -883358307543420655 -543502399754126954 465675384576715512 -560502211330009092 -124713521107127010 292119230076159768 -952040136326173598 -774449571203005891 -935888142145577635 58818472533366750 -252627998142578355 629975223418943630 -233584093057060020 641777494167652046 972680386545482999 -643974669342045705 886285242378130718 993632371482765102 -122660031401673626 627283721765521567 -632201693315001904 -14066004464603604 90792494560854407 216672792995794230 335771677024699310 615802639383683762 676619245678540190 402845317982679954 264737993995080160 -301729532435853119 -414632492530270600 -450829400601346878 -23568152192214554 459834562284096630 -810762237276435624 -664715579785143771 -407209881162790726 -91229051923995073 -822965351478186786 -356633042817238737 -997671203246419387 -502234246338580383 307580442554012451 624743229397508756 327496206573761744 -603394963232521098 480595555037463429 -547194067607642539 -337434910921278667 -988781586360749257 763192605683480301 -930669754490216512 -165638316368430495 -970996889208909620 560432459130153037 645864453028791044 -348479931857289734 -325855247942687746 -981135422112101366 815959249700650782 783025792592946690 38963214335172627 -966283706575750576 813743422251127290 -236656794784896043 -637737864381810267 137062073421093539 -313803119474377258 -562818803843423839 -795312413610004313 -997440023195815435 -160033030542232636 795205529217515868 -866866147999329626 434789864208118829
7
-950025236300221494 312027792464055644 653403306569935210 878510389777162797 -554071895491937394 -857598160128028764 230683252126959834
8
-60383685362831492 -622727470307947911 636116553931732153 -807775869918654171 -465384784458915223 -797222144894700383 147859914175541491 -583762117966239741
11
135922023099391343 385640710735046777 -20389332942106752 -283671893478298316 -542081213364485110 399655957191652121 -305354963831358304 -818805044708466787 -904046208622683334 293407555733506314 -958458583826890540
54
982026953247798441 184936363960778755 46108087488010506 -605553571261430429 743517484691227831 -858572007588668015 -648070720859085162 251884885037030298 -805519997746665829 866041978229418014 -709337897274084215 -403095628607270791 289991002238909086 -768342205437151528 -713512284530750546 799474710655027206 161255870520143865 899635429306591803 -415704673182606654 186204012402345795 850651331246256332 -916261815648548992 663311937220374363 -327139161885131257 -120374944539758628 -580234355703220513 294648656557205480 129169071291449568 645515929816106220 841173570223199445 -806098109064820044 596182964204558474 978863367259886494 433761179526427205 285682662125506474 971768327169129588 109875065186936096 353998700179345590 795172742841989086 -615181219817185053 -998821073299665851 -711843850601437941 -47908733244893073 473060233577793115 481700129278590194 992960213629186328 570500124227229037 -628893888983586099 -424099898553852819 255083069070787164 -209427958386138615 -772383142855681212 -210420571540014700 999635255869032292
16
74067635466414296 -933336444311439791 902813993681423344 303463367897738031 -682648968103999577 -791263089523374015 807101517251352304 -52229862385087597 493713976052957554 825009434192702024 -345044138041172575 -82392623654079068 486693878905897875 401126972129797959 745789410146038815 -280279816768734296
85
49864383160051046 -830743134713975245 -750978169465256369 -610401036273858618 27409327764398099 55890781769472799 -894956003460326934 967607497452638966 393570785112166914 -109260343058763368 -666713933030045431 50089017306941482 914074829590189791 -66107140186769823 -273154103343953529 636490552733360739 -260136022130802243 698089740559906326 -307921379009129426 -859137707073990029 839875636845747229 -741373566514393628 -108938606560227494 -947602864905117734 -307928457591611506 814035076267497276 773703820719348448 -718987867167615156 478922326607967473 766369169954284150 -592697013122599534 77881356082361413 181547030433355372 -505159891369490353 619249078499950775 -775675256218517177 -181095770578846536 -829516515505178144 958834660735641078 469494908396962882 -756083836374430044 -693929733650298 -552252493904072426 -107957493305755249 -303273208345001910 840380930491105254 99514637735200081 453636810771891201 610862123923817091 560105551579657064 -381438655370411167 -77629610722359408 -963228383403049085 809110148630575478 805276487108398299 627330897466470481 -793968456000197296 265869839426820139 -256646924724560913 26369629125180975 -963750900024045647 949309388573625526 964681538379552921 797036324951193195 208703513059299349 358289009465296841 590240522542347392 147305794575580260 -895898052560886192 -811931079628656598 -421384227384889523 563230628183854904 162347093346253215 927679344478734861 676537966663379004 254937722558330363 -859170577185294032 717565874028953653 -746615678897561087 312808069695484524 -147379566152829051 -621099291677483541 -230857703530006570 237020486052096944 2460465101598108
70
-972815218766929317 -870660416901957861 -64762899619884436 -938129337891442830 648105713072133629 53384812883703070 -557481701330153014 697980435042396480 -662179806634694630 857854713725397716 -506825263506825206 78465978185560347 -890128684493861251 -461260711052887547 571181289001306392 -98718596781415949 455227922798993080 -500707570899859742 -665767160957997097 420336885044567823 382385018001040436 666579067822000464 334485029107194404 554254580690632209 778657922073603745 -649465810958748458 838935610478485311 985230079957332210 -215720050324126576 457167988396292794 -869763034963222383 927051090844064904 -593681228721210366 984928125399890179 83989540642554003 -354917930534041851 518609119462542631 -582517395570977366 849985436799701222 983520693470892048 -869124933088337970 580545164644002567 -133550886955978531 -365206639743154020 920219208009364121 290963719949265013 193054837124361412 559846239115067819 -444411973092357928 -110481261808121650 -403768767016343489 -919163393481315043 -412567554339246370 483691359359767252 896874451325144917 562720726532031138 547027360176705308 -347025194361415122 -37660889434881327 -686625838480983885 370561868223203803 -77517273732495326 754727693605866661 -141536612169520324 -50735337744449588 -46924464636254057 -783622120386872400 -969600978613814785 104851674392699140 257094263316954018
78
-230888898800965708 -920414177492946285 -743131950923525160 -723050857375697903 21220896558195037 49310164558840926 -114616040078225710 216832133775562585 -143199974296373798 -228187082080277376 -44362008586965868 -900289782460043758 498355568123614410 458555274843984282 -820866132573421570 590755522323482653 486741427423067537 -360428276407917130 -277447935455181598 305292956173654497 516767829034770642 -504443654336416060 321666729173694941 264566586437677271 -295618289268706651 -775226306261315523 792470370121878236 595649962897047159 141551015005787210 -533190543782575989 771690749854484948 117300718658359894 488378978256823888 -620432937563230724 -391707328317868062 -894908322435123843 214944730555260988 867392174378387704 -443312753896195173 230922065661054970 435758819065725647 899876280027240981 420133915002857864 468846067601437394 123669869413183323 605421949400464685 769998990769326791 894287246685958658 -697718892649951551 565145773895931507 433733660497386593 697765629410461818 -189009382887268760 -257855330149537470 184376381789331262 -300199848740260257 -441549432429868219 -513306467057111601 -711752103536121004 -230517365169371766 205864130069413871 -211710149175327043 -819283752691153465 -619985049094798381 874095089698462492 270621062162210849 -21222246889383749 564788376870750446 -764620565622946783 -482214170736604464 -410652325727361208 -675978152802768520 219751863096790108 536295723494533972 -978371102034433852 -901092401348685999 -671306668189847525 669263173891342323
35
-513210546453637634 242923011505297002 -919167099947089451 -263126345902729702 -364870178960511419 -752401824834562171 790768238565682611 233548982543899556 276483675086516136 -467224931822709737 -721892222453168549 138175079506945120 979617061879540331 415489958032119248 66347752790989404 -376262456846451194 793932796839089163 -875665633086043065 -995559229143732091 -992008877545879001 509613924121407786 604273257301136833 58353125723024331 478207236377741422 -99084416246394114 866806934985099349 -829334328898406805 665965211628575025 -373414204445442993 387070463576975321 936333691593031076 -901063980909961794 -727224783164077738 -760678709980200350 739242613802644141
71
-892945426156259222 550796835492449973 828390404170228964 -136264800232205765 60521555041056980 -522454014186155241 697914748848096396 803811790338067699 188673488463435697 33502693746609157 -411305533201712315 -916746369121940039 -829244883834797642 -99100232703482439 -281271608440882565 -545697043982461160 -814129897237520893 -107972920226531362 -155762810530670948 205821945331088547 456211120215489523 546773244697464371 579429042431167892 -163408350543643412 -569078935922572337 438352142609331365 -198297428769936142 -21051322885545965 -228109507369945021 831226231410637223 848910756314557511 -594589789710102477 -676214507970355456 -601483373749378823 -176630558128150677 455972774573132562 -953488732409646843 373025302232067766 -37661986781855929 -851711876525183083 627471812802436991 864081515025133962 611564943852524664 277251524709735150 -34677514981640939 997554594374678310 877896430108778484 180608495383263091 795619165401441595 -767771247543084343 204657135490934784 236160100063245807 -711605831383376478 344100698882341081 353215945129599945 -316255480465847072 165397978479438961 667086949921759356 771096293794535947 987134348564834595 -460127055522602384 -629905172786128811 -512689775897434114 835762344080870558 -822485183843522034 -589338542384663207 -424419793562045073 431182277505835735 -224784698360228719 -702626576372062727 300507055017568650
34
-982498468667139482 -183864087309974638 -108309117491512970 800396896184673916 -623307305820864983 515924210354985444 -167516545253950127 -393992034266740825 -627555777177902071 -776137184284294243 831807946875743771 -380512408338651029 664885071161034703 688702928992066350 -169455483027761751 597858652386207322 -252096619010291879 -841264914195880186 -979024268193152878 -60665234225513737 170087536956999879 345458125978187929 -250481133294115027 394182067866469912 -872380903457128332 -477908673237313809 192241320711861368 575934611397366945 110937240064446166 -927129255690597790 246444151600830974 -56911161784818529 -285259953645585234 902379281792092428
33
544542669504786944 636280045963904376 -380003120146766458 960372204279322066 132906347743490362 984906283309014941 -622118327033705893 457893679637952006 -770026759671421190 804894726862441644 797088731718146236 524475474454668899 499518720308310504 400935340441010049 -292920256833309491 648590155579882002 -432385316735839155 695053651918984357 771618095175307835 493671196362059985 79719051737251260 718923452965741734 -601679883662927951 692985277234763007 -136339197581141439 -344556422208716599 416000960409836230 608377478513336210 -509530563396065380 -780543675388233005 37432959509090566 599924874904107428 587047214105678959
76
642261724269514002 481416326173125456 837200491061676873 796959401327156463 297650284339149836 -679910555053845384 985068166255149360 838813414723251109 111019940394112526 586985336872756805 -724599506695054738 845218704397121387 -116669958189256291 808013103660578341 133252777830180911 -890239428876757986 -546120405019160224 -520800148144581309 -214019550368227181 254072889570590043 59453309068115481 -890999331007823645 16955374714220025 100341042236742659 -401339482440250681 -410050438719391280 582926395357592281 -523689601237832037 537976105202452237 23241361315053829 -818310122284602833 624517044948318886 -440563031873725924 -817892534214337337 32699899712907598 -131294246982266173 475729358780492058 159858767587050068 881757624081166967 -481623415882037707 -646154158666072161 366864371920064933 -396403424597892448 -864188041477752089 693737594865827715 692991522890294800 220362797034437826 138254128261465758 637877236616912195 -389778266672514791 -975762997952987738 -241531906188688609 -7981964157963410 -883443638982761235 -604910231871688089 933513737438888354 -319790902291184147 -924316478957907863 -36878627873448774 574670071028526283 -754386497883270619 -396851959297998909 785573002243543744 -552399038690525768 276010300652451786 -922689597505935910 969178276644298017 93465434443920664 -290543536260857923 -677384728260226763 456710051998486879 359777685714641636 715323420217396368 848978112414760424 226566597617518185 323068796285068795
68
661419329691488034 863502599875178235 454280295316842801 534410917771900618 197085109708640416 -674501597295345572 -117315673666814248 802458691341864664 -578988136293223763 351885143781326019 428867919771347560 577149674899920090 -471642298019308818 810792724680204944 -905837397250128674 357457008158073332 -773853569543657818 766554656977348508 386536770531584383 -663613680810146969 -60476882635859611 231380111973590792 286665493310349832 -556273911589222803 -406589168291659477 -134036747260498855 -712232344044511211 96244356045077381 -858568590426040630 599355110813257773 507433258347587837 103844027170845718 -849692428378949737 -611080525213530900 -883922496247376940 5295333144548027 774515139557808187 -540634439341035106 350012970574306794 -372978901451823096 -287639598800245009 -55901775934990636 17693578952745438 -772575856653395614 511181639641398848 132069409494439413 -134855425556657902 -720811466083347412 926899029682500192 -144605014629895717 328631915575841819 -919094486219479379 10108196686565913 371331934402021693 669240830109147744 78062300176530454 860323027928974184 -775730151371626403 314625174056490711 -433164087293099881 900293027146769367 178472230374963671 372354535449961727 -821026951257574866 951661702802858237 102403547407225540 86460033620524603 -954714027869022429
8
179303518212258774 -277491711886905141 897238508764376816 -108419166390601137 976042966501872538 545299129498564464 -733914215628819867 -419417589823272923
17
-508971453057323298 906800576825313422 822351660620032065 822188332963454036 -489210067011984226 -198220409914544684 -50427679076372161 -494655913258003331 267028443071587204 -576402436433992788 314816710663110543 527016850150403199 368177895245611075 783593162757190909 648265778648275732 -388325189691552761 671685484227621008
11
-650815926417062415 688790336874267657 -762045661023136164 -975844454085501769 -788711181765108744 -37632763305962851 875737835617415553 177303775912626982 -768595895280824043 18086060185374871 -251097164470790610
98
-435547313796483225 -175080232399583941 -357930494719113929 742249622340531105 712738691409865953 160232161346541522 -265023512787684212 -721604654044388847 423290014843023797 -311203957566593860 224057771868206701 -110005382849971301 30883816970600503 122482575644799711 214235154600593191 626907687212150751 -487493059216478926 730960243288290483 -410949412843112636 455384982926926772 -288698035301703311 338763509477723164 -266106342586876183 192047603147155620 821230952712069708 139495624563611413 -884139944069369474 756459370730520 -566651733537210743 -958641143442263995 -992471071859477344 -805213753458595353 861650066224673654 142286513956644688 -864338124180385743 245638402827543056 593942635409122632 904163844129643306 359393358252151776 -648965588129419751 -415344221259973627 -849359194229350964 465550507057842867 -686384125971241120 -790017748445767317 438353978159000846 -991723457135713328 598778762312283058 157642272237899083 -639645942541845655 802421261207669426 956015819687358589 -688170498019269255 260442173868812070 -803992739236929941 464611062205363328 -824850675785960182 290553957252119845 418265085811569381 -968162297085689015 474069574934564161 -685259590545887088 894985671863303648 39335091206026291 606196559926390020 -556681753940552477 212462476444265081 -885090023293714129 627811836212218658 -368561363665859424 280773827277083478 686026647457718530 -814746865526692827 -649503043544651349 906169858699094109 -102406716848458987 648720830234202525 424919721595911048 263569989235952144 433757691248325887 -379781989168312692 -133684453614597391 -963399166833288938 159774077172953653 86686103873486411 484429681880781792 358957395541028304 -488845702925063524 272732634973575904 236338858484702321 832879171133062616 855036766150774516 -673915705301960553 294910216250488279 -964835775752483268 817546738494925769 358181324405555389 637770251563627973
72
-331186657847539302 -359318853503538763 584998523676456143 -457130105678884606 864695582772632617 676129845931056174 -971053623354101557 697682474083598359 -490902557971146231 196112973264905091 -411237382796657008 289036762906388261 739948655169479507 109362559792915126 -204590502397022875 -245491121992806165 755019103992525468 -697573755245167928 517391839162720686 -516186950716203395 -88405394235811685 -378112360809728767 -703001318968629816 -793731675216806371 463294325210993913 734200972293568730 707946700359049556 239885328859190260 224853526028214448 -960527162251047598 258785368607226648 -985687237680300256 -456000380684394816 437097210918363591 -935577747513978221 -661356252873393174 -711884449078402264 -423015824664517857 962054234222928368 -425275033263499129 491116464146373656 -16865922020937336 -480519679332218345 132306623192365422 -801935693056799742 793142232226775134 264161606173319447 749813645365691731 584512762398596710 -870466562238576025 -637306883404584531 -111862390207073945 519085468275617632 523407937589177401 -99879973771926963 -980189709744940719 176439428017279639 -675156803807502962 -256898773096930838 23829377014224781 307698355342319585 -358238951080948350 -166582827188900274 423671154750104349 -226328241422610485 187124492549111078 -667707004017059173 419915712504815537 713933786894167411 462392036564293359 470004154517875890 -329136558459269528
11
-550681046870284342 -905821190796693632 -399711160826819418 966200245993657385 -524154365561390270 -715107787279950563 390009406386092764 -659748913097180843 -326144099634832608 153200021540223222 -978310819232867720
12
372633662110105419 -942274677133602557 -821544473809696341 -897416846670378201 -773403019965318005 432578505694591003 290583702293817326 574001433674852061 -642618303510375966 573674559207019070 -719418474567703966 -501297025621796367
11
402153535962042877 -700112712672892389 -193027885468281780 426197285958177895 -170391373469692856 -950846343044356514 -22641104849897177 -929999250253021710 -285595464981174369 960547330379308196 144230978907265651
78
921830576920855710 -952678324920180045 125668337806962268 970876869251914399 -83876796237670717 -839864262283450472 -174517257430123580 -872936804554969103 -150291258539120525 -220277592091408895 -743483476566492080 -654888222595870976 -449896298621188995 507006901745934301 -423101491800509022 -696715284574539141 -346993095776076970 -583740755251263851 366358046227664076 -843050583302399996 -935152115640361011 603760402907010436 -540486522517845129 -779255044529705079 -403043951266377449 -567332119247432118 -658925280661943945 203556184575864749 946365915960222567 -374966598271877015 -166329531677989771 -411665882082254257 97692278071032022 792379556031995389 -279218338994978261 -503077446841420956 456345516165715754 -92735062155072997 436007743007821899 629482828366833719 -971825778477624942 -319326197256851050 -428065174877441359 535415405610800069 136533886551713732 814717041985192938 -816436670314538007 -168167861873465782 24289910035635341 -670657399614293950 -628629764645099308 732183288681370457 475569836079662573 -504209834821013960 -432607568114726449 954389678917593128 35446807208802521 324617207254857387 880561532331614208 838558742232052565 784849063384315330 -761076776069634630 -725456373697363864 -971247837893012055 60126518697159928 820236729143452773 -548057314034145107 694353046818759467 315304596181443504 -629767554505527539 -177365324083497780 -431195071281208776 968671948060322660 -347499606747950638 556611936808903326 446652795940667889 765761979551916864 19498575426542596
69
566485565546487459 -775560436361956360 -328016618225653185 -550021198896654220 127111102675064628 342362263433984819 -345195403707393921 33015691878401025 991022419996006715 889824491608548134 -791816923218873536 -452572898757591597 -188796945884991227 248132009252392007 -954318864388175877 -707544886031823433 -292721435619706367 -848671761436082428 327322567749596813 -727754221155235915 -122332965367391041 -186292601280744314 -251317669836428137 -167099000553566223 578653002835772687 -503941009770714612 -838822844943710211 910090879197785243 622711652564061618 237284130175298548 -224873021966868868 397559413511089027 -456919203283503209 251005508981312464 -602978393324665625 593047280345519347 413013761776001854 178496328577276371 34578249664637716 -48845107029409696 -453320671235175251 -157555704468072209 486716014864575413 468717587071428680 -544193428447880551 854603928978053989 374041830140490079 514988002224447418 682331029308061650 -614813128075741074 -695777891321911499 325456592184614931 681529114521218833 -875737366673741157 489230732953280201 -275985370106419835 916576797826585641 585325850638119098 130691821638286386 -693504759677688830 -482111690619392835 704353678774771044 -563267243714589188 -629322205484215195 -395760082613262078 -551110076542764396 -196308811913310673 77926612519947216 -945124896094897953
51
-993417943990284338 -495227704852971423 353325341141619432 893096508607793525 -935118465724631 -28131847768880292 -828923089539711535 213665364398323823 810331552461463419 598023849164278670 99441994259809601 514576157796539425 136508210316417382 -384662184383535489 -859525566592882671 -659555439757836601 76040269158543061 260702207438353229 -510662600815763524 -276308753992852965 28263748644847108 823051920802388033 -855837768704984632 -840599521784032835 -208176948170583806 -779666583159470147 -897252714131093769 250063153281281369 580025665250178667 84263122048385104 -420115663429546299 -989301812241331633 196025536143862520 961944753350818378 246402469038184996 -99609569778269283 -260923123286861063 681654202100049394 -619762101777283970 -469724022993318596 -663062578875648149 -780890578325115674 -808291435652304743 489887341513304211 392474181641506627 -153435746628449112 735609182545385364 759494319359831727 -687456275172699323 85270203855857304 398883234544584362
31
-381189639305105738 705605960053682647 -999485961701281239 226128793299700709 -4432677192607573 114349710198920847 -601279902431983192 245922783529451431 669800596719319037 -380697455765443574 627995933590002662 -813455807615262574 -908384158185640155 581959129900680183 343053755032146821 288654244471740337 -857889288598936530 -894638804192726255 -709323276537211312 238033215410823875 -153930612241123329 296065255891731730 -508709288464262640 -905108219826666418 -188347190090208311 -140870675136872221 -95016049927748043 826195474453369724 433623262095692090 -786550712619217472 746543218970079592
10
44495339043407429 -916224567387211361 -906736028338240027 -591816841974276662 -883527387812036806 886104925242624415 597510663428229405 -65239022287276055 -471677518759646211 -561010836311123829
35
-892898626827657046 798348429841740144 84649065453563365 457487091527451160 271342485332997995 339667426374674066 -156926546036587678 797708347105146172 512447753765814200 -375206070285031699 155233564118032740 98601417429270649 689165965422343386 23975779051974781 -162962614277340803 791192870517961175 919530635571472940 -87002178489382240 10262140208532833 488393660559459358 532906368048095300 -486561734620342107 271955736305915577 -573436882330078614 136239881740012781 59473064728661594 -841935880367211844 743197181033781152 -2492022476569875 -843640252104349311 42698746240475696 801956337406013976 400992991937211339 637646333390346412 -798217172348305030
58
693606688329391305 -416154980421456802 545429297064089796 -509263593478678850 241107400928448422 -326964847839913 -37628926402098420 184063261570320447 800548432379272518 148903370032188961 269720775331420187 618992329738578390 153380446103420027 427741044077968599 -114024693067485662 -264280430720384119 65210641580282809 -999125629120859333 -314759852627814623 122866569088474790 -34080118511451525 -411365786400315193 -83831560601170431 913630606056254209 345893816193140358 230352631959426063 446919957588801485 -961585628746450639 661009483277444945 288067464007232553 976715498745658819 584294927911848758 -977252122593420465 -31524570680300208 576028460451801058 -967171801655675269 912753738625655338 -897804517797022420 406102329585632668 979451468055375943 -697792689522416848 -742439011218505910 -990470052463805509 -684992095708335890 -294957764330367748 -306984835609786562 304423975922323414 -737696638635763047 -979079171516369272 219083990768336867 932611053905994707 -32844491520920308 545503023947768698 -567028609051536423 819824318973239122 -608252298164680772 330501522640769847 637917298222130807
4
-212956700553232676 -463312042807720664 727469869916591053 721118859924034814
82
740902230344767326 614394063071338867 -164872795624775543 -43248639830721348 -875760439183011128 -805488692800380143 -496607717624769496 901160041708754371 52724297473682206 -551620906149194008 -680127907415180245 -414098856866585094 -577025779478517180 919876936813828925 -55884613916188523 799539144920244886 -380814551123865879 -720489022075694257 369385485603848399 -947466523471746550 888836814181128780 -589351566463767887 642272314648952029 -270758424557402932 425193980772377891 507646401161786877 -239391485238113617 928453839762741081 767969258207426362 -133286982612163466 405323371243273198 -269654163548080757 958824916463674933 -156518336719827056 -943130010512186770 485058851102942450 -224428676306352287 -225807061650753834 -394749565208764467 -47309047650790182 -499372773703254822 -742248149166618798 913123975822106823 268343692237888658 929724860051506428 205861302862681106 437569054345248542 177834331719617050 -359720135535188150 -980739191088757838 -524358323972567264 964827487755208844 -303272017817495195 -222973976902815244 -270505639240732388 907990034501359958 991762929765366655 410014249156002655 28753691607987674 811634749017368495 -710791733283662925 185191095703868046 350486530057671707 -603478511261086932 950434969968714337 489149138910241134 -945523835957312891 57332234367276730 173417519312385456 83871722686298241 335163412500710766 -600455425256067810 -969805276157204173 -954987788305681576 703552311791068109 726834893276387685 685290874714888465 -981477626325318053 -779259723394179649 933755599816142538 727771329826736146 72802036628804614
54
306647341450721637 267738102921740408 -221375223408814390 812492552595199869 -309053174333665048 -379576716576552556 -92054122192649583 -691081107112760489 384933961013819910 -384964885289954326 -296830672853752528 -733037229150082549 -125287333379119856 6670493523391469 664455723076473796 -944269212935371546 583267913664060679 -280724513288948538 609720314730317777 171575138187065251 -592536449893887077 -749478007167613653 -146993824978052239 301123744370285728 -305430325760570528 -135512653646961128 64934657950388303 345582675028959454 824734820807060997 -152767333119539966 27168456463951706 -285906384545416654 418151699209073119 -568752545561994375 -777174793733654815 572275556181926748 -911965035084383585 496236762026828323 -826125186728829877 -194428280668378549 871543665892630480 -954247644320651654 -11948303904721704 -879995382633773112 -307563417711020493 134353211059756603 504633302084642147 897983296302209625 394158437079202761 -268873290451285538 478950949800965848 -739601934144623124 -736445932806192468 366739359818824023
2
52678882215173515 -238839259143889852
22
-328672711121352681 895336077694188721 -660319612469332502 -147878095437070201 829305214281051865 831974120657702843 -569060927857786001 379590269353560558 -621262412490561281 943474421216267263 623662663688528335 -793135464734828118 -742265130066498609 105642761528779636 -398338147548528116 72257110016281211 645833242161621491 746694309013789936 -889110412197958915 710044816745238414 -58714871370023091 733584158420717976
69
-218238808454026048 340098960767622483 -667394148350656254 -223588899236906556 365753523517037173 -156746540898452749 206004677199082513 915683033651064513 284507792365669698 743965973020085392 589210361998004702 -900486229092437387 -246442235810377349 -373977995208915889 -862879598845799889 980660716970769050 -706203837549795556 872119702038361888 -405132745762639741 20217208242791479 837313323534376107 -116737838364219196 -245368619948112708 -819405267431992155 98406757245157447 343195642533070793 255250308222519863 -122257145354307673 -364081308412505723 -742265766598193003 -396176486972170148 -931584210849057231 -285680044778224699 781020185193506720 -530613980026694333 741760153452841585 -484238757943239396 -978789136188644284 -400754385361048698 -79862906187295461 -237290100456015219 -173917531602930957 1139747775191109 664413355119839273 -377798162909427265 -900604717939629056 506038626155272156 -998313689012396718 908868548005638642 -566366916883625109 -107417067216123239 789870680890906034 971076171384839656 189586394536466601 -498767714642925686 -354447519795449875 300127589853229491 85310868033443148 -601616872814815857 -983427526199513162 -618521752043766892 543175543681973423 606464119797370461 -96337060463677521 569744667263436225 3230119745760158 -27762813968684064 896988190638927446 -747830090514351686
79
-392215216589681313 -456841881480392420 -574834424855993113 782846117957996264 262291096396530379 -442136089453728821 781543942070589594 94749578159168052 -860970048575182523 945132175640734133 645427517921688180 570225109528752993 -874091939136045183 -507817638026835844 -575956673742473445 86430992543056400 -58750362395143209 -671668908690830434 902814632567790739 -835135366248006045 356914649927728841 -459292121732056702 410860580078702177 80435817512422951 423078754988696518 308488328866471343 621894449476232426 -838647456121718715 -479364746553220137 158297970340720835 -861461708885480112 394197658660089895 -918521789120797511 -791518839127978328 -407133818197326052 445284663728989922 704364200954342173 114794747454488182 -959273798392153876 -493599577542802182 790420092097642098 233604816328963765 -74627881618478694 -212615432999934436 -176149558795356798 677046906522359126 -308078566374154891 -133771807086040687 -113614325934254198 314177780645166136 309150413109919530 44486787991674236 -306360068522694154 -734942680448554906 -20777340219857733 -386412917190867901 518376274377072497 -359732074307688865 -893952571499127213 -409824113514628409 77557588578102692 813210961143352299 -178443571241156133 259692228593488855 747451743775601647 777664539359642463 -816787484259573464 124129533100378469 775071502952782103 634907811460227868 -937921840591041463 -100567698985253117 712486326318201055 279985680474250662 757462995790319131 672436145560881881 -562826180629167280 896404843141668336 171852343914071734
42
-622637573666679279 679345709387858423 83726731165927768 559836056973903960 90164307920126488 20977179651660744 492038064031579295 -516008221823076487 441829912599008966 -215379658294049603 796982312452318381 696010234666421837 -994443150631335663 -624186849748875272 -241902983717999678 -337689328506336903 537882097042099030 -348114751550045509 147365962340057854 -752142462465885717 254188914475994168 -68625440990806980 896254800463219916 -303726630526981664 383707646398501326 499676350078978657 227328556202181700 833627536814027532 -231472816975719715 -450099881030702799 303670842082393916 677017923529456298 455375123054988223 653380424197885683 -956083315683278861 -346897506379056767 -576475363868474233 -39524507225569846 -306695783428223477 592955157934676399 -85709403804846029 251986465716241077
8
500575908209045797 -141686865566998657 454629307909430964 746192594937562575 509323243488999385 749939635681796688 -797425470917596889 178341161537886664
76
-352165140701667945 -346106509624428631 360152351801061045 -120148887733197591 -363910506976648550 561021316009398922 261376041584068292 -395086954934440528 184517016234580255 -264749039245041112 641476616966937665 928711007783258259 -568195520581279531 -18582391569465085 -290502585629346706 544564374953916065 -529353723483001841 -428602310553661486 386230400048225511 847776835908618325 -54574834236658864 -745454460603490329 -302893691039873704 -731212590805501892 -365289802954667827 531386240858747079 -205136059410131977 524642043375513287 -322979460162499396 -557439116939492563 -818596334908965812 -540056661733390637 661379015823395105 -401310422912858600 430832097231435904 -566711769444981482 308094999589483229 -890338918553817902 673007026891610928 32230824048390417 270201042884408048 425291270579965728 -782851165823760810 -179773015121264709 952967125333844529 -212470822067177043 389466177655369043 -636039202216416675 829304108642050859 925826608264845956 -250950827448530772 -885884419334986094 114466671680787231 -329230845389045315 -170193660181391155 -421323363867366888 -879010802881992641 -128440845500690677 526892563402865196 237206737306165673 -208652000736158683 -656412244938223559 720158306642950382 -487437480659097782 898555790826124021 -97880612745744148 -551928467289947263 -699405597115868586 613758736558240179 300953356983969825 756825796049284168 -794337385479271661 -975599522242816354 415399390429396373 532650320887202925 317649997481489812
89
836450494098890718 -175557604961800767 77951581598704010 -264076639180508310 614903006361437383 -533466920379662456 -810853388166334912 37170550185413576 -462952132964072684 -699238612390772778 978516395649781748 578651444786018183 -659456368641695413 -17085720964009890 349170153625041444 675120168360351347 287367382592819325 -630943701650602661 488268065482188773 638408615696120099 491348765545932771 -926770311366482623 -153898002815762752 206866672612357408 802193715671955801 -523003110584843893 -809318106042766884 284232378445509734 423006007472819059 -756071908307394865 817623031864825343 -302894296602758522 -303479234572378780 -531497918606985345 -594066532959627175 -248176498027726765 -528464954363301419 -344125285454304783 880717106404213454 -158471804360555391 19232474573544086 639251652163505460 -677805212774935606 -384785796269049170 868862035653784502 404925518596174441 -251833552317836146 -557692465718509327 -501471695502946908 -222741096446580468 221732713345032858 -237702882275323663 -608032229284650123 -19433560238794078 -203568374516970857 -673389736215675666 124055384528569652 977348565007997762 -770415084815546108 508793121497162382 946323485135825619 -649869879937098968 -233553131901872119 -98862679702314464 611644095923876662 -306393545290578116 38565277920968620 302228899613571209 -741635851822033943 -969120597255971444 -333015773345532960 -953334427815381313 -871901612163032736 2073965398032169 53179637367493270 -459725680499115468 -14788279486681494 -431981300164900487 -114724548329436013 315610078655351496 -926469229621314332 -579658046144392239 -419043424698582557 509979691246427298 -291739902094445158 -680997284157731367 436852865744664082 729108859325869636 -996715051099989328
4
124694284033563474 -533647536132268749 -284284659335484347 196876634629083886
32
-335201771786704421 808281600747584572 -201911491153813353 863388270848810971 -466244625496991768 928169765771709262 713171301153290810 -455118742946613684 874972261164555811 -528397884679302024 334977566157804628 840042310092241894 816071156328685325 301831997966468191 156932887480940389 -629014644944823404 824209616331571978 472022269463600333 -854481611240847290 -206884972517574296 721494309208326426 -104093849761911933 -659065015547687987 821110704004159970 772903902358241120 -790145052461132611 -811135964328715882 -744583046903917004 -553330676867012139 238898018021665596 -86530792939730934 890644399979373164
66
608619405208675981 -755655742958974535 407760206612782092 -446406499461232922 677801206327200668 39312242327965291 -518119316056029137 -915802707778187409 -793161491580782354 -998325822394291260 -221721449422385915 -660920721184176936 -87474438275417996 -903511068137211514 589552468192942548 -391109537230037072 71464957554912626 -931993830926348640 -379506095358216427 -605271852507829624 913110011486942113 -266162074445315861 951943770122095306 983728110015901949 379883033930436592 -880044446498154693 -643932952674988660 921322927720844764 902915092921104711 -719861980456737811 632211138603974461 -733493421088379409 593702074663487979 -561416953348855045 752187772635401898 869115269890330759 -218415207805023764 184346542582487173 -207275377900206018 -334932644057731817 -965126735308032022 863505498544688714 913175987314944086 440237181622156088 -443996319018600607 23078202174896119 941408605443504343 -965197143825264971 114126742556847163 205397293429582617 -748299320220411749 -30220729597173064 -671321182336482937 -929251893589517016 97115398970545130 567329261773415936 -723102508718537499 820439611616717249 2973682030200762 589420846312407090 -447360977599770805 -683430475910030113 -562430426096490574 362331893861782481 877228389625045012 933086720164501250
56
-570221033261463820 610865926133328911 -726748878032478516 363565675816963400 -203297351316232518 -381505334896714300 104132134099194612 -948084405806154155 472454441781654940 195440680368244102 794985104130157432 -184443912490449961 -883096990912187044 -715390985364035451 -520751844283360724 -605046999538132555 -637273971233511280 -91494756480308191 194909268274329883 832128970607178190 -177408236534754087 8380518013404232 -159353780410132381 -282030062256575688 574320485331125997 -820230082973004818 -818899786135368181 719492360544336901 813394368591569008 -446873616620023115 -237943935891069653 587989355907262718 -79119085215548680 84829897101931985 -609944758816018699 149440276922883554 -274560919607393343 -589778276394104064 111256719145264408 711663559788958888 171311665124497912 915312963216707577 106680604589193036 -168564892167546659 -95881000058428285 853706383132170846 475894787720468994 705368334367683717 859893501412483211 -249721561169460701 381999865413940010 748680316118234411 280093235796366562 841045630043464301 309400215020696701 -38361862849830447
