200
974
3 50 79 1 12 23 71 44 75 67 21 46 46 78 25 71 83 56 12 26 27 3 14 24 1 70 77 85 11 6 70 83 59 27 75 10 58 64 55 46 12 62 41 89 6 32 74 15 66 42 25 22 4 88 20 80 61 91 7 9 19 98 93 93 97 8 10 21 27 65 18 11 6 2 54 56 12 51 91 49 66 64 78 31 67 77 91 22 46 1 4 11 67 66 96 45 44 61 19 13 27 25 57 98 20 41 46 98 42 100 44 30 16 4 87 38 32 5 53 39 23 38 50 20 36 37 84 80 100 26 85 97 70 38 5 23 89 16 32 60 39 97 99 30 66 19 30 79 31 80 72 85 79 39 80 1 82 83 6 27 23 45 9 39 10 59 3 49 86 5 47 87 22 28 70 28 64 36 27 57 14 55 45 40 68 46 16 49 52 18 42 35 24 36 19 36 47 62 40 38 18 63 37 78 64 68 45 87 94 70 13 52 20 41 95 9 49 72 59 92 48 99 27 80 37 25 47 68 72 63 76 43 19 46 89 13 73 84 59 79 32 12 95 81 75 96 15 93 68 40 84 68 35 94 27 39 6 84 9 92 53 41 10 70 24 5 4 72 38 12 73 99 93 36 73 42 87 18 62 72 65 41 15 31 67 96 3 93 89 74 57 85 81 53 66 34 69 28 73 94 17 48 73 33 21 28 76 72 92 45 15 97 71 62 67 7 40 87 33 36 33 60 98 4 51 77 73 87 13 64 63 97 84 17 63 53 80 2 7 73 25 41 5 49 97 84 28 51 79 50 10 41 34 83 44 55 8 50 17 93 64 62 97 83 48 84 62 94 17 89 59 10 2 62 11 50 90 72 56 97 7 33 32 28 17 41 62 76 13 49 18 100 99 2 98 91 81 97 5 68 86 9 28 5 60 46 25 46 4 12 62 46 39 66 33 90 12 98 92 81 71 38 54 26 11 1 6 66 37 16 18 20 19 42 90 66 68 98 43 18 67 76 92 36 22 66 92 84 81 31 67 90 83 70 77 38 48 9 22 23 5 76 27 96 53 40 58 35 30 41 54 77 56 98 7 59 84 13 74 26 19 42 65 25 28 1 51 72 53 71 88 34 74 63 79 81 66 57 48 23 83 32 6 36 45 58 63 77 66 65 12 100 68 44 67 46 66 41 30 36 85 84 69 1 21 26 63 55 72 94 61 94 44 92 81 71 28 74 19 3 80 18 29 94 48 46 8 18 65 16 20 34 68 58 63 75 38 17 96 84 15 42 49 58 47 43 50 67 22 67 35 8 23 99 5 13 27 4 43 39 25 39 59 9 4 98 74 1 3 95 63 46 46 76 6 51 20 74 74 89 6 5 52 8 99 83 1 56 45 38 24 25 33 98 70 33 40 73 70 27 72 75 28 76 5 70 97 74 20 71 31 96 97 77 70 82 63 64 51 88 31 54 37 22 35 51 80 9 47 47 49 36 13 87 3 93 51 46 54 55 39 26 9 5 46 10 14 98 81 88 16 42 5 81 19 17 2 6 75 27 57 93 70 32 91 7 63 4 58 35 13 15 12 82 98 54 62 47 72 79 60 39 53 45 31 89 84 34 84 96 6 26 64 62 36 3 71 35 17 43 28 41 78 11 5 79 87 31 28 16 24 9 91 52 15 96 92 57 71 89 44 8 51 67 25 91 44 75 2 47 38 35 77 80 46 76 77 44 61 13 41 100 68 24 78 76 22 73 7 7 68 65 12 14 84 54 3 37 83 99 12 73 28 29 37 89 90 49 77 20 18 53 64 12 94 10 57 89 46 68 39 4 57 96 50 25 85 75 68 36 60 6 60 3 92 66 21 64 20 46 56 31 38 31 22 45 59 23 29 86 91 32 17 33 86 65 75 91 22 4 72 41 96 70 6 21 74 54 10 50 30 76 97 1 34 69 41 96 73 94 21 9 84 54 14 88 9 33 29 36 93 88 77 82 43 88 49 17 97 89 97 93 41 7 37 7 95 53 39 54 63 42 74 5 21 24 51 44 74 74 95 52 7 5 9 63 17 18 38 32 49 39 71 72 5 50 30 67 71 1 36 67 52 37 35 66 76 59 65 88 81 85 20 8 94 31 80 16 16 42 76 5 61 11 24 51 16 12 42 58 34 53 86 46 100 87 75 50 48 12 24 37 87 15 18 34 76 48 84 77 82 66 94 99
661
67 36 40 41 5 36 6 47 88 54 51 47 20 100 74 14 73 72 94 61 71 61 42 40 55 1 38 32 52 8 18 14 58 38 75 54 97 39 68 46 93 55 34 68 51 22 40 77 80 57 70 65 68 42 59 56 86 11 76 34 35 1 22 65 16 69 11 49 58 35 62 21 7 60 33 76 41 81 75 73 23 50 50 4 60 18 31 59 17 65 73 19 88 81 65 38 85 63 46 85 45 12 71 95 41 17 76 87 40 33 57 75 14 23 13 14 45 1 8 33 63 17 48 45 88 35 56 6 3 97 100 76 17 23 38 78 43 25 48 84 64 33 73 30 9 54 9 86 52 47 50 98 10 100 27 40 48 87 77 24 3 94 44 83 35 75 56 53 1 58 89 50 68 64 33 44 41 45 68 85 99 56 71 23 37 34 100 48 39 59 7 39 89 13 43 75 50 60 57 56 44 53 42 21 87 47 86 91 16 8 79 5 76 54 87 100 79 40 25 70 97 51 74 32 52 40 18 51 48 58 88 30 50 32 16 41 72 83 30 86 98 96 18 100 52 46 97 65 4 94 6 63 7 21 37 86 27 86 3 28 77 75 23 45 51 71 15 58 26 56 49 57 25 32 95 85 16 77 15 95 88 97 52 18 15 28 90 87 23 26 58 37 43 25 57 19 92 31 86 24 20 92 9 42 18 93 78 43 36 73 60 60 78 13 100 35 3 46 27 86 44 41 31 17 1 23 71 47 8 43 96 23 35 73 28 81 89 37 2 68 43 63 39 25 1 85 34 12 67 23 65 35 73 33 65 36 6 97 4 82 55 55 23 72 42 86 93 39 80 33 54 97 64 31 37 27 27 69 42 4 82 81 52 38 54 31 87 14 57 81 6 60 17 42 42 5 89 33 17 69 79 77 86 83 95 69 13 88 53 78 95 97 53 63 90 49 6 29 53 41 80 93 37 91 37 15 52 40 66 28 23 78 68 43 55 88 31 92 55 43 62 46 87 21 18 54 67 76 52 92 7 79 41 40 14 97 40 96 65 43 41 33 75 67 16 9 84 83 41 93 9 24 24 20 44 73 1 87 59 42 41 99 92 34 80 35 84 80 6 74 98 15 56 2 38 2 39 74 5 18 52 81 42 31 2 88 75 98 33 92 63 34 87 23 55 50 43 94 65 92 26 44 8 69 5 62 46 76 12 49 15 88 71 98 79 12 33 19 24 99 68 9 48 13 83 82 51 82 31 6 36 47 88 12 62 35 57 47 49 50 85 67 78 93 76 90 42 63 81 93 58 8 45 74 13 99 85 33 8 56 96 91 84 73 93 55 89 44 84 37 8 91 30 61 9 9 74 27 30 91 68 25 68 82 12 24 31 61 18 69 80 49 91 51 40 99 81 73 70 20 25 81 48 89 34 85 5 46 11 62 28 4 73 21 96 8 62 25 10 57 58 100 75 75 6 82 22 84 38 61 77 94 58 11 91 50 34 71 48 42 14
600
30 82 17 92 57 51 23 55 49 12 71 47 41 54 16 60 71 37 83 68 82 29 12 71 70 39 21 45 74 57 8 93 82 2 40 54 56 41 87 2 31 31 40 79 4 67 22 46 79 86 33 76 55 82 60 74 96 23 6 56 20 84 27 72 28 24 89 81 77 61 31 98 22 51 63 16 60 13 72 5 96 56 45 22 42 72 80 43 6 91 20 7 38 24 47 49 46 1 15 51 67 55 33 23 91 11 68 3 46 47 64 54 11 90 50 63 54 39 16 67 10 11 21 6 59 26 83 99 8 24 5 11 9 2 93 58 49 45 100 81 39 67 21 21 54 41 72 18 25 61 66 23 65 57 96 98 34 77 36 45 79 79 23 59 43 39 21 4 77 96 54 48 2 70 86 6 3 60 6 31 99 59 68 82 7 26 51 96 3 19 7 5 3 64 14 1 31 60 19 75 75 89 47 85 52 10 1 33 36 41 39 31 70 14 27 95 2 72 17 29 14 62 51 93 56 96 83 3 11 94 62 45 11 99 95 48 38 41 4 34 6 74 63 73 34 38 45 5 66 21 59 64 19 22 99 66 91 96 25 27 11 9 63 11 49 90 91 42 85 67 56 90 24 42 45 44 71 67 84 60 77 77 57 30 63 69 48 43 11 49 54 99 20 93 98 77 41 10 26 100 26 6 42 59 88 73 81 2 31 21 39 72 87 97 32 97 81 93 83 13 84 13 11 96 6 60 99 6 100 30 75 96 13 45 86 97 74 13 29 38 26 44 86 29 41 95 21 72 88 79 62 100 67 30 70 93 25 70 94 24 27 93 10 9 51 48 92 61 62 22 40 76 54 65 45 98 13 67 74 53 6 23 61 47 17 57 26 89 92 5 43 17 95 18 50 56 2 37 8 94 98 43 49 100 63 96 81 85 8 64 78 47 10 88 66 79 86 46 88 80 54 97 66 65 49 15 74 23 82 18 82 43 26 52 29 72 73 16 54 80 95 48 92 58 73 70 50 12 92 87 29 27 15 67 72 48 93 19 4 82 69 24 15 89 7 66 11 51 42 16 10 10 60 72 89 10 68 14 46 66 93 79 88 74 40 21 81 82 63 9 93 4 22 37 56 35 24 95 14 14 34 43 37 28 3 36 61 93 88 78 66 23 87 48 46 54 60 22 27 7 76 89 14 4 21 91 49 19 91 15 93 94 74 37 72 17 76 88 65 1 71 49 18 4 47 12 16 17 66 61 2 84 21 29 90 44 34 86 60 35 50 70 3 73 68 28 77 46 76 78 3 48 76 98 44 70 38 49 92 40 15 77 22 53 57 16 65 50 50 18 52 48 86 30 83 12 53 96 1 39
922
80 61 64 15 41 84 8 100 68 92 10 27 66 9 49 13 18 78 68 23 71 89 6 19 26 42 53 13 31 92 70 36 88 58 89 70 36 70 8 91 58 34 10 95 1 14 71 88 93 10 23 11 58 29 86 42 26 60 11 1 78 42 19 78 10 87 86 56 85 36 18 67 44 91 84 78 6 32 85 41 85 28 79 6 35 69 1 36 69 98 41 50 92 35 67 34 97 66 46 23 77 20 46 96 41 97 64 27 78 53 16 62 41 77 31 36 32 13 89 37 77 83 43 31 34 80 21 85 46 55 81 70 88 15 19 44 46 82 95 16 33 13 60 7 25 15 50 45 32 47 78 33 88 17 9 74 60 72 85 64 98 62 2 19 48 52 35 92 87 44 17 31 22 31 47 48 64 95 100 93 1 93 32 65 21 79 77 42 64 90 22 40 84 67 97 84 14 60 16 41 77 66 54 89 91 78 53 98 46 90 39 66 66 68 54 100 17 82 64 12 71 83 94 95 34 83 47 91 86 10 97 45 94 22 24 80 68 18 14 88 6 51 77 96 20 47 79 24 31 15 20 60 86 12 78 34 77 32 44 77 84 2 8 77 87 70 81 57 50 63 74 48 65 28 5 81 1 39 98 42 10 94 86 32 52 94 11 65 31 25 12 12 23 64 10 36 53 54 62 95 89 48 52 93 67 27 60 2 89 82 20 96 87 87 9 26 83 26 4 19 96 98 77 4 38 40 64 98 52 85 8 58 41 38 91 90 30 21 81 55 76 96 42 45 73 100 96 6 30 38 1 9 47 82 97 56 11 89 96 32 37 87 85 16 88 92 99 46 78 92 87 87 27 77 2 49 17 75 2 94 90 68 28 8 19 68 99 100 97 81 75 40 97 92 76 2 66 61 36 86 57 2 95 62 95 97 70 76 39 82 49 28 76 49 99 68 33 41 89 24 46 89 80 97 56 57 59 53 26 21 52 85 96 33 73 42 93 71 10 47 58 87 77 61 35 23 10 99 56 59 16 62 21 62 8 82 9 10 51 39 64 15 5 9 51 95 87 52 98 23 59 61 38 99 79 77 56 83 2 71 96 79 62 36 15 95 1 4 44 88 28 4 85 38 72 75 31 39 79 76 53 91 95 37 80 55 88 74 64 60 99 44 78 98 57 48 56 86 90 96 94 21 26 11 70 94 66 72 78 47 47 5 84 29 37 2 7 76 47 1 91 81 94 93 95 46 88 28 99 2 13 12 2 33 52 40 34 3 15 50 94 75 47 41 92 11 8 86 46 38 57 10 75 57 41 42 62 97 90 36 100 23 84 87 37 26 66 64 10 87 6 73 65 93 29 34 18 84 40 2 87 42 30 100 90 26 74 41 24 54 87 60 8 80 43 23 73 80 5 47 84 51 26 56 7 80 53 13 70 72 22 57 73 20 83 59 18 100 47 29 47 88 37 30 71 82 81 75 13 97 3 39 63 4 7 11 65 99 37 98 4 20 28 88 78 62 78 83 89 66 81 62 17 95 9 9 22 99 68 23 12 37 54 61 29 89 55 52 54 88 5 34 87 31 55 79 37 44 99 63 76 11 60 38 40 11 3 94 58 44 6 29 23 86 29 22 36 95 41 39 99 43 18 73 17 78 20 53 40 99 5 54 89 89 39 13 57 42 72 34 54 40 8 68 64 37 53 20 13 99 93 82 100 72 92 42 55 91 89 62 11 42 2 96 74 46 83 75 40 41 52 77 82 66 76 81 27 66 13 97 31 48 88 49 96 17 88 74 56 75 20 37 48 32 32 27 87 56 40 74 52 28 84 92 68 96 35 64 99 91 38 19 14 26 16 16 55 68 33 44 91 67 36 12 13 33 87 52 40 74 8 76 20 97 35 23 66 63 47 58 73 11 83 83 82 18 17 52 76 75 58 31 54 17 61 68 44 47 2 10 74 8 28 63 20 53 19 30 65 61 54 32 67 5 6 60 74 19 83 57 91 27 53 84 49 94 58 91 24 1 58 80 75 23 46 27 50 91 55 49 84 79 5 63 12 9 26 47 14 69 95 8 40 45 88 100 62 34 97 86 60 36
758
84 15 80 71 48 96 37 86 7 34 26 97 43 30 45 22 75 7 12 82 53 49 70 72 22 66 94 84 26 15 88 1 18 52 24 99 72 40 38 7 7 50 66 6 63 5 72 21 30 70 21 18 59 39 32 48 99 100 36 36 8 8 37 5 81 16 56 33 76 5 12 29 44 24 54 25 51 23 56 31 82 95 47 79 11 95 98 56 17 16 30 20 40 77 42 91 27 70 28 63 75 44 13 65 92 22 85 100 62 30 23 49 74 48 20 59 61 11 47 47 16 61 90 83 95 83 79 81 92 98 93 51 85 40 51 60 39 41 70 18 59 98 45 97 98 3 41 51 21 49 43 11 95 53 98 18 91 40 30 72 65 78 59 37 68 10 4 43 61 55 59 70 52 62 88 35 2 2 32 17 28 28 25 72 39 60 67 45 25 1 83 85 69 45 17 86 72 97 10 19 57 43 7 78 11 29 68 33 37 39 21 59 48 25 86 60 3 6 92 70 27 38 82 98 46 25 27 28 49 42 90 75 29 49 17 57 60 47 26 11 85 10 24 63 98 26 32 59 99 5 54 83 34 28 47 88 23 23 15 21 77 86 88 14 87 99 40 66 13 29 13 3 37 45 100 78 61 44 14 50 92 44 46 25 22 81 71 79 49 23 27 36 2 95 29 10 35 100 35 18 65 51 77 96 99 79 67 89 57 32 63 40 39 77 80 28 92 16 44 68 62 9 8 53 23 21 56 49 28 27 13 35 33 11 24 15 77 94 5 41 80 14 21 98 96 44 7 12 13 24 84 5 52 61 93 8 29 100 35 87 33 87 92 3 46 20 67 6 71 24 44 91 38 68 51 98 98 80 57 14 73 90 98 39 69 28 31 53 95 57 54 90 59 20 25 40 5 12 13 66 40 49 96 44 56 92 88 52 56 52 96 9 6 81 75 90 79 34 32 35 92 54 31 83 79 9 43 45 81 57 8 96 76 90 89 67 92 90 81 25 34 94 92 36 39 97 56 62 39 95 45 58 83 90 97 65 13 21 19 87 66 38 11 61 90 91 65 18 39 21 18 56 80 6 74 64 87 48 59 28 89 28 69 13 21 26 66 73 96 97 10 43 57 22 82 35 67 95 18 79 43 23 2 19 70 88 90 8 99 33 49 43 22 53 68 66 51 91 5 33 51 83 86 46 11 98 72 24 26 75 80 74 36 21 16 76 86 26 19 2 35 17 41 58 14 61 69 50 94 29 95 32 4 60 98 44 24 13 37 70 38 68 27 50 30 79 17 44 62 24 54 61 77 37 16 77 81 47 93 65 93 51 35 65 50 51 80 62 80 52 20 78 14 60 11 27 57 72 8 82 91 9 13 87 48 44 60 29 20 68 15 58 86 81 46 51 84 93 24 28 48 29 49 78 24 42 62 69 86 28 79 52 32 36 2 82 80 49 34 43 36 78 79 55 39 88 5 25 25 42 100 11 2 30 34 56 17 74 30 58 37 39 63 19 48 51 90 63 67 92 51 23 65 88 39 57 14 98 54 13 70 47 97 55 54 69 27 52 15 54 22 84 12 100 42 97 45 70 53 92 70 53 96 23 23 45 98 85 9 86 35 98 59 79 59 82 87 66 3 48 83 64 33 11 5 42 73 79 80 40 18 22 89 27 55 14 18 53 79 34 27 98 40 93 33 78 8 69 39 56 7 74 27 87 64 9 97 11
692
41 96 25 20 27 65 8 50 94 28 97 13 62 54 28 65 47 76 14 32 20 36 57 26 30 51 62 69 11 37 19 7 30 3 66 10 54 43 14 26 8 49 25 11 98 90 21 8 12 67 3 35 40 45 19 96 20 42 55 61 61 85 100 7 82 9 66 67 78 99 81 7 97 89 58 76 64 44 80 84 7 45 92 74 46 57 59 30 39 6 5 96 57 43 29 45 2 47 56 14 21 53 94 60 12 3 15 4 72 67 88 23 4 38 39 23 8 100 75 78 49 65 26 100 87 88 29 15 67 51 56 7 78 29 51 35 2 6 24 29 16 93 61 51 11 72 38 54 25 43 23 53 45 62 17 76 8 42 44 90 89 90 34 85 60 74 87 65 73 86 99 27 55 80 47 65 98 35 15 4 10 45 26 78 94 93 53 27 81 46 82 83 34 63 100 66 33 91 50 21 41 80 69 88 93 24 73 17 30 94 89 98 34 22 72 97 61 73 6 54 96 60 20 62 94 9 3 10 59 23 98 30 78 31 52 55 99 82 20 41 77 81 32 48 21 25 58 56 75 91 83 80 15 72 77 76 96 63 48 76 7 19 47 81 23 33 40 63 22 18 56 53 76 9 76 58 53 30 55 53 4 5 10 15 58 13 12 27 65 97 51 42 76 29 99 61 10 36 62 43 20 30 75 41 99 85 67 54 5 37 36 86 83 12 31 11 55 18 11 48 68 83 3 90 63 59 57 54 100 53 15 100 30 73 88 80 20 82 58 74 30 48 13 61 19 79 86 11 72 6 95 32 66 24 100 99 68 17 69 14 27 55 50 18 95 79 27 78 68 76 78 86 4 28 99 60 5 42 79 4 37 97 29 97 97 82 20 34 64 97 18 76 60 23 34 56 75 59 86 40 76 95 55 32 41 65 25 1 12 99 77 30 81 51 65 32 98 79 76 56 77 11 67 27 3 39 70 57 57 96 68 62 46 65 10 46 91 85 60 73 62 82 100 55 29 71 98 67 14 79 8 28 6 23 4 8 9 69 28 68 42 50 76 77 22 94 90 88 4 87 27 50 86 5 13 38 65 82 85 62 3 29 94 97 69 26 40 60 81 72 39 44 32 84 18 94 76 4 92 11 100 69 63 20 5 40 42 79 71 19 9 5 23 27 19 25 67 81 52 48 55 81 74 45 16 58 63 1 14 40 69 22 77 23 56 54 100 34 66 40 72 13 2 100 75 86 11 93 10 62 10 59 48 81 74 41 85 73 6 12 47 53 72 9 33 80 44 73 55 29 85 68 11 34 62 50 51 23 90 51 46 83 86 53 52 31 92 64 58 96 69 89 45 81 33 77 98 80 92 36 21 60 21 14 49 60 56 98 69 51 88 20 94 89 13 77 5 65 8 89 43 68 9 42 64 77 79 88 60 96 88 25 67 38 58 19 2 50 98 79 39 9 25 33 25 6 39 67 45 80 80 12 94 60 93 51 5 81 37 93 58 40 34 5 48 78 21 18 60 64 70 97 65 30 2 18 80 10 52 64 75 84 89 21 93 78 75 8 88 16 59 35
633
42 3 77 25 8 4 50 51 77 46 5 39 2 80 88 53 1 72 69 2 78 8 46 23 8 47 17 4 57 36 1 23 70 71 17 77 6 77 97 52 71 79 96 23 44 86 8 30 85 56 50 98 63 67 58 16 62 92 100 93 25 25 45 77 12 16 13 69 79 57 89 77 38 28 11 98 3 32 75 71 20 4 40 36 22 22 94 86 46 13 82 84 28 74 75 38 80 91 9 40 40 94 75 53 89 70 48 73 1 57 4 40 61 98 11 23 97 96 97 52 61 5 26 12 52 79 8 95 56 36 51 97 85 98 2 64 32 40 65 69 87 36 70 34 88 28 45 63 6 28 36 72 89 61 50 93 27 21 63 80 20 18 24 54 57 30 73 29 56 13 88 81 47 27 9 98 26 73 62 12 3 77 26 55 68 66 55 80 95 85 52 12 67 88 90 99 15 10 63 82 65 59 98 64 6 68 21 23 66 92 98 93 81 23 20 40 79 68 80 20 58 84 98 56 4 68 26 5 8 60 61 53 86 31 92 14 54 16 38 45 94 51 53 92 90 23 25 24 86 1 90 38 19 15 86 17 2 17 95 52 82 5 29 1 71 56 19 91 98 18 64 46 66 75 41 13 17 43 73 90 94 7 91 5 65 100 11 66 16 2 86 33 71 74 28 7 53 79 69 99 4 86 80 56 59 3 55 25 30 71 82 55 42 60 4 10 7 15 58 4 63 74 91 88 28 72 76 86 40 68 38 90 12 95 59 26 24 93 99 46 50 49 73 69 79 75 96 14 45 20 99 93 21 1 70 10 100 15 37 54 92 19 14 26 19 7 13 41 74 62 19 26 41 81 16 59 99 24 89 70 7 86 56 55 38 69 84 30 55 21 53 29 4 14 28 9 93 90 56 54 30 37 95 85 68 89 30 90 83 54 3 13 60 77 84 14 30 68 17 68 33 93 7 99 96 22 91 81 76 25 13 8 91 74 82 47 60 65 25 22 76 44 25 56 72 60 37 36 54 52 72 29 57 6 67 61 84 31 15 29 49 78 70 53 8 29 39 95 68 78 76 100 96 81 92 9 87 41 4 6 59 4 23 71 22 20 88 73 96 50 49 51 92 71 25 7 45 25 35 44 23 88 40 60 99 17 8 49 10 15 77 74 31 80 83 13 88 50 6 78 9 74 15 100 38 29 80 25 61 56 62 99 97 48 32 51 55 64 95 96 41 23 14 9 9 38 10 52 54 44 98 62 53 76 36 98 9 73 57 6 73 2 35 22 23 66 73 1 71 82 46 96 75 65 30 36 22 92 46 13 17 73 17 52 83 43 74 93 86 14 21 53 41 68 43 57 55 74 80 60 26 100 39 69 95 22 62 100 34 69 94 7 99 88 59 55 68 61 28 39 93 55 70 69 27 37 91 64 73 3 12 83 10
753
46 67 38 12 4 93 71 96 79 3 6 22 54 89 37 91 39 57 26 85 72 2 44 34 40 94 67 48 89 79 85 51 18 44 8 11 92 75 19 98 45 12 93 12 64 19 63 40 71 52 32 24 10 23 18 9 74 68 69 47 88 16 99 63 88 44 72 43 10 31 52 50 26 6 87 18 100 52 20 28 69 96 79 98 5 56 71 61 15 26 32 70 11 28 50 69 72 19 4 5 85 74 55 69 45 40 63 64 61 43 67 92 41 87 79 94 24 54 31 45 55 16 73 98 22 13 75 43 74 78 44 38 31 26 33 6 4 82 96 61 67 98 51 10 40 20 94 67 93 89 43 100 93 88 9 45 55 95 89 54 69 49 44 76 55 24 36 76 21 99 12 86 74 88 73 44 62 23 44 42 42 95 57 52 52 77 30 17 96 19 78 56 48 13 49 44 49 94 75 95 24 57 64 26 83 40 38 22 92 86 69 95 66 60 6 16 78 86 65 46 24 5 21 43 63 71 2 87 48 76 72 87 59 8 43 39 25 79 82 92 98 41 15 73 74 35 46 49 51 77 45 59 78 8 98 88 17 52 83 24 26 15 90 67 39 1 24 85 7 90 100 33 92 6 92 12 44 90 30 47 97 64 81 34 56 77 17 95 89 86 40 2 22 92 22 18 91 58 95 22 78 61 62 44 7 28 64 97 18 56 68 83 52 89 45 2 66 68 64 66 45 60 35 64 17 19 48 94 98 67 74 28 61 56 44 81 88 4 2 53 39 91 13 50 69 24 10 88 18 99 14 86 68 37 97 26 2 51 93 32 62 33 67 70 22 36 82 52 37 92 53 24 24 90 78 65 88 40 72 25 84 24 36 96 55 23 9 22 22 94 92 1 77 82 10 87 1 88 47 14 78 10 65 73 39 85 77 41 11 9 55 55 82 61 56 27 45 33 68 6 85 28 99 75 32 38 39 21 24 71 58 5 3 5 57 36 67 100 36 56 16 73 70 54 70 94 39 20 19 81 99 77 38 27 42 20 49 30 48 16 66 71 12 17 10 98 16 75 23 63 21 59 27 44 27 61 48 42 17 57 66 91 61 13 46 52 68 52 39 70 94 82 29 54 21 11 26 42 53 74 74 67 92 21 18 58 32 51 12 66 25 23 20 28 98 65 45 32 33 9 81 100 62 37 33 8 5 3 22 71 33 48 58 42 75 70 8 45 82 93 81 98 40 38 77 57 72 95 8 88 94 32 39 17 69 34 27 64 29 37 48 28 90 78 3 42 59 56 23 19 63 36 97 1 30 34 57 48 68 91 65 98 42 61 71 57 49 59 94 3 33 24 15 70 71 22 24 66 32 3 30 64 25 79 48 62 85 95 96 37 35 73 89 66 93 65 1 79 30 4 8 95 7 40 94 91 1 36 80 25 84 80 74 25 56 55 72 51 44 44 27 7 38 95 85 100 80 67 61 89 10 29 3 19 27 53 88 81 51 73 74 3 92 30 53 89 29 56 54 32 70 46 29 68 45 29 26 8 58 49 84 56 11 23 59 43 7 27 46 40 6 89 78 96 22 39 86 55 63 37 15 46 3 11 87 39 100 42 64 44 1 10 20 80 67 74 12 75 28 50 65 41 54 61 82 63 68 27 31 78 85 77 48 64 50 21 86 33 75 94 67 81 27 49 46 68 77 55 35 93 29 100 20
506
2 18 45 65 73 24 92 80 90 23 63 68 63 26 36 70 1 47 7 86 17 66 94 30 94 50 83 86 35 94 42 31 36 12 4 11 69 88 82 75 39 44 7 43 77 87 61 69 37 18 14 23 8 93 46 70 18 22 47 41 29 33 94 40 58 99 23 31 7 53 39 63 70 88 56 44 63 1 52 48 4 66 80 66 34 18 60 58 39 58 12 44 41 71 48 2 73 26 98 61 96 84 48 50 24 75 79 51 78 97 86 66 78 68 99 78 22 94 67 42 70 44 94 51 40 59 31 20 94 96 5 25 66 37 75 42 62 82 46 47 50 30 52 88 86 36 3 19 14 87 8 11 80 23 26 29 19 74 84 12 91 9 55 61 55 46 47 59 35 60 81 91 81 41 41 23 35 82 60 2 85 93 42 16 41 26 38 99 57 9 97 20 23 84 70 40 23 15 78 26 68 11 64 21 65 30 20 50 56 56 40 62 3 27 100 12 54 53 73 74 46 82 56 13 13 27 61 11 17 76 31 16 84 26 20 44 90 77 70 98 80 17 53 20 60 45 59 4 82 36 82 79 25 7 29 21 40 97 87 89 91 86 90 26 84 56 42 16 90 62 55 77 50 30 58 19 83 20 92 67 3 80 44 98 6 54 95 34 51 48 21 68 12 21 58 39 91 8 26 24 39 69 54 33 11 20 61 98 32 90 75 5 4 40 34 42 22 15 9 64 31 26 71 57 85 23 78 3 13 23 81 59 98 75 58 62 23 62 66 48 21 19 16 68 20 16 51 9 6 61 56 31 34 54 23 46 1 91 55 73 22 64 89 47 31 49 48 98 26 66 77 33 20 63 6 1 98 11 40 1 36 47 54 37 74 72 3 87 20 72 77 27 63 63 47 34 51 54 96 17 68 65 78 85 94 92 63 73 25 13 51 48 2 67 96 73 70 69 78 27 10 67 95 20 30 11 14 9 40 69 90 21 36 43 55 53 60 27 98 57 64 74 14 44 4 16 77 32 10 25 58 27 47 40 56 85 96 55 60 93 95 75 95 52 9 32 13 96 14 14 2 30 29 54 86 13 78 71 64 70 30 63 97 62 94 73 77 69 29 24 74 46 27 71 68 43 58 32 10 70 33 16 65 49 77 79
945
88 38 49 90 41 84 49 46 90 78 12 86 28 85 13 30 2 61 99 17 68 95 27 31 90 81 67 26 32 83 51 83 34 78 67 91 80 22 49 80 14 37 84 67 31 82 41 20 39 25 96 40 95 56 56 41 54 79 52 47 17 57 56 50 73 83 37 3 20 56 40 58 11 66 13 32 4 8 97 39 93 17 70 26 96 87 33 92 36 3 49 85 93 52 37 25 81 39 53 69 26 3 58 14 100 79 84 92 85 97 42 46 78 1 97 94 6 73 5 38 85 71 15 23 7 28 81 94 100 3 27 34 1 88 82 5 9 71 66 77 53 11 73 25 12 55 75 26 1 14 20 77 87 83 55 25 90 11 79 21 99 62 45 69 44 56 58 33 98 54 74 52 13 100 79 21 88 81 44 13 39 39 46 35 98 6 39 55 17 15 56 1 60 71 81 5 67 10 1 38 94 77 74 71 14 24 82 15 63 63 25 78 14 80 64 8 85 87 68 95 7 40 84 2 29 5 63 2 2 6 53 27 94 97 7 72 65 77 7 55 82 61 85 44 48 45 43 16 90 44 84 62 95 40 84 33 32 51 15 40 13 84 40 93 77 21 1 54 49 61 81 56 49 33 3 21 55 40 55 43 32 27 30 62 9 83 6 24 26 47 53 66 32 29 5 38 4 94 32 9 1 61 100 45 40 26 14 99 37 16 50 85 99 65 99 19 93 66 76 89 38 12 43 92 90 23 16 61 26 77 72 71 95 67 14 40 88 71 52 61 61 58 28 77 43 19 16 56 21 81 89 75 93 79 76 19 77 15 96 67 17 56 18 46 69 3 19 56 45 6 14 56 50 25 86 42 62 25 14 45 52 16 73 57 93 14 7 20 50 19 18 92 29 71 95 48 76 1 34 84 3 54 100 72 96 52 74 11 51 2 8 10 85 50 7 61 29 46 62 99 18 80 1 66 21 62 57 14 47 3 8 51 67 68 24 98 75 66 44 49 69 70 89 67 68 66 39 100 78 95 11 25 44 40 44 15 34 96 83 8 95 4 88 72 55 27 48 90 23 72 98 54 55 79 9 98 31 79 97 37 36 43 97 45 33 35 35 24 1 50 29 96 72 46 65 84 14 78 86 47 89 82 100 69 42 82 69 13 45 2 4 26 28 40 53 84 59 82 79 8 26 77 39 42 41 15 32 67 52 62 76 80 3 19 90 55 64 41 51 91 84 4 51 18 42 2 99 67 80 9 90 3 24 46 22 38 4 19 63 25 45 52 90 6 70 16 75 60 94 59 93 95 20 8 30 15 55 76 23 47 17 11 25 65 95 62 70 32 59 61 93 53 19 64 91 54 41 31 39 14 51 5 26 31 71 46 7 29 12 11 63 1 75 54 81 100 42 92 67 2 6 91 14 56 88 57 98 60 81 22 34 7 60 79 69 29 27 63 73 13 12 88 37 73 81 90 41 94 12 62 33 87 56 17 55 80 65 96 61 22 51 25 89 78 26 68 45 15 21 70 86 36 82 27 31 93 57 41 84 40 40 76 57 41 57 44 58 66 60 9 34 94 65 77 60 56 32 38 71 24 26 64 58 44 28 4 11 48 99 18 29 46 42 59 43 16 36 79 8 23 98 68 53 85 83 56 12 19 91 52 4 37 37 36 35 1 85 12 85 99 81 72 90 65 87 29 78 87 32 61 2 67 47 84 16 19 22 88 80 58 90 30 40 32 90 65 82 40 27 70 6 59 81 63 70 18 60 99 100 92 46 57 51 68 45 33 54 51 29 22 70 49 34 58 13 2 8 44 52 33 49 70 27 36 51 38 48 47 7 92 92 19 2 62 72 100 23 29 48 26 9 27 91 36 80 83 93 8 47 86 82 33 86 57 72 31 97 75 44 30 32 35 15 46 59 20 90 32 88 23 59 7 34 38 92 58 30 61 94 39 65 38 39 59 37 1 23 58 95 8 14 77 53 40 89 69 33 6 2 90 21 95 15 81 51 81 55 82 14 45 54 40 28 27 50 75 63 2 17 34 51 44 32 85 59 22 39 29 88 16 72 22 96 24 1 17 7 76 87 33 24 41 20 61 96 16 42 99 76 29 40 24 74 7 11 90 70 65 63 46 42 59 79 52 94
850
76 98 51 100 67 18 38 33 49 46 33 49 21 23 1 51 28 29 27 60 26 31 20 63 18 6 26 28 43 13 74 18 25 98 6 24 70 10 8 29 53 54 30 26 55 75 23 94 33 41 78 33 51 36 75 21 37 66 56 90 5 63 49 47 77 33 47 69 49 92 99 54 31 39 87 52 78 97 56 90 78 15 34 83 74 86 58 20 9 15 24 31 53 28 52 39 5 11 43 17 45 34 77 81 92 74 63 97 87 46 87 86 91 64 67 89 88 64 78 87 31 21 86 74 84 62 80 98 9 97 5 3 63 54 23 78 61 10 30 69 7 8 6 14 80 81 95 90 90 30 19 14 6 72 60 1 59 20 83 29 77 47 96 21 98 18 85 7 82 83 91 95 39 78 99 99 37 66 33 16 15 90 16 62 18 4 64 14 36 42 38 85 11 11 87 3 13 31 69 79 63 62 62 90 63 37 10 59 68 45 26 10 25 84 54 11 53 84 55 57 70 41 48 53 25 58 8 19 27 58 67 22 27 58 97 91 6 24 33 46 24 49 15 9 18 76 27 78 59 71 43 39 13 58 1 52 34 43 6 30 65 14 76 9 15 1 45 57 73 48 23 28 100 1 91 77 97 8 82 12 87 24 4 69 64 65 88 96 37 18 45 89 46 20 4 63 27 26 77 91 23 41 13 18 27 27 49 61 42 13 47 80 93 47 84 39 97 57 52 17 39 49 86 84 4 84 12 76 10 85 2 18 97 88 47 63 44 99 35 93 96 70 59 46 61 14 96 11 11 55 52 69 69 70 14 22 23 3 38 65 6 64 87 56 74 15 7 31 66 74 3 30 67 26 86 63 77 63 92 11 55 23 37 96 67 4 9 5 22 16 88 46 6 77 49 10 38 49 76 69 46 9 1 5 77 51 78 67 6 83 1 16 23 28 100 35 80 63 48 1 17 29 61 40 8 39 53 59 70 20 63 59 76 37 14 79 32 91 74 12 86 62 15 54 95 60 22 1 28 10 37 63 60 79 93 95 3 21 10 35 15 92 8 71 78 71 49 5 42 3 77 65 35 76 99 42 50 39 67 15 26 91 28 93 53 57 1 88 11 87 81 75 44 69 1 81 44 90 20 11 32 54 40 98 9 93 44 61 17 93 3 86 57 54 82 13 32 94 1 76 78 100 30 76 16 50 37 74 53 81 100 91 1 67 72 72 74 33 84 14 25 48 64 2 42 89 11 79 88 6 15 38 4 86 87 18 18 5 30 54 95 65 57 36 50 36 38 85 44 41 40 32 98 92 15 45 72 84 25 90 29 51 46 31 43 25 81 97 44 63 75 21 26 65 76 36 8 77 94 71 90 89 34 27 10 59 9 83 29 60 11 50 17 37 88 81 92 100 25 99 51 79 54 36 76 47 17 45 77 30 72 33 77 71 64 81 12 94 1 5 38 63 98 20 88 47 79 86 28 23 50 32 31 98 90 53 13 9 9 11 77 93 11 2 79 66 10 20 49 87 57 50 52 59 18 40 7 56 51 65 8 56 73 52 31 19 76 1 26 43 88 95 95 97 53 99 66 22 18 69 29 80 72 50 8 66 10 54 17 73 20 98 98 38 60 15 75 84 30 7 63 45 80 54 22 48 81 37 79 69 78 28 59 69 60 27 3 2 63 85 10 69 77 22 46 77 89 78 86 28 97 36 96 17 77 51 73 79 21 81 72 77 2 66 84 98 15 33 71 77 39 21 30 92 4 80 9 18 52 63 38 94 23 97 19 90 76 77 52 82 54 7 13 11 27 96 2 53 37 46 28 83 88 96 70 10 14 22 26 36 83 56 74 63 13 36 11 18 58 50 47 65 47 81 4 24 34 28 80 56 93 51 8 43 72 21 15 16 15 41 14 26 62 37 30 33 98 45 85 83
729
80 91 25 13 65 88 87 100 7 8 89 85 73 46 86 37 51 75 90 14 13 3 13 62 89 9 52 50 99 61 14 54 68 4 59 36 64 9 31 41 86 100 18 7 30 61 79 43 37 75 93 83 76 36 4 92 97 34 23 89 8 20 82 18 40 9 33 88 2 13 48 51 71 85 94 1 48 76 81 41 2 11 34 37 94 66 4 40 27 61 77 32 55 72 56 76 49 89 30 87 74 22 2 91 44 49 57 64 55 92 70 63 31 83 86 15 1 94 51 99 37 34 84 17 70 63 55 81 57 16 1 40 86 79 12 17 53 28 10 44 94 96 62 71 72 50 1 59 88 6 11 92 11 76 20 30 76 12 30 20 36 7 47 20 56 47 62 58 56 84 19 34 15 35 90 3 26 20 90 77 29 27 84 6 60 67 39 77 90 46 38 5 89 84 27 86 11 31 85 82 98 28 85 52 2 38 92 16 60 61 2 65 19 76 1 5 82 93 75 88 48 53 75 59 89 30 2 77 8 66 11 41 28 16 82 64 31 26 80 9 17 20 3 42 24 56 30 100 65 12 64 93 68 33 23 72 89 62 21 56 86 71 31 17 31 69 1 80 4 58 40 91 71 59 37 98 50 74 9 95 6 12 13 38 62 16 67 100 25 19 25 38 75 55 86 55 41 39 31 83 13 66 39 17 17 90 22 86 90 28 89 92 76 80 51 56 100 38 77 17 79 83 81 15 3 79 75 65 98 74 1 34 71 99 26 81 79 13 19 69 100 39 61 18 64 2 74 39 84 59 76 76 53 88 49 26 25 91 56 12 9 9 80 94 25 36 33 97 77 31 62 87 24 62 20 44 98 58 62 55 66 10 72 4 70 34 13 55 24 94 19 80 45 83 38 27 33 89 60 34 74 28 35 24 64 65 52 2 54 29 33 32 87 21 24 27 58 70 32 39 70 91 5 23 26 75 75 100 68 82 94 12 65 98 81 58 7 41 36 34 84 30 82 14 43 51 47 83 74 89 22 91 40 88 3 28 14 16 12 79 27 100 40 77 17 27 84 5 28 16 79 48 26 94 2 69 75 92 83 6 4 47 94 41 82 33 87 11 52 97 22 46 44 53 9 13 45 30 2 4 10 42 57 56 54 74 50 24 46 53 58 34 74 81 10 63 32 63 66 74 18 5 100 44 16 7 3 75 79 30 88 43 59 23 6 86 59 75 93 25 18 96 45 76 60 95 29 88 41 67 46 57 49 37 53 13 29 65 93 100 24 66 76 97 57 7 42 40 17 9 86 51 71 30 89 79 76 23 94 45 56 24 71 76 47 95 55 71 42 90 97 40 79 55 66 91 29 72 29 69 15 14 18 50 56 87 67 78 60 99 38 73 41 82 100 1 40 12 1 87 13 71 18 55 91 44 43 72 6 14 12 96 89 15 90 22 86 79 94 68 27 41 99 7 33 96 99 39 47 76 60 77 43 10 67 59 5 9 27 19 57 93 81 52 78 9 38 79 87 33 36 29 52 65 12 9 23 97 8 88 43 70 31 79 34 57 60 89 51 64 64 23 86 30 82 81 20 92 94 68 20 97 35 2 16 91 13 16 41 40 48 59 77 15 59 21 100 96 52 69 5 18 7 75 38 96 53 98 73
680
37 6 63 3 92 63 81 21 97 23 37 89 47 34 23 15 19 85 55 17 35 100 27 6 45 84 25 64 20 2 16 33 29 33 29 17 67 76 37 32 100 69 96 3 79 86 33 36 8 7 75 76 20 13 88 29 19 43 29 79 50 39 41 43 62 79 100 48 56 47 17 90 56 6 8 85 99 65 98 37 69 75 83 30 76 60 32 10 13 25 35 10 30 69 18 37 71 66 51 33 73 26 21 34 46 58 65 34 70 4 67 60 20 57 100 85 38 81 17 44 14 46 3 67 56 47 5 60 1 31 21 95 36 66 31 13 75 55 29 62 30 51 97 14 8 78 83 91 31 100 17 44 20 29 73 7 52 14 21 14 76 48 7 22 54 70 20 26 1 2 82 14 77 75 3 72 41 72 69 88 65 69 48 77 8 12 69 18 100 4 61 41 36 35 75 82 79 16 16 62 4 97 56 74 92 93 21 23 4 28 33 57 86 2 89 38 37 57 14 5 14 82 13 37 18 40 37 87 8 71 32 87 85 3 9 6 99 37 38 69 2 61 48 2 61 28 54 39 43 49 90 99 78 60 73 61 94 75 31 63 70 62 63 86 83 36 22 95 61 69 19 83 91 69 47 23 30 25 38 74 40 8 41 51 84 96 47 75 84 55 46 17 80 95 71 53 34 55 79 61 27 61 6 57 45 32 55 75 3 78 97 17 39 34 70 36 10 57 64 32 48 85 15 73 70 54 71 66 59 43 76 18 80 14 45 86 15 91 45 45 4 64 69 67 80 2 20 10 14 90 88 55 93 86 73 77 63 52 66 100 52 20 30 87 67 22 32 42 96 74 91 26 93 29 6 71 94 91 68 59 44 32 26 76 76 60 43 70 70 45 13 38 37 48 99 38 36 62 87 11 80 41 19 80 42 30 42 48 36 84 95 15 40 2 73 21 96 20 52 19 80 39 43 16 23 89 1 70 73 96 95 80 93 19 93 72 7 49 74 62 39 91 82 12 26 98 38 29 5 61 64 99 51 90 65 11 25 50 44 11 14 9 49 17 18 43 100 69 98 74 66 70 28 100 34 82 86 50 98 90 60 11 11 19 36 26 47 35 84 84 26 60 86 15 45 20 37 32 88 41 84 73 60 2 88 39 12 50 94 52 49 1 9 8 8 44 89 69 85 25 26 59 47 34 48 42 75 86 29 13 56 82 42 67 87 17 71 98 22 17 20 7 62 98 86 22 2 40 20 4 60 35 61 42 74 24 6 43 91 73 84 7 87 5 40 62 12 89 31 50 51 71 78 64 67 11 75 70 57 28 44 70 12 60 69 71 69 45 70 55 89 49 79 28 40 8 90 1 88 52 38 22 81 95 77 26 18 1 72 23 22 4 13 68 20 10 92 64 69 42 16 26 83 85 25 48 91 96 7 1 95 57 28 40 27 47 16 98 73 14 60 30 36 83 38 51 77 80 38 65 100 22 3 21 33 32 57 26 24 68 74 99 89 58 63 20 60 7 42 71 46 27 70 29 47 41 6 32 29 45
504
27 13 14 37 94 69 8 34 27 9 76 30 25 36 23 42 10 71 44 3 32 28 61 21 87 11 44 86 2 89 73 79 58 72 42 43 59 14 10 76 15 31 79 34 30 55 62 65 27 83 22 63 63 33 60 45 85 20 82 23 65 55 60 96 18 41 72 27 20 37 64 68 30 14 32 97 64 75 71 88 35 67 70 78 39 68 76 88 93 85 90 17 46 19 75 11 59 83 19 18 83 46 52 56 92 72 3 97 72 58 11 96 43 25 94 76 72 25 46 91 49 49 40 17 60 70 35 45 15 22 23 94 33 100 98 26 2 16 36 72 83 33 31 18 26 92 70 32 68 16 19 34 36 69 66 4 75 9 3 33 87 92 100 45 26 5 75 28 24 87 35 20 63 98 22 23 36 78 45 68 20 99 72 85 48 64 20 60 33 99 30 85 51 78 94 77 16 21 35 46 93 92 7 54 83 39 99 88 34 19 39 42 19 99 28 89 56 98 42 74 93 3 8 64 84 82 32 62 76 8 60 52 14 25 2 64 47 54 59 28 78 24 24 38 75 27 91 71 68 75 78 1 2 2 31 36 49 63 46 35 43 71 72 26 58 9 99 46 74 50 94 56 6 16 25 51 10 65 17 74 98 53 67 76 98 58 87 78 70 37 39 9 5 83 46 34 41 34 49 62 51 17 8 65 93 51 24 80 70 50 47 47 54 74 65 6 94 43 2 29 88 4 26 94 97 96 81 81 73 71 88 57 36 17 1 62 89 10 88 7 59 3 42 32 95 2 27 84 39 12 51 79 76 48 16 12 90 26 59 37 10 72 9 38 45 98 86 16 46 41 94 26 86 54 37 24 63 19 49 24 61 19 33 51 47 56 46 85 97 74 89 17 35 13 40 21 48 51 77 96 55 9 81 15 30 48 73 18 84 91 9 7 11 3 64 27 67 88 34 84 57 89 94 9 22 98 5 77 78 15 33 41 93 17 50 32 75 20 81 95 68 37 42 81 8 57 5 46 45 20 21 2 34 97 45 51 36 5 52 10 70 96 50 26 94 37 93 77 47 94 93 80 44 56 7 73 49 84 47 31 63 95 62 36 20 44 66 55 86 49 69 14 66 22 26 80 94 18 38 53 90 40 83 46
561
17 36 28 24 32 40 82 27 31 94 1 63 18 29 21 4 73 67 23 49 34 65 46 51 100 81 27 19 31 70 100 2 67 67 56 100 11 45 68 16 89 52 86 22 18 84 21 11 91 91 81 18 49 35 70 20 86 22 83 43 74 49 15 39 93 32 50 55 97 16 68 44 37 50 3 38 98 45 50 16 36 86 44 85 92 37 28 37 8 67 26 25 54 84 31 54 73 54 31 11 3 13 75 1 26 91 84 77 74 59 29 65 31 57 91 27 1 28 72 27 14 77 10 84 43 2 94 93 62 57 5 31 95 80 92 72 58 11 49 97 58 86 6 42 5 19 31 4 52 30 26 43 91 22 82 29 29 23 90 8 82 26 7 72 48 71 18 90 73 84 82 50 5 27 39 60 78 69 51 79 90 83 41 60 22 3 18 48 40 39 62 17 3 69 16 55 54 44 37 43 8 69 86 28 54 18 67 57 66 79 69 24 2 48 89 43 65 74 60 13 47 39 51 56 62 74 46 81 42 57 49 96 89 45 52 31 34 100 43 55 76 12 49 71 79 76 2 18 37 4 92 50 16 8 42 23 46 28 62 40 91 32 30 86 51 21 69 9 2 76 14 21 55 70 30 92 61 9 98 36 83 46 38 46 97 24 60 68 76 82 45 12 98 73 34 11 1 35 48 15 19 56 83 91 15 20 11 57 93 8 65 32 65 97 20 89 38 85 94 25 57 38 15 12 62 33 68 25 49 97 64 77 41 94 60 45 74 68 62 51 17 21 2 68 100 18 37 22 41 1 77 49 93 69 90 76 32 44 43 89 14 46 32 63 46 70 53 90 67 88 85 53 20 96 62 79 23 90 18 65 63 93 14 69 12 32 26 72 68 1 38 11 31 45 78 54 42 69 18 27 42 48 19 65 10 47 8 61 31 1 44 88 58 99 2 63 90 52 26 49 27 38 19 70 66 95 33 94 17 2 68 28 77 84 23 47 61 20 10 30 52 43 18 78 2 55 93 44 80 11 11 70 67 75 99 27 10 64 67 30 89 97 17 20 94 23 40 1 66 42 89 42 72 13 61 85 43 48 62 40 61 3 27 66 17 33 100 82 86 34 19 83 99 33 65 43 24 61 17 45 26 74 7 11 66 38 32 59 43 89 36 20 5 85 2 34 32 27 77 49 41 18 43 18 64 33 74 53 6 79 37 57 39 46 6 38 88 46 97 76 14 89 59 21 50 33 19 15 29 28 14 29 57 59 25 43 10 21 64 66 30
650
77 78 24 23 13 79 55 79 77 67 60 92 65 33 69 89 15 87 90 58 18 45 88 33 87 79 36 5 52 19 40 62 86 69 91 70 43 91 45 26 91 3 23 30 63 52 87 55 65 86 43 64 24 81 37 7 74 73 45 84 14 80 73 77 14 12 8 38 96 69 72 15 60 3 79 56 27 72 14 81 54 77 97 86 63 91 26 57 27 77 89 57 44 70 49 23 68 60 46 98 99 34 7 59 18 76 88 31 95 17 17 31 38 91 30 3 32 75 69 67 96 13 75 3 88 75 22 14 87 3 30 7 94 31 5 24 1 75 59 71 49 63 52 89 21 9 19 99 14 38 52 34 2 71 95 61 9 45 36 78 42 100 91 4 86 14 16 43 68 39 56 19 10 93 59 92 24 67 44 32 3 84 8 38 2 46 99 94 3 3 92 20 58 12 94 10 27 39 72 54 42 96 100 15 6 27 26 52 35 77 88 29 100 83 9 87 31 82 77 53 16 94 92 17 15 43 39 94 9 63 34 16 83 67 96 32 14 95 82 94 79 72 95 39 47 7 23 97 39 95 7 76 16 86 13 25 23 90 83 50 16 35 21 30 65 22 27 37 88 40 64 30 54 100 18 61 100 18 11 93 50 44 58 56 26 69 32 32 13 51 44 27 80 84 37 87 100 4 37 43 49 67 26 83 38 87 42 29 96 87 47 36 9 29 98 29 54 40 18 43 15 36 72 29 79 21 66 38 50 77 38 40 99 11 38 91 45 90 50 33 37 3 48 71 12 17 34 45 20 83 92 98 24 1 93 58 23 81 75 75 81 25 19 14 17 14 30 92 96 93 93 5 64 42 91 89 93 83 98 11 72 8 83 92 28 87 14 25 9 42 48 18 62 25 82 89 89 14 85 89 91 65 47 31 33 1 75 24 46 53 72 67 14 82 16 8 31 34 85 79 78 25 89 14 97 59 25 28 56 61 39 44 51 71 4 81 14 29 81 56 47 81 64 97 85 82 11 14 44 40 7 37 59 21 71 12 13 42 24 100 68 69 43 98 74 18 62 28 75 54 9 77 50 94 78 7 81 27 22 46 53 91 7 13 93 18 15 21 73 61 96 90 74 96 55 34 62 45 41 78 9 97 27 57 57 32 35 98 6 98 10 79 8 45 92 67 31 8 66 33 22 19 63 44 51 13 51 64 40 69 17 46 83 71 15 96 26 37 40 8 53 8 47 92 73 86 90 8 79 19 74 59 71 2 40 85 84 70 84 67 12 100 42 77 22 50 59 61 59 2 41 33 76 60 64 6 67 40 42 69 81 75 63 7 9 95 100 10 51 29 43 11 46 43 1 64 58 83 13 20 36 38 48 35 64 82 1 31 3 8 15 74 2 73 72 21 7 28 30 54 96 65 23 54 29 61 77 19 55 93 15 59 14 19 1 35 38 79 5 84 39 84 76 65 57 36 62 46 75 99
573
57 100 79 76 49 37 32 10 60 20 19 17 63 31 84 88 25 6 45 92 89 67 47 68 22 2 71 77 15 67 33 25 16 89 5 2 37 29 45 5 64 2 39 78 74 43 11 5 40 15 14 73 69 74 94 24 96 12 46 65 4 4 92 72 42 56 67 41 64 57 50 11 61 50 24 87 72 29 70 100 10 12 61 20 94 70 75 90 87 78 97 87 86 4 92 64 27 50 83 52 18 55 50 45 22 73 76 30 62 72 35 37 54 18 48 38 72 23 54 37 3 40 73 99 63 79 100 54 9 12 85 53 50 20 52 73 5 78 76 70 21 42 91 34 62 31 17 67 26 97 67 63 56 46 44 94 21 95 12 52 32 55 16 42 26 33 17 34 48 32 48 100 76 45 45 17 28 75 87 67 21 73 43 10 73 39 91 73 16 48 53 52 61 14 86 51 37 20 7 95 50 51 43 68 5 48 29 1 67 48 56 70 96 95 41 7 36 59 71 97 19 2 45 45 63 66 65 55 5 93 74 2 45 39 47 33 20 49 5 14 29 96 57 86 42 72 31 6 72 68 84 86 8 18 7 48 45 37 72 53 64 30 88 31 88 95 28 18 69 31 62 51 71 25 93 16 10 12 63 44 17 53 11 8 36 70 7 93 56 42 25 11 77 56 85 77 43 84 74 72 7 43 43 68 43 15 43 67 49 36 86 39 7 100 19 98 59 70 44 50 11 6 67 49 43 63 19 73 82 88 21 8 30 51 86 28 56 37 85 81 29 76 77 3 9 49 33 18 84 9 50 28 15 28 40 58 91 91 35 55 44 14 68 87 14 50 83 82 28 20 47 13 22 96 64 54 80 2 93 67 13 65 18 8 25 77 64 17 67 98 5 85 75 18 52 29 24 30 12 44 2 50 26 29 94 99 51 9 9 64 27 2 100 98 84 32 20 80 22 76 99 73 92 13 15 94 38 59 82 13 69 44 62 78 56 30 34 34 91 37 49 44 5 93 30 68 24 75 64 67 25 16 86 46 61 74 22 8 41 21 29 60 74 70 74 72 62 81 27 57 89 33 89 10 14 60 1 97 69 86 27 14 22 75 93 90 43 100 64 10 12 46 87 83 46 36 95 96 32 17 69 84 12 78 36 25 70 6 56 7 77 33 96 55 83 24 73 1 15 32 12 68 23 56 28 48 28 49 65 12 63 53 82 50 75 66 73 48 22 86 91 96 61 56 98 4 2 85 45 11 9 37 82 83 30 49 76 100 63 100 12 33 27 58 87 29 17 70 68 80 26 99 33
977
74 1 37 13 96 91 54 96 47 99 8 77 72 63 61 75 88 76 11 56 33 55 97 83 19 8 95 54 65 1 68 63 37 96 50 34 16 1 38 37 31 1 55 83 73 23 48 35 12 71 59 96 75 57 22 10 24 36 21 81 9 100 60 53 86 94 8 32 71 2 9 8 96 28 6 95 76 83 47 77 70 82 53 39 21 41 86 47 66 96 66 48 44 57 38 15 82 62 61 40 95 64 80 18 96 18 5 72 9 6 74 95 48 12 84 18 95 96 64 48 60 17 28 4 97 12 45 44 26 61 34 92 70 87 15 48 26 69 49 61 32 53 46 8 9 37 66 12 53 57 78 76 77 97 91 86 35 49 71 53 86 81 21 44 11 61 95 70 20 21 47 26 81 91 15 10 50 2 60 32 59 25 54 25 7 14 48 5 34 71 38 77 47 37 48 85 88 23 100 58 30 8 10 64 57 81 32 72 6 26 7 49 60 89 86 53 98 7 77 79 94 26 82 95 70 37 37 9 24 8 15 85 49 84 73 78 67 6 85 94 70 51 32 42 69 57 81 18 98 73 29 17 46 9 78 72 35 10 70 88 37 45 28 23 7 17 2 52 34 3 28 74 17 21 74 44 82 50 1 74 52 70 25 68 9 93 14 12 57 27 3 38 65 30 80 15 89 75 36 98 76 60 47 98 42 78 96 86 43 12 62 15 40 64 53 60 25 3 68 32 32 71 44 72 24 46 99 65 10 68 19 96 99 1 27 54 65 85 4 99 16 68 78 46 76 73 80 22 39 12 6 49 51 92 88 73 33 33 76 93 89 4 13 77 18 95 58 24 35 69 77 94 71 40 81 91 74 62 59 72 16 57 79 46 87 90 78 50 86 70 23 24 33 32 26 86 88 43 65 55 57 10 5 68 40 75 37 61 66 75 46 76 8 81 40 52 12 92 88 77 93 28 38 74 73 71 38 64 62 23 21 48 81 5 67 70 8 71 60 37 88 82 49 55 63 55 21 1 5 78 53 84 96 72 96 95 46 94 29 99 45 66 87 87 69 43 17 3 58 97 80 90 20 89 91 63 37 51 61 91 82 86 33 98 100 8 93 48 100 69 94 77 26 13 16 52 28 94 99 57 79 88 46 76 64 12 11 28 32 49 47 95 85 4 80 13 37 52 11 76 68 48 36 77 36 2 5 15 10 57 1 21 46 33 60 56 11 39 68 4 52 48 2 40 3 71 74 87 76 2 2 61 70 2 88 58 13 5 73 27 58 82 61 70 19 47 1 32 18 55 57 31 49 94 89 28 14 89 47 2 59 13 40 19 58 97 66 26 48 89 12 10 60 30 36 63 72 22 5 65 49 30 32 5 99 61 74 64 34 28 27 33 84 64 87 83 6 90 48 73 63 44 16 87 24 37 81 5 78 75 10 41 14 67 92 50 5 10 24 45 57 81 20 82 93 93 38 73 2 8 68 6 92 62 69 93 81 95 45 94 33 83 55 98 86 52 57 99 86 14 28 89 58 70 69 22 90 38 66 86 60 54 32 77 58 2 16 55 58 70 90 91 21 47 39 71 90 14 65 37 20 73 72 4 64 16 69 42 13 65 70 74 86 46 3 42 78 11 25 59 27 61 98 76 37 59 56 81 40 21 47 11 66 74 100 60 77 71 21 7 86 36 43 7 3 54 67 58 83 47 36 2 82 21 41 24 96 40 65 68 85 52 58 85 90 75 19 10 38 100 19 56 38 31 73 79 80 22 57 2 70 33 35 29 55 45 65 50 50 19 68 67 14 79 47 88 58 17 95 31 11 36 76 74 51 76 70 55 83 84 87 30 65 91 7 86 37 8 47 4 54 47 33 8 25 25 12 43 31 49 57 98 32 87 17 90 60 12 66 29 30 67 60 81 44 83 76 2 12 90 87 63 49 78 10 83 28 7 87 73 74 26 34 20 47 45 97 89 69 80 1 2 32 63 61 52 62 64 72 32 7 2 72 86 59 48 8 91 13 21 80 34 27 59 57 89 83 36 73 98 73 21 93 52 6 83 70 59 85 94 3 90 97 81 70 23 22 30 87 44 21 53 66 33 71 53 88 11 26 14 89 68 96 10 26 82 11 34 87 42 58 69 69 39 53 11 52 44 25 55 40 38 84 39 42 92 7 47 65 15 16 83 44 46 30 48 92 37 49 77 100 46 97 56 85 21 17
501
32 2 45 89 49 48 16 46 78 89 12 57 95 31 10 63 87 11 38 5 89 29 63 42 78 27 33 82 19 28 49 30 66 97 89 88 41 33 9 28 51 84 98 61 39 90 42 96 41 70 79 62 37 8 47 90 1 93 70 48 64 60 85 54 41 39 21 51 1 25 86 53 25 50 10 80 58 74 78 45 18 28 15 4 44 35 49 29 81 3 50 31 4 88 15 1 30 10 25 2 28 65 56 28 99 51 8 35 14 72 36 81 82 85 8 44 78 10 9 50 99 52 66 65 13 67 42 83 32 74 11 57 61 12 61 27 27 51 43 27 82 43 84 74 74 18 86 85 52 42 53 41 71 69 37 93 35 8 90 91 81 92 49 34 48 89 22 81 57 62 73 28 12 24 35 12 89 94 38 68 41 25 14 69 2 17 71 84 79 99 2 46 93 36 21 19 73 88 68 25 79 54 54 72 80 87 12 87 12 51 90 77 19 52 64 18 47 16 60 98 26 51 27 54 92 22 22 36 21 25 6 57 99 70 100 25 55 66 31 71 71 52 72 30 36 82 82 2 43 33 38 12 13 34 82 88 35 90 19 100 85 84 20 26 67 47 16 6 1 5 49 74 47 20 15 44 4 96 67 85 72 45 51 35 74 11 18 64 78 62 34 42 28 71 17 98 85 45 70 55 75 33 6 11 67 62 85 27 68 78 88 7 16 52 48 94 65 24 59 10 26 100 55 34 23 13 91 33 45 35 18 98 49 92 51 34 55 6 11 3 26 40 83 85 97 98 50 32 71 22 95 8 10 42 69 75 40 10 22 88 41 51 92 11 1 72 22 32 98 15 1 11 9 28 11 24 27 51 4 72 93 57 90 54 85 99 33 51 34 76 1 53 21 100 42 18 69 19 83 28 61 76 9 56 66 80 70 62 62 97 66 71 30 72 71 56 10 42 50 65 12 37 67 80 83 92 87 100 77 41 73 77 90 52 85 37 83 57 79 94 6 22 19 64 80 26 49 29 74 76 95 40 74 62 17 99 9 78 82 69 83 88 55 35 90 98 42 35 54 52 91 96 56 46 88 64 62 35 48 95 69 49 7 48 47 36 82 38 94 91 41 51 38 64 96 27 19 80 19 93 23
887
38 96 42 10 12 55 19 80 93 44 65 74 59 91 64 99 4 22 43 86 15 25 1 13 74 74 45 9 66 36 61 36 9 37 27 88 53 22 62 47 38 73 22 89 74 63 39 32 65 34 49 5 17 79 48 15 93 46 7 8 3 89 26 96 81 23 15 86 30 86 59 43 9 92 2 47 53 87 99 89 85 27 24 79 74 51 56 61 97 77 59 52 6 65 54 32 99 46 59 21 86 58 94 12 19 93 65 8 65 20 5 47 4 1 8 38 88 70 58 25 96 69 67 18 6 3 3 71 71 96 95 67 16 76 75 66 41 95 18 51 28 42 60 93 91 59 99 68 60 30 78 48 67 24 96 83 70 60 87 100 61 25 9 6 38 95 7 96 47 14 58 27 12 25 25 52 97 41 58 28 2 78 82 78 17 86 32 93 49 93 47 36 7 92 59 73 8 90 37 42 11 86 11 91 34 83 37 44 14 25 43 7 58 92 11 21 82 76 94 5 70 32 43 76 17 43 9 30 19 36 64 93 53 31 74 72 89 69 4 33 57 65 69 2 81 29 96 77 72 45 58 55 33 89 23 71 97 98 44 56 30 67 50 38 41 100 12 90 27 79 11 1 22 64 100 38 5 34 25 49 7 88 24 24 72 48 11 48 30 79 95 19 42 39 54 95 36 79 53 90 82 91 41 78 70 40 62 66 8 84 88 57 9 66 29 42 4 12 40 5 40 97 24 23 99 94 4 25 99 72 51 89 18 76 46 61 7 33 62 53 57 86 37 42 35 32 79 49 8 41 51 83 86 38 78 70 70 52 16 17 38 29 74 63 26 30 58 78 78 63 32 34 72 34 76 25 91 82 25 58 32 42 35 56 12 17 86 43 13 96 13 22 2 38 53 45 57 33 37 32 58 69 78 56 71 17 65 24 13 81 20 28 26 70 31 93 79 76 41 93 62 68 29 40 24 2 18 87 41 65 81 61 64 17 74 70 66 99 61 73 29 83 75 73 53 64 17 31 25 46 18 28 20 51 15 42 50 76 29 78 85 76 63 17 62 97 81 22 2 11 64 68 9 63 89 72 60 42 56 49 37 28 37 47 9 72 75 31 15 43 90 96 29 99 93 95 66 30 88 36 36 48 91 48 24 4 92 68 28 56 90 47 70 64 90 21 64 27 33 38 87 95 54 21 61 19 46 85 26 18 90 68 40 55 16 50 67 70 99 7 96 93 29 22 26 50 26 76 43 14 74 15 68 83 71 92 61 85 100 52 80 15 15 97 68 53 78 16 67 55 83 31 60 69 14 33 89 100 17 46 2 30 98 57 40 22 44 47 67 26 39 80 18 51 30 3 67 72 59 1 16 18 94 53 86 73 17 71 60 32 17 63 76 19 95 65 74 48 94 89 29 84 54 51 76 40 15 71 50 78 94 59 97 20 93 73 83 84 10 67 17 46 6 28 94 66 77 46 97 43 57 12 26 34 48 18 29 88 13 59 100 100 33 80 97 72 93 11 57 97 1 72 33 86 71 17 52 3 59 99 1 10 32 89 11 59 18 34 78 33 76 76 57 71 70 54 8 7 87 4 96 51 14 99 57 64 69 89 20 86 26 88 89 15 84 40 15 7 64 73 91 27 3 22 94 37 33 65 70 3 27 75 26 61 36 24 65 27 69 29 7 66 36 88 86 67 42 20 24 5 82 62 53 89 30 32 42 38 39 69 90 59 85 99 49 42 47 49 36 17 74 68 5 96 46 89 25 31 76 74 52 8 11 36 12 97 93 19 29 48 16 46 90 93 63 18 27 76 6 32 32 90 74 68 73 10 81 91 73 99 39 71 10 30 91 62 54 29 31 63 42 100 96 17 36 80 40 6 24 10 75 17 58 64 93 93 71 13 9 31 70 19 47 16 38 75 12 96 54 92 70 7 64 28 67 1 21 11 92 33 76 46 75 24 93 3 65 74 6 15 9 17 96 89 67 93 40 47 46 83 4 57 29 16 51 50 48
593
86 1 88 92 63 28 74 10 20 98 65 45 2 40 83 95 18 48 61 91 65 50 37 54 6 52 98 57 47 68 31 66 100 51 66 47 89 93 45 96 82 34 38 21 71 99 51 16 88 85 6 91 70 90 79 27 19 92 66 75 4 7 91 50 80 85 77 79 64 88 78 15 53 37 60 62 61 62 46 96 66 59 31 64 18 88 85 79 3 30 26 44 56 72 87 47 73 25 31 44 26 21 94 25 49 26 97 25 26 32 16 16 66 95 71 35 3 17 53 35 25 49 53 48 12 90 66 20 63 11 84 11 85 92 53 11 24 74 20 97 36 57 3 97 75 75 7 87 97 69 87 52 37 57 72 67 79 90 23 78 46 91 4 84 51 40 13 57 54 100 6 23 86 6 86 73 55 84 45 83 75 100 30 91 88 56 73 40 48 84 79 60 38 39 39 56 48 12 31 28 18 97 14 43 92 11 97 38 97 60 37 61 86 64 78 28 25 71 5 98 42 60 44 51 65 63 58 64 54 53 38 34 58 20 37 51 70 45 40 57 66 97 79 84 65 53 75 55 5 76 26 67 55 83 54 6 54 80 19 99 98 78 60 84 72 97 52 51 41 76 23 54 49 27 72 22 84 22 22 30 40 49 8 24 66 78 81 36 11 80 88 11 52 12 30 27 61 58 98 77 19 12 88 64 56 99 2 61 28 72 83 24 96 14 15 98 51 38 59 37 91 96 17 15 90 1 87 22 59 37 5 1 43 89 85 86 46 40 63 65 89 16 90 24 58 94 39 98 93 32 25 20 96 72 20 84 6 8 93 69 4 29 5 75 66 75 23 42 29 33 10 23 22 51 36 60 8 59 46 90 47 88 91 85 2 47 94 17 76 89 100 62 45 94 38 10 47 71 7 96 7 25 68 47 45 74 69 49 21 65 18 4 44 6 78 8 19 86 58 9 93 89 87 9 99 92 39 86 16 91 64 74 61 39 91 17 98 15 53 93 40 81 6 32 21 8 72 82 44 18 56 99 86 32 67 37 89 44 5 7 76 21 13 73 23 9 62 51 28 62 29 37 80 24 61 72 19 75 61 38 72 36 96 36 36 52 9 59 1 92 18 27 77 47 94 15 89 81 8 37 4 29 87 42 60 74 39 63 66 93 8 35 98 97 81 12 92 56 67 41 48 86 38 72 66 98 95 74 53 55 82 31 33 80 74 58 50 30 88 35 17 87 98 60 59 7 19 47 59 7 6 79 36 35 8 77 67 49 81 75 87 96 58 2 65 3 33 72 33 79 92 31 100 27 67 93 77 55 41 1 31 10 1 28 92 13 35 3 27 78 71 24 31
512
80 100 19 41 60 87 74 97 8 60 30 26 39 94 71 41 95 27 50 48 41 89 96 96 51 9 55 32 46 72 41 23 25 72 88 16 56 8 53 98 27 9 82 73 49 100 30 25 88 40 27 24 19 96 83 50 25 23 38 6 63 29 77 94 26 94 45 46 95 9 77 62 74 24 5 27 68 64 32 10 42 82 92 44 63 42 21 40 19 98 51 23 53 32 57 54 18 7 1 31 100 88 13 62 11 26 81 70 44 81 63 88 95 78 84 29 74 22 77 5 63 5 71 58 15 81 76 62 5 97 68 18 69 31 77 71 39 77 69 84 81 66 4 82 93 38 20 27 18 21 42 59 49 2 88 71 49 12 90 69 43 81 79 3 20 61 48 56 100 91 100 67 79 92 3 30 40 63 3 34 61 42 19 73 49 68 37 76 7 61 62 4 38 67 70 66 73 67 69 40 96 99 7 61 42 79 5 40 73 70 18 86 28 11 98 71 10 99 4 34 26 39 60 36 65 71 95 50 34 17 96 90 49 68 54 49 83 10 95 48 88 82 83 77 47 56 10 95 61 17 13 48 9 14 97 61 20 6 48 94 76 60 38 73 33 49 61 40 64 46 77 76 90 20 69 24 14 90 98 64 97 76 31 95 26 55 28 74 3 61 66 22 61 22 52 6 15 71 80 26 49 36 21 51 46 42 44 57 10 94 33 53 10 91 14 19 56 50 46 89 21 35 86 26 90 84 70 42 81 83 90 98 96 48 82 83 7 28 30 34 23 78 23 68 47 36 7 28 42 80 73 45 57 13 92 39 35 89 79 94 25 13 42 50 93 22 27 14 4 48 87 85 65 38 60 99 1 50 47 23 32 14 64 82 65 69 68 87 94 84 92 73 60 9 44 27 11 75 18 14 74 55 98 29 55 80 14 90 94 47 89 72 26 37 100 7 48 40 73 8 34 16 39 52 26 52 36 89 19 92 5 73 28 92 41 61 62 77 8 9 28 90 26 5 86 17 14 23 96 73 89 68 77 34 45 63 77 34 41 39 78 90 86 61 87 85 27 59 25 94 94 25 37 70 75 47 97 30 57 42 77 86 19 52 58 98 99 41 53 60 65 44 53 41 87 64 43 74 44 15 20 79 68 68 50 15 1 32 86 96 78 20
800
95 22 71 4 44 47 100 34 10 90 28 46 46 57 88 46 100 17 92 42 66 59 90 90 21 6 8 98 78 88 80 78 12 92 60 84 48 38 6 25 48 35 10 88 82 15 49 85 22 88 23 26 17 62 9 45 11 46 71 77 10 71 2 49 49 6 87 84 22 57 53 91 75 3 58 15 66 78 65 10 31 76 36 80 71 40 84 45 100 62 63 12 70 76 16 27 9 15 96 77 35 2 65 57 61 84 2 24 58 86 94 52 43 87 54 42 17 65 68 8 46 77 26 9 47 36 57 26 80 9 8 83 61 67 48 80 3 83 69 91 63 75 87 33 11 7 58 39 44 78 60 29 44 95 7 47 39 39 40 41 100 12 53 32 3 63 5 78 17 59 19 19 30 46 15 70 53 57 10 53 37 74 42 13 41 65 37 4 50 10 35 39 55 71 85 83 69 4 75 99 56 14 57 63 37 54 39 57 48 73 26 94 45 65 22 82 84 98 18 79 85 11 32 23 75 97 77 63 16 37 73 24 20 20 82 94 30 86 21 90 39 51 30 32 24 1 52 95 34 58 50 88 63 28 18 22 45 23 13 13 98 68 15 59 18 47 75 5 1 38 4 6 44 95 73 2 70 74 81 29 46 21 74 25 35 44 55 54 91 62 35 5 46 47 86 74 56 6 26 16 88 75 24 2 81 37 39 92 50 91 40 100 15 22 58 8 68 35 27 46 41 54 41 15 65 24 41 33 85 2 34 76 47 21 17 6 22 54 99 27 32 80 43 6 82 92 79 17 90 20 32 99 100 22 64 3 10 34 58 33 18 23 81 66 64 44 21 50 58 35 48 80 85 13 23 76 82 4 8 42 75 98 74 25 18 55 59 23 99 70 79 30 24 1 53 27 18 81 6 15 73 88 89 2 19 27 46 21 44 79 5 73 10 2 90 82 98 65 3 80 85 9 81 51 38 90 4 100 29 37 18 94 10 89 59 1 37 94 25 6 15 95 55 47 49 100 94 36 67 71 100 55 13 72 39 81 55 31 58 57 96 20 83 69 35 19 95 82 5 11 42 24 72 99 67 58 76 94 34 47 22 36 45 91 75 12 96 50 86 26 62 66 54 72 91 67 33 61 34 98 71 71 56 3 40 55 100 54 63 32 37 51 91 22 49 36 53 53 15 72 24 99 87 73 81 81 68 44 6 46 32 52 63 67 81 35 89 84 55 29 54 57 43 43 65 64 61 98 35 71 16 11 1 25 68 6 12 26 6 17 63 13 71 31 16 8 93 85 43 96 34 24 62 86 17 73 90 52 54 82 2 13 91 28 70 87 96 98 2 24 57 69 47 21 18 6 85 79 7 99 30 31 18 8 3 31 96 60 75 51 49 55 77 82 92 47 56 35 75 78 40 6 45 94 87 63 34 10 34 14 98 96 83 8 95 58 21 69 7 47 94 26 66 38 61 78 98 8 30 87 91 4 72 82 89 98 87 94 94 29 22 71 8 58 33 28 84 28 53 56 17 80 59 43 62 14 27 15 17 41 16 61 44 7 98 37 17 41 64 62 47 1 12 48 64 24 81 4 100 30 63 46 37 2 39 41 95 67 20 24 7 14 96 40 42 69 4 93 69 32 7 15 28 18 60 69 29 6 48 68 33 53 28 87 27 24 22 63 47 48 65 52 55 20 8 33 25 94 56 11 48 13 65 34 94 90 64 40 76 55 58 2 83 7 53 100 13 84 11 46 19 100 54 62 85 45 41 96 93 58 85 35 53 5 16 89 93 38 24 46 75 17 15 24 87 86 97 14 66 98
736
4 81 24 38 23 63 95 38 15 100 3 85 6 87 61 43 50 73 24 37 31 56 15 82 58 34 39 50 81 30 68 30 59 63 38 24 42 23 48 17 100 73 16 71 5 90 41 40 19 59 49 19 99 43 40 80 98 2 66 14 87 20 78 91 43 23 43 17 17 1 3 12 23 80 96 23 87 83 25 65 2 49 42 91 75 29 99 68 5 17 70 57 70 35 49 49 21 100 82 53 73 36 14 11 85 26 14 61 66 22 14 37 37 94 80 52 16 52 79 95 63 70 94 3 73 19 14 95 3 62 37 58 62 24 64 11 89 89 71 41 49 97 11 92 29 63 22 7 62 92 9 60 73 78 17 65 93 20 45 78 32 39 49 83 49 25 5 45 95 21 40 93 21 54 49 69 49 78 63 78 65 7 74 22 99 89 13 50 89 8 30 99 97 56 1 57 61 5 44 12 89 55 9 59 66 8 1 31 5 7 73 30 90 61 44 18 93 47 25 14 61 24 48 50 8 11 46 60 75 98 40 80 41 99 47 32 76 27 85 99 41 56 49 23 44 82 66 57 33 63 36 48 61 4 16 65 55 36 84 45 98 19 9 55 33 53 94 75 61 59 82 90 22 25 34 83 27 81 42 19 26 49 82 65 84 49 79 47 21 60 58 21 76 45 96 88 64 52 29 88 49 34 86 93 83 58 84 20 14 90 87 49 97 9 22 52 43 98 91 3 88 13 69 54 89 54 73 49 1 54 14 20 4 33 47 43 43 59 41 85 44 29 37 32 78 24 18 99 33 45 98 87 45 55 10 74 40 7 21 17 4 96 12 85 78 4 52 67 67 95 89 95 84 60 65 33 73 83 3 84 88 85 28 92 63 62 55 90 50 37 62 5 79 7 67 87 27 38 38 61 8 20 14 67 23 21 63 40 8 67 74 1 74 82 31 88 65 12 34 12 67 18 83 89 66 49 42 86 52 82 95 36 20 34 53 18 36 16 65 3 92 42 38 1 100 25 37 30 93 85 69 100 100 94 43 68 99 41 74 79 20 44 79 25 64 51 36 74 47 30 98 67 56 82 60 41 98 52 76 23 85 73 95 75 99 100 6 81 88 87 73 39 47 64 16 57 75 74 99 34 27 93 26 52 53 86 99 48 78 59 39 91 34 32 61 76 13 97 24 68 34 61 56 53 26 61 8 63 9 82 19 37 6 100 27 42 98 3 76 48 53 20 4 29 39 32 57 26 24 17 5 20 75 7 56 19 67 19 2 64 68 72 65 42 52 61 42 56 5 6 26 98 53 15 72 72 95 41 65 10 2 74 22 98 52 12 89 37 23 47 55 66 11 49 56 11 88 20 15 19 89 92 63 82 85 90 27 90 84 6 33 5 46 89 94 46 9 98 64 75 5 3 48 69 38 98 43 41 70 48 20 19 10 25 94 25 72 39 66 13 78 4 17 15 30 72 99 51 33 96 43 11 39 36 91 14 49 15 31 73 49 51 10 81 21 87 45 88 100 8 20 92 12 68 47 99 60 15 15 46 52 10 24 8 72 88 81 76 100 100 94 8 92 76 14 43 87 74 17 13 9 93 62 44 84 34 9 48 36 28 97 71 28 55 91 38 91 54 92 91 74 96 98 86 4 84 7 56 42 7 30 96 92 82 87 17
862
97 47 88 64 79 79 35 52 1 83 79 53 72 43 52 45 99 93 80 88 14 81 100 74 52 23 35 75 25 63 45 77 1 18 11 64 30 33 69 64 83 100 92 3 76 49 67 100 83 6 99 56 4 41 71 36 39 39 28 16 81 86 62 94 35 60 12 94 90 99 82 85 44 91 79 17 41 57 92 38 3 70 69 28 19 69 63 15 80 43 12 59 91 33 3 96 46 42 34 91 94 62 64 43 5 67 43 78 45 15 29 38 64 57 33 37 54 98 21 41 46 96 30 36 24 57 17 100 12 45 2 58 45 61 98 14 12 84 13 91 48 50 78 81 2 34 86 83 73 74 95 59 83 71 34 86 56 60 70 12 43 44 64 57 19 30 31 7 51 71 1 19 56 10 51 60 90 88 31 12 26 47 35 98 54 2 55 29 26 95 28 52 36 100 94 65 36 35 41 51 33 77 71 95 64 26 56 53 7 36 93 37 74 48 48 71 24 93 4 15 50 77 59 39 43 99 73 34 21 56 15 19 72 49 7 40 10 21 17 71 26 53 44 33 61 56 99 99 28 46 32 2 27 8 41 71 99 68 73 79 58 93 74 16 90 15 95 10 77 23 83 19 7 14 92 52 85 65 73 90 26 18 17 33 56 92 78 49 12 26 90 61 13 6 60 100 2 65 40 60 38 22 97 3 31 93 74 80 74 98 98 33 20 79 88 47 73 99 85 48 38 55 38 90 4 42 21 53 25 51 24 85 97 5 67 49 21 81 8 52 96 49 41 53 21 9 53 100 98 4 38 12 39 75 39 51 76 36 35 65 81 49 13 76 17 17 88 39 82 20 86 20 76 69 80 86 76 44 30 28 100 55 47 26 24 34 69 92 27 79 33 34 35 10 74 76 34 46 20 5 39 91 95 87 37 18 70 84 85 83 57 42 41 14 93 41 13 74 84 97 60 70 65 53 24 3 62 10 76 16 3 77 71 78 50 79 66 6 94 84 93 26 57 1 22 23 40 82 93 10 2 96 90 48 25 57 74 68 74 92 76 36 86 80 48 33 90 19 67 40 78 53 48 92 84 69 38 5 6 28 27 30 77 87 66 62 47 31 12 10 21 76 30 84 23 89 44 89 37 16 97 75 55 23 97 62 84 77 21 47 16 8 2 11 68 69 53 54 19 73 16 97 96 35 51 14 16 97 62 15 98 24 99 78 13 26 22 9 31 93 19 10 21 90 88 93 97 39 39 80 28 67 51 18 89 70 48 11 11 11 83 91 5 48 96 40 85 90 31 13 80 34 20 92 82 23 7 6 11 20 74 19 51 73 25 49 57 98 47 17 21 34 57 58 22 41 74 45 50 68 45 33 70 55 8 35 75 45 93 31 74 60 100 9 6 53 65 87 93 39 11 79 77 15 69 15 44 1 5 29 35 46 63 49 57 27 15 68 33 53 33 27 21 29 48 63 37 16 92 25 83 56 47 92 78 43 92 15 88 70 79 80 96 86 19 75 70 62 96 84 34 54 7 19 17 18 41 14 5 87 59 77 66 77 62 87 93 49 30 64 40 31 88 47 30 89 97 41 12 24 85 47 64 26 41 98 72 77 64 42 18 63 61 71 1 22 47 49 78 43 61 31 5 8 76 36 91 63 64 34 47 86 1 44 19 75 72 62 63 92 42 80 39 22 62 6 87 3 40 47 57 35 37 67 4 14 6 100 84 68 82 56 74 61 74 58 8 19 56 8 100 77 12 92 96 82 14 79 13 30 75 90 71 4 83 6 39 46 89 54 34 91 19 56 73 2 45 34 9 60 31 96 20 22 49 18 81 33 17 40 70 24 23 85 82 8 57 15 29 9 75 30 5 50 3 39 27 48 18 91 73 79 74 54 21 42 6 7 5 9 96 80 77 89 80 66 9 59 3 75 51 30 41 55 56 30 25 80 50 13 39 81
881
5 53 9 8 51 37 51 39 20 93 39 75 55 10 98 9 81 38 41 23 8 40 72 25 7 92 7 73 94 61 48 15 6 22 18 43 93 95 88 78 14 95 21 70 87 61 100 41 40 34 22 99 47 61 18 91 98 49 96 93 41 30 40 70 40 13 95 45 70 2 3 9 30 95 7 78 59 92 37 22 12 17 53 2 23 65 40 68 18 33 19 11 17 92 41 40 22 6 91 3 25 53 80 73 18 61 5 56 34 4 17 75 74 68 59 65 78 77 85 67 33 91 12 90 41 39 71 97 66 51 6 48 77 64 40 43 69 35 45 61 20 61 61 98 67 8 26 97 44 48 67 71 37 99 5 36 78 13 13 41 64 16 34 47 10 76 73 51 9 23 14 18 60 1 82 48 82 94 71 28 90 28 55 39 47 97 49 99 68 29 42 1 74 37 72 15 100 18 58 46 11 56 2 22 2 61 56 38 8 69 35 71 39 37 35 4 36 61 81 56 40 74 81 11 71 92 81 17 48 12 68 90 72 50 72 52 79 48 99 54 75 71 78 95 75 91 82 5 53 67 54 8 40 27 91 93 30 23 79 49 95 57 74 90 43 30 10 89 15 93 30 76 15 36 33 70 96 48 83 72 59 82 77 36 23 43 84 19 31 79 52 48 78 82 53 96 50 5 98 83 1 9 30 91 95 99 97 25 59 75 26 95 96 4 40 7 6 92 16 13 5 17 9 62 78 34 25 88 30 43 53 1 97 81 58 17 99 87 96 75 68 79 82 82 9 82 61 41 43 16 25 3 74 97 14 60 18 43 24 85 100 80 81 80 17 19 57 70 12 70 37 92 22 60 58 35 83 73 69 80 31 32 9 94 47 53 44 17 55 91 61 71 10 29 24 98 72 35 54 2 95 93 95 22 100 83 95 97 66 33 36 55 13 6 39 90 60 46 31 98 83 75 45 99 46 48 3 14 33 90 27 93 2 90 40 67 63 3 86 75 6 57 83 24 58 16 13 90 29 51 8 98 43 91 63 25 75 55 86 31 75 20 22 64 84 38 68 51 14 86 13 55 14 73 86 87 4 39 87 55 36 82 8 22 88 74 71 60 60 97 61 53 27 6 24 59 40 27 57 41 13 51 2 81 47 85 21 78 74 68 27 78 68 24 67 87 76 67 68 2 40 75 45 75 98 26 14 21 33 17 8 64 23 73 48 10 25 12 86 24 86 10 87 32 92 7 1 99 9 66 9 42 32 36 78 7 4 9 49 96 83 72 58 98 53 61 24 30 80 27 53 6 22 74 63 31 90 27 14 98 44 10 98 17 98 39 55 5 24 9 29 46 55 43 93 13 98 77 73 93 61 4 88 86 94 87 34 94 62 4 51 53 78 57 60 31 48 75 46 59 46 60 94 54 25 39 84 59 74 48 18 19 11 26 7 43 81 47 48 59 34 8 80 85 72 62 65 69 11 85 46 84 69 76 31 65 15 20 36 12 43 31 69 79 48 38 80 14 66 92 99 96 37 8 69 100 70 17 48 70 94 55 99 18 58 14 66 55 2 28 76 23 42 65 74 50 10 23 28 60 65 38 51 73 37 22 24 36 63 61 59 98 73 56 12 90 54 52 9 7 76 16 22 95 95 81 89 67 14 11 52 80 97 18 17 67 74 33 85 48 14 71 25 52 97 73 53 66 97 97 29 81 90 13 65 68 58 59 10 9 54 99 95 61 86 81 85 10 65 44 59 95 90 77 22 65 32 15 37 64 78 87 30 60 35 56 47 11 38 89 69 82 57 18 65 11 70 89 12 2 9 99 69 43 3 20 88 61 33 24 39 34 67 10 80 37 25 2 71 79 91 84 72 8 69 57 1 5 78 57 20 79 64 76 7 16 93 55 20 74 35 66 49 53 87 91 26 35 56 22 34 13 42 52 2 22 96 87 61 83 58 28 1 69 55 50 76 72 4 52 74 67 52 88 100 49 88 13 69 54 33
592
22 56 16 4 2 46 69 60 51 40 34 68 51 16 44 85 90 22 47 73 6 40 21 23 60 22 38 59 1 27 100 25 88 17 23 46 7 89 27 54 75 80 60 98 17 75 72 51 2 100 34 26 29 59 31 47 45 75 75 39 73 26 57 31 25 21 44 76 67 30 23 69 11 29 2 57 18 60 66 7 93 37 79 14 54 96 18 31 75 22 53 25 81 100 8 81 89 31 75 28 26 55 80 99 53 44 51 28 33 60 95 45 43 68 3 57 80 8 5 90 34 39 6 31 44 49 73 85 93 60 87 12 96 58 5 59 15 59 91 96 46 10 96 52 97 76 44 59 19 22 58 45 30 91 4 32 85 84 72 97 13 23 12 35 69 19 37 88 20 50 77 79 70 55 54 2 27 18 83 52 34 61 6 50 74 6 50 75 96 49 76 6 54 80 27 54 18 82 21 4 83 79 22 100 60 56 11 74 82 3 75 14 61 91 54 28 65 39 2 72 90 39 6 44 1 32 77 42 79 4 27 61 6 97 78 74 35 16 57 48 82 57 89 44 91 1 41 54 22 32 21 70 98 21 47 95 87 90 99 68 74 77 94 30 2 42 77 58 100 12 68 63 1 20 97 76 28 43 29 57 48 63 62 77 3 81 17 35 52 31 6 62 73 74 3 87 95 3 8 67 30 51 94 75 39 1 66 39 26 73 4 58 8 31 96 25 3 18 46 75 88 33 54 8 6 97 32 80 69 75 3 43 26 94 54 35 96 76 37 31 98 86 87 22 11 22 49 82 45 89 5 46 50 53 26 95 81 5 5 2 10 46 94 60 37 4 58 38 20 53 35 1 46 25 48 67 71 54 40 20 78 73 100 47 86 44 34 19 58 67 84 43 37 66 7 63 78 33 5 80 71 39 39 49 1 11 68 15 74 34 82 100 51 48 32 69 80 96 65 64 83 37 45 37 17 57 46 14 76 62 17 46 89 2 18 3 54 57 9 94 4 60 58 53 3 54 68 75 10 23 99 38 81 37 12 4 81 24 34 16 6 23 51 66 30 73 79 72 39 49 35 53 20 72 55 31 66 69 70 41 14 82 74 60 67 67 99 98 41 10 10 56 24 37 14 63 38 59 70 46 14 48 29 7 49 17 27 52 1 52 15 2 67 73 28 99 96 30 96 50 76 24 75 12 6 78 4 60 66 66 47 96 22 39 45 16 67 12 40 26 36 89 11 19 3 77 67 73 24 70 59 1 87 96 63 85 85 26 51 42 69 3 75 26 88 86 65 51 13 25 14 39 12 58 42 32 86 44 78 24 61 69 15 4 95 10 41 27 75 44 79 95
651
89 83 53 89 12 51 25 40 58 74 36 40 2 56 21 45 30 86 83 55 6 66 51 79 72 59 16 49 21 84 60 1 77 21 80 99 23 39 58 33 28 30 35 56 23 97 11 89 25 40 94 22 78 78 28 13 39 89 53 68 70 70 84 66 22 100 29 58 41 36 30 47 27 88 60 98 95 99 5 83 86 35 47 51 44 1 15 36 34 99 51 28 88 90 83 83 72 82 44 3 88 85 22 42 14 38 22 22 44 83 68 31 74 59 69 78 3 50 6 9 3 91 29 54 46 23 92 70 13 14 29 40 11 25 57 57 95 99 70 34 68 87 25 92 3 42 17 63 99 83 82 84 61 6 69 50 51 27 100 21 96 68 99 92 14 57 2 41 6 85 43 14 70 51 25 25 49 33 70 82 16 50 15 31 76 33 3 78 65 97 14 90 23 98 68 49 30 97 97 32 6 39 37 67 10 60 11 57 60 34 57 16 51 50 41 41 55 100 52 81 9 76 34 55 24 37 68 63 77 31 50 88 46 61 98 41 11 9 67 39 5 88 14 77 73 78 84 46 19 65 73 87 60 18 94 35 48 53 94 18 67 65 69 2 52 83 8 42 97 36 51 22 94 37 34 28 80 34 1 36 33 85 88 68 51 35 67 71 100 15 28 36 30 25 75 77 5 74 53 67 29 24 37 22 96 73 8 65 70 32 34 59 88 91 42 73 75 8 42 32 52 84 13 17 17 64 41 41 40 20 44 79 6 64 5 37 71 33 88 63 18 9 1 26 32 27 77 71 76 79 80 54 67 69 90 95 67 84 92 39 25 75 21 60 11 52 49 68 53 84 79 56 27 24 89 92 1 67 57 50 7 79 94 65 24 57 93 9 82 100 50 43 42 87 49 48 24 38 91 48 15 15 79 82 90 38 34 84 6 50 100 68 88 40 33 63 37 6 35 46 10 94 25 72 85 33 70 86 33 46 80 44 69 76 42 6 83 3 22 53 73 72 56 8 69 54 84 90 60 97 52 64 69 33 81 51 26 20 39 71 94 57 28 86 74 51 87 59 82 3 16 94 42 80 13 64 6 76 96 77 93 15 27 54 7 4 12 2 52 17 13 74 95 78 17 7 18 92 45 65 35 8 36 78 13 87 31 74 58 61 29 21 65 9 18 39 10 68 50 60 75 75 95 32 73 56 44 97 99 47 39 97 99 28 68 23 54 66 4 29 84 34 19 40 7 4 100 14 18 6 29 37 75 67 99 15 94 76 38 47 63 90 78 77 24 73 3 73 77 73 42 3 72 25 94 4 46 2 70 59 91 13 2 88 93 14 93 26 11 60 17 3 48 14 89 61 2 49 49 99 81 97 6 6 57 44 42 1 2 6 81 91 57 11 21 90 79 96 32 97 30 66 86 55 58 13 31 39 60 53 99 55 7 76 88 68 67 20 24 85 50 94 22 60 57 1 24 45 13 67 55
611
14 22 92 18 80 31 4 78 76 94 84 13 74 25 44 20 1 98 67 50 41 76 15 91 76 14 50 41 64 38 27 26 16 65 18 23 52 25 76 99 37 69 35 58 32 24 82 26 28 97 92 28 83 4 95 58 54 44 81 82 68 100 59 65 30 36 37 42 39 92 19 4 37 84 47 89 41 46 86 86 86 23 30 74 92 91 43 96 99 55 28 84 89 74 62 73 90 21 82 81 4 52 30 36 14 7 22 52 58 72 74 92 40 42 14 62 9 68 34 15 7 92 46 84 16 13 27 29 8 23 1 64 11 4 48 46 70 46 9 65 71 31 69 9 60 46 90 27 14 97 45 33 28 85 78 70 97 93 75 40 62 49 91 88 58 81 32 62 51 51 19 17 73 78 71 12 25 66 4 35 15 17 56 82 9 83 42 45 17 34 61 30 44 99 46 97 44 84 89 4 53 66 20 76 1 57 95 80 38 90 74 42 50 96 4 54 92 78 11 22 30 39 29 23 74 85 32 39 8 28 77 100 80 34 13 56 100 52 46 44 87 90 50 70 85 53 71 88 36 63 88 13 60 38 11 11 72 58 88 71 26 91 15 75 53 100 24 29 78 94 57 46 47 89 56 16 58 86 3 48 93 71 90 85 37 67 3 79 25 71 36 17 24 49 11 67 8 21 49 2 70 70 62 89 20 82 44 6 43 34 40 6 28 85 86 44 45 59 32 17 34 60 5 49 52 3 31 74 54 79 18 91 68 85 49 6 49 10 48 99 2 39 57 13 14 35 20 42 82 16 52 66 31 89 38 18 46 10 77 25 8 56 83 67 67 82 69 35 5 5 6 42 49 32 79 17 35 72 77 63 69 32 41 83 61 100 15 93 26 3 40 6 63 15 56 68 50 61 13 48 27 3 20 36 22 54 46 35 71 48 48 1 66 44 30 85 62 7 15 59 11 20 62 60 94 54 69 97 35 27 62 79 72 22 21 24 51 21 31 11 59 38 5 44 66 91 23 49 43 51 88 89 72 53 90 87 99 22 6 9 42 19 67 68 16 46 91 54 13 20 12 34 41 56 98 97 88 76 45 59 77 46 35 32 43 95 90 46 16 68 91 84 44 21 48 2 28 46 80 85 19 93 85 66 14 8 80 47 33 24 5 97 71 32 99 67 63 91 74 72 64 49 60 1 27 19 18 56 24 55 35 33 80 94 20 16 21 94 44 74 78 79 78 38 87 20 75 1 3 20 88 24 63 24 92 31 31 12 84 25 94 93 49 39 7 2 78 5 68 6 14 59 24 84 15 7 98 11 79 99 30 91 71 52 38 100 100 65 68 14 32 29 12 92 81 82 75 25 3 29 96 80 25 21 55 40 31 83 33 98 19
697
22 75 20 24 81 55 39 83 6 19 58 9 3 71 53 94 11 93 50 20 77 46 70 27 86 77 2 92 51 86 10 26 64 44 38 41 38 45 40 49 69 73 81 13 7 84 48 75 75 19 75 39 76 1 69 82 16 93 80 30 51 72 51 82 92 8 67 86 45 82 33 36 67 9 41 72 54 54 4 78 85 63 99 29 67 4 56 52 63 38 71 59 52 21 77 65 11 23 52 64 31 20 91 96 3 15 30 18 95 11 86 24 20 45 88 76 23 33 62 4 71 60 91 7 52 6 90 54 43 91 72 50 74 54 87 81 99 57 69 84 98 37 63 47 83 6 46 85 68 38 24 4 88 10 2 4 23 95 9 83 29 78 7 87 62 31 74 36 52 85 77 33 29 97 84 12 23 47 33 6 94 96 56 86 6 27 44 4 45 61 7 95 40 99 32 42 92 63 83 21 11 51 60 61 100 18 48 46 20 7 12 16 65 15 72 41 52 36 90 25 7 70 76 24 4 84 47 77 27 95 13 1 1 4 62 36 47 18 94 81 57 63 78 90 30 45 5 19 62 50 13 65 6 21 90 73 100 80 26 10 65 45 35 74 29 26 48 89 74 66 47 6 94 60 96 58 85 51 67 83 60 55 2 54 56 44 53 61 41 69 30 47 33 52 57 73 30 6 89 9 29 99 68 8 43 82 100 40 43 41 95 79 22 58 15 53 99 36 67 7 93 6 55 61 49 59 5 2 86 98 24 17 50 45 8 94 45 87 46 58 23 67 61 96 20 22 77 21 77 59 27 86 3 66 93 60 11 91 34 88 39 57 89 64 79 70 56 29 27 7 93 56 87 23 5 84 44 81 59 94 88 88 85 75 83 80 62 41 68 55 53 65 86 10 38 49 2 61 13 4 31 84 32 20 70 23 81 66 2 36 43 77 74 88 91 14 29 44 74 54 30 55 60 11 74 92 19 42 11 40 49 45 26 51 1 45 52 27 76 28 76 31 20 58 61 57 4 99 62 45 23 45 73 48 74 70 42 37 84 37 84 13 35 71 76 82 64 39 71 88 87 38 16 51 96 90 69 38 72 63 97 66 43 41 59 45 83 69 96 97 96 56 84 12 29 51 57 1 97 99 68 93 42 81 64 87 28 12 47 82 58 78 1 87 7 34 32 65 29 96 25 77 6 84 58 73 14 70 48 68 3 22 7 79 37 24 44 91 93 86 53 14 14 80 96 28 39 91 31 57 8 13 78 80 66 94 54 61 44 2 52 55 53 82 77 84 29 50 54 78 71 31 97 8 77 92 18 53 73 82 79 84 28 4 69 84 98 98 90 91 100 8 65 23 29 87 64 65 88 24 64 58 59 79 86 88 24 77 38 56 48 86 95 98 18 73 95 21 77 68 88 75 85 64 84 87 45 33 55 6 58 9 31 74 83 67 98 43 47 8 1 16 87 11 25 47 50 53 10 8 48 93 76 14 26 88 16 46 48 14 6 55 44 19 55 98 70 85 18 24 10 58 2 65 59 80 74 21 51 65 6 38 98 41 66 92 45 52 67 11 96 29 69 29 29 85 82
982
35 82 32 90 91 72 93 10 13 23 1 43 69 25 27 14 40 23 71 79 24 74 23 90 33 90 47 83 24 55 24 84 18 67 49 24 75 43 62 79 54 81 43 9 9 52 43 51 42 25 46 60 30 97 59 60 11 25 9 28 27 92 89 31 90 33 59 37 59 13 82 100 64 97 49 64 53 40 90 78 74 97 42 26 10 79 95 81 8 98 74 49 40 89 69 69 7 12 84 8 96 93 17 21 7 52 38 96 62 17 2 99 94 10 78 21 77 81 10 83 97 30 78 51 72 19 87 89 12 78 34 98 26 60 47 40 67 58 25 13 63 60 14 31 22 12 77 44 80 31 10 92 97 64 63 21 94 58 28 33 87 37 36 61 41 71 77 56 84 56 16 89 64 12 31 26 24 2 47 22 78 99 64 88 65 85 15 33 20 90 94 94 85 80 8 59 19 73 97 12 18 74 83 97 88 70 53 4 14 62 49 96 68 29 70 51 55 89 50 8 8 50 79 95 49 82 93 100 9 19 39 32 69 93 84 65 97 53 8 55 29 39 94 68 98 33 61 38 76 7 17 61 70 81 38 34 23 52 60 71 58 36 2 30 53 63 15 97 25 76 1 11 7 1 31 84 98 62 37 7 73 30 38 51 45 29 59 53 40 11 54 71 65 3 76 13 87 73 26 15 84 37 49 7 66 14 26 67 61 52 67 27 80 7 86 36 18 48 73 88 13 81 30 18 76 95 11 41 73 78 71 52 24 48 34 35 80 31 49 68 49 58 3 50 49 97 70 15 36 29 6 90 83 36 13 23 24 55 15 67 18 17 45 10 30 91 20 57 84 3 26 71 56 5 96 82 86 40 93 25 14 22 93 32 64 44 7 79 39 91 63 36 15 21 8 48 17 1 4 25 64 20 36 30 39 65 33 25 11 49 41 8 74 11 67 87 15 11 95 78 12 39 19 83 70 50 67 77 19 1 100 41 54 58 31 11 58 18 59 38 46 55 21 52 63 38 41 64 56 3 97 48 50 81 35 73 49 38 61 43 32 34 51 69 13 73 21 87 34 45 65 61 43 88 28 18 27 41 30 38 99 65 48 36 1 73 96 42 98 32 34 53 43 44 9 75 47 23 80 46 44 30 48 24 94 58 59 60 22 23 12 3 86 76 56 38 59 16 94 95 66 46 56 77 1 33 80 78 30 29 9 35 33 8 74 78 13 31 15 55 90 95 6 100 67 55 66 96 100 76 19 13 41 23 75 34 79 51 58 1 36 91 63 72 69 43 87 16 65 12 83 83 66 80 3 80 3 94 66 35 53 3 51 1 43 63 85 86 6 100 81 25 39 100 42 5 47 76 35 99 94 14 47 65 27 47 96 59 88 38 70 46 32 35 31 51 26 74 18 99 59 76 87 96 39 40 79 76 96 27 44 99 30 14 91 66 97 98 87 94 82 49 95 70 30 58 25 72 59 6 66 31 88 90 16 83 42 58 31 86 69 9 62 75 73 16 49 73 19 10 59 35 40 94 95 42 57 20 77 27 18 20 9 95 41 31 8 99 64 92 62 17 51 94 10 35 87 11 27 89 68 78 97 61 40 88 58 78 5 61 8 47 93 67 20 63 7 96 73 58 68 57 95 23 68 35 88 45 58 45 19 1 32 58 65 85 94 95 43 79 47 71 81 55 97 4 36 68 63 12 51 56 39 52 49 47 6 53 36 99 71 80 8 20 60 71 4 63 86 16 92 54 23 41 54 39 17 61 100 75 88 41 59 58 48 54 41 24 52 81 3 81 41 29 13 16 52 93 58 42 39 70 58 72 79 60 54 21 53 62 10 18 72 70 88 66 67 98 16 81 91 43 63 49 70 84 33 53 89 44 77 54 100 35 7 95 33 45 21 57 66 45 64 14 33 25 84 92 52 63 57 87 74 18 34 55 77 11 93 1 14 36 76 79 76 3 10 86 74 21 46 97 33 19 26 3 55 35 33 86 43 36 86 84 49 68 81 49 96 70 2 18 47 17 55 71 87 74 22 35 67 14 79 29 35 76 96 50 79 76 27 9 68 41 42 96 34 48 57 71 34 3 11 5 70 20 53 67 27 62 7 44 65 75 14 57 56 77 14 51 65 55 4 35 3 30 85 50 82 11 71 51 67 97 100 98 56 8 40 24 19 91 28 47 27 95 14 38 73 44 31 46 33 36 64 18 63 74 23 48 90 12
777
9 72 60 35 94 67 66 97 24 14 4 27 86 53 24 81 65 65 41 36 31 56 80 50 33 94 31 82 94 31 63 36 87 43 28 5 70 55 32 33 31 78 72 66 24 18 24 41 8 67 95 55 89 80 54 33 84 8 4 17 95 31 60 46 52 17 99 88 11 25 35 16 3 79 53 44 21 76 3 54 38 59 63 45 16 94 9 5 31 10 45 96 17 2 7 43 98 71 41 81 67 56 3 27 24 91 95 52 65 31 68 69 44 19 71 53 82 71 78 73 97 40 53 36 100 40 43 54 52 72 81 34 88 40 38 92 44 66 95 70 44 19 6 65 2 81 68 73 32 47 26 100 21 49 74 97 40 100 32 24 76 62 3 10 3 19 34 50 47 68 85 36 66 58 20 70 78 9 87 52 3 66 82 99 74 41 2 18 27 91 50 15 6 87 59 90 38 35 87 15 48 40 98 22 44 94 16 13 67 75 41 59 52 86 53 96 76 96 89 77 39 16 7 8 76 33 36 9 29 38 91 79 80 75 21 93 17 47 20 77 33 31 66 89 44 82 65 18 61 81 63 83 90 47 13 78 99 47 45 14 85 34 46 80 64 93 1 75 75 63 73 86 62 39 93 34 24 27 63 75 75 5 75 70 95 88 10 65 98 55 39 46 27 58 45 77 98 46 94 34 41 45 26 75 16 51 91 61 68 9 26 78 24 47 44 7 54 14 2 40 79 73 63 29 16 88 49 37 61 18 67 16 20 57 45 8 3 44 23 99 44 52 45 60 26 35 71 6 13 91 19 94 93 65 17 74 61 76 62 17 23 78 8 15 42 7 59 62 78 78 53 99 8 63 81 16 49 7 48 98 41 24 87 59 84 52 1 44 61 78 70 32 91 59 43 84 43 81 43 34 38 40 28 91 80 48 67 18 78 79 19 86 69 19 89 24 36 81 87 89 2 60 21 11 18 11 66 82 95 30 89 43 33 89 95 41 81 40 28 100 72 7 73 62 88 83 92 81 5 76 99 60 72 39 17 61 13 87 8 98 74 51 32 70 8 56 84 32 63 69 91 44 22 46 60 6 89 60 4 64 31 15 7 88 87 43 44 76 45 21 35 59 64 23 46 24 81 32 17 18 95 95 45 1 22 36 60 37 32 80 77 22 16 96 33 37 28 47 40 93 92 64 25 45 17 96 65 39 47 19 31 33 56 66 42 29 21 10 92 74 85 44 47 67 65 95 46 1 42 20 44 81 55 52 48 73 69 7 48 74 67 50 29 43 79 25 18 51 63 26 20 87 100 1 32 100 64 11 66 84 48 51 38 62 54 43 28 70 12 82 58 5 24 40 16 8 89 39 63 30 10 50 26 3 68 26 13 42 42 35 30 1 20 60 58 41 9 5 93 51 73 66 7 12 54 89 15 97 67 55 15 13 32 63 36 37 34 43 82 7 61 27 100 89 43 89 71 58 64 22 9 44 13 35 18 58 51 7 56 94 41 97 49 45 73 53 15 54 39 85 36 34 87 61 47 43 78 91 96 56 97 13 94 65 8 74 4 3 31 23 43 78 77 13 62 9 49 12 43 23 46 37 83 92 17 50 21 99 86 15 9 34 43 65 58 99 9 90 42 6 83 78 52 7 44 31 58 65 44 93 75 97 82 55 49 54 86 64 96 47 16 26 23 89 9 76 26 45 8 36 33 60 70 63 81 98 52 13 51 29 20 72 13 85 3 59 69 22 40 95 50 77 89 97 80 98 29
826
14 5 7 90 100 32 35 17 67 12 19 74 22 79 71 97 28 85 11 47 73 31 63 46 63 58 5 85 16 4 92 47 45 58 9 40 72 92 96 47 39 41 100 100 51 38 71 94 55 8 3 49 55 13 13 37 60 61 45 87 80 26 7 60 47 6 5 22 24 96 77 91 54 65 19 38 18 37 47 24 88 25 42 87 57 59 74 82 65 98 62 36 46 38 94 42 47 51 57 49 60 94 88 59 68 1 27 25 100 24 17 42 16 37 78 76 8 2 57 5 67 20 62 39 12 16 70 81 56 4 3 96 47 16 38 68 69 46 41 92 63 95 35 77 98 36 58 12 50 27 63 76 13 3 85 50 26 4 2 51 57 24 96 47 20 18 78 60 31 18 80 2 77 2 45 67 96 30 91 1 99 37 17 49 100 85 50 45 29 54 98 83 75 62 61 59 33 82 27 11 4 29 31 82 84 8 19 19 51 37 47 62 3 80 13 98 25 34 36 37 64 26 53 27 7 99 51 37 30 1 84 1 33 84 92 37 88 29 71 23 1 2 66 28 38 89 39 40 51 73 26 83 25 19 95 10 5 90 56 51 58 61 86 58 90 95 16 92 46 72 2 88 18 30 64 38 94 8 79 43 32 33 96 44 61 43 41 43 9 33 79 35 12 86 35 2 46 96 82 41 37 43 56 59 4 66 4 68 9 88 27 49 71 65 93 20 45 84 10 18 83 44 100 77 87 2 25 2 63 9 33 56 85 91 28 19 45 34 58 4 16 50 14 70 63 8 71 9 87 92 41 43 78 79 35 22 6 64 24 23 84 78 25 64 32 71 8 13 40 87 23 13 39 24 22 99 42 60 55 74 73 49 69 69 100 82 58 40 15 70 67 58 23 39 74 51 15 50 53 66 62 38 91 57 24 36 98 85 7 77 51 85 34 96 10 39 51 22 84 80 14 19 52 58 16 29 94 72 1 3 90 16 61 47 66 3 64 76 83 60 65 65 12 79 44 3 16 93 67 66 46 66 84 34 38 4 15 9 32 74 45 92 91 81 33 35 53 67 34 61 39 12 26 46 50 83 3 52 52 86 53 53 63 98 3 100 68 58 83 38 69 91 100 68 37 41 46 8 13 89 99 33 21 22 79 4 2 79 77 50 96 95 67 59 1 12 61 94 78 86 19 37 8 92 34 18 64 48 87 61 98 5 56 54 100 53 69 58 61 25 40 94 48 24 25 5 65 64 14 69 14 93 64 86 10 70 67 49 98 26 48 9 22 92 85 7 29 49 69 50 91 8 13 39 71 6 94 68 32 18 29 50 5 98 30 38 77 85 84 95 55 4 88 67 50 9 16 9 45 38 36 33 83 13 32 89 38 45 30 92 8 30 3 55 62 12 39 80 20 23 5 42 27 11 63 3 19 76 6 41 75 3 18 56 62 72 51 80 28 57 76 30 72 71 84 19 68 28 52 5 31 75 89 48 44 6 66 37 10 46 77 73 71 63 43 97 61 45 69 48 90 37 50 8 61 68 15 56 94 23 34 40 81 14 15 91 51 6 27 71 93 73 21 92 88 64 17 92 9 82 16 18 74 43 99 45 93 93 6 99 75 13 67 87 12 54 16 40 16 83 4 37 92 82 46 100 13 90 63 89 63 95 51 75 67 87 87 9 100 70 41 16 70 86 77 95 93 68 41 89 11 69 16 74 45 66 94 60 5 59 67 37 93 19 40 21 47 46 36 29 64 89 16 36 90 21 41 14 72 3 15 1 83 34 70 58 47 45 23 24 62 95 88 46 58 99 8 82 29 94 92 26 82 86 59 60 79 91 58 91 26 68 55 89 46 6 68 19 98 83 11 81 22 2 77 22
757
40 93 14 82 11 53 65 51 74 67 58 73 4 85 38 93 74 11 94 99 57 93 59 27 24 45 27 90 25 7 51 13 7 59 50 63 100 49 51 61 12 17 51 21 58 84 11 21 15 29 63 1 68 91 71 3 71 46 3 72 55 18 13 36 14 56 5 74 57 14 14 90 98 46 5 73 73 52 31 42 12 89 48 2 9 25 89 27 9 32 59 94 94 36 13 16 29 23 83 99 28 76 68 97 3 2 55 27 65 94 96 70 13 32 6 99 3 3 4 13 92 23 63 85 9 93 63 72 10 91 62 92 53 46 64 44 77 31 4 12 77 68 39 44 44 66 92 61 43 18 87 10 72 27 84 73 83 46 84 80 16 99 81 42 89 52 27 30 30 87 84 40 87 84 65 72 31 69 66 79 89 20 96 55 85 35 100 78 17 58 31 67 28 78 57 11 30 64 62 37 82 18 37 77 51 78 56 39 48 78 34 9 4 56 13 1 20 84 39 18 100 39 95 93 67 99 75 87 93 3 51 97 89 2 71 88 90 67 42 46 25 94 33 57 86 8 53 11 58 98 63 38 97 60 6 94 99 34 62 2 97 84 7 34 97 61 56 6 31 13 15 9 92 87 3 66 44 87 3 11 61 1 64 90 48 49 93 17 79 47 2 84 91 67 86 70 48 19 76 93 44 9 18 25 95 42 63 65 52 1 91 41 53 13 24 51 22 40 83 80 54 36 25 68 3 70 34 22 69 58 67 83 70 23 78 9 27 24 25 74 90 8 7 85 83 94 54 80 78 27 72 74 51 90 66 23 12 85 79 56 57 44 57 33 35 99 37 95 83 88 85 62 64 32 29 14 89 63 30 39 24 42 12 5 78 82 9 15 2 40 44 77 86 6 32 49 22 46 5 12 35 41 15 43 46 89 57 43 97 1 29 76 96 81 94 97 73 92 93 1 40 14 40 73 65 63 74 13 12 94 74 35 36 27 26 3 96 40 48 36 53 54 99 68 26 74 25 90 27 55 54 15 85 46 80 90 54 45 14 78 62 88 43 47 56 71 95 15 6 30 67 17 25 43 54 46 64 83 63 2 30 69 17 76 18 43 16 84 17 19 31 66 39 73 56 44 28 56 88 86 49 34 3 31 90 45 33 82 91 16 72 50 2 21 77 7 4 91 74 94 69 51 58 96 30 57 68 22 25 21 22 8 96 99 79 61 8 84 20 55 29 33 79 31 1 93 24 85 92 93 26 45 75 13 4 36 51 72 18 6 26 21 90 27 70 62 38 68 70 86 8 6 33 52 21 56 62 10 21 88 20 18 92 57 3 35 70 6 22 67 71 72 22 55 85 66 65 18 62 95 94 64 52 63 9 80 74 70 58 30 9 81 32 30 32 76 95 59 55 16 11 95 5 46 62 47 29 83 46 99 93 76 44 31 43 68 78 32 8 67 48 100 35 79 7 16 90 52 94 64 75 4 47 40 76 35 8 93 50 38 7 15 78 46 97 52 84 30 48 73 12 3 44 38 77 9 11 1 60 5 46 51 78 33 76 92 39 33 49 76 66 28 49 38 90 99 67 39 23 85 76 68 61 75 12 78 83 64 74 45 73 24 16 78 11 85 8 23 48 26 7 23 42 87 79 30 24 96 50 67 27 50 81 32 41 17 58 68 32 15 48 1 94 93 5 58 78 22 72 61 11 32 18 47 13 22 100
814
65 49 96 60 5 20 16 9 66 39 63 51 85 65 30 79 33 13 51 63 3 48 77 58 76 8 94 63 37 94 44 96 85 32 72 12 98 46 81 6 65 100 43 47 30 49 38 54 86 20 44 63 51 62 87 12 95 34 93 30 70 42 7 89 3 93 83 41 68 3 40 15 54 98 13 100 15 99 38 38 93 10 82 44 94 7 77 10 61 98 23 70 5 66 26 33 51 40 84 46 64 52 46 93 62 89 96 63 89 63 76 4 66 85 92 2 18 36 14 56 47 4 89 9 64 28 22 98 94 68 63 2 24 82 59 50 24 70 98 57 64 65 79 67 88 46 17 13 2 4 67 84 69 18 81 50 49 10 80 88 38 60 10 7 83 49 9 63 100 39 60 80 31 12 90 96 15 14 50 33 2 50 31 45 11 65 92 88 78 9 65 19 3 17 98 75 93 85 63 98 59 26 76 49 52 16 9 26 88 65 97 4 4 29 66 23 26 14 25 3 12 11 73 3 76 66 99 83 51 36 33 54 72 24 34 92 40 82 44 100 97 37 9 50 94 78 43 96 46 86 47 38 39 10 68 61 1 77 53 72 91 18 62 10 36 59 49 33 77 43 7 65 31 72 60 81 66 36 39 88 62 70 18 81 29 46 47 34 49 16 22 40 93 76 63 11 99 51 83 79 34 49 38 51 76 19 11 83 5 68 23 28 65 75 80 43 69 13 43 97 98 1 12 77 75 12 57 31 65 71 11 53 87 79 78 79 89 33 24 60 57 82 98 46 15 11 97 21 67 42 54 60 90 1 90 63 12 44 8 42 94 94 37 30 6 87 48 26 79 10 81 18 88 47 74 79 21 2 66 16 99 4 18 5 37 17 99 8 38 29 54 35 60 67 69 26 28 60 57 41 74 19 62 67 24 25 67 68 53 55 37 83 40 91 68 64 36 18 45 94 29 54 39 60 25 25 40 26 15 99 33 99 72 75 96 68 60 19 61 7 24 66 79 80 32 33 20 38 50 43 48 63 76 20 1 58 19 9 56 3 31 30 34 46 59 19 82 25 13 8 90 80 97 87 60 46 29 26 26 38 45 36 2 91 63 33 57 89 69 52 90 20 25 28 67 2 29 25 53 36 32 10 54 91 23 35 67 25 77 79 96 71 70 41 39 70 97 84 54 71 100 53 88 42 97 31 88 57 48 69 54 85 72 95 41 1 10 30 37 9 30 67 57 65 40 7 7 39 28 21 54 24 61 59 83 90 77 25 71 8 23 51 90 38 11 71 71 93 95 35 90 33 48 74 69 83 35 56 92 50 28 29 75 93 29 91 60 99 40 2 69 14 40 7 45 22 30 41 73 45 91 42 13 53 83 53 39 19 99 97 77 82 88 89 49 47 4 24 69 82 41 47 22 67 33 88 50 91 34 69 22 29 75 63 99 2 64 48 59 92 89 41 92 67 76 52 96 64 6 44 64 1 50 55 27 29 10 75 97 62 68 28 44 68 49 29 68 31 58 72 79 4 7 44 76 83 66 16 17 100 78 6 64 82 96 58 72 75 24 37 74 32 62 39 83 99 69 42 91 11 39 19 23 24 58 33 31 40 58 22 85 100 36 4 82 82 18 4 55 79 18 6 17 66 9 69 94 71 5 82 98 65 60 18 76 68 46 35 76 2 96 55 21 44 58 54 11 7 56 80 29 87 82 99 14 91 62 83 48 54 83 21 6 10 82 13 19 56 38 62 16 35 56 9 5 17 96 4 50 31 41 72 67 8 46 53 95 92 50 36 82 12 56 94 76 21 14 74 97 37 78 28 23 52 79 100 29 38 82 46 45 52 45 34
991
38 74 42 66 77 30 75 42 32 85 75 44 91 68 85 39 53 14 5 5 45 7 50 11 32 65 14 25 62 54 45 26 31 51 81 60 24 54 1 78 1 24 59 89 100 86 10 51 56 49 7 100 12 2 4 75 26 63 32 74 14 30 93 7 15 72 71 60 73 37 6 79 97 50 40 30 16 77 97 69 18 92 17 28 93 24 22 5 42 57 91 62 58 14 2 42 73 23 19 2 5 58 59 96 68 61 31 30 12 52 44 9 37 33 42 87 65 13 62 46 41 96 69 83 89 19 15 34 19 27 74 72 38 94 91 15 39 93 37 22 66 73 49 61 68 66 63 46 95 98 28 2 11 25 57 13 54 37 1 90 23 49 95 19 69 10 20 50 18 64 96 9 50 67 89 11 94 44 91 57 67 83 98 61 61 21 23 82 38 100 60 6 89 94 51 3 86 84 68 19 95 56 56 21 58 68 17 73 61 26 52 5 61 75 91 78 58 19 76 64 38 1 97 58 26 46 1 12 58 31 40 45 82 56 93 57 56 53 71 64 41 71 19 35 92 34 7 62 67 92 57 13 43 13 48 89 47 38 17 10 86 26 21 51 26 69 11 33 95 26 69 64 57 49 38 73 83 49 83 48 24 49 33 74 65 70 50 69 12 44 100 3 9 76 31 34 40 73 49 40 73 62 34 31 22 44 4 69 58 58 91 66 50 57 86 62 67 1 58 50 88 11 29 91 36 86 65 34 33 90 30 1 7 51 44 65 87 87 2 76 62 53 84 34 42 31 39 57 96 62 25 52 39 43 65 31 42 89 3 55 19 51 80 82 79 65 97 24 40 9 8 43 77 68 84 71 68 59 50 76 67 69 96 4 42 13 37 96 1 17 22 2 6 85 15 59 93 52 45 41 89 45 57 26 13 85 10 56 37 27 1 57 76 28 17 55 45 67 57 88 25 5 19 2 10 57 65 28 92 61 50 100 55 90 32 86 40 81 84 25 29 72 76 43 85 75 78 65 93 50 2 79 43 30 66 51 72 40 42 95 24 43 57 18 41 38 63 22 20 93 89 54 3 5 87 19 55 24 51 96 40 2 78 28 7 23 56 42 74 61 3 11 16 93 29 99 64 4 75 83 49 7 63 2 8 93 8 89 44 38 73 57 94 53 91 71 66 8 66 18 20 64 60 85 60 76 46 19 82 49 31 22 19 82 2 8 1 16 36 75 62 55 48 80 19 15 5 27 62 60 95 7 19 68 37 87 54 25 6 99 43 91 93 62 68 10 1 31 4 37 88 30 88 85 70 88 78 43 7 86 44 29 42 86 23 91 5 31 52 29 19 14 7 84 88 85 46 67 35 92 50 85 29 43 77 41 11 2 42 24 30 25 38 28 52 80 100 6 73 3 86 75 52 87 46 94 12 77 24 55 55 68 60 25 24 8 98 76 73 7 76 5 73 91 21 65 99 26 40 75 42 93 98 82 9 86 18 29 74 17 34 20 67 94 55 25 31 92 96 44 17 16 48 80 79 89 34 14 26 76 92 27 34 60 63 33 54 42 2 64 22 95 31 14 77 87 22 15 52 72 27 23 69 24 64 89 6 99 2 45 82 94 81 79 14 24 81 97 76 91 27 32 55 99 72 4 87 54 80 95 37 81 44 33 60 77 26 99 58 54 22 37 14 90 63 27 28 44 94 100 33 18 45 80 50 93 21 46 47 68 60 41 88 50 42 36 74 64 38 62 49 18 27 89 56 32 66 13 32 57 43 66 66 72 87 71 95 79 56 16 76 12 89 19 55 32 31 62 96 52 81 62 22 2 67 43 75 79 97 24 42 92 16 90 69 86 86 95 91 78 76 69 10 61 22 31 82 21 28 97 25 75 79 91 95 50 44 47 45 69 15 46 44 61 99 21 57 33 57 52 80 69 82 72 9 19 71 80 81 38 56 19 38 94 75 96 45 51 41 7 22 51 90 68 28 6 81 24 39 51 45 82 44 20 82 48 51 44 32 68 55 2 56 35 35 5 4 93 3 3 24 43 92 29 9 4 67 7 41 34 34 28 70 45 42 100 28 7 35 41 30 98 85 94 74 70 93 54 34 18 20 90 50 26 39 38 50 11 94 2 7 69 63 90 46 38 7 98 87 42 76 17 2 11 83 87 15 26 16 71 55 12 71 96 98 85 65 95 54 46 39 93 3 61 84 81 99 78 42 45 4 97 26 4 61 41 41 28 81 79 13
785
50 10 6 8 66 67 16 78 98 25 8 85 55 10 56 2 80 63 18 89 75 80 16 34 14 59 67 42 59 93 43 20 9 32 44 59 16 49 53 56 78 77 3 46 100 41 8 77 79 89 45 12 76 23 58 98 48 74 88 91 23 55 63 24 93 35 66 17 58 15 1 30 8 27 62 95 52 19 76 36 43 14 12 90 44 79 48 11 56 95 85 63 73 100 17 70 5 73 50 58 5 98 50 33 22 100 88 1 5 29 19 41 73 4 12 99 38 32 32 11 53 21 80 20 66 35 37 40 88 82 45 4 70 32 93 56 18 76 74 73 88 62 19 87 28 4 13 92 92 96 36 88 79 77 7 76 20 74 80 69 51 99 37 35 35 89 76 12 96 32 38 97 53 56 42 1 20 87 76 25 16 45 8 6 59 8 95 33 98 26 42 100 66 97 10 51 72 43 44 30 51 50 42 77 4 36 42 4 88 32 44 17 2 49 22 23 89 11 69 2 86 61 86 83 64 30 82 28 81 35 36 98 15 84 94 9 48 91 79 68 10 21 98 73 34 86 71 36 4 75 14 72 63 5 64 95 10 21 69 20 58 22 80 74 72 72 20 54 4 47 5 8 87 67 27 81 7 54 81 37 47 19 46 92 36 84 65 56 92 46 45 25 10 7 80 6 42 2 84 39 52 22 80 56 12 33 15 65 88 16 29 44 45 9 43 60 64 92 79 54 17 30 43 80 49 21 50 35 55 91 11 54 70 36 22 38 36 17 88 21 31 44 32 40 13 2 83 91 17 53 14 99 14 51 48 52 19 61 24 90 62 40 45 55 71 6 62 71 31 53 20 43 26 66 92 37 8 67 80 56 62 8 5 20 80 36 52 2 26 35 59 63 26 100 29 25 52 23 64 49 89 8 4 14 27 79 87 99 59 56 56 2 98 43 72 2 53 16 2 59 85 5 85 75 58 53 16 16 29 71 32 97 5 46 43 99 9 91 67 60 72 6 17 94 92 99 26 77 44 13 89 61 69 97 20 98 53 15 36 3 72 83 97 30 40 4 13 61 43 14 66 32 63 82 87 38 9 91 55 97 53 72 75 73 95 9 28 17 63 25 76 90 52 69 77 88 44 43 9 16 40 65 44 34 100 29 79 33 89 68 32 100 82 69 66 21 10 29 7 35 11 46 54 76 9 79 3 78 82 2 34 35 44 62 6 61 1 75 28 41 19 93 31 34 97 50 28 84 50 42 16 57 16 60 40 62 37 71 20 27 45 51 13 74 3 27 88 42 11 64 32 56 10 98 53 22 95 93 93 76 71 23 92 96 61 66 88 30 12 68 79 100 31 24 33 93 71 21 60 3 28 61 49 30 80 12 42 98 4 4 77 47 16 68 44 33 69 17 47 90 16 96 22 58 49 100 48 94 59 35 91 14 77 66 22 40 4 16 52 97 37 39 10 2 15 84 37 50 81 38 88 11 34 7 7 71 13 70 79 7 30 55 19 15 30 62 53 59 80 86 21 78 89 98 6 20 67 12 31 70 6 7 58 49 76 90 18 80 33 87 51 53 55 15 33 77 1 9 47 32 78 50 33 40 62 97 57 27 86 69 32 83 54 98 31 28 46 14 37 90 91 80 18 83 87 20 27 76 5 63 84 24 24 17 77 28 46 69 14 85 62 45 40 55 51 68 33 95 51 92 20 50 38 65 15 48 25 78 72 1 15 70 84 38 100 55 91 89 46 17 92 63 4 88 96 1 60 16 93 86 97 27 46 51 78
784
80 96 65 83 56 25 24 17 59 50 35 3 84 27 78 85 23 1 80 44 87 78 13 62 1 22 79 57 73 40 75 50 22 26 49 88 20 44 28 34 37 70 84 69 66 82 44 57 39 37 86 64 39 57 69 96 61 8 52 47 61 52 94 66 22 24 91 46 4 5 8 22 97 65 89 72 60 46 90 71 15 57 21 7 32 53 74 49 22 72 100 7 90 67 71 34 22 25 78 92 25 48 58 39 26 73 43 22 25 93 13 37 96 67 64 54 76 10 72 49 77 72 1 26 16 85 61 13 10 77 31 9 8 64 29 99 21 2 43 41 83 61 94 21 74 44 72 65 60 31 16 70 61 76 62 25 36 83 89 30 74 80 36 34 4 74 97 47 27 18 51 47 94 100 41 86 6 11 17 53 75 20 34 11 4 57 95 91 92 52 37 30 95 43 28 44 57 1 92 26 12 5 25 57 77 31 45 3 6 55 78 22 8 43 37 94 43 83 79 42 79 53 9 32 78 17 5 82 14 58 68 100 40 66 86 15 92 86 25 55 20 78 26 65 28 64 41 22 10 10 54 61 73 28 36 62 13 10 56 3 40 100 18 86 81 35 27 39 10 48 31 8 98 74 58 100 84 56 72 4 12 13 72 60 41 48 49 58 58 77 58 96 59 93 32 43 35 91 98 10 66 82 41 33 83 45 93 26 7 43 14 55 78 72 90 31 79 14 35 97 63 11 79 100 82 33 35 35 55 84 98 13 6 82 56 5 86 69 5 81 20 17 95 19 47 13 18 72 97 56 41 30 29 34 12 91 99 17 10 52 13 38 31 54 80 38 66 17 71 23 66 44 67 88 70 67 73 77 43 27 2 94 34 77 84 38 42 14 54 73 58 83 72 52 6 7 5 74 74 45 22 69 15 30 62 22 37 47 34 51 47 30 21 17 29 45 52 45 1 21 16 34 57 45 84 14 7 50 72 7 87 38 59 28 57 67 48 67 45 34 48 90 24 44 83 30 28 39 63 97 14 83 20 61 26 71 17 44 39 66 97 79 16 28 2 64 45 20 53 11 100 74 90 96 15 78 69 23 75 73 69 76 59 39 25 79 42 13 73 80 72 62 22 71 13 28 45 58 89 97 61 12 34 86 53 98 68 37 2 54 62 11 79 64 30 8 81 43 25 85 64 82 92 5 91 39 5 46 99 25 85 74 16 98 43 71 74 16 75 26 69 100 57 84 67 69 23 28 35 97 56 1 52 4 21 11 59 10 99 36 18 90 11 80 76 13 69 57 17 19 58 28 11 94 94 16 91 98 69 39 47 1 18 20 68 83 15 94 22 56 16 97 49 41 86 3 13 3 54 18 3 1 19 47 60 19 23 55 24 37 68 46 38 75 6 48 84 77 88 29 32 12 56 77 47 7 52 36 56 25 44 62 10 36 75 62 51 32 96 52 11 15 36 24 38 14 91 41 86 87 25 82 17 24 63 56 82 81 53 27 46 69 2 90 42 50 27 78 70 43 93 41 34 19 44 61 4 4 87 1 68 36 37 48 51 45 65 20 21 26 68 97 79 15 55 83 94 73 34 30 80 82 24 26 33 56 83 51 99 31 86 25 77 58 49 10 82 41 10 14 64 41 77 65 19 89 87 83 7 79 89 96 4 50 71 90 24 44 14 67 83 55 14 65 22 28 52 30 61 64 47 35 61 43 35 3 52 16 74 40 10 56 87 38 39 50 7 38 25 41 21 66 31 87 85 69 11 60 46 57 16 81 80 58
697
68 47 45 31 33 68 82 51 72 73 59 87 55 39 81 29 2 12 53 75 38 81 61 64 75 41 94 82 88 79 2 70 96 11 39 55 60 92 64 25 48 34 28 54 55 9 28 56 17 12 66 44 7 99 56 66 62 94 76 51 77 13 54 72 64 40 35 81 69 48 100 30 51 4 21 61 5 46 93 48 63 66 74 52 66 86 38 61 46 72 65 91 100 52 57 52 89 77 54 12 30 34 4 16 67 32 52 31 33 71 67 74 13 7 21 42 52 61 21 6 56 56 77 15 76 42 43 54 36 60 73 15 29 19 7 42 80 65 43 85 69 49 13 75 46 97 81 50 64 100 93 4 26 85 80 60 70 76 31 16 1 58 16 19 96 40 29 25 36 36 5 59 22 98 15 49 17 87 30 85 4 95 47 19 52 48 8 43 40 23 4 76 100 19 47 67 44 1 89 90 61 16 25 72 44 76 16 24 62 64 25 25 56 22 89 92 31 53 35 80 74 46 24 14 18 66 17 27 36 99 34 88 35 91 100 44 90 48 45 70 88 22 5 17 38 78 79 8 19 47 57 66 39 55 44 82 94 86 73 70 44 31 72 59 37 8 81 15 15 29 46 42 75 16 91 30 87 63 68 87 1 41 35 18 27 5 23 98 85 89 66 40 14 30 89 6 50 15 66 26 80 35 16 9 46 85 9 32 26 33 28 1 20 1 31 65 19 20 81 20 42 26 9 22 83 86 69 53 79 27 55 96 92 66 9 44 28 67 89 76 51 88 18 55 36 59 31 29 67 56 40 34 34 95 59 36 30 49 66 36 75 63 78 45 25 78 88 27 9 24 61 94 2 74 33 24 23 22 97 93 80 27 87 78 77 57 74 33 71 79 58 21 34 1 98 58 32 32 16 87 71 38 18 61 4 74 24 77 43 9 64 100 92 72 15 58 11 8 3 40 17 47 84 17 23 51 44 99 9 60 92 54 59 11 95 89 41 11 69 37 55 8 85 73 47 1 24 8 45 70 25 6 16 71 44 57 76 20 88 87 14 19 71 18 50 86 91 46 62 74 91 45 32 21 28 32 89 55 39 74 47 91 28 41 100 34 1 100 20 86 81 58 12 36 14 61 87 9 53 77 15 61 57 47 89 58 4 42 84 13 61 6 26 85 16 85 74 59 39 30 79 88 2 46 93 74 60 7 3 34 3 82 58 22 48 54 42 39 88 48 54 36 9 50 32 97 24 85 87 41 32 2 45 31 4 32 53 50 3 16 51 46 64 77 50 71 94 35 2 83 21 76 1 13 78 19 91 78 75 32 15 78 20 29 11 31 4 4 69 83 1 72 50 90 78 92 47 54 21 59 90 3 79 74 22 25 90 12 14 87 67 71 40 90 1 95 30 14 14 63 78 84 26 83 22 66 46 88 57 44 69 46 28 89 38 20 86 59 73 23 46 13 45 80 63 44 31 37 82 99 42 95 38 2 54 61 77 54 92 19 82 4 10 19 53 37 21 36 92 80 100 6 79 65 84 2 52 38 79 51 17 43 88 39 92 94 84 6 66 18 55 40 82 13 70 62 13
895
77 56 33 61 19 84 95 81 80 6 75 8 98 83 47 8 15 28 67 4 85 12 12 3 83 7 97 67 74 4 14 30 59 94 6 2 91 3 53 40 84 66 86 66 49 22 54 17 43 4 1 76 75 87 56 90 66 53 33 4 54 4 15 40 99 13 25 23 78 1 3 85 49 30 37 62 87 30 71 83 12 12 23 98 30 12 56 57 35 21 26 48 23 3 7 34 7 100 35 85 82 9 73 20 64 5 58 37 80 55 28 13 80 69 89 81 86 31 34 40 80 10 32 24 40 24 41 37 9 40 42 4 91 92 50 60 77 84 51 9 37 83 6 61 14 79 56 35 30 16 7 3 34 65 61 6 60 38 79 24 57 24 20 78 92 15 29 58 70 88 31 53 78 52 13 97 1 19 24 16 31 41 45 41 60 25 72 1 72 52 24 78 39 89 65 40 42 89 60 53 57 27 51 18 51 25 5 82 15 6 24 11 27 27 16 88 71 47 32 70 84 94 98 83 75 24 78 1 2 84 28 57 81 90 72 52 100 68 77 49 69 80 29 9 95 11 31 38 81 100 13 67 14 42 57 27 49 15 77 31 49 19 93 51 98 43 90 15 30 53 34 57 26 54 62 81 75 53 62 68 99 70 89 85 98 6 23 10 30 12 10 13 45 37 54 10 50 59 13 60 83 34 87 5 64 22 60 59 14 2 72 73 67 37 98 10 99 80 98 37 27 61 82 99 29 53 45 100 82 14 16 9 6 10 30 68 46 33 83 65 59 18 79 71 46 49 77 96 55 9 89 63 69 51 18 63 80 57 86 47 13 54 27 36 5 26 13 16 35 73 49 63 13 83 99 88 3 79 90 64 80 8 86 37 77 80 51 32 49 33 63 14 43 83 92 46 79 77 36 68 41 59 97 33 14 58 13 12 52 86 20 56 57 3 15 95 37 21 37 31 52 15 39 20 13 28 12 66 59 41 11 93 28 28 94 98 71 71 24 29 63 98 58 67 3 35 88 49 74 35 88 88 62 17 71 21 84 87 21 23 78 34 64 91 43 12 99 12 99 52 7 16 62 92 23 93 27 10 52 40 51 38 88 36 64 86 54 12 63 55 97 64 44 79 55 98 9 95 19 2 1 9 21 96 90 80 94 4 20 88 46 88 75 43 74 20 44 83 6 79 45 43 68 7 57 64 66 22 59 34 69 47 98 50 21 17 27 3 5 67 12 59 85 50 99 44 43 81 82 29 67 80 3 30 51 30 61 73 66 33 7 15 94 84 84 90 41 70 85 51 30 75 34 74 75 40 91 52 92 51 33 59 29 98 93 71 52 31 36 51 81 98 90 77 24 37 42 74 14 62 86 13 60 84 85 13 39 60 35 67 49 48 71 36 98 28 16 88 38 81 37 48 46 53 39 27 19 14 53 92 40 46 82 86 56 100 34 77 97 92 99 1 90 92 73 66 31 22 15 36 68 66 39 50 25 85 69 92 93 56 24 77 79 24 83 88 15 56 14 77 8 63 3 84 79 79 16 50 74 67 30 5 28 13 69 76 82 20 75 13 46 62 45 77 30 49 71 80 74 7 50 78 34 19 57 70 92 49 26 20 70 86 44 16 67 42 72 10 89 64 85 80 23 6 29 29 91 67 31 36 49 3 24 65 99 82 21 40 56 13 38 5 17 91 44 39 36 12 63 60 87 86 24 85 5 61 89 73 25 29 35 21 41 55 61 23 92 68 50 5 82 84 1 18 100 72 71 32 51 18 68 34 36 38 49 20 81 99 92 19 72 2 30 87 84 1 90 44 55 34 9 87 9 88 96 51 48 66 52 30 55 29 35 44 97 90 29 35 85 9 87 83 62 58 64 13 18 37 86 16 97 92 42 35 19 33 22 37 8 49 96 25 68 82 10 71 75 80 96 71 49 10 90 42 68 40 36 73 83 99 93 49 49 13 6 73 23 19 56 34 78 49 54 67 87 1 97 50 77 21 80 66 85 20 5 60 46 12 11 27 53 48 94 40 13
901
25 49 74 58 72 2 94 59 73 62 72 12 71 17 61 13 64 41 47 2 79 19 22 44 23 27 57 95 15 90 62 55 44 46 98 47 37 93 40 81 58 23 4 66 7 14 18 40 45 83 60 67 66 1 53 16 3 66 100 58 92 6 66 87 97 40 73 38 84 67 48 76 82 9 67 92 36 54 11 28 37 34 48 46 96 31 6 55 92 29 86 56 43 86 74 53 61 63 28 49 88 45 51 13 22 60 59 13 7 5 52 20 52 88 18 25 60 88 65 40 89 73 14 49 96 49 79 52 22 81 50 96 6 58 36 79 75 86 75 34 71 89 12 38 21 65 11 60 46 56 20 23 19 12 53 63 66 44 50 4 69 69 71 53 20 24 84 34 40 76 8 31 18 31 18 24 37 33 52 96 48 57 82 86 41 74 56 82 88 7 86 33 50 36 72 29 20 53 20 61 14 83 90 14 100 56 33 46 65 41 64 64 29 67 100 23 34 71 16 24 55 8 30 69 18 23 13 8 65 52 88 47 25 9 18 80 100 79 2 45 93 93 5 37 56 89 30 4 31 12 46 84 93 77 28 43 7 78 97 39 68 8 13 8 97 24 59 36 28 39 3 68 42 51 41 95 5 71 74 84 15 26 25 79 26 94 52 57 28 43 74 27 22 50 5 49 8 32 21 3 13 88 58 9 67 73 70 95 6 36 49 89 61 11 16 93 14 77 90 13 87 13 52 2 62 66 32 56 68 31 90 53 93 9 73 93 50 84 18 42 14 41 52 28 40 95 11 92 29 46 51 87 43 75 34 17 80 26 79 49 63 86 44 19 83 55 18 53 44 75 38 16 43 67 44 47 21 35 95 76 81 11 66 59 62 76 20 66 68 12 50 62 57 70 57 98 93 98 25 72 79 11 18 25 22 39 97 17 99 66 31 27 60 3 95 36 14 4 37 27 41 70 3 73 88 92 61 75 5 13 81 3 8 100 71 13 52 89 81 95 28 26 79 31 53 67 34 77 24 75 48 5 14 100 74 9 44 80 3 94 56 88 21 35 68 98 5 63 17 100 75 53 9 14 46 2 79 51 74 80 58 22 47 26 51 84 12 52 59 71 89 44 55 87 56 49 45 12 61 21 21 26 39 11 99 86 62 66 33 25 98 93 51 97 48 40 45 21 63 1 79 12 1 99 78 55 40 16 24 77 56 28 75 46 1 42 66 31 2 62 60 30 24 74 20 48 74 40 4 72 32 85 53 84 74 7 16 39 84 3 34 22 11 40 88 57 52 37 19 14 88 38 96 70 58 83 63 100 34 64 29 50 67 93 22 7 17 8 84 98 29 76 23 5 88 76 51 68 98 35 45 26 76 80 83 9 51 80 90 82 53 52 50 87 29 31 68 26 44 95 31 66 71 99 17 72 39 87 14 96 4 27 40 59 81 30 13 75 32 57 37 2 50 24 11 97 66 48 43 32 32 40 15 21 64 88 51 11 30 22 10 27 39 55 40 77 13 27 1 61 35 78 54 59 6 12 93 44 77 97 74 93 6 82 44 55 91 66 33 49 60 36 50 4 61 7 8 74 82 54 4 78 70 22 70 82 70 81 3 69 34 44 50 55 84 45 83 99 99 24 3 16 32 61 73 64 74 8 94 90 26 8 33 1 88 7 52 98 41 92 90 64 98 19 22 46 100 31 84 57 2 23 18 52 76 18 1 22 44 27 96 35 71 73 84 84 71 17 50 43 96 61 51 24 54 41 72 74 74 41 77 17 28 22 58 63 70 73 82 71 79 31 88 24 71 44 46 97 98 44 17 81 62 2 58 1 76 81 7 33 24 75 40 59 61 36 91 61 87 50 29 92 19 20 100 84 12 42 18 7 31 77 65 26 29 30 9 97 68 17 81 7 17 51 96 38 50 12 5 13 60 89 3 25 38 8 5 61 82 47 31 10 57 63 34 86 19 5 35 44 26 64 72 89 81 94 61 61 71 37 35 71 52 45 76 40 16 9 93 44 73 1 62 67 10 51 42 40 57 32 74
985
21 69 17 67 17 78 96 39 3 68 31 96 39 19 86 23 70 6 4 12 33 82 2 76 80 63 53 7 66 62 54 66 98 49 8 79 9 83 38 97 2 79 63 43 47 49 56 58 11 97 79 6 35 36 7 9 90 35 86 28 83 55 29 25 77 56 42 37 3 89 93 7 41 100 59 11 44 7 24 79 17 8 46 72 20 83 90 90 3 35 28 40 67 29 58 49 98 10 84 76 89 68 53 21 42 85 32 92 33 62 28 63 31 14 37 98 11 96 98 40 20 15 86 38 51 34 6 94 88 28 71 71 73 26 9 29 85 55 90 43 58 68 11 82 16 66 23 45 78 58 30 87 65 52 92 29 10 86 79 73 36 67 98 34 18 1 83 25 38 64 30 91 37 86 68 43 65 18 9 41 93 71 60 58 79 95 96 71 44 66 18 99 42 39 84 23 28 81 79 57 72 26 64 19 73 81 93 62 16 73 85 71 100 97 67 10 99 83 81 81 61 61 97 49 74 37 48 44 20 90 85 4 100 81 28 38 79 81 10 46 68 52 75 43 84 80 28 12 77 54 55 81 43 90 95 84 95 68 33 7 47 10 12 66 73 8 57 20 58 70 45 38 76 72 95 93 13 62 13 17 61 98 46 39 59 96 84 65 57 47 14 40 90 54 93 54 20 27 66 43 29 40 94 30 67 33 38 62 24 69 54 67 98 47 34 36 29 94 1 73 5 69 11 96 53 52 8 58 12 13 33 67 18 93 97 97 78 8 59 89 100 83 54 100 84 26 68 39 58 17 48 73 21 65 7 68 99 62 44 63 54 47 83 95 70 57 38 95 72 40 76 58 61 74 26 72 5 37 76 2 71 84 66 39 60 63 85 92 92 90 48 45 9 53 3 87 48 74 72 4 14 13 17 39 84 46 3 72 44 62 36 34 82 73 68 11 57 55 98 65 5 64 7 85 83 85 99 23 44 59 92 70 74 1 1 47 31 10 17 61 92 25 9 68 98 26 26 86 84 98 80 47 79 92 50 74 3 57 55 40 40 60 54 46 94 48 79 5 56 7 69 32 53 16 3 41 9 86 24 11 89 16 76 55 23 62 33 99 46 29 65 52 85 17 32 71 50 97 33 22 61 10 7 90 85 87 23 88 15 47 11 78 71 75 96 59 97 70 54 99 23 97 1 30 97 78 22 75 97 73 7 22 71 13 78 61 68 9 34 54 21 28 40 12 30 89 46 15 12 56 62 98 81 37 79 81 1 17 46 42 23 82 92 16 26 59 4 32 61 8 90 82 38 61 82 52 43 82 86 40 34 53 58 94 5 48 7 75 34 94 84 88 48 83 90 87 22 93 24 82 17 81 77 4 58 55 1 12 35 74 21 47 2 65 60 27 59 10 65 1 87 15 62 31 52 52 16 26 55 6 54 42 95 29 73 26 61 78 61 94 73 12 71 45 80 58 56 85 93 60 63 15 6 9 95 54 82 30 48 21 99 71 32 80 35 88 98 42 44 51 74 3 13 78 51 35 15 70 69 53 66 31 76 26 60 11 50 23 39 78 86 29 48 36 24 81 56 5 24 63 74 56 55 48 87 65 89 72 2 67 62 3 12 20 83 56 81 40 61 86 43 57 68 8 67 80 10 90 15 6 85 76 40 86 71 19 12 25 20 36 9 84 57 53 68 93 47 54 88 39 57 50 42 1 88 81 66 48 27 95 16 18 59 63 12 28 86 62 15 42 22 61 22 83 57 19 76 68 54 7 82 19 39 58 31 41 14 4 36 14 27 66 72 82 90 55 32 73 94 14 19 84 35 38 49 15 81 13 69 64 70 74 57 60 95 63 37 48 36 52 61 83 17 12 58 18 65 16 44 59 8 48 91 68 1 40 51 58 33 6 18 1 52 69 8 2 58 76 76 63 32 75 99 67 21 93 35 72 65 97 31 99 49 93 49 71 92 99 72 89 100 4 56 90 34 81 58 8 54 46 75 4 28 46 56 57 36 89 63 40 92 24 69 87 54 2 46 78 82 81 99 86 30 24 10 72 59 18 44 58 75 87 31 46 44 3 46 65 95 96 86 96 33 90 17 80 62 88 89 19 91 100 3 59 95 28 97 85 88 83 65 2 41 21 53 13 48 35 52 78 43 32 12 1 85 11 83 19 42 14 85 80 82 77 48 64 44 42 67 36 99 48 78 72 75 28 80 96 78 85 18 26 65 36 52
833
57 53 48 16 68 86 36 51 65 9 28 56 70 59 16 30 33 68 9 78 38 98 13 44 80 58 66 42 10 7 64 78 21 79 70 22 1 63 34 66 10 9 3 5 13 20 95 65 1 80 6 51 67 56 100 38 66 11 93 14 32 20 78 90 86 23 44 5 65 38 87 61 44 56 48 100 49 80 48 54 19 45 82 23 68 97 88 86 84 61 50 27 12 12 42 20 40 26 37 5 15 71 82 49 67 67 5 77 99 93 55 42 88 100 74 67 41 10 6 64 54 44 97 90 76 38 48 74 30 95 21 24 51 36 67 73 64 79 40 37 76 91 8 36 4 89 66 57 45 10 23 18 45 90 44 4 66 100 24 23 69 41 17 21 42 95 54 86 65 29 60 68 50 7 100 51 19 86 83 78 41 83 14 83 95 1 3 53 23 50 68 24 55 44 6 1 40 20 59 17 39 50 90 53 14 42 96 32 79 44 49 72 91 1 38 15 65 93 38 2 43 29 38 33 73 16 53 24 64 37 8 92 49 56 54 92 77 80 83 95 57 43 97 6 66 48 75 31 39 34 73 75 41 2 30 45 70 34 73 16 69 67 3 95 61 46 16 85 44 51 23 67 65 46 33 83 73 41 56 10 37 34 10 88 38 67 16 50 31 46 69 9 34 16 18 34 46 20 86 70 30 7 54 98 47 3 39 42 97 89 61 48 14 15 19 77 36 85 2 35 90 3 70 16 86 1 56 92 72 19 21 75 87 24 27 33 99 99 27 64 88 90 98 76 94 98 1 39 88 14 65 8 28 37 28 42 13 37 3 51 57 10 61 59 70 54 60 91 97 72 95 3 29 59 47 17 73 50 62 63 58 64 69 56 70 34 31 62 51 75 48 74 97 61 2 90 34 53 78 82 41 83 41 55 69 59 57 11 72 72 13 82 58 100 47 19 34 77 21 46 37 32 22 51 43 67 54 39 28 36 5 65 69 11 75 19 32 38 89 99 72 68 66 5 61 62 66 68 43 50 12 54 13 89 68 72 44 17 56 5 100 76 96 9 99 57 46 32 97 58 44 79 69 72 76 18 85 75 32 92 41 52 45 70 55 62 32 84 95 45 46 92 36 63 90 9 22 1 60 16 78 72 86 90 3 85 7 69 56 79 86 86 49 60 58 83 49 49 40 60 88 10 31 27 78 7 66 88 73 90 63 3 52 78 27 78 90 48 21 80 18 73 65 79 68 34 66 24 50 7 40 26 72 13 99 97 17 39 11 38 36 56 100 61 61 97 90 62 5 46 24 49 11 36 79 58 39 5 37 98 22 48 16 47 97 30 35 52 77 68 88 6 96 25 100 50 49 58 2 82 26 79 19 59 84 83 6 72 75 78 40 82 69 55 36 80 80 14 64 31 75 36 46 15 86 86 1 23 12 65 88 5 71 63 26 29 95 75 24 97 36 2 21 18 98 18 93 43 31 46 98 56 53 29 62 65 50 100 60 85 41 7 53 67 20 62 13 97 30 56 24 74 11 53 79 7 59 76 75 37 99 5 22 18 92 14 30 7 100 32 41 43 66 67 97 21 11 55 81 98 49 54 39 5 70 53 66 31 83 98 22 76 79 41 23 63 76 19 15 36 99 69 31 75 89 54 58 83 15 39 74 17 4 24 86 72 84 56 85 100 82 71 36 82 33 99 31 68 99 35 6 33 58 53 81 24 21 42 40 48 38 46 67 45 78 21 44 68 30 54 70 47 88 83 75 70 58 100 61 31 31 96 98 83 17 24 81 25 82 34 78 83 74 84 62 45 39 44 42 83 58 21 60 42 29 89 89 100 12 50 99 73 73 42 48 82 97 12 23 91 60 6 49 23 21 71 66 23 30 70 31 99 86
769
85 17 22 87 93 55 75 19 16 49 91 82 37 78 60 20 7 2 62 30 59 83 38 27 2 61 91 67 91 1 65 85 33 10 78 94 8 38 71 49 12 88 18 52 77 73 89 18 95 99 56 24 99 100 89 86 47 81 58 66 23 69 66 50 64 95 87 80 20 30 36 89 62 28 80 100 91 58 19 90 66 60 56 6 38 64 54 39 67 56 75 20 28 89 46 81 63 75 2 1 76 62 61 21 99 10 85 34 51 51 74 14 19 45 63 4 99 65 4 64 44 45 74 20 74 86 83 35 69 82 17 34 48 31 58 40 24 47 58 44 23 61 87 61 75 45 72 15 97 74 79 3 28 76 24 1 30 18 29 99 18 88 96 14 62 70 47 22 58 73 27 58 84 44 58 49 15 13 59 26 80 85 27 74 25 23 68 99 11 91 24 21 39 1 79 22 10 57 65 91 93 9 80 42 6 3 83 52 69 89 84 90 31 20 53 74 32 46 65 73 81 21 25 86 62 8 30 69 96 73 52 44 36 29 69 90 34 39 26 36 84 40 45 3 29 24 77 100 28 72 87 68 94 37 14 28 60 27 6 75 92 17 35 20 56 88 23 20 46 67 52 88 100 54 57 15 63 49 24 75 22 93 94 84 34 74 36 49 39 51 14 42 92 78 98 51 34 78 17 39 78 25 68 96 79 6 34 42 42 67 16 68 64 44 29 21 89 4 39 1 21 27 17 85 90 57 10 96 39 59 7 89 76 43 76 1 39 90 21 59 50 16 8 21 67 50 74 4 45 80 60 34 35 72 7 77 71 96 4 66 45 97 16 90 61 53 59 74 63 72 77 62 36 11 32 3 29 75 28 64 99 96 67 89 66 30 37 53 29 37 40 17 44 29 55 76 39 48 14 31 88 94 60 32 57 12 53 32 33 39 16 98 87 73 30 93 14 42 1 99 27 29 34 36 61 89 29 49 51 80 71 62 99 42 52 94 25 18 92 25 24 72 20 38 92 13 1 85 96 23 33 79 88 51 89 76 12 23 22 66 76 100 40 12 21 39 68 91 22 25 10 29 1 76 97 8 30 4 66 41 79 40 72 100 8 26 43 19 35 93 14 7 15 39 61 41 66 11 32 55 24 64 40 100 53 94 84 8 46 61 85 24 9 24 43 63 77 16 33 10 32 61 2 39 70 11 35 27 8 24 30 81 32 49 96 55 94 73 30 24 93 42 5 10 11 55 81 24 31 25 54 14 89 88 37 93 58 26 51 84 43 57 59 12 64 39 66 57 40 36 69 7 44 97 65 4 26 56 29 67 23 82 15 34 2 78 47 90 22 38 70 18 53 88 16 79 61 92 48 73 26 56 83 97 13 69 14 13 100 48 60 66 41 4 37 24 68 77 40 47 21 87 22 78 63 51 75 10 72 32 87 63 35 16 100 51 26 42 64 86 75 52 95 69 26 87 45 87 34 57 19 89 33 67 61 13 83 36 92 17 19 17 22 67 6 77 46 11 82 29 77 16 82 97 27 19 77 12 65 17 92 48 50 95 67 71 37 42 81 46 72 33 67 70 50 96 89 45 97 88 28 54 43 19 24 29 58 75 11 6 64 84 50 47 51 40 62 85 69 30 82 20 72 20 66 54 90 31 10 8 13 47 74 73 31 52 18 2 44 68 40 74 39 55 57 69 70 18 10 21 39 97 50 62 47 79 50 81 24 34 54 84 3 60 88 70 32 7 54
914
45 16 39 2 58 2 62 40 98 96 46 36 29 80 18 33 90 73 32 73 64 52 73 55 39 71 51 54 61 61 36 87 96 36 25 62 93 86 3 36 26 8 87 64 91 41 45 58 63 36 60 54 42 10 43 27 57 52 34 35 25 91 72 88 87 71 32 56 22 80 70 66 82 7 84 33 59 73 36 44 96 2 62 66 52 68 77 39 84 11 65 10 27 17 44 43 64 75 62 57 50 80 43 100 52 40 93 31 14 92 29 2 72 72 64 58 35 7 10 96 57 2 47 4 91 60 48 4 50 23 72 50 9 17 73 7 67 87 46 82 53 12 57 29 7 65 6 77 58 13 74 45 57 30 56 6 60 60 63 13 57 83 37 68 44 57 93 23 79 96 32 75 65 73 73 77 57 1 5 8 74 9 27 30 38 11 95 18 97 51 41 37 13 65 79 96 42 40 63 61 84 71 12 46 92 76 33 52 49 53 45 13 25 89 19 82 14 19 95 95 70 96 44 5 9 39 90 26 53 67 60 80 59 15 93 96 88 39 66 38 3 43 26 83 95 86 62 85 56 31 51 4 26 100 21 84 56 44 50 99 39 56 39 14 51 33 6 91 83 5 53 52 52 30 34 71 1 22 19 71 1 86 91 22 19 53 47 38 92 60 1 74 73 4 97 40 12 28 3 12 32 19 10 67 95 9 67 21 97 32 65 2 98 43 92 14 31 11 37 21 82 36 68 43 28 95 5 6 89 33 1 31 1 45 15 45 66 58 29 7 29 18 45 47 81 20 94 37 6 92 16 88 32 99 38 98 83 79 38 95 92 42 60 5 27 80 40 41 21 16 85 5 48 48 54 13 29 4 82 49 6 27 30 76 97 84 12 63 78 47 85 42 18 41 45 11 40 52 99 60 100 94 6 67 50 54 20 64 76 1 99 87 66 3 66 93 84 72 21 69 46 29 95 29 47 49 75 100 36 56 94 1 70 48 66 59 4 11 86 83 19 94 63 37 13 4 78 59 13 26 98 32 77 23 53 18 44 18 39 92 78 37 72 24 22 3 79 36 80 85 78 67 15 4 37 79 43 76 11 58 26 74 72 79 64 47 16 42 16 76 25 31 71 81 77 93 19 2 58 74 13 38 91 45 41 93 66 35 42 31 34 78 53 7 1 81 22 47 5 76 49 50 86 46 32 42 98 4 96 70 60 46 99 54 2 64 17 57 55 74 74 46 48 97 59 50 8 48 41 28 25 15 98 59 67 49 53 23 10 30 3 47 94 84 76 99 97 46 8 93 73 45 24 79 76 87 59 29 55 100 84 7 73 10 32 84 67 57 58 97 57 92 58 84 81 59 54 26 69 35 41 42 8 20 40 96 3 5 2 70 51 29 60 13 32 56 85 94 47 96 44 83 82 53 66 16 38 40 45 62 91 23 90 60 55 14 91 30 79 36 19 46 63 13 74 3 47 20 56 1 68 84 46 87 54 9 85 88 84 23 88 55 40 90 44 14 72 69 91 1 42 66 64 85 23 79 89 81 68 10 5 90 27 33 70 50 99 39 96 53 87 29 23 51 93 28 81 48 53 94 7 77 72 98 49 46 19 14 26 76 79 60 26 51 19 80 55 94 84 89 49 93 11 70 73 7 57 55 34 69 43 7 81 42 81 16 87 30 37 48 96 3 84 95 18 40 31 49 67 40 43 78 53 66 56 100 19 5 33 88 50 64 41 18 13 34 27 35 6 55 56 77 50 67 62 91 42 91 36 88 66 99 36 22 62 21 60 19 15 31 13 25 12 42 37 86 85 19 27 26 50 18 52 96 54 51 31 63 76 48 33 97 26 52 41 88 24 53 58 26 59 20 72 24 44 56 28 88 34 23 56 11 6 89 81 70 14 12 21 94 15 35 65 72 3 54 77 9 58 19 82 63 45 48 53 90 32 76 88 78 58 89 30 54 75 55 10 42 79 72 62 4 51 21 20 8 95 13 42 91 89 20 93 79 68 55 79 14 14 45 49 12 57 30 68 73 40 29 91 98 84 29 50 43 71 93 62 3 80 20 34 61 43 75
572
92 78 95 66 2 33 17 1 79 47 23 70 82 6 34 9 57 50 60 36 64 35 68 66 55 100 85 43 89 82 18 34 71 56 52 5 64 33 89 37 94 15 15 56 12 65 94 57 29 91 56 29 77 84 75 62 26 27 63 39 49 23 38 100 68 1 34 25 21 36 78 45 82 88 24 69 59 41 100 12 89 72 16 34 67 96 48 39 55 60 19 94 20 25 12 65 57 25 87 79 82 87 14 6 74 56 94 81 70 60 90 92 30 60 90 69 9 89 95 32 8 42 14 50 46 9 75 55 13 99 44 87 21 73 51 27 50 78 56 31 80 60 84 52 88 59 27 7 43 11 10 38 89 26 71 11 7 84 65 20 36 49 53 50 21 70 41 6 79 55 35 58 81 97 13 81 79 89 77 75 64 9 69 6 65 57 41 14 77 86 100 47 74 76 41 30 55 55 49 15 28 11 54 18 45 44 41 74 19 70 10 84 94 33 18 5 69 91 12 24 43 69 23 78 37 38 51 19 12 22 10 84 72 77 41 60 68 18 24 37 18 22 17 60 20 54 56 17 61 98 57 92 6 83 3 94 83 71 20 62 13 63 68 88 14 61 50 73 36 44 17 49 62 86 35 38 9 91 73 39 77 34 32 40 30 13 70 16 67 15 9 17 47 56 49 85 47 34 28 96 51 96 54 50 67 98 10 19 32 14 55 35 77 61 88 44 42 40 70 3 1 51 36 85 39 41 16 3 87 66 1 74 89 58 85 50 35 5 73 17 87 12 77 94 18 86 54 65 25 36 96 54 5 70 73 71 17 8 51 36 7 49 47 98 87 12 64 64 4 41 30 88 19 86 74 8 84 58 75 31 97 11 1 62 100 14 60 78 46 77 47 78 86 56 45 60 54 55 53 9 13 41 20 80 60 62 73 91 96 39 26 78 8 62 32 95 67 83 74 45 20 19 66 91 53 66 94 77 80 49 66 46 15 70 68 66 95 24 20 57 46 43 93 51 64 62 52 95 35 27 42 57 66 70 9 85 21 93 86 17 29 34 77 41 40 53 55 32 77 1 15 45 24 5 67 10 48 55 57 37 31 23 40 88 60 36 59 96 68 15 89 79 50 92 20 10 89 71 30 58 78 11 12 36 94 80 24 15 65 39 76 39 28 98 29 91 75 82 56 90 53 21 64 47 95 73 23 4 65 15 61 54 82 92 50 44 54 85 69 42 89 26 49 25 75 55 7 1 14 75 58 91 70 43 95 95 78 81 20 58 13 31 66 31 84 71 3 89 27 65 84 31
800
89 23 71 36 64 60 38 4 34 61 79 9 17 61 44 61 71 70 83 22 80 14 17 15 77 9 66 49 13 75 94 85 95 62 50 10 92 19 4 8 87 21 92 82 72 40 6 91 46 36 50 52 71 81 27 19 43 75 85 4 70 47 98 68 61 86 79 56 84 100 82 35 49 21 94 35 32 39 39 9 12 26 13 84 5 58 1 62 58 80 53 6 20 73 89 4 12 33 47 92 82 27 97 100 39 53 24 17 2 24 53 19 79 3 69 15 38 70 4 47 4 77 94 93 76 56 55 18 89 8 87 32 6 72 84 59 31 26 51 12 8 79 41 56 67 83 43 43 27 37 92 4 98 65 36 78 16 7 86 36 29 11 40 13 12 65 4 49 31 26 60 7 92 28 17 36 78 65 57 57 33 70 12 87 55 32 15 91 46 30 89 78 61 53 88 33 54 91 58 75 69 8 33 46 4 44 79 93 67 64 69 2 36 4 58 42 22 50 59 63 53 51 23 20 44 97 88 11 33 30 91 31 11 80 45 97 95 89 62 1 47 69 59 1 31 89 45 10 14 10 84 40 69 78 12 10 51 8 46 49 31 79 63 28 94 99 97 42 15 42 40 35 29 71 70 56 10 60 80 2 27 42 87 41 37 22 48 93 12 92 57 59 52 66 6 50 59 80 66 86 10 37 61 95 62 42 71 8 97 37 65 90 1 21 94 81 30 88 35 73 41 8 6 60 99 32 83 67 80 94 64 99 17 18 90 52 87 15 47 11 79 60 51 64 100 78 31 26 86 37 61 13 21 70 68 69 83 88 92 70 2 28 19 24 52 54 100 94 30 58 39 52 49 22 46 21 27 10 90 18 31 72 57 49 27 62 1 59 37 38 91 35 2 32 63 70 3 17 48 1 38 69 9 3 49 7 25 71 77 58 30 78 59 29 82 21 66 35 96 40 91 55 54 88 62 74 21 69 94 70 68 20 46 44 64 1 45 25 97 49 56 83 73 12 53 27 44 16 43 50 65 83 46 92 36 62 90 97 59 99 51 33 53 91 5 66 62 16 3 70 44 58 13 22 42 16 57 5 52 40 51 75 51 24 74 3 61 42 10 86 40 66 33 31 18 7 77 24 93 4 72 88 37 80 14 24 8 77 53 51 95 12 46 44 89 46 46 68 2 54 7 100 80 94 81 10 10 60 65 41 95 67 60 27 70 17 48 90 90 10 27 52 64 24 95 19 65 9 14 23 59 1 70 75 98 34 55 80 58 54 2 79 92 39 55 37 17 86 6 73 30 70 27 77 36 10 29 91 69 73 32 73 67 60 31 6 2 6 57 39 70 22 82 92 35 20 1 55 5 27 34 13 88 48 67 84 100 73 61 46 38 67 44 45 44 71 25 40 36 70 98 16 33 85 14 5 84 70 39 98 36 8 24 43 89 45 75 63 95 63 91 54 28 81 31 39 39 19 49 49 93 20 22 93 64 62 66 17 37 59 73 14 28 49 21 78 100 52 32 93 36 21 76 88 23 47 28 39 50 54 6 48 31 92 4 26 18 77 87 38 15 61 45 78 29 81 72 37 96 78 37 57 15 60 91 30 80 31 17 29 50 67 71 46 35 10 63 32 21 85 95 62 21 45 6 54 70 3 5 32 19 15 86 9 90 75 55 2 44 72 12 42 90 22 74 8 68 5 92 98 96 67 72 3 77 1 86 90 65 66 3 98 33 75 15 28 84 60 72 19 2 26 42 100 50 48 28 90 33 1 63 70 55 11 12 90 25 29 79 23 53 22 86 15 64 83 91 26 46 90
924
40 78 30 27 42 77 89 27 34 84 44 14 18 17 75 71 55 65 91 50 2 69 2 21 76 20 48 57 55 99 83 1 10 18 27 53 60 12 80 15 13 96 81 8 3 49 7 92 58 93 58 12 6 50 28 78 48 22 67 27 40 67 93 95 65 52 36 31 24 25 72 4 24 72 95 38 85 93 32 50 47 16 1 29 37 93 60 71 86 52 54 66 75 74 11 98 54 52 61 71 4 2 63 45 7 8 13 36 52 78 53 60 32 16 38 38 45 30 77 64 95 35 20 47 70 48 41 73 41 52 75 5 32 11 80 51 62 86 1 49 42 69 30 76 59 47 44 65 54 12 31 56 7 57 58 89 34 76 7 83 60 8 72 82 9 22 73 88 78 65 11 96 36 86 47 74 62 27 72 47 46 35 24 3 92 23 39 78 9 1 26 28 33 84 90 38 44 77 24 90 15 57 67 72 97 92 31 70 45 25 58 70 83 34 26 87 7 89 98 9 85 83 44 17 73 27 69 86 31 66 43 69 75 75 26 9 16 89 99 24 17 88 80 17 84 22 49 40 14 41 78 47 28 10 37 3 19 91 14 98 93 12 14 7 36 5 84 51 92 23 7 90 23 56 25 11 10 15 61 72 15 31 29 14 89 69 81 23 71 11 31 40 85 20 87 84 54 97 20 28 35 34 47 22 18 41 72 10 66 9 8 38 80 5 31 97 56 37 55 69 82 51 87 12 19 3 66 58 58 85 16 74 23 59 98 41 19 50 12 82 76 47 34 21 56 61 19 32 14 55 85 84 99 60 52 15 29 42 43 73 32 13 18 6 7 11 21 17 26 62 7 83 21 86 14 20 81 8 4 83 7 40 17 53 83 86 28 98 84 33 79 71 82 81 48 8 40 46 95 44 4 36 78 31 54 25 44 95 89 81 40 75 73 72 21 34 37 48 29 88 35 82 29 8 37 17 51 41 70 76 28 15 17 39 45 84 80 33 21 52 85 1 5 25 63 37 66 42 97 62 71 4 53 31 2 75 78 59 42 32 48 23 88 14 62 18 54 30 36 46 48 60 78 38 30 16 1 78 44 6 45 97 100 40 75 43 53 24 50 82 30 59 14 26 27 85 8 13 25 19 8 47 69 22 77 11 31 97 42 70 31 63 99 94 35 75 95 8 95 48 30 74 4 97 78 15 57 7 79 8 6 28 66 36 32 16 34 13 86 40 5 14 64 38 39 38 11 84 75 30 71 79 55 44 44 88 67 56 21 19 95 36 52 13 66 23 20 69 72 80 6 58 46 91 79 10 11 19 57 32 100 47 41 15 20 63 46 93 20 47 32 74 54 66 78 40 72 20 31 99 78 29 94 42 3 59 20 3 50 61 80 58 10 22 82 77 21 67 88 59 38 67 29 15 12 16 24 26 97 69 2 71 42 72 45 52 72 62 8 21 32 7 77 80 78 16 77 78 4 3 59 14 43 38 38 36 52 84 62 7 35 53 41 97 5 92 26 86 5 22 74 52 62 1 75 79 94 42 49 6 3 100 10 56 11 21 37 80 21 6 55 2 59 47 79 60 81 95 34 89 97 22 72 98 17 23 99 65 58 79 6 32 46 79 50 94 67 79 41 4 50 27 66 34 98 81 30 74 47 5 35 86 8 10 28 14 81 1 61 60 65 95 49 4 47 91 36 1 40 92 91 16 48 41 12 26 61 56 95 67 44 6 47 37 77 22 33 89 7 49 59 81 99 5 88 77 4 45 14 76 89 41 23 38 91 84 1 79 37 30 87 85 78 19 55 59 38 11 95 39 98 29 67 35 68 99 74 92 40 3 57 58 12 52 12 62 68 28 86 66 22 2 77 80 87 50 45 84 21 75 85 95 91 33 40 67 26 73 11 97 66 47 48 89 34 67 40 44 66 67 7 61 60 14 36 77 98 23 83 71 24 5 42 13 86 29 84 33 82 5 48 53 79 79 22 74 90 76 59 61 67 73 68 19 84 92 13 14 80 29 28 42 29 100 3 89 28 84 50 19 70 24 46 4 47 80 46 59 46 52 92 41 9 21 91 21 89 59 84 28 49 99 55 5
756
25 47 58 27 44 46 43 95 41 51 86 82 15 45 2 36 35 18 32 9 36 66 49 75 75 47 87 6 83 91 11 58 41 81 16 36 14 89 31 5 11 25 89 21 65 91 31 41 27 58 84 57 11 20 68 49 99 19 71 71 57 68 51 42 43 41 93 92 98 18 25 62 70 61 88 10 58 93 35 47 4 52 8 47 70 25 43 68 95 81 74 100 57 64 64 21 58 59 22 92 12 37 36 80 60 41 63 32 23 57 64 17 54 54 24 33 80 22 33 20 14 100 79 87 65 34 83 76 50 75 90 94 48 79 3 25 28 48 33 68 66 64 63 8 58 71 61 39 75 51 31 61 76 16 15 37 53 61 70 59 24 32 80 28 40 84 16 48 75 30 80 7 78 80 44 26 37 22 40 45 9 11 2 53 81 91 24 23 58 62 69 97 61 29 3 80 25 60 65 71 62 46 20 68 33 17 34 92 56 35 58 82 84 60 62 85 2 49 59 4 38 98 52 4 42 20 88 87 14 80 24 87 2 31 67 65 64 93 44 20 75 17 95 51 32 97 69 95 22 23 31 39 5 42 35 50 31 17 42 19 24 83 100 43 26 70 35 77 54 92 1 94 75 18 58 18 87 99 47 65 17 85 30 78 44 36 80 16 40 34 29 98 23 94 99 93 6 73 48 20 83 13 95 6 11 50 71 97 24 13 68 88 80 37 96 15 17 51 50 18 99 78 70 33 51 55 7 32 86 66 37 32 77 5 3 21 58 4 26 5 6 97 52 23 68 87 28 72 61 90 96 61 36 30 45 62 7 69 24 71 4 60 65 50 19 79 100 19 32 1 74 27 21 51 79 89 14 90 89 85 82 97 56 79 76 18 7 20 86 61 55 7 89 11 95 11 88 26 15 43 100 74 48 27 10 51 47 52 27 86 23 48 47 1 23 99 35 98 55 91 83 41 51 64 96 76 45 57 91 70 14 47 16 65 3 7 23 13 20 28 69 9 99 63 34 75 42 49 65 44 61 29 76 96 62 5 27 4 12 89 94 74 70 23 9 67 64 85 17 5 22 78 94 62 14 55 10 11 95 36 35 92 56 20 100 62 74 93 13 8 39 7 1 93 37 88 57 27 59 33 93 77 25 99 62 74 14 71 96 23 99 26 32 56 34 53 6 10 17 70 90 38 88 14 52 85 20 75 96 31 41 80 58 26 54 79 30 94 91 2 81 78 82 27 93 43 81 50 80 12 44 7 38 33 83 71 73 56 37 44 82 49 37 97 41 48 12 2 87 36 70 21 68 57 46 99 18 1 97 75 16 53 38 51 56 60 13 12 87 81 78 82 87 42 81 53 91 18 3 55 92 32 86 47 17 5 100 33 34 73 24 31 99 94 76 85 87 6 4 57 6 93 42 80 21 93 65 100 85 99 72 81 62 79 90 76 99 10 66 79 5 39 15 37 40 63 37 29 96 88 56 79 53 84 30 67 1 85 85 16 29 94 3 87 67 13 96 41 58 84 4 68 57 2 55 31 18 49 58 24 65 47 34 13 74 39 72 44 76 82 45 64 7 59 18 77 36 81 18 6 59 64 97 65 100 100 1 68 50 51 52 45 15 19 78 16 15 86 64 50 48 81 49 34 86 21 22 66 83 12 10 88 78 42 88 61 97 73 77 15 91 39 63 35 100 86 20 23 98 11 78 8 15 42 99 84
950
56 67 72 60 21 54 38 38 20 70 53 52 72 26 37 31 84 72 36 54 37 67 39 14 20 37 41 13 98 70 95 37 100 14 96 71 60 92 3 79 80 80 100 100 66 50 74 16 9 22 67 51 88 91 67 45 45 24 35 33 50 45 44 28 86 74 54 14 22 43 90 48 87 47 49 79 51 56 98 46 81 31 6 25 50 90 29 30 22 90 80 28 20 78 83 50 52 51 60 46 89 51 66 62 48 31 49 17 64 47 25 42 10 64 23 40 34 6 65 15 72 25 67 2 52 32 51 33 71 92 49 60 81 15 48 12 56 87 78 62 22 22 18 39 98 61 6 37 27 8 33 92 69 56 66 64 52 60 81 7 43 28 78 29 84 89 44 35 12 79 61 58 65 17 41 15 57 87 20 67 20 86 28 56 53 95 28 99 60 65 63 44 44 88 85 68 29 94 11 19 62 6 87 19 35 14 9 37 84 76 86 92 25 94 4 72 82 69 32 5 65 69 57 75 58 29 11 87 32 83 67 64 65 33 96 65 73 11 98 13 73 71 99 73 35 15 38 91 44 42 37 83 52 33 3 30 100 47 58 7 86 95 11 87 65 74 17 16 3 30 73 7 100 6 19 22 83 72 81 78 99 61 57 54 7 85 62 22 58 32 36 73 4 76 17 2 61 76 26 16 16 33 99 24 74 69 75 21 83 1 18 92 41 14 60 4 11 80 45 97 98 37 19 90 53 100 99 97 89 6 60 68 31 83 7 44 21 8 31 51 89 9 70 35 7 65 4 96 43 52 36 65 32 13 95 67 87 16 41 18 3 2 1 95 42 14 74 76 44 66 43 47 57 90 4 59 88 92 73 26 50 38 16 23 26 61 47 18 37 47 10 55 3 62 73 6 33 78 2 50 79 12 36 72 94 99 10 30 72 60 31 81 89 22 38 76 32 17 90 23 70 93 79 87 27 51 46 88 67 6 9 9 55 63 83 33 29 98 95 51 36 64 13 1 4 58 95 4 91 2 11 74 99 19 34 83 98 96 81 18 78 25 39 26 10 56 28 20 62 100 93 3 69 84 62 82 24 93 24 14 61 100 3 56 65 81 84 1 69 9 79 91 19 53 36 27 89 28 25 27 66 67 79 43 93 36 51 9 30 5 56 50 58 36 99 35 25 45 78 83 57 65 23 84 27 98 17 67 56 60 57 14 57 94 42 76 27 78 28 2 37 96 94 56 91 45 95 80 57 12 29 64 88 2 37 19 44 32 23 61 89 69 7 64 26 44 94 76 53 6 28 63 58 25 85 36 29 32 20 47 2 84 100 2 45 67 94 37 43 84 85 100 79 74 30 9 61 9 22 25 92 12 22 35 18 82 83 24 71 49 33 31 34 32 60 42 10 68 80 16 1 42 46 87 71 16 94 10 36 19 73 73 26 67 74 67 31 30 18 87 98 75 13 90 80 64 78 18 64 81 100 19 34 57 62 23 41 78 99 43 57 9 1 26 24 80 18 64 59 82 29 99 86 73 62 54 76 33 60 30 25 78 74 32 39 53 73 98 80 36 75 61 70 4 57 6 98 48 12 72 63 35 70 100 22 48 66 16 95 17 81 66 62 71 16 85 4 70 14 27 68 88 10 68 36 4 47 69 7 31 37 68 45 87 89 77 20 46 3 32 91 76 44 3 63 13 7 40 87 86 57 20 38 86 15 42 82 63 70 25 29 97 12 99 8 49 90 70 39 51 97 10 77 55 8 7 36 20 35 1 83 2 79 100 49 88 42 18 86 18 7 55 43 54 3 3 81 64 41 37 73 63 38 92 72 19 59 38 67 91 28 20 48 26 29 30 7 77 72 5 64 71 1 86 50 90 43 46 15 87 57 42 47 63 31 53 23 85 16 53 100 68 46 68 53 67 36 13 41 33 63 41 94 30 18 46 66 43 65 78 85 73 74 56 9 25 16 56 27 68 64 35 40 11 50 68 19 45 16 53 54 89 92 2 99 14 86 20 21 47 60 5 61 57 18 62 21 16 12 65 69 59 86 89 41 48 90 31 71 59 43 16 28 78 52 93 35 29 23 11 89 84 21 82 79 70 13 14 68 33 26 97 73 3 13 23 59 99 48 58 100 89 93 75 83 66 74 4 28 82
681
87 25 51 1 81 97 50 14 23 73 31 26 18 87 67 54 58 31 37 46 76 3 59 61 77 66 43 22 27 96 27 50 49 80 77 3 63 37 7 86 39 4 98 64 50 33 40 86 17 70 4 30 1 84 82 28 89 86 93 34 92 30 37 23 20 8 26 29 84 89 66 16 44 59 17 76 49 4 56 89 8 89 83 92 100 14 93 93 91 95 58 8 22 46 42 37 23 66 40 41 20 30 83 42 96 3 81 9 64 5 5 97 3 63 16 13 66 68 18 94 45 46 29 91 96 18 22 26 53 28 39 72 41 39 40 82 46 77 10 23 78 35 25 12 57 34 52 73 18 32 21 30 40 59 87 75 47 82 23 69 92 85 38 61 38 80 89 34 93 2 30 39 77 82 27 44 77 49 37 50 75 2 17 48 93 62 66 16 34 47 84 41 17 76 59 86 13 57 22 92 1 29 94 68 17 51 52 35 12 63 92 70 6 28 3 2 17 52 32 60 45 99 63 61 91 40 52 79 38 59 89 22 7 36 48 69 52 22 32 11 66 3 49 37 21 81 40 49 30 67 44 1 77 69 52 89 46 83 88 18 92 34 91 8 81 57 26 2 13 67 25 31 91 43 83 91 9 64 80 47 38 32 58 34 32 39 53 13 68 89 69 71 2 82 23 19 70 8 31 59 59 19 88 51 61 91 94 63 81 54 87 51 2 90 76 42 11 19 58 50 72 16 19 15 9 79 26 45 10 6 47 80 52 64 86 22 78 18 89 83 59 95 6 73 52 3 24 11 98 35 3 79 12 75 6 50 33 82 14 53 74 54 21 32 100 89 85 20 11 15 64 58 94 92 79 29 76 53 36 93 74 97 24 62 8 84 25 69 49 18 56 87 79 43 66 49 49 66 39 99 82 69 57 50 12 76 78 45 12 55 21 67 48 78 31 49 8 90 85 55 12 98 81 10 19 97 47 18 77 95 22 81 95 7 75 73 46 66 6 76 7 83 42 65 99 100 87 22 22 31 3 10 21 68 47 31 30 60 61 45 93 24 91 83 64 28 82 32 41 46 31 93 97 84 2 77 43 25 50 96 92 91 76 78 73 30 50 16 17 74 54 29 14 3 51 65 48 48 14 92 7 43 22 23 92 14 56 77 74 93 72 10 100 8 64 36 45 76 8 82 13 5 11 52 12 85 80 12 49 3 55 87 18 39 92 13 33 86 49 34 6 96 60 6 28 47 29 85 27 82 53 43 38 3 53 48 31 44 73 41 27 7 11 96 66 90 99 28 87 93 74 20 50 66 61 94 44 10 24 76 44 41 14 5 14 40 22 19 79 68 30 45 9 35 15 86 35 42 7 9 17 90 4 78 59 11 16 48 37 40 28 24 24 75 91 21 72 17 72 63 42 60 30 17 76 1 2 81 12 91 49 34 28 93 91 53 62 73 5 78 32 56 48 72 69 60 59 94 61 71 41 44 66 69 18 98 17 12 36 50 85 15 23 81 91 6 48 30 59 6 22 63 11 6 28 35 93 91 42 15 91
647
55 53 43 16 74 77 88 19 35 67 71 11 93 46 28 23 64 76 78 35 95 91 57 40 86 23 76 51 68 98 15 30 94 43 35 39 38 30 50 26 47 37 87 38 79 43 22 48 68 41 72 90 53 72 41 79 3 40 27 82 77 33 8 3 31 62 56 32 21 81 9 26 8 30 70 64 81 79 12 5 5 59 46 99 54 67 24 38 82 79 3 3 45 41 21 26 67 79 63 98 66 2 89 4 60 71 71 93 9 100 95 33 9 69 33 12 68 1 18 70 16 91 35 68 57 55 55 92 31 5 74 94 10 86 28 52 32 97 74 97 79 86 62 48 12 5 11 42 37 60 41 73 25 69 40 64 32 87 46 65 85 26 63 10 62 99 99 38 85 3 72 53 14 15 54 4 59 24 22 92 61 18 21 96 87 8 11 99 95 95 30 11 43 56 88 58 39 24 99 93 45 17 14 42 62 42 41 10 35 53 81 47 97 40 17 15 34 30 23 96 84 57 39 27 20 25 42 37 85 94 31 53 51 46 31 12 71 59 70 45 16 46 42 76 62 60 67 18 67 74 56 43 47 63 38 18 52 83 3 7 93 83 37 6 9 74 98 12 74 66 25 11 76 78 38 55 79 86 48 31 63 8 37 11 1 47 1 95 68 79 53 86 63 1 78 41 20 80 61 69 82 25 17 1 7 10 90 29 47 41 53 40 14 91 24 99 4 35 89 43 94 79 80 59 79 56 6 92 38 88 18 40 29 49 56 43 31 86 4 98 27 36 61 53 60 94 15 59 19 3 23 61 10 11 66 55 32 83 35 62 49 47 45 45 44 93 47 40 20 19 30 71 48 7 83 86 41 38 9 25 62 70 68 47 57 64 86 83 77 6 99 11 76 68 35 69 94 29 40 63 78 92 100 57 99 70 95 72 78 10 8 48 8 60 49 53 10 70 54 28 61 44 74 91 26 76 40 2 57 89 4 61 67 42 71 29 89 73 92 88 25 78 62 43 50 76 18 20 22 91 80 92 12 32 6 61 87 25 94 40 69 36 59 75 86 13 66 37 67 33 38 95 65 55 7 45 27 76 46 17 82 34 56 17 100 20 94 20 63 70 62 74 81 56 3 32 85 17 76 83 21 49 46 38 64 79 9 5 95 87 82 74 11 10 3 36 76 5 82 41 69 94 20 36 51 43 77 88 90 63 6 17 87 23 90 36 92 6 19 15 82 98 69 63 45 19 18 94 42 73 95 11 69 99 34 61 11 17 24 55 33 1 8 46 3 90 60 73 40 63 84 96 77 76 3 72 95 87 17 26 5 52 72 68 17 87 58 19 80 57 25 4 57 14 21 88 88 82 89 15 12 34 35 26 29 27 58 57 9 89 80 29 97 43 24 27 95 53 52 65 49 91 29 54 23 92 86 49 30 100 47 29 67 55 6 91 47 36 45 100 51 37 12 85 59 12 11
845
76 6 51 23 98 61 25 36 70 25 72 79 24 38 5 25 41 97 54 6 31 88 87 12 92 10 53 17 27 81 64 49 82 49 76 87 40 85 46 13 88 55 86 21 60 93 61 50 90 95 98 11 77 60 99 1 90 16 96 52 91 22 38 50 29 50 55 36 72 25 25 46 66 42 79 4 62 24 54 70 70 82 56 58 4 75 14 23 55 79 48 100 68 74 6 33 59 49 57 43 48 1 33 20 58 36 50 64 21 70 1 88 18 22 99 97 2 56 60 73 33 60 91 78 52 93 79 22 58 55 15 5 85 58 90 27 25 82 20 45 39 51 39 70 84 38 49 10 29 10 26 98 100 7 29 84 47 1 66 53 51 48 44 69 72 31 26 52 35 59 80 84 64 86 3 97 67 76 94 9 13 8 68 82 6 77 51 73 21 47 86 96 96 22 28 88 67 35 15 40 51 15 9 75 86 63 57 62 33 93 18 47 93 23 69 97 64 34 92 61 20 1 80 19 28 47 15 58 52 55 52 8 44 86 73 70 67 10 36 82 10 71 38 92 92 14 79 90 6 29 35 7 69 95 12 51 91 12 98 68 4 42 6 5 79 98 62 16 89 11 86 57 74 25 6 3 9 91 73 43 30 56 92 16 93 17 42 6 92 87 29 87 52 33 4 16 66 17 33 15 45 3 11 69 64 33 34 31 39 26 45 72 80 99 48 25 88 54 15 88 67 5 75 12 53 69 40 18 76 78 60 55 76 12 29 45 6 80 88 2 82 75 6 80 41 41 13 63 97 5 9 79 93 7 33 40 77 75 72 41 81 50 28 50 53 7 18 46 88 32 49 73 60 73 36 4 88 62 93 47 7 76 36 41 45 56 57 62 26 50 91 12 14 83 66 32 12 12 91 81 43 30 39 63 44 41 73 68 40 29 86 93 18 24 59 95 34 98 30 77 28 53 65 61 75 25 34 35 82 14 84 76 90 99 58 50 67 2 68 74 8 71 67 75 11 22 15 58 82 9 26 60 76 72 61 93 92 79 40 6 22 75 48 70 65 83 94 19 59 84 14 5 44 6 82 83 21 68 7 12 8 2 46 69 50 66 69 9 76 30 13 83 65 98 40 90 99 64 7 21 91 10 34 69 61 88 85 62 5 20 79 23 69 65 42 70 96 67 88 78 30 86 55 72 1 17 98 97 68 71 82 90 10 31 80 60 76 92 36 56 27 59 95 37 11 90 91 59 38 88 27 57 60 7 95 99 48 91 79 90 61 72 95 68 65 47 69 55 79 51 28 17 78 38 8 89 44 26 91 29 81 14 42 15 83 19 40 80 47 89 96 47 69 50 10 22 37 64 65 35 21 53 18 57 42 19 54 82 58 15 52 19 41 13 3 74 16 66 86 42 20 56 74 60 28 85 70 44 49 52 35 45 39 72 25 8 42 100 9 18 47 36 61 63 24 28 22 49 74 65 91 76 50 19 57 8 36 75 61 71 52 17 80 90 6 37 85 61 27 62 35 76 73 3 28 4 24 40 31 49 31 12 44 32 6 97 8 15 5 28 29 68 61 64 11 45 15 92 82 78 71 89 10 80 88 91 41 84 69 10 7 98 64 37 2 100 81 22 7 38 48 18 49 10 19 31 16 44 10 2 60 17 78 43 52 29 47 29 99 90 33 43 83 83 36 62 50 6 25 82 7 97 41 80 29 23 65 91 42 38 86 41 5 53 78 75 56 37 19 6 42 96 68 8 74 88 22 14 96 61 7 98 21 84 36 35 94 7 25 43 1 35 85 8 3 24 11 21 67 57 58 5 41 67 5 93 3 62 86 21 73 2 69 73 44 10 23 14 6 11 19 75 49 54 82 5 56 24 13 11 21 48 99 99 37 3 80 47 100 23 97 38 13 10 24
993
21 26 20 85 27 50 61 15 97 91 16 98 13 59 96 57 63 16 89 35 58 50 75 17 54 77 78 99 89 36 28 70 22 58 48 54 81 60 61 65 17 12 35 81 52 50 48 83 9 66 18 91 41 61 49 35 32 88 45 31 38 11 26 30 14 53 67 95 26 66 100 90 17 64 75 21 37 25 35 21 29 56 56 22 10 46 10 14 95 37 51 78 97 55 23 81 16 11 29 16 22 61 3 17 1 69 38 84 21 100 97 66 14 19 98 28 94 49 28 84 98 45 15 76 92 58 6 51 3 46 95 16 26 92 3 95 11 21 40 93 64 50 79 63 17 78 70 78 37 83 39 9 68 7 29 25 99 77 6 37 14 98 93 47 90 16 80 18 6 62 55 39 89 8 54 68 59 1 1 91 94 45 52 57 84 76 51 2 35 48 100 44 68 45 97 48 95 10 9 47 95 26 75 78 91 29 26 68 66 81 54 16 76 7 15 61 19 15 36 41 49 15 72 56 16 52 68 34 77 83 59 33 19 60 68 11 51 63 39 26 24 10 87 81 46 69 91 54 72 97 25 67 15 6 71 51 55 44 69 68 8 77 16 100 95 42 53 89 28 97 43 35 28 49 32 10 39 68 23 65 67 50 84 60 63 83 2 52 83 45 6 19 90 7 60 33 48 14 81 59 33 21 59 14 73 89 84 37 78 64 67 67 72 20 82 61 65 61 24 92 10 7 9 66 18 26 16 60 83 49 1 81 25 8 19 12 34 47 51 61 74 92 6 100 45 99 58 2 88 66 62 16 46 52 74 12 79 97 12 63 98 52 70 18 44 67 5 19 32 95 10 37 33 45 16 33 91 65 92 66 1 62 48 18 26 19 14 91 51 14 98 12 77 43 57 62 93 82 4 64 49 66 42 87 59 57 50 77 77 26 96 20 4 100 50 91 86 7 53 88 68 56 39 44 25 31 2 76 47 2 76 10 48 13 67 24 82 10 33 42 37 41 94 26 97 98 20 18 16 66 7 100 66 87 60 61 72 92 83 53 14 25 7 35 94 12 20 11 64 95 60 15 25 84 48 20 11 68 31 4 55 82 41 70 26 63 52 2 69 80 15 60 94 24 42 28 51 68 55 14 89 54 20 16 55 95 65 75 38 50 64 6 45 86 43 21 66 83 38 45 8 61 24 4 97 12 15 56 20 77 55 52 74 37 52 83 2 16 7 33 53 19 41 47 56 66 91 66 97 48 34 86 29 81 54 75 6 94 46 72 28 62 44 81 48 90 89 63 18 19 63 78 32 29 56 14 86 33 64 82 73 51 70 69 33 14 13 4 37 93 53 18 99 13 62 91 46 99 88 69 16 79 15 64 67 27 22 59 100 71 96 59 79 91 54 18 76 58 27 88 45 42 61 14 48 8 44 100 22 97 76 37 52 16 92 33 39 81 60 8 31 3 24 43 30 75 9 52 77 32 16 1 36 93 4 62 24 42 30 38 59 27 6 95 76 93 31 23 74 13 76 30 64 92 91 47 22 16 2 75 49 23 49 3 23 58 39 78 30 7 20 18 56 25 53 68 66 88 36 62 4 43 100 65 78 75 54 30 75 9 57 45 2 83 52 11 28 39 66 85 87 10 31 13 26 30 58 3 94 81 43 16 10 38 46 77 66 90 73 74 61 13 25 91 59 80 70 83 53 66 81 23 24 11 53 30 79 78 87 32 28 51 82 81 9 20 77 50 78 90 21 7 1 19 16 100 12 32 66 26 49 71 89 10 81 56 11 66 18 13 88 60 70 81 56 15 95 8 93 6 29 89 33 33 15 40 50 36 33 5 7 46 17 25 74 13 95 95 17 4 35 3 28 76 26 91 17 69 72 32 71 91 7 75 29 15 77 89 18 8 48 55 58 55 96 78 31 62 16 55 77 19 71 58 47 87 46 1 18 56 61 11 33 19 23 52 80 84 7 38 17 40 13 71 27 5 54 20 18 52 98 19 80 97 1 1 87 31 41 6 20 36 26 77 27 79 83 39 19 91 17 1 4 34 71 74 44 88 9 98 100 93 84 61 1 34 68 69 32 99 43 34 27 29 55 38 16 98 9 6 66 43 3 47 75 25 72 40 29 36 89 56 97 72 75 64 9 80 36 79 60 29 71 49 62 71 22 14 30 24 89 44 62 53 45 89 51 5 27 65 20 5 21 52 37 41 60 59 68 28 96 56 7 67 18 88 65 52 71 14 41 30 7
766
97 8 68 90 26 15 90 100 17 98 51 38 66 83 5 82 70 44 33 73 82 36 76 39 63 78 20 5 83 73 52 62 64 62 87 56 38 57 51 100 74 1 37 82 58 6 19 57 63 49 76 29 52 8 93 37 96 29 52 35 37 60 97 92 5 54 84 65 100 82 30 76 40 42 42 35 96 39 1 100 37 43 21 47 87 11 44 48 8 21 62 59 63 69 32 37 51 11 31 95 20 38 32 52 80 65 39 84 32 51 21 34 70 19 97 26 71 69 74 71 86 37 100 98 44 30 18 39 25 74 59 10 82 78 22 93 74 17 77 58 48 44 13 43 58 37 98 33 45 79 29 81 71 41 69 69 96 45 5 39 80 34 94 97 95 80 92 64 49 53 48 71 77 29 39 9 83 8 62 27 47 33 88 41 84 43 81 63 85 28 67 5 37 62 98 12 82 4 87 52 49 76 100 92 27 28 96 28 15 57 19 40 65 62 67 64 84 41 5 31 51 79 63 36 23 3 79 54 92 50 82 41 51 74 3 70 12 23 38 87 35 18 23 67 67 74 66 84 60 44 85 72 8 27 42 75 7 79 45 2 73 52 80 38 47 51 87 44 19 33 5 53 60 97 38 12 93 4 68 94 11 29 37 43 56 31 12 68 58 14 10 3 69 24 39 27 49 43 23 37 11 51 9 15 39 56 36 77 7 83 81 65 62 3 50 51 39 37 93 20 64 38 24 42 46 31 85 55 78 15 50 25 10 5 8 85 2 15 30 74 3 56 3 27 50 84 61 73 79 76 56 67 29 65 10 26 62 60 100 40 67 92 85 86 38 30 59 20 27 45 69 15 23 23 51 5 44 45 91 68 99 50 98 81 3 76 72 6 45 58 5 74 15 27 60 82 11 28 99 9 17 2 21 42 92 64 1 3 69 92 53 94 57 72 73 63 64 87 28 74 20 97 3 68 96 73 93 10 75 5 80 50 55 90 8 14 61 98 37 21 23 4 55 46 33 74 22 17 87 11 32 8 77 45 27 54 62 36 6 72 39 97 28 98 29 46 10 63 77 39 44 12 92 43 3 6 75 75 56 27 60 87 55 10 99 41 97 84 97 17 53 89 25 42 54 62 17 22 16 64 28 91 81 29 67 39 73 73 100 64 91 31 1 47 99 84 35 70 33 78 38 26 68 95 93 70 59 75 37 70 21 69 36 32 51 39 4 9 11 7 16 34 18 14 61 80 4 9 82 25 43 65 23 14 48 67 27 13 70 79 88 61 57 44 45 66 16 57 47 5 78 12 45 37 67 47 48 57 1 82 83 25 20 21 88 5 71 86 22 43 78 25 39 88 4 75 67 69 52 38 87 89 62 60 1 22 29 98 2 64 78 47 93 30 47 39 66 69 58 29 19 66 76 6 53 6 11 10 40 28 35 48 12 35 58 99 2 43 10 33 89 71 99 36 30 35 14 65 7 72 19 6 73 66 57 86 96 54 36 34 4 6 13 93 11 84 16 41 82 38 24 84 90 96 51 85 64 11 68 5 79 44 13 14 55 50 93 55 14 46 39 97 57 68 64 50 46 41 16 70 37 47 34 61 60 21 81 33 77 85 58 69 36 91 24 36 81 93 41 45 66 60 17 94 25 63 89 58 46 90 10 22 28 53 19 84 65 35 76 48 42 38 34 8 92 65 100 17 66 24 39 86 44 92 7 72 31 19 82 80 66 23 89 56 62 13
809
6 97 97 17 75 71 8 22 58 85 13 41 98 92 54 92 84 43 9 70 81 42 15 93 76 71 82 10 49 53 88 24 35 95 15 100 71 92 16 46 4 27 78 17 84 8 86 22 99 31 76 62 51 84 11 83 20 41 90 90 89 18 46 55 18 14 6 100 2 16 16 63 27 47 80 68 4 20 66 86 73 32 38 53 49 94 2 91 51 26 14 55 71 23 78 84 50 60 67 6 42 13 54 9 76 53 8 90 61 89 36 52 72 22 27 93 84 41 58 7 76 39 73 61 40 21 36 16 54 78 86 86 86 12 17 60 64 82 8 93 98 28 46 97 26 51 51 28 51 2 54 100 60 75 39 85 74 58 65 81 47 9 16 53 100 29 32 21 94 65 63 16 57 70 17 68 66 95 88 66 58 19 26 5 92 91 11 10 15 2 53 71 68 80 75 24 56 59 31 94 27 17 21 78 29 17 26 49 5 26 48 46 24 69 78 22 47 96 50 93 24 26 89 35 2 96 76 38 42 80 91 65 59 52 90 57 18 49 73 15 9 47 5 75 14 61 99 83 24 85 98 43 98 67 8 94 10 67 13 61 42 76 84 38 100 56 95 84 1 27 61 94 4 77 46 77 17 24 30 78 36 83 71 57 33 15 28 72 26 3 68 40 99 48 19 55 31 79 40 84 86 8 91 99 8 62 26 73 6 25 8 22 18 98 13 49 53 54 86 38 52 9 86 22 79 57 10 12 83 87 8 75 4 52 37 7 77 43 55 42 75 30 57 77 48 10 27 5 56 40 77 11 21 73 28 83 1 40 26 36 76 43 64 88 22 10 41 36 30 93 80 99 69 9 24 38 57 5 43 10 60 8 5 51 34 93 65 48 42 45 61 8 36 31 38 25 17 99 18 97 82 66 56 17 3 20 25 73 45 50 76 89 56 5 76 16 75 40 82 7 97 88 42 6 45 36 78 64 50 82 59 94 22 15 11 66 59 37 36 75 48 79 49 63 77 56 36 78 34 83 63 15 91 93 75 9 80 80 55 72 83 88 81 64 75 95 56 16 35 39 52 18 50 75 82 30 9 25 5 45 54 98 45 53 71 87 91 5 18 31 98 32 13 61 69 89 69 76 38 70 33 93 9 15 46 77 39 49 66 6 4 47 40 85 78 23 18 49 20 8 70 63 82 91 44 2 51 8 62 59 46 27 12 32 88 92 87 59 59 5 22 61 82 87 2 44 23 11 53 1 9 57 10 38 10 44 64 3 59 82 70 89 43 29 41 31 80 79 32 41 16 75 88 57 33 52 95 63 79 10 21 9 16 81 7 5 68 59 67 11 1 4 32 97 82 72 29 86 86 25 90 73 21 42 62 49 66 11 38 70 75 50 38 8 4 64 30 4 77 53 57 73 46 91 69 40 84 89 26 58 61 17 19 18 76 17 82 57 39 13 64 2 11 36 97 24 97 99 22 43 1 88 95 18 85 16 18 31 17 66 11 21 34 47 63 5 50 8 96 56 36 21 11 68 65 29 5 95 54 6 75 69 6 5 66 28 3 95 30 88 99 22 85 8 72 72 78 69 97 95 6 55 55 19 47 33 14 91 27 12 29 8 21 15 96 2 83 17 11 58 85 21 97 56 25 54 76 6 4 8 90 65 63 1 100 28 57 47 2 51 50 16 35 30 96 94 78 91 49 65 5 54 77 95 76 61 12 32 3 3 61 91 45 12 89 4 39 51 16 10 79 95 84 64 84 18 19 20 7 19 14 13 97 40 96 15 75 65 61 15 89 100 24 37 5 6 100 87 13 26 37 57 3 93 98 28 3 64 29
739
86 26 77 93 97 30 7 72 19 42 44 87 34 80 75 85 63 10 4 39 51 56 96 59 11 32 45 78 24 72 100 31 4 14 10 7 79 9 76 10 69 12 17 97 52 48 97 10 33 71 34 66 26 54 86 7 95 72 28 95 21 14 25 73 89 69 35 60 11 38 5 68 67 80 78 24 39 17 20 66 80 14 28 36 45 72 60 40 92 94 35 18 64 25 22 24 96 30 81 100 71 69 1 62 34 24 21 88 48 48 77 63 73 58 75 65 40 55 39 57 15 21 86 89 63 24 39 87 32 70 79 62 39 11 31 4 13 29 58 60 97 90 67 87 27 2 85 36 72 39 7 89 64 9 31 29 32 13 55 29 65 93 84 34 62 62 16 40 98 29 24 16 93 53 1 8 20 80 56 43 2 7 65 66 42 42 100 33 23 83 20 33 40 27 82 100 60 28 16 4 97 34 29 72 83 50 47 2 14 14 68 10 43 79 58 70 58 97 75 47 1 27 52 40 25 59 85 56 73 57 81 55 26 87 19 24 11 6 80 66 66 73 19 49 34 79 6 55 53 20 16 100 72 84 99 56 9 8 57 86 54 34 43 52 60 37 12 55 27 63 84 1 6 18 51 77 58 59 38 82 33 94 62 38 90 62 78 26 84 22 55 99 69 69 18 26 33 71 86 29 66 27 88 83 73 80 39 58 60 87 71 98 62 80 26 88 60 66 80 63 4 1 12 26 9 34 55 100 81 47 31 82 93 13 43 44 88 40 19 10 78 97 43 16 28 85 88 73 89 46 1 28 98 3 67 13 18 26 30 79 22 58 26 4 78 6 91 100 92 39 82 10 47 34 92 60 83 89 68 58 25 4 80 80 10 92 46 59 55 95 90 98 14 37 46 55 58 16 28 10 33 74 83 92 19 89 56 9 86 21 63 69 36 86 74 96 74 55 73 1 17 79 54 21 58 77 58 68 79 6 80 11 14 43 51 22 50 82 10 36 76 10 62 83 34 95 47 68 52 9 97 4 24 57 43 39 76 44 62 98 63 6 91 3 49 79 4 13 46 82 51 63 65 65 3 2 72 30 18 62 93 6 64 48 98 58 96 65 57 54 33 25 56 89 34 63 93 28 84 39 56 32 12 60 23 18 85 1 75 39 88 17 60 84 52 25 28 34 77 97 94 35 17 56 23 81 94 16 2 32 81 73 56 97 98 1 40 95 34 32 61 11 41 10 81 56 21 1 73 83 69 39 89 97 46 87 84 52 25 15 65 11 63 43 76 77 20 70 70 46 47 66 29 95 48 78 86 22 47 85 11 89 47 57 23 24 93 52 88 24 3 60 97 91 57 30 60 56 5 52 49 74 48 32 66 18 39 12 67 7 11 45 41 31 97 25 21 24 47 92 100 11 55 99 65 30 43 67 36 66 56 18 85 79 39 95 64 4 90 37 28 32 22 25 19 72 77 97 86 56 45 23 9 2 85 24 57 92 92 90 17 26 80 38 62 8 43 61 58 26 71 19 10 75 43 14 43 58 24 92 90 78 91 97 11 70 29 67 51 3 64 20 72 12 58 19 23 39 74 12 61 67 49 20 13 95 42 60 71 11 83 61 93 24 40 69 65 67 59 76 77 93 10 60 94 33 10 68 84 42 22 92 79 62 87 51 77 27 1
890
38 12 81 37 23 51 27 69 27 24 39 39 26 11 46 96 22 33 77 82 95 40 42 72 71 82 26 54 49 64 95 15 58 81 92 97 40 33 71 37 16 18 70 70 78 27 65 49 9 92 6 13 38 8 57 80 29 84 59 29 82 32 7 23 18 47 55 27 19 58 78 55 17 44 33 34 64 61 60 32 70 64 91 48 92 96 16 29 3 59 44 32 17 49 38 38 73 44 48 45 19 88 79 38 94 35 46 88 86 82 72 38 24 91 69 14 56 82 1 31 72 72 20 54 86 6 96 72 43 90 39 47 97 28 7 20 50 91 72 29 42 43 61 66 77 91 15 43 28 24 44 61 15 85 39 98 39 78 29 25 50 51 80 32 83 9 14 12 27 71 6 87 69 30 49 36 54 65 17 19 82 12 81 89 63 20 43 6 49 62 64 96 82 54 17 18 43 100 51 97 92 48 34 94 1 7 60 18 93 80 35 9 64 78 20 57 7 51 3 62 38 98 13 100 33 23 40 80 70 20 13 20 12 86 83 95 68 8 14 32 53 52 99 18 74 97 17 83 71 21 74 21 19 65 92 60 63 9 26 76 51 89 97 23 51 90 90 58 76 52 50 42 15 61 77 6 91 32 83 1 75 58 27 39 100 64 98 20 64 68 51 38 65 88 90 4 3 16 40 80 97 49 95 91 100 35 42 73 52 45 15 26 77 18 42 11 66 81 33 50 54 88 36 48 58 34 32 44 33 26 10 26 27 87 40 34 63 96 15 11 9 85 64 74 14 60 29 90 25 50 97 30 17 9 18 94 74 32 8 100 79 98 50 44 35 30 82 38 82 85 100 4 36 86 35 54 19 44 46 53 35 84 83 90 67 34 52 15 34 6 34 22 93 94 80 61 27 34 6 61 49 23 14 22 16 67 17 78 2 58 11 88 30 2 73 11 8 26 5 71 95 29 15 16 64 57 3 52 80 25 71 5 71 97 53 18 21 14 78 58 21 49 32 32 10 18 13 29 81 46 19 20 99 21 97 47 89 25 36 27 50 11 9 46 17 60 88 28 61 9 5 99 52 85 42 88 69 21 66 86 71 41 1 23 81 27 64 39 16 2 20 9 28 36 62 62 26 8 28 29 100 15 54 8 33 20 62 46 62 26 60 46 71 75 4 49 69 48 83 66 28 37 44 41 89 43 34 23 84 88 6 1 86 50 13 52 86 99 10 25 81 86 11 13 26 84 29 7 24 47 48 73 21 39 67 53 52 83 56 46 87 17 38 61 1 54 67 74 70 82 19 56 99 83 30 70 70 38 66 33 53 94 76 21 76 8 53 60 31 23 47 61 20 30 5 66 39 58 89 59 44 67 99 80 43 93 88 11 70 78 96 81 25 45 93 19 63 45 51 25 57 22 77 8 41 68 54 69 42 67 76 98 99 17 71 69 39 98 12 69 37 75 93 88 64 37 87 41 83 48 48 25 44 39 66 25 26 37 43 6 69 100 30 37 22 61 61 63 56 11 66 67 60 80 85 74 90 66 3 59 30 72 97 84 41 42 87 84 6 90 68 60 57 100 93 3 18 94 57 22 45 84 73 98 62 71 84 100 35 54 82 16 70 61 6 45 45 61 9 23 17 79 67 56 21 22 37 97 51 98 42 45 74 39 100 51 59 68 42 48 2 47 10 52 84 52 13 15 66 2 51 88 13 12 7 68 16 25 99 31 84 74 17 97 2 47 6 28 65 34 86 32 28 65 41 62 73 76 79 29 62 57 22 76 17 13 29 14 98 41 11 100 95 1 22 45 49 15 46 70 92 36 44 54 19 26 84 29 2 64 3 70 79 89 33 10 78 44 63 85 66 74 75 53 45 13 90 78 42 48 35 95 81 86 55 6 3 97 44 9 100 86 74 90 72 32 38 77 35 70 4 44 76 14 12 45 37 71 15 13 81 86 78 64 48 27 63 64 65 69 87 76 32 21 20 40 52 69 18 44 18 13 89 64 100 100 57 7 36 47
537
93 6 80 88 86 3 15 34 53 23 21 90 96 72 13 37 76 86 73 26 76 92 62 13 67 61 6 6 93 26 71 52 22 49 22 3 79 43 74 67 80 91 93 16 54 90 85 77 99 6 11 75 62 9 11 91 16 75 85 4 91 70 55 82 20 47 27 78 77 48 45 21 88 5 18 26 80 6 56 47 23 42 6 6 21 54 51 66 92 69 44 18 23 40 79 74 72 38 60 96 39 73 77 1 60 88 60 44 55 70 71 12 80 42 59 26 96 65 73 23 91 94 66 6 27 7 47 99 44 83 52 13 88 88 35 27 68 79 96 59 56 66 56 76 81 38 88 59 75 59 72 76 59 65 64 12 77 89 22 46 55 46 72 27 20 32 37 25 88 69 91 14 34 22 39 97 14 36 85 2 83 65 97 11 21 40 39 5 68 61 67 32 39 62 20 13 15 11 87 16 33 4 99 17 57 24 55 26 3 58 85 91 75 52 90 83 40 76 84 43 20 77 25 16 96 58 72 86 14 67 39 32 41 11 7 23 40 27 61 96 27 69 80 10 74 98 53 70 27 70 72 31 5 67 45 75 71 21 90 47 79 19 83 65 36 37 34 3 34 82 82 12 71 84 71 44 49 73 83 15 14 70 55 76 73 14 30 35 46 25 52 65 16 80 4 66 63 3 81 43 89 91 18 39 28 84 94 60 97 24 89 66 13 60 61 72 83 89 8 72 95 79 7 73 73 82 25 90 38 90 72 30 1 51 45 17 83 90 36 90 34 95 37 66 21 19 75 58 58 71 3 95 19 100 89 69 2 60 90 11 39 95 50 40 97 10 14 56 26 28 90 7 10 100 95 15 29 83 23 21 35 12 88 73 86 19 91 42 40 44 32 54 10 18 23 81 80 41 71 19 61 52 80 46 21 12 66 13 11 54 91 16 49 20 68 15 81 81 19 88 4 87 67 22 51 6 30 24 85 20 97 91 8 42 25 97 53 31 74 72 100 56 59 16 90 48 71 2 23 9 57 55 74 42 21 62 19 43 62 69 81 3 17 17 1 25 10 27 30 30 55 89 23 49 36 78 57 10 84 74 90 78 6 59 53 52 88 42 41 61 35 64 33 50 47 85 14 71 64 43 24 63 75 90 19 43 57 8 26 35 32 73 83 84 95 28 13 83 82 83 45 4 11 86 27 65 87 46 30 21 80 12 63 65 92 84 59
947
30 60 51 100 16 79 62 89 77 49 31 79 87 67 35 43 9 18 76 45 91 38 12 14 36 70 80 51 44 27 73 58 38 56 71 55 90 33 7 75 44 22 59 12 52 60 5 23 98 3 99 88 13 39 97 57 90 71 41 6 70 52 16 13 23 78 72 9 50 36 11 48 68 93 42 84 64 47 63 70 35 29 48 17 68 27 30 88 16 12 7 33 13 83 34 40 41 70 70 58 32 75 26 86 75 36 85 22 62 6 6 69 56 39 36 84 80 48 64 47 65 6 97 77 94 96 12 64 41 38 4 77 70 95 80 24 75 9 63 31 18 24 95 9 55 35 73 79 88 72 64 94 98 2 63 37 99 10 100 31 56 60 54 46 73 97 45 23 1 3 91 32 23 88 88 61 4 87 36 73 30 48 74 40 29 56 13 59 20 19 60 69 88 16 87 21 46 74 10 1 29 14 4 89 4 10 2 87 8 62 12 64 70 72 61 33 86 93 36 48 8 95 56 43 5 97 46 55 28 31 100 3 35 13 31 98 81 33 59 97 21 45 49 45 23 30 14 71 7 60 10 62 23 21 91 84 27 6 58 28 43 16 13 51 43 97 59 28 22 83 6 68 2 57 58 73 41 49 99 46 71 33 2 35 26 24 54 13 62 11 40 76 65 14 61 54 30 95 52 90 25 76 34 92 73 84 83 71 39 98 37 53 66 59 31 18 57 67 7 60 70 100 1 56 33 7 14 78 75 24 37 50 48 20 98 98 11 48 72 81 75 68 80 10 60 19 63 22 53 60 58 9 48 89 58 17 55 38 28 12 36 60 28 3 79 18 89 18 22 48 42 7 91 51 85 69 64 38 4 25 39 25 55 47 96 93 65 40 10 50 47 57 78 16 100 46 63 68 95 1 8 38 42 22 47 87 54 68 17 86 65 4 92 40 67 61 78 13 26 41 68 3 29 3 65 14 71 61 21 85 99 2 93 93 34 38 5 10 33 25 61 30 68 80 96 5 22 6 93 61 22 22 52 71 30 55 74 11 29 41 17 53 62 78 7 45 35 25 85 19 4 89 2 96 48 51 98 53 5 2 94 35 89 83 83 35 17 16 93 44 69 72 67 42 13 6 49 88 40 55 14 64 16 31 77 68 78 76 27 91 42 90 6 98 65 58 16 36 70 12 73 21 32 29 19 30 84 24 58 84 63 18 87 44 16 57 9 93 14 32 40 40 20 65 3 24 51 71 75 63 68 65 97 58 22 72 3 80 58 73 32 82 52 79 44 58 52 13 10 98 76 85 3 7 9 99 3 26 76 64 71 52 68 98 30 75 82 83 58 50 55 9 73 4 34 52 92 17 35 14 10 67 36 47 66 38 34 33 74 32 20 30 6 54 58 13 25 54 86 8 30 59 14 85 52 74 64 19 82 86 43 4 98 42 57 5 28 6 99 59 46 7 27 96 59 32 21 17 95 3 94 5 58 51 62 59 87 75 5 4 13 51 60 18 8 9 52 92 80 1 43 57 81 84 22 57 48 46 42 69 27 19 11 78 98 37 23 50 97 2 76 46 25 31 99 89 28 64 14 54 20 63 47 94 74 29 62 42 52 10 65 47 34 77 40 70 58 9 97 83 76 91 88 38 54 65 64 38 12 87 45 56 69 31 59 81 98 63 67 61 45 91 85 96 26 58 96 37 97 20 54 67 86 35 81 98 20 80 49 70 27 6 58 67 16 93 24 6 1 21 36 10 52 2 45 3 60 2 27 43 3 79 6 91 43 26 27 7 48 71 75 23 41 49 65 29 20 9 32 39 7 66 48 30 72 94 33 2 38 14 77 28 58 73 43 38 63 22 44 1 23 28 36 73 59 20 94 80 32 85 31 51 66 96 90 53 34 71 48 20 12 8 23 32 69 84 79 88 22 45 61 100 22 55 66 22 53 51 11 81 7 43 49 43 39 73 11 12 23 51 63 18 69 2 19 8 66 3 80 47 83 1 11 28 93 37 56 81 45 55 40 7 38 15 89 90 46 67 38 3 38 43 88 55 53 44 19 23 16 57 66 6 94 52 11 40 37 98 55 30 70 55 16 39 27 93 3 90 43 94 94 54 53 35 42 49 51 38 95 92 37 82 18 76 36 66 63
735
3 16 30 79 94 87 73 24 41 94 2 97 61 12 74 60 16 67 37 55 48 60 35 34 97 43 82 77 58 72 81 80 42 30 16 93 87 41 39 85 87 57 90 38 93 51 10 16 66 10 89 34 33 18 8 48 12 47 59 6 80 85 26 50 60 89 17 20 29 62 81 4 51 35 50 31 75 96 95 86 58 89 98 62 96 11 93 85 83 7 35 68 6 23 49 58 6 28 13 36 21 4 41 80 31 45 56 56 96 1 29 80 32 4 2 46 15 72 86 6 7 98 75 89 9 4 24 62 42 11 84 73 28 20 99 83 96 30 16 2 14 37 1 59 93 78 59 14 80 91 42 22 95 38 88 10 69 21 2 91 64 40 33 77 64 89 100 12 26 65 31 63 26 24 5 84 16 97 33 71 46 84 85 3 44 3 55 89 20 60 35 95 51 89 18 47 67 41 48 95 84 60 73 94 73 70 61 96 85 25 35 79 4 32 78 2 22 91 49 15 23 94 30 66 56 22 6 95 23 95 23 56 98 9 25 66 99 87 73 86 86 68 63 16 36 27 33 57 63 40 96 39 20 93 22 57 48 47 5 23 7 19 30 68 52 95 40 98 86 10 83 17 99 76 50 38 81 50 77 74 47 7 20 76 78 19 70 67 69 79 92 85 25 7 13 69 98 5 85 10 43 97 3 100 63 9 47 63 50 55 19 41 38 30 21 59 97 25 71 54 34 80 2 28 43 60 56 72 5 85 59 16 29 3 52 95 72 56 58 43 75 37 63 69 15 43 97 48 5 75 67 66 72 66 93 99 99 2 75 61 18 40 32 21 37 85 27 24 30 90 81 81 27 50 49 98 18 71 59 39 9 39 96 27 77 79 55 61 81 83 84 99 35 70 69 55 86 20 76 6 75 25 73 25 77 75 100 5 42 61 70 55 52 60 54 2 51 41 6 41 68 74 52 36 71 8 97 3 65 24 12 6 5 13 98 88 7 45 89 63 92 21 38 76 73 84 11 41 68 28 44 63 75 23 49 43 34 47 95 58 54 83 7 38 47 95 46 49 37 75 85 71 66 91 79 24 70 78 88 47 79 66 49 43 97 18 32 48 65 78 36 99 86 16 73 36 29 35 10 87 35 74 19 19 14 60 83 7 87 88 96 79 43 23 7 22 5 49 20 27 13 20 20 7 37 29 54 7 53 10 35 8 40 54 20 35 87 73 72 54 57 23 18 88 76 64 99 15 92 70 21 22 35 77 100 30 80 15 100 50 62 68 66 58 12 59 50 81 23 39 15 77 41 51 47 99 93 56 14 24 59 97 63 48 75 47 19 75 11 37 17 54 95 100 51 62 19 59 92 89 44 37 60 59 28 92 38 9 100 93 62 2 97 36 91 77 99 34 39 48 67 72 66 96 10 9 94 86 74 1 21 41 35 56 73 45 68 100 50 71 5 61 72 18 76 100 3 8 75 13 14 14 97 43 61 57 51 85 34 1 39 13 57 33 33 17 17 30 17 77 75 62 31 71 65 64 67 4 10 53 15 40 80 29 10 59 76 59 1 8 52 74 8 30 70 78 90 65 55 21 31 84 20 17 82 36 63 73 17 94 90 96 48 88 85 93 3 43 52 92 58 58 35 71 28 82 66 17 66 81 67 78 33 86 91
713
68 70 8 51 95 5 44 5 26 94 38 57 12 44 63 98 87 27 80 90 9 57 75 17 16 60 74 71 87 26 27 95 29 74 57 55 96 58 29 12 70 13 53 62 82 1 81 57 4 64 4 70 82 60 98 53 73 40 3 51 46 48 29 31 100 8 69 24 47 76 45 40 69 54 8 91 86 51 38 69 23 53 14 81 100 66 14 64 89 35 49 23 37 28 89 57 62 45 75 4 89 65 1 69 51 51 73 35 70 65 12 48 58 95 95 84 35 25 61 19 52 67 6 36 96 38 74 20 21 37 48 39 7 34 33 90 76 76 31 74 34 14 38 76 49 67 37 64 95 94 39 72 34 77 34 5 93 48 43 47 100 57 90 93 81 92 28 27 97 7 10 96 50 48 97 30 12 90 46 33 81 9 7 63 72 37 64 40 70 5 96 75 32 61 43 78 65 76 96 55 31 6 18 12 20 74 59 50 24 66 99 27 33 39 90 16 76 1 77 96 97 2 12 2 24 64 70 93 19 3 29 32 3 81 71 8 57 81 67 10 91 64 82 96 98 85 7 21 20 95 31 15 75 78 100 64 82 18 99 1 78 51 3 70 15 60 37 62 56 71 44 87 25 91 43 59 41 3 25 99 25 31 71 16 22 44 5 31 70 90 55 97 43 77 25 93 24 83 23 26 62 6 25 29 32 90 44 87 4 53 8 82 91 70 44 52 23 89 100 84 83 2 84 42 78 32 62 54 52 29 36 58 4 32 95 100 63 35 41 78 4 72 26 82 95 35 90 48 9 82 95 67 14 25 72 29 29 79 2 23 46 97 35 38 29 62 32 65 80 67 54 77 19 90 96 67 24 61 10 89 94 96 86 28 37 60 43 11 79 69 51 25 41 12 20 91 15 93 74 99 54 58 38 58 14 30 68 96 83 46 70 44 23 74 49 42 73 86 8 22 68 12 82 73 51 5 61 86 30 27 56 88 17 18 12 93 1 9 25 24 22 62 47 31 32 80 58 7 72 38 35 1 8 36 56 53 30 90 69 54 1 80 68 77 83 51 22 67 70 18 8 68 86 20 34 5 13 23 78 65 92 91 51 50 65 29 27 42 45 52 97 70 49 4 86 42 53 99 75 64 69 17 75 51 42 8 46 75 38 14 75 47 8 6 22 9 100 31 75 89 10 26 74 88 49 41 40 13 37 37 27 2 56 64 39 21 43 97 93 49 13 45 15 35 56 35 18 22 74 64 3 82 17 97 58 52 2 54 89 37 30 46 11 48 57 15 79 63 65 95 21 62 88 48 35 99 44 91 68 55 32 96 80 92 48 68 28 7 71 59 28 18 98 78 90 70 54 8 67 28 64 84 43 16 21 83 93 42 4 40 70 22 97 2 35 59 87 64 78 30 45 1 7 13 47 39 60 37 97 56 91 79 47 78 31 88 35 71 84 71 99 49 87 54 20 68 61 85 55 79 34 73 99 11 84 97 49 15 76 70 65 7 18 83 80 55 17 37 2 53 58 20 23 65 32 76 77 34 27 11 74 42 75 78 96 51 24 91 92 1 27 78 42 10 19 95 5 73 15 14 52 56 53 71 49 19 42 71 2 1 42 86 66
539
84 83 26 77 76 82 47 82 92 3 70 77 95 84 19 66 92 81 73 70 72 62 93 38 93 47 30 35 84 9 31 29 61 73 45 88 80 30 57 66 74 80 66 39 28 61 37 38 71 63 35 67 96 30 23 22 16 59 60 32 36 17 99 17 70 55 20 87 87 18 73 67 15 22 18 14 9 37 98 64 46 3 27 36 39 12 9 35 10 37 16 5 84 67 10 70 19 10 1 81 59 14 73 20 17 59 67 59 5 32 85 68 39 71 19 37 69 98 14 63 65 73 37 92 31 97 98 65 63 13 37 66 38 17 6 39 16 56 9 98 78 88 86 37 100 66 62 48 28 46 70 14 75 63 7 97 17 72 96 72 66 9 17 95 22 29 3 50 44 61 25 42 19 9 65 77 97 41 62 30 29 37 9 94 25 86 63 13 64 89 90 40 20 31 22 42 63 71 61 51 86 94 89 38 50 89 39 54 43 24 60 76 34 90 63 16 52 72 38 81 90 75 40 83 7 79 13 46 15 9 40 11 40 38 100 88 45 12 74 97 37 12 83 7 53 63 54 79 13 63 55 2 100 52 12 22 15 19 68 11 41 53 31 34 23 65 85 1 87 80 96 22 22 51 94 85 4 74 31 7 2 55 63 100 28 17 31 24 21 57 93 65 68 87 3 62 88 94 7 83 45 95 68 98 62 24 13 84 76 49 86 23 95 56 33 27 75 78 25 58 57 65 27 81 1 60 54 13 22 49 76 12 8 77 82 98 72 3 52 15 34 58 49 65 52 70 84 44 26 30 67 86 44 30 43 51 49 4 45 56 33 72 19 32 54 15 58 36 36 28 37 10 52 77 94 14 34 45 78 97 56 41 50 50 69 50 61 94 92 78 67 35 91 78 13 35 100 62 24 49 39 90 4 8 62 45 36 28 98 67 70 47 63 70 19 80 28 48 73 87 85 37 58 33 11 4 95 87 32 24 53 24 79 54 75 11 62 93 38 13 67 18 67 58 51 5 85 24 30 4 10 98 89 44 51 3 82 63 94 83 77 98 73 5 58 14 31 95 83 34 40 100 48 49 20 23 6 73 71 46 48 11 13 75 78 39 42 92 25 81 77 11 32 36 69 90 55 77 44 16 44 25 47 94 61 67 88 68 58 8 70 1 14 7 84 56 82 43 91 77 42 91 55 97 27 48 54 67 5 47 79 56 1 46 27 16 59 59 69
916
80 11 49 43 86 61 27 21 25 99 13 43 69 80 49 88 52 2 58 45 81 36 53 55 62 57 89 75 25 59 3 70 87 2 69 83 79 84 50 30 98 79 23 16 57 41 2 30 43 79 21 41 3 57 68 15 27 17 10 4 21 89 46 87 13 61 88 35 1 84 99 30 83 53 32 46 46 85 65 47 30 92 65 57 98 10 14 78 26 24 60 43 73 87 27 62 89 31 55 32 38 55 68 16 32 55 38 42 70 67 91 73 48 95 56 62 54 2 15 97 78 100 5 74 87 1 76 81 19 94 14 91 91 87 12 13 87 53 3 81 92 100 25 48 72 57 16 98 19 49 43 55 93 13 51 6 66 31 76 82 8 90 33 29 97 2 92 43 16 95 97 21 19 49 15 21 54 32 73 86 30 22 1 44 31 35 6 48 73 90 85 38 14 25 29 67 18 70 54 61 48 76 51 34 87 74 20 29 7 41 39 42 79 84 58 60 61 36 91 34 51 56 79 31 38 8 23 1 70 32 41 68 57 18 82 34 47 98 62 56 89 58 23 13 60 20 18 69 9 33 46 69 22 48 93 98 66 17 88 33 12 65 77 95 44 44 94 78 40 97 47 28 66 35 26 55 68 55 41 19 71 52 89 79 41 30 78 62 41 67 25 96 69 32 97 75 37 19 42 74 35 14 76 28 48 15 26 49 36 27 50 42 45 25 70 10 57 6 79 89 40 91 44 34 60 8 49 55 83 24 34 100 3 67 15 15 26 42 67 15 20 40 54 86 81 8 62 30 42 11 70 25 34 42 23 98 75 53 77 97 50 54 73 52 72 64 87 93 63 15 71 82 92 1 33 49 79 77 83 5 76 78 17 35 60 92 64 67 5 78 47 50 42 17 32 55 19 75 61 17 95 71 22 79 36 60 28 1 28 52 9 60 7 70 74 13 55 92 64 67 56 36 70 11 3 71 85 70 1 32 78 6 8 40 93 15 55 54 42 95 28 76 56 98 98 15 45 59 94 31 73 55 100 3 8 41 14 10 56 4 40 61 100 7 76 31 15 58 34 56 31 43 91 56 50 1 33 78 90 25 51 50 24 22 78 12 6 55 98 1 49 62 93 17 49 65 87 70 90 64 62 46 100 45 63 47 71 35 74 46 90 14 29 15 87 30 21 49 36 29 7 82 22 84 11 37 39 96 35 80 87 78 33 96 33 19 71 93 20 30 15 58 62 10 88 13 57 49 31 36 87 39 90 18 6 71 11 98 50 18 76 39 49 93 15 3 2 42 12 94 73 59 61 19 78 7 57 31 52 82 67 31 63 85 83 20 3 79 96 59 70 92 25 9 95 82 27 67 30 60 26 98 55 37 83 1 51 42 61 63 40 44 29 94 27 80 11 99 63 53 33 63 100 42 17 51 63 34 60 93 11 16 93 6 37 78 28 29 43 97 34 76 98 67 42 74 29 15 51 55 57 47 89 32 15 88 94 50 96 20 70 19 38 45 69 92 66 10 36 36 47 7 85 89 14 52 58 98 6 52 98 16 67 66 85 5 79 7 68 33 8 10 55 63 47 91 30 55 9 49 31 65 20 95 61 27 44 56 49 37 18 27 65 63 81 95 42 68 37 90 26 39 85 58 11 55 22 24 91 100 33 23 39 43 19 79 3 18 7 82 38 49 63 92 66 67 39 75 13 14 2 41 63 35 36 55 48 63 64 1 7 6 20 62 52 23 17 29 92 81 83 37 12 99 33 36 73 64 30 53 25 68 28 57 39 15 35 18 15 48 70 47 55 49 45 42 34 21 68 95 43 62 15 8 13 73 13 24 90 15 86 69 32 88 99 36 27 35 95 67 4 9 74 72 46 71 85 42 45 8 39 91 44 29 16 76 23 91 37 79 3 94 10 35 44 98 75 32 27 59 20 38 50 46 68 15 68 49 35 33 56 30 91 2 42 35 46 66 56 81 14 26 36 4 39 44 49 47 78 97 82 11 89 99 94 53 53 27 65 68 12 54 65 69 10 7 6 36 12 67 66 58 53 67 64 52 11 43 12 62 46 17 32 49 23 91
641
24 20 38 94 4 22 82 10 45 94 61 73 14 76 92 98 17 41 59 29 5 86 53 95 80 36 22 86 58 55 96 82 58 91 54 87 56 93 72 68 86 52 26 42 18 64 89 17 71 41 50 89 80 16 54 32 72 6 50 11 17 16 76 6 69 37 26 97 35 70 43 85 73 54 29 13 33 79 90 74 93 37 69 28 81 100 32 75 82 87 15 65 29 57 24 63 96 96 67 29 93 52 41 64 18 86 97 31 2 16 20 42 21 56 94 30 18 3 63 58 77 89 89 4 57 70 53 38 50 68 3 62 82 74 38 100 86 59 79 84 21 64 33 30 82 70 88 55 87 91 42 64 20 23 82 63 27 8 37 24 11 81 71 75 17 48 67 77 2 72 92 55 6 96 73 21 86 51 16 34 100 48 90 9 7 30 14 27 26 57 2 27 5 61 60 39 93 44 43 72 80 56 34 1 4 22 24 66 96 59 11 68 70 75 2 31 34 29 45 38 46 84 88 55 48 57 64 45 35 33 27 25 84 2 1 36 32 44 46 69 28 71 40 18 68 45 74 82 72 88 70 26 99 75 40 14 26 37 29 66 89 41 69 6 32 96 88 19 95 4 8 79 83 67 81 73 2 28 2 75 19 8 20 65 79 68 94 94 59 64 48 78 82 73 85 44 86 95 78 58 81 61 10 72 24 42 78 66 74 57 94 27 91 94 37 5 72 45 59 14 7 42 97 42 98 1 4 26 8 76 51 100 73 64 79 86 4 54 15 44 24 74 61 26 100 49 52 70 24 64 88 52 72 40 87 64 52 59 95 98 24 60 90 62 93 68 70 11 53 100 12 21 81 22 27 96 39 91 95 60 23 16 11 71 92 67 45 58 33 57 7 67 82 34 19 27 43 87 4 19 15 62 13 65 43 23 9 100 12 93 8 11 74 98 49 82 28 69 3 24 58 18 7 77 46 11 47 1 86 55 13 57 25 86 24 30 40 87 42 91 11 61 22 30 11 26 93 54 61 67 5 58 1 63 71 53 73 69 40 35 58 17 86 63 7 4 31 29 37 53 91 97 54 43 17 5 62 19 78 52 80 97 51 12 67 9 34 15 64 98 6 30 23 28 15 6 3 24 77 99 10 1 34 58 11 14 98 83 100 55 21 94 6 80 40 82 34 52 96 97 38 79 77 45 64 33 91 48 5 71 66 13 22 12 28 34 26 31 40 5 30 12 69 54 7 87 39 80 39 100 72 56 24 65 32 4 41 75 98 17 74 72 81 46 33 8 2 94 18 87 79 97 77 53 23 59 75 5 35 14 53 51 79 51 29 74 78 21 91 82 8 7 19 6 69 64 24 26 11 23 86 76 26 40 37 38 90 28 38 85 31 22 2 69 64 29 1 58 34 41 44 60 91 28 40 85 41 29 15 47 43 46 21 39 66 88 84 54 66 17 30
563
100 35 32 78 84 52 53 18 37 67 56 92 99 80 67 40 97 8 63 74 97 74 24 76 37 61 64 23 64 7 73 53 71 99 12 12 69 22 57 99 77 31 46 98 48 10 19 95 67 40 5 53 26 24 92 65 77 3 31 5 79 10 20 12 51 20 62 11 67 9 71 47 21 25 16 9 85 89 38 87 96 66 58 23 14 71 59 95 2 41 76 47 21 82 22 26 56 1 88 40 92 36 69 11 80 41 14 83 16 68 1 63 68 44 6 66 81 11 27 61 29 65 10 29 69 40 68 33 100 30 15 96 50 100 75 88 4 23 6 67 48 5 59 70 94 28 79 64 53 30 6 88 77 37 62 89 29 8 60 44 40 84 100 28 98 2 20 12 11 32 40 8 64 41 1 96 94 8 10 34 32 68 61 51 52 72 68 42 61 7 74 16 79 50 44 74 12 89 61 40 84 29 64 99 69 13 21 72 100 23 26 15 91 42 5 16 51 87 36 53 73 98 43 43 89 52 37 54 37 74 25 58 1 56 63 3 54 80 92 13 88 69 43 85 4 61 92 48 20 85 85 2 31 16 9 95 4 24 31 48 73 85 47 33 40 90 40 87 44 1 9 75 97 46 53 86 29 89 48 53 94 3 3 35 55 8 35 85 5 40 37 20 87 63 19 96 30 30 29 88 16 49 87 36 29 31 31 57 79 30 3 78 28 20 48 46 81 82 59 11 31 14 93 38 31 84 27 49 52 55 27 71 77 58 98 30 52 36 70 66 25 96 59 86 73 92 15 9 90 52 53 4 69 49 4 26 10 46 37 61 95 13 37 47 73 38 80 91 9 62 74 78 61 19 46 5 56 8 58 77 4 42 71 78 20 19 75 4 49 26 96 46 25 28 48 14 61 61 6 38 30 29 57 91 37 69 66 12 73 97 22 96 34 52 20 82 64 73 32 72 68 43 7 49 2 97 40 98 34 34 85 77 90 60 19 15 19 81 13 17 34 21 62 5 11 87 4 53 9 58 8 5 97 86 13 20 89 64 59 10 57 29 66 85 93 70 80 26 57 7 13 32 16 95 97 4 24 44 80 53 8 80 54 85 42 25 90 12 97 44 48 64 35 18 58 67 72 71 55 38 7 53 24 75 65 46 42 24 76 37 91 21 99 73 11 73 92 92 21 36 28 82 45 38 37 86 41 27 81 94 65 76 81 100 13 47 77 24 14 61 3 28 89 64 77 64 8 19 83 93 53 41 88 40 84 94 98 95 85 52 52 82 28
883
57 90 74 48 7 96 14 58 12 34 39 17 42 74 16 55 82 67 73 63 60 66 3 65 24 21 81 79 76 5 35 100 65 31 12 25 7 25 26 46 100 84 6 45 56 63 92 1 23 35 72 89 99 6 78 42 76 62 97 51 16 44 10 34 75 89 55 18 95 45 99 94 23 92 92 50 94 22 54 77 53 15 55 68 69 64 17 29 96 19 16 47 72 51 37 53 16 30 76 83 77 1 92 31 43 84 64 88 13 10 30 98 65 53 99 80 97 18 22 29 49 79 74 21 64 70 31 13 47 70 12 71 88 59 71 7 58 65 13 30 83 82 98 30 86 47 99 81 26 24 97 51 81 63 84 24 36 100 87 28 69 80 22 67 20 3 66 6 55 75 27 33 90 37 69 2 68 97 6 73 31 99 76 31 12 93 2 88 75 43 53 28 11 54 33 54 65 82 90 25 31 61 67 55 93 43 49 47 81 81 5 25 20 24 91 37 10 26 82 10 64 79 22 96 66 7 21 96 64 26 5 31 88 4 84 58 87 84 59 35 52 29 57 90 78 80 49 56 64 55 5 70 55 62 54 85 84 34 77 94 39 34 98 72 91 88 16 38 41 26 11 46 34 38 79 94 21 47 82 84 71 24 55 8 12 56 41 7 39 58 66 36 40 36 80 72 90 74 93 51 74 77 96 29 3 27 14 86 95 86 11 16 5 61 78 86 37 84 87 85 23 18 32 43 57 4 81 67 16 49 62 37 11 55 48 16 50 80 58 45 37 65 50 65 5 67 56 99 13 16 99 57 82 57 26 14 59 83 46 14 36 43 10 1 48 78 91 86 59 26 66 92 31 82 19 68 22 75 36 62 16 12 61 43 71 34 87 28 27 66 79 93 56 9 41 59 15 62 59 67 36 14 51 2 11 93 67 72 33 37 100 13 100 83 60 12 6 65 18 74 61 94 52 97 25 79 35 29 85 78 20 31 12 93 56 18 7 91 52 40 100 75 45 73 23 6 41 48 11 79 63 86 41 76 53 26 36 14 5 13 71 63 15 72 2 76 90 50 28 29 73 98 85 20 7 41 58 83 26 49 53 91 78 97 58 4 49 27 41 6 62 87 69 34 97 13 73 44 43 78 51 45 34 2 3 71 53 32 20 82 42 54 99 33 68 32 1 34 68 16 39 13 60 22 32 1 47 6 71 19 7 82 4 49 77 46 70 83 47 1 24 75 64 21 8 37 92 93 49 84 86 78 48 22 7 89 43 59 79 37 15 23 54 65 66 3 96 20 45 13 87 32 97 6 61 75 10 89 45 6 81 91 94 46 54 69 5 85 71 36 9 9 73 84 42 62 40 14 6 100 69 37 66 51 74 56 75 78 68 13 32 63 61 6 10 89 60 1 3 82 1 11 58 100 41 85 8 61 22 25 51 3 26 94 47 71 76 48 4 56 32 72 74 62 55 16 58 66 20 68 18 14 62 57 63 62 90 25 51 49 17 47 39 44 45 20 48 19 76 54 3 46 90 48 64 74 17 25 2 22 64 13 60 37 39 23 75 95 45 69 70 75 10 42 29 12 97 18 33 79 6 62 33 71 71 42 5 30 85 64 24 13 97 90 46 77 20 18 88 18 8 44 60 42 37 59 46 50 64 17 91 62 19 65 19 10 55 31 100 8 58 50 70 82 87 35 41 10 35 48 84 46 22 56 16 85 46 98 92 9 65 30 51 71 30 50 53 13 18 58 34 76 12 11 63 17 80 51 100 46 99 83 93 14 64 100 21 47 31 97 77 69 81 44 27 23 54 12 32 18 100 30 23 73 49 38 69 14 7 4 73 69 38 67 74 66 16 53 77 8 83 52 74 56 98 53 36 59 79 10 1 96 1 92 46 31 22 87 100 60 70 51 54 27 26 61 71 63 37 90 35 2 17 27 72 4 36 39 28 85 75 57 38 40 78 41 50 4 62 13 59 79 18 44 45 20 93 75 54 43 13 57 82
776
95 33 20 10 73 60 7 99 3 50 20 30 4 1 73 85 17 68 24 2 65 29 50 47 96 47 71 30 24 93 100 69 84 28 33 3 98 71 28 70 79 68 20 39 100 82 9 90 56 64 22 92 100 65 1 17 22 20 13 100 70 83 43 46 93 5 86 41 62 1 24 73 8 78 72 51 13 37 72 11 24 98 80 15 42 100 33 94 58 7 78 53 29 75 31 17 19 28 74 12 33 23 30 21 4 49 64 49 6 75 70 70 19 3 65 35 26 50 70 62 14 9 55 41 20 15 83 48 94 36 38 51 23 12 59 22 57 78 11 67 41 88 13 20 79 23 79 83 70 18 67 13 68 43 23 8 74 82 22 96 92 7 48 38 50 45 66 82 36 11 97 31 21 38 38 42 8 98 84 39 26 61 100 55 23 34 14 74 25 90 88 63 97 41 1 91 69 84 73 91 75 23 37 89 76 36 34 88 41 94 25 57 30 96 64 94 48 54 83 78 3 92 44 37 61 31 98 82 93 93 85 1 36 61 14 13 25 55 72 11 31 5 3 72 65 61 36 4 8 74 9 36 14 31 75 84 3 67 3 84 79 43 16 29 89 15 98 36 32 64 40 100 38 38 21 87 81 44 42 76 85 24 77 56 2 22 1 77 14 61 96 67 10 25 6 9 14 86 70 83 84 7 74 38 46 86 9 91 17 66 85 2 40 1 78 5 84 64 93 72 35 95 62 13 38 59 28 82 4 49 94 58 39 42 39 92 37 87 90 68 61 7 94 93 93 24 10 6 36 67 86 66 68 92 34 87 54 55 60 42 28 26 90 67 67 43 11 85 67 43 87 91 6 17 58 64 64 27 31 93 18 86 21 92 25 93 59 38 10 96 21 91 12 60 89 1 36 83 49 46 89 66 33 40 73 2 53 1 99 49 82 38 98 73 97 55 68 58 44 90 7 51 50 55 12 18 33 46 8 10 86 22 27 35 44 17 30 35 4 7 11 77 28 2 59 30 63 81 70 76 44 82 18 84 12 97 92 82 62 60 60 9 14 82 68 73 51 77 66 50 24 65 61 68 93 74 69 4 22 70 60 32 42 4 86 5 46 13 37 39 7 74 2 11 100 50 68 92 33 86 42 34 59 14 27 32 55 1 42 24 97 66 58 36 85 80 45 32 51 8 20 54 61 44 65 5 77 9 25 58 64 33 89 2 32 77 26 94 83 65 76 17 40 34 2 46 79 94 52 57 97 53 84 43 16 50 25 36 7 26 60 66 12 29 1 17 12 7 26 33 7 93 33 94 33 59 39 38 59 94 14 67 80 44 49 31 87 65 17 45 87 31 86 36 94 19 37 49 34 26 87 18 82 99 47 90 4 91 82 56 74 90 42 91 1 29 21 99 63 10 98 10 75 77 71 42 56 74 21 3 60 75 100 85 31 25 9 57 42 44 8 25 44 27 37 95 82 12 30 97 82 100 32 80 57 35 47 62 46 68 36 72 97 8 95 30 12 23 66 10 60 51 41 23 4 83 55 37 40 27 47 77 62 90 43 23 40 22 51 45 100 37 97 86 4 29 34 23 50 81 95 20 83 9 15 10 43 74 87 80 7 11 21 71 92 53 46 100 23 27 72 76 26 46 94 63 13 88 91 4 7 87 91 17 36 57 10 29 92 76 59 56 60 100 15 56 8 65 86 93 86 45 48 88 66 23 75 12 20 100 100 59 8 79 18 52 88 64 67 51 60 49 48 5 45 67
713
61 42 100 54 20 72 55 18 55 55 79 84 16 55 17 56 18 62 79 76 15 30 73 87 85 84 68 16 11 37 14 90 80 64 32 45 53 93 79 97 60 88 84 11 40 96 58 62 78 69 27 32 7 70 64 25 38 27 93 88 39 46 64 65 67 77 56 60 92 98 85 13 60 83 55 70 42 24 39 55 89 73 89 56 49 28 47 12 19 44 100 68 29 80 92 67 16 98 21 7 5 19 91 14 37 15 77 93 55 72 89 97 55 6 79 52 26 99 47 78 16 4 9 1 22 8 32 24 49 11 81 85 78 34 38 73 67 51 72 86 28 51 65 98 17 97 83 87 64 58 45 38 67 46 85 47 81 43 49 37 23 73 65 52 26 52 60 68 62 67 85 46 2 86 79 26 85 68 3 14 56 81 69 85 46 53 27 55 92 7 91 100 80 33 100 89 81 86 99 40 99 91 20 64 15 22 99 88 4 29 46 53 52 24 83 92 1 76 71 26 84 47 2 38 40 20 53 74 37 9 82 6 16 79 31 38 68 9 25 95 20 3 94 37 96 99 3 28 15 41 4 26 62 7 79 82 88 13 23 72 26 1 48 17 19 18 89 85 83 98 69 67 47 37 22 46 50 81 54 9 25 28 97 41 44 52 48 12 24 98 17 9 51 87 1 12 35 45 26 60 30 25 83 28 76 6 10 27 22 24 92 49 57 90 65 75 11 38 74 28 1 80 74 16 26 23 18 41 15 20 67 94 35 14 92 80 24 31 63 82 69 36 30 48 72 54 28 60 79 79 35 20 74 56 34 96 14 95 55 28 42 69 23 90 16 28 33 24 28 56 69 77 56 55 78 56 16 39 65 29 9 77 33 23 61 40 47 37 88 97 30 81 71 66 11 62 9 77 39 69 15 64 68 95 25 77 50 22 1 48 66 34 65 4 50 86 83 87 21 86 29 77 33 8 43 65 45 71 6 66 58 28 22 9 98 31 78 62 6 20 65 99 32 49 82 12 93 99 15 99 13 57 7 78 23 69 1 23 31 23 71 43 75 6 84 24 62 46 5 49 62 73 28 71 1 19 76 89 69 55 47 97 74 94 94 29 81 52 13 8 33 7 21 66 36 25 19 12 26 17 39 65 18 47 98 59 86 28 34 56 21 40 20 85 86 14 71 82 99 27 64 35 9 17 75 26 72 75 15 8 72 28 76 50 99 72 52 98 25 97 60 36 34 93 68 74 79 41 17 70 69 95 58 25 95 64 83 91 63 95 62 90 79 85 5 39 29 61 70 91 79 34 42 12 87 40 4 27 22 64 24 64 69 99 38 41 38 41 96 82 79 44 90 37 54 64 95 78 36 75 21 96 79 79 83 23 70 25 23 82 65 99 65 26 36 73 26 40 88 73 4 4 42 86 35 62 89 45 16 20 23 78 89 23 89 68 41 97 75 18 31 70 8 86 52 91 36 19 62 95 98 7 75 58 39 58 92 32 93 35 17 23 24 95 73 66 47 74 75 40 24 86 90 53 100 81 79 10 97 21 46 95 26 2 13 69 33 53 56 31 4 12 6 58 25 55 39 21 65 4 17 15 37 24 68 58 87 57 6 48 24 88 70
851
37 25 2 16 81 12 44 45 19 71 69 18 71 23 65 63 74 47 43 90 91 70 19 20 19 63 23 57 10 44 64 72 94 18 45 39 31 47 30 83 78 88 4 23 59 44 14 59 33 74 3 19 30 58 3 51 39 78 42 34 21 21 52 62 76 38 62 24 57 75 92 66 64 51 63 45 6 33 29 66 66 19 8 14 11 12 86 8 7 38 30 36 23 2 89 64 50 65 63 35 43 39 32 50 97 43 32 99 17 71 6 1 90 3 16 70 78 10 58 43 90 63 61 38 55 85 71 84 76 46 25 53 60 7 43 67 5 55 95 23 33 62 13 84 52 46 92 57 88 17 80 77 59 100 47 75 11 91 22 73 25 48 95 35 28 43 13 9 82 39 66 18 56 51 68 75 30 76 49 2 48 37 86 45 63 31 37 4 84 30 5 62 9 8 20 65 56 76 98 87 65 43 96 71 15 81 61 28 11 67 54 18 26 14 71 40 94 49 96 86 12 16 62 21 45 73 41 53 78 35 99 19 47 75 94 31 56 79 94 41 91 16 43 91 7 75 36 63 19 29 88 83 63 10 86 95 74 32 82 12 69 34 15 1 54 9 93 68 56 90 49 8 31 69 77 90 64 35 19 26 51 28 14 18 94 78 42 79 28 54 35 12 20 91 90 4 75 94 6 77 49 70 78 65 27 84 5 61 74 5 12 52 6 17 10 38 29 44 85 75 72 64 89 27 10 55 72 98 20 36 49 59 27 53 65 98 19 66 100 54 96 39 99 69 24 4 70 53 60 99 70 35 50 84 7 85 34 79 21 79 60 92 21 34 18 21 93 42 66 81 19 17 88 21 66 13 73 73 36 94 47 3 49 87 9 36 17 47 67 63 76 38 37 31 62 21 62 10 80 81 27 73 68 88 90 100 1 16 5 70 58 59 45 31 34 38 16 15 17 33 21 87 50 53 77 76 44 42 77 97 29 86 29 58 46 72 88 61 58 53 75 41 71 33 35 77 97 69 10 57 68 38 98 25 57 48 96 86 27 86 54 1 44 69 95 32 32 49 12 99 85 97 40 13 67 86 29 10 21 2 19 78 30 52 99 68 10 25 61 73 30 6 24 2 49 99 41 56 31 29 52 10 22 37 25 94 92 95 38 100 63 74 74 11 44 55 85 40 91 47 62 87 34 79 28 37 13 42 83 89 13 81 10 11 19 95 27 36 78 34 11 73 17 10 17 10 48 86 3 92 40 51 11 66 1 54 2 86 68 49 80 7 35 71 23 27 61 40 32 96 68 16 23 51 53 45 10 70 80 74 31 11 23 73 55 61 16 12 64 90 26 45 37 60 18 70 53 5 15 90 21 52 38 89 56 90 92 36 36 79 48 40 59 36 72 18 62 54 75 100 16 77 71 3 18 27 88 80 53 78 19 96 76 100 85 42 14 32 21 21 51 95 13 98 53 4 46 54 15 31 22 18 25 7 85 62 87 54 81 78 33 21 55 38 93 62 86 90 97 100 69 41 5 51 87 68 68 79 39 91 63 80 93 87 31 22 98 72 21 47 24 83 59 80 89 40 66 68 53 36 86 59 8 16 57 34 57 43 49 35 68 95 5 58 57 27 16 82 2 83 37 22 97 34 88 49 8 42 27 36 74 61 31 87 53 63 96 42 85 21 24 78 33 18 5 51 65 13 83 31 41 60 44 23 42 78 86 43 17 95 30 12 14 57 69 85 60 70 51 44 48 20 58 98 48 60 94 99 79 19 82 44 18 65 70 43 75 11 39 88 96 51 41 77 79 66 82 63 32 73 62 88 30 67 70 64 61 40 24 2 83 48 93 98 87 1 91 7 89 21 61 72 18 25 15 79 94 68 2 89 79 94 75 66 16 90 65 31 18 90 67 74 25 3 98 91 50 39 99 34 1
524
23 24 19 50 57 48 24 99 75 1 62 78 24 94 98 25 27 30 58 63 31 78 92 54 71 69 86 80 37 76 85 66 33 75 86 13 50 56 18 1 39 58 96 26 17 80 29 23 80 52 8 63 76 60 1 48 81 88 7 64 56 13 81 25 34 91 22 25 44 96 62 87 47 83 42 43 70 72 10 24 59 89 23 45 96 93 100 80 71 69 57 23 36 64 5 32 43 88 43 22 33 20 37 55 62 63 24 35 28 71 14 50 16 85 24 92 5 85 60 81 55 19 29 23 39 71 54 97 54 92 40 37 10 21 24 91 48 36 22 10 12 20 16 100 83 39 69 23 39 14 36 51 74 29 40 16 81 3 24 15 13 35 54 38 62 79 93 38 13 97 97 84 54 15 10 80 35 82 55 82 59 32 32 15 48 13 48 65 38 80 72 4 16 26 89 41 46 97 54 86 34 85 12 65 43 51 82 53 95 93 55 91 97 20 75 38 36 69 83 23 74 65 86 33 41 1 14 65 31 31 22 49 30 90 52 43 66 1 69 5 63 82 78 57 17 84 94 80 4 65 91 5 73 91 38 33 99 80 39 38 54 13 20 60 83 66 43 7 6 3 47 60 63 23 9 63 10 85 9 83 22 10 23 12 4 60 64 13 54 23 12 39 40 72 79 47 50 94 24 61 53 65 84 43 77 32 76 42 79 52 42 62 72 6 58 71 70 31 88 41 53 78 33 65 72 24 89 62 95 20 97 74 97 56 26 69 53 33 55 86 31 58 7 46 41 63 67 81 30 83 53 17 58 38 17 28 20 4 64 24 20 22 31 13 42 12 52 36 86 49 49 8 16 44 84 68 46 20 49 41 12 86 23 49 8 40 34 2 84 7 68 99 20 43 32 27 38 91 68 61 6 89 61 12 53 25 23 67 41 63 87 27 63 31 48 95 11 86 33 55 46 3 100 25 14 87 13 76 60 16 100 33 63 23 89 94 50 70 82 66 70 34 70 12 15 43 95 82 17 89 70 27 60 26 64 67 46 71 38 16 86 23 67 58 33 89 49 63 3 79 97 90 99 49 26 30 29 81 54 61 3 78 57 39 34 98 16 11 31 59 28 93 6 40 18 91 81 59 94 57 4 90 34 74 33 26 55 51 73 10 86 63 33 10 17 37 35 66 34 24 91 3 67 41
812
71 54 28 17 68 76 8 92 86 95 68 94 90 19 46 1 35 38 90 15 49 65 57 10 35 88 72 23 57 13 78 17 81 69 49 25 33 100 23 78 28 26 8 47 50 65 71 75 79 58 92 77 42 25 38 31 8 4 10 44 5 36 82 52 58 84 21 85 88 55 13 85 30 7 90 37 2 64 3 5 24 93 56 74 70 14 9 21 2 49 38 100 42 42 30 15 52 91 77 70 88 83 49 9 35 8 77 37 87 63 50 48 2 86 4 89 93 18 86 59 13 98 79 40 97 56 78 37 77 99 84 37 83 35 57 92 37 28 66 76 75 62 81 75 96 94 27 33 3 48 64 42 7 17 21 26 95 68 53 28 84 37 97 44 62 56 86 19 64 41 90 29 14 12 56 10 9 63 13 3 34 31 91 40 61 99 74 82 83 24 35 99 30 54 48 16 7 77 93 100 87 30 99 46 24 48 4 57 16 34 39 25 96 33 16 51 54 51 58 36 38 90 40 92 37 69 94 51 49 16 65 3 83 24 14 33 96 80 37 74 61 22 22 8 28 39 84 2 41 10 89 85 74 50 35 62 58 81 90 99 19 37 93 20 34 94 3 74 1 34 6 16 25 83 19 94 65 65 77 1 100 24 27 42 63 43 22 22 51 65 26 38 45 93 66 46 71 91 32 54 97 52 24 83 93 93 36 69 29 59 69 30 98 45 88 74 65 5 62 24 70 36 95 60 15 55 96 43 61 35 54 64 37 88 25 38 77 54 9 56 54 33 22 71 18 93 28 22 16 11 28 46 73 68 59 32 43 5 36 98 17 50 18 61 95 63 83 55 14 86 90 88 85 77 30 92 70 10 60 60 67 81 91 1 62 27 44 70 63 77 12 50 9 34 34 24 69 90 74 50 38 33 79 71 56 94 32 55 95 93 15 6 28 66 17 24 49 72 77 63 57 51 57 5 46 3 18 3 1 28 40 50 81 57 48 27 39 44 16 19 31 78 64 11 56 31 60 14 96 8 93 52 44 9 69 74 24 12 72 52 11 68 49 51 57 48 70 23 69 30 4 6 45 53 33 25 38 66 13 97 32 62 5 20 22 35 42 47 99 92 82 98 32 92 79 38 23 95 59 32 5 30 83 97 28 29 20 40 60 68 43 29 18 23 73 15 31 56 90 23 35 93 4 2 10 18 42 46 4 56 45 11 51 2 16 49 77 27 82 24 27 55 100 77 17 96 26 69 84 42 48 93 27 95 74 36 51 51 52 95 78 68 50 56 29 92 9 6 1 8 59 74 34 29 84 85 45 77 31 17 24 23 49 47 87 97 59 28 27 41 23 52 16 14 24 42 41 81 60 31 76 66 58 58 44 11 39 30 64 79 20 54 84 40 46 24 49 57 95 23 6 92 89 86 35 82 74 49 64 29 10 74 75 58 74 34 75 82 61 10 26 93 13 4 73 82 48 36 64 70 95 99 93 37 58 79 98 15 39 73 80 15 47 33 64 32 39 37 66 51 28 87 20 12 47 52 8 66 95 45 65 90 2 26 54 74 15 31 34 34 6 77 3 28 23 11 51 27 68 37 100 21 48 71 19 55 50 90 100 54 12 33 83 12 90 6 26 54 87 88 81 84 12 29 3 36 44 66 70 52 19 29 21 50 33 24 2 53 98 77 34 22 54 33 18 28 66 93 26 16 70 93 54 50 17 26 13 53 2 66 84 14 67 94 89 72 3 90 11 90 85 42 58 23 36 87 83 42 97 91 51 49 11 100 8 27 100 57 72 66 74 20 77 10 77 20 41 78 3 66 23 76 60 78 31 27 96 73 3 83 4 35
617
28 95 64 57 66 28 6 49 87 65 97 21 53 8 81 87 42 66 37 98 71 22 65 23 91 96 59 67 73 81 73 77 51 49 83 8 47 18 75 19 54 85 33 11 24 53 82 33 21 90 23 32 32 24 6 88 78 46 9 55 91 84 83 30 36 73 59 68 61 22 65 26 86 42 14 59 28 70 6 28 39 99 76 67 47 13 90 90 87 96 94 43 15 26 72 24 88 19 6 28 86 53 58 52 50 38 87 46 92 52 95 25 33 72 7 50 7 48 73 64 47 7 52 27 20 22 40 88 11 82 22 23 47 33 40 50 23 9 84 2 14 88 52 99 43 16 96 84 68 33 90 11 19 24 59 86 92 65 59 13 87 45 37 43 82 85 100 17 14 53 74 19 63 85 65 84 39 36 54 12 56 42 55 8 58 84 8 48 89 43 5 59 28 97 28 1 32 37 19 27 67 35 46 81 81 55 70 28 16 91 41 10 48 24 63 30 79 23 14 56 73 70 4 94 27 89 89 99 35 100 68 44 84 18 41 85 35 21 60 23 90 54 12 48 4 94 49 76 81 47 17 95 72 68 23 56 62 18 79 80 97 65 66 40 81 64 56 41 76 8 17 97 59 23 39 31 71 86 11 87 5 98 75 27 29 99 28 97 68 63 77 93 41 32 5 59 52 48 84 71 100 16 95 36 2 89 72 52 56 16 1 69 72 2 95 22 100 41 21 2 89 8 13 12 83 63 55 85 28 50 88 18 18 91 52 5 51 64 57 93 54 43 19 58 79 73 26 42 45 24 66 90 78 69 1 61 23 93 46 86 9 91 90 43 77 88 93 17 12 88 29 47 24 84 73 21 51 63 12 57 91 3 5 92 50 76 5 73 76 100 98 79 50 62 6 19 51 100 100 17 79 58 26 56 44 92 83 37 54 99 12 19 78 8 22 90 87 40 5 57 58 77 71 65 25 47 36 40 5 67 97 56 30 100 67 28 25 1 18 14 81 4 58 57 44 7 41 16 61 48 69 95 1 9 69 61 17 71 40 67 43 12 32 52 12 55 77 70 65 67 19 12 81 85 3 11 17 4 31 30 9 36 44 13 79 60 18 97 82 30 52 57 70 92 94 97 41 55 24 59 13 5 17 23 72 22 8 98 9 66 62 41 20 6 81 49 81 26 18 17 96 92 76 56 67 51 80 71 22 95 86 78 80 12 48 93 19 29 72 96 38 58 33 89 56 72 49 72 48 99 47 54 74 33 41 53 22 35 87 19 68 30 79 38 2 48 86 8 9 71 32 49 59 19 51 15 65 46 49 40 6 88 72 1 40 45 66 18 30 48 4 69 38 88 49 1 18 60 97 64 62 68 66 81 71 86 97 93 85 19 12 37 29 10 21 88 4
896
12 81 65 46 14 24 100 37 27 2 42 72 17 86 2 24 94 4 37 33 61 74 97 100 60 89 47 50 36 88 52 52 32 32 29 26 25 51 53 63 39 57 3 18 98 77 34 54 23 22 46 60 19 90 59 30 66 61 63 28 76 56 58 40 91 42 19 98 89 25 18 88 46 30 71 75 95 75 5 71 24 42 59 18 94 25 58 76 77 43 14 10 23 28 44 70 3 13 84 11 23 90 10 6 81 29 92 56 52 81 49 63 72 89 77 27 91 4 6 79 11 40 59 17 41 100 67 71 70 53 23 64 56 27 87 23 19 25 47 73 76 78 84 33 24 23 6 32 73 53 99 19 41 82 34 65 48 93 89 31 62 17 28 52 94 39 98 4 62 33 43 31 41 89 35 70 91 24 54 85 79 81 6 73 11 39 45 70 76 43 77 14 81 32 27 95 6 89 12 94 17 47 32 28 42 47 94 68 42 18 15 55 92 29 26 70 44 82 37 22 1 97 78 46 32 79 51 95 72 12 26 44 24 57 28 80 4 88 70 10 31 61 41 98 63 78 76 14 63 23 80 28 49 55 87 19 27 48 60 77 73 7 41 42 31 2 75 47 11 54 6 74 81 11 75 37 30 14 77 74 44 19 64 7 90 6 88 62 77 35 79 54 37 55 25 97 63 68 5 33 38 84 53 76 53 6 81 20 71 5 97 40 32 64 32 88 18 39 4 62 4 17 39 86 84 3 82 74 7 29 88 28 68 43 34 51 49 21 76 65 100 30 10 61 52 9 36 37 45 25 54 49 45 20 64 100 83 5 48 26 84 41 17 5 40 48 5 96 52 27 72 16 20 21 66 100 63 51 28 11 76 55 71 62 98 14 58 77 43 87 9 81 63 44 40 41 64 62 72 5 56 13 27 95 37 85 97 58 42 47 42 2 51 32 87 44 3 44 6 22 76 48 2 36 65 69 61 15 73 80 42 31 62 68 98 41 14 56 2 95 77 44 73 72 81 89 5 100 64 12 8 59 3 89 42 44 38 81 16 18 77 16 50 27 70 73 76 98 14 33 75 23 23 1 87 16 29 11 73 42 56 50 87 61 12 45 3 84 28 95 2 13 18 47 27 59 85 92 37 42 14 7 66 18 82 60 94 32 86 69 51 87 50 28 96 40 31 81 56 70 11 36 93 18 22 43 75 95 67 80 48 83 9 96 96 66 94 33 17 94 9 58 95 71 64 72 40 36 72 25 55 50 86 45 63 62 75 41 32 3 27 23 24 41 29 22 38 38 12 54 32 99 44 80 7 46 95 4 41 23 26 43 86 30 23 5 8 8 47 1 97 16 52 25 16 47 38 66 45 63 94 26 90 3 82 64 91 12 76 14 57 22 53 96 40 1 29 29 16 29 35 29 83 11 8 23 75 46 97 85 75 52 89 42 17 44 3 45 92 1 69 99 37 15 86 41 64 51 4 89 1 47 45 90 29 80 28 63 39 12 3 90 67 28 93 28 33 10 62 37 5 14 47 18 16 7 89 56 36 51 83 24 15 80 23 66 65 58 15 57 72 17 53 40 54 80 96 50 17 76 53 74 3 45 75 73 46 1 30 75 6 96 24 97 58 29 19 53 28 25 46 60 23 93 60 72 74 92 52 99 24 57 79 54 69 68 40 95 42 71 72 61 19 86 4 6 57 45 63 15 38 24 99 12 84 77 8 99 5 34 8 13 6 49 65 5 97 69 12 12 93 44 60 82 84 65 99 71 19 49 70 78 56 75 29 58 59 80 62 41 79 69 74 24 40 21 75 19 21 72 62 48 40 10 3 20 19 70 11 37 56 13 84 27 64 61 67 71 7 63 7 65 73 5 57 13 84 27 28 19 98 63 67 9 22 67 87 99 25 93 94 11 56 95 93 56 15 32 39 58 47 12 87 53 18 60 64 62 100 48 73 10 89 58 98 80 25 4 79 74 68 5 64 22 35 94 65 61 95 23 37 39 77 3 12 98 32 81 99 96 48 62 66 21 11 81
901
25 57 40 8 68 17 15 37 90 76 50 91 97 46 72 74 32 39 90 76 82 19 24 8 62 82 69 9 74 45 57 20 75 70 81 89 16 60 75 37 75 67 60 72 91 94 45 32 20 66 5 12 55 60 91 44 58 16 90 50 44 98 22 20 82 98 44 93 26 87 14 98 53 10 13 97 36 88 95 52 23 65 65 2 46 76 67 81 11 17 57 65 95 75 59 53 24 8 14 69 16 70 96 31 43 61 21 69 81 35 70 2 40 86 39 21 75 22 70 50 42 57 78 1 100 80 48 45 72 96 88 29 57 84 14 77 28 69 24 62 49 41 38 36 39 50 70 80 19 96 84 75 33 25 55 23 68 11 56 82 38 68 24 66 94 84 49 63 44 93 29 16 93 49 99 78 10 35 39 95 10 55 49 27 57 35 55 59 46 6 23 51 36 28 12 12 8 22 26 72 14 79 5 43 14 49 14 8 16 61 75 97 40 95 65 72 64 53 9 52 28 4 65 52 46 83 19 67 72 93 5 48 21 82 69 95 35 21 77 24 46 55 94 11 93 78 25 95 68 60 9 98 89 1 62 44 97 83 64 31 17 76 91 34 75 29 100 100 98 80 82 84 14 33 90 42 38 85 46 35 95 57 17 19 4 8 28 92 76 28 13 39 79 50 3 64 95 65 31 66 26 21 24 87 85 97 96 61 79 96 92 69 79 48 85 29 77 56 71 16 48 19 98 100 17 94 14 44 98 73 46 9 66 91 47 77 14 82 82 18 14 92 19 38 58 20 23 8 84 62 6 13 57 72 15 90 92 21 10 8 88 96 30 46 47 59 15 79 57 75 60 100 14 53 25 35 89 78 94 96 21 53 19 42 13 9 4 92 2 39 8 26 31 79 7 51 14 71 40 65 90 17 69 92 6 48 33 2 30 31 49 64 71 20 29 69 73 10 87 34 30 100 44 60 86 86 24 66 90 85 37 55 83 53 85 47 47 68 8 33 76 4 17 36 70 13 28 37 52 92 52 58 76 84 13 18 69 3 9 46 27 22 25 7 85 3 41 94 51 75 40 79 97 66 25 97 96 49 42 81 21 34 36 21 37 76 91 73 24 73 4 17 30 51 89 26 12 79 91 34 1 22 28 84 95 45 22 78 87 89 32 64 16 5 93 13 38 26 13 26 26 7 100 51 32 64 65 45 38 62 63 10 19 55 54 100 54 9 8 16 91 22 24 40 95 63 80 96 39 64 63 54 12 66 58 6 37 9 25 100 48 45 18 44 71 47 91 40 60 71 26 24 46 42 98 46 23 26 18 51 29 73 70 14 24 56 89 85 48 69 42 78 61 87 43 49 47 10 69 71 44 79 2 31 28 22 54 55 3 55 37 53 50 93 70 5 2 15 84 79 85 11 17 46 63 5 32 69 27 30 45 10 37 95 94 37 85 39 92 75 94 74 47 31 97 7 62 96 25 58 15 89 62 79 97 69 42 23 40 73 36 76 21 66 89 39 98 73 65 40 71 41 93 34 67 75 37 13 55 27 2 12 61 58 97 94 3 59 15 13 70 40 1 49 80 4 77 74 25 45 19 55 90 67 20 64 33 82 97 64 63 79 21 93 4 100 79 68 39 88 89 25 60 45 35 84 15 21 94 54 44 35 59 15 68 1 81 51 86 2 97 22 43 65 45 23 83 88 45 39 19 65 10 72 44 36 19 10 40 86 82 75 25 33 19 43 15 95 76 51 41 87 18 97 19 80 57 38 7 4 96 42 15 3 83 90 89 14 50 67 28 43 13 94 17 60 6 55 96 23 63 37 42 40 62 63 82 92 4 32 19 61 20 53 97 31 98 93 20 48 69 12 73 62 49 9 56 84 34 93 91 72 90 20 38 21 69 21 40 32 18 19 43 89 34 88 79 15 91 10 87 27 17 98 86 75 26 46 80 19 73 13 88 7 13 83 57 91 83 15 14 14 8 13 59 72 6 67 52 49 94 26 29 35 3 59 69 87 59 100 95 48 59 47 10 60 65 51 29 63 50
616
86 23 37 82 28 30 54 54 58 14 62 47 31 37 18 74 15 8 30 91 38 51 41 14 87 52 1 60 23 57 72 38 72 99 63 68 17 72 45 20 6 35 7 1 28 73 27 79 31 18 13 44 86 84 48 41 54 53 20 98 52 62 11 92 15 29 84 52 97 73 2 79 46 50 49 14 51 76 8 15 88 76 3 82 4 100 63 38 37 92 21 48 9 94 11 31 3 1 52 76 42 44 46 17 7 40 4 36 76 37 12 18 81 24 67 94 82 66 94 52 51 32 2 10 72 89 8 36 43 29 10 29 80 56 67 53 48 3 15 100 74 35 12 39 94 98 83 68 12 86 33 43 4 96 21 98 48 37 93 37 90 78 45 64 79 66 98 93 33 8 98 86 21 47 65 89 64 30 13 65 59 29 14 31 11 70 4 90 59 39 15 76 1 2 23 22 9 29 73 6 61 56 57 49 98 11 92 92 40 57 34 96 16 43 97 33 8 54 46 73 98 92 14 95 41 47 6 63 4 1 42 72 76 8 86 84 14 19 50 84 70 70 38 72 15 41 32 28 89 24 69 34 7 13 52 62 23 51 4 53 17 67 73 90 78 9 47 92 35 20 12 82 36 42 35 39 22 56 59 63 42 26 6 9 93 6 54 93 49 63 40 39 35 53 45 78 36 8 13 23 30 70 46 100 37 72 54 27 47 98 2 71 59 51 10 8 56 61 62 12 43 33 61 36 11 56 84 20 45 29 55 37 100 77 88 38 56 85 47 59 25 8 17 34 98 28 94 99 14 64 30 92 84 96 23 51 60 24 73 5 93 46 62 25 25 55 33 11 11 75 55 22 6 13 34 74 67 64 4 25 52 94 43 4 29 80 72 100 54 52 61 79 67 11 22 48 35 96 93 35 26 52 73 93 48 49 29 68 46 88 92 9 11 87 65 100 87 48 91 19 20 84 99 7 20 94 21 37 66 87 19 77 86 97 4 21 73 90 63 50 16 13 68 83 60 71 40 24 96 65 85 55 20 12 44 34 45 5 79 97 65 7 16 28 18 16 65 28 82 57 30 58 61 67 42 95 72 97 49 68 97 15 6 81 57 7 40 97 47 74 34 58 85 77 90 53 52 65 34 96 76 97 26 9 50 21 66 47 50 7 75 5 18 66 88 89 44 17 5 54 64 55 76 58 28 99 33 73 10 52 75 66 17 36 80 49 28 17 8 28 74 51 62 14 91 98 69 67 63 15 65 43 25 43 61 46 10 83 60 13 18 53 24 33 78 50 89 88 61 3 27 5 24 1 24 2 42 42 9 64 67 97 36 26 12 31 19 32 27 38 22 27 65 41 73 66 100 28 42 70 58 2 49 96 62 62 71 19 84 98 35 51 89 50 8 85
915
86 4 21 98 97 13 71 35 27 21 57 28 70 80 92 96 97 99 95 43 83 75 77 76 26 60 12 91 53 58 56 76 4 34 34 58 88 89 29 97 36 59 78 13 13 2 32 56 66 51 60 16 72 22 9 77 53 31 51 25 6 10 88 56 95 50 63 47 71 31 48 28 59 99 35 48 16 39 14 78 60 50 56 52 61 50 73 44 46 60 80 96 21 60 76 46 65 23 49 85 10 100 32 44 82 5 47 13 72 60 44 66 99 39 2 56 43 29 23 69 47 34 53 61 7 80 66 84 88 6 32 15 28 66 27 10 47 15 6 71 19 90 81 8 40 2 81 38 27 20 49 90 54 86 57 72 63 85 54 18 13 54 53 2 91 71 19 98 9 100 14 31 91 55 8 89 39 81 8 83 97 46 65 25 88 47 49 46 17 58 95 97 90 62 21 8 48 2 93 71 39 24 95 96 87 50 55 60 25 88 92 53 42 74 57 70 43 74 46 24 43 90 34 85 78 18 59 11 68 11 93 88 100 93 1 68 20 57 62 78 46 21 35 82 43 77 76 51 7 59 78 49 71 65 66 96 100 78 79 74 10 97 52 54 40 25 2 68 85 20 74 2 66 73 52 40 45 27 79 33 57 48 25 47 23 26 34 22 61 9 61 13 33 48 18 48 36 34 43 83 46 29 25 8 21 31 58 28 58 15 43 35 64 91 38 65 49 72 33 93 27 31 44 25 62 50 69 73 22 82 74 30 12 88 39 15 61 97 42 100 14 84 78 7 97 7 12 96 30 24 73 90 42 37 25 56 18 98 81 92 15 62 84 70 82 62 1 54 58 51 8 70 61 86 25 33 36 90 96 1 53 72 75 41 58 100 49 82 68 89 12 44 96 22 20 82 68 75 39 6 42 7 33 60 31 90 35 92 46 2 11 57 53 87 73 47 44 100 14 2 71 15 49 16 26 95 83 43 78 72 93 40 70 14 9 8 29 8 28 37 1 58 15 84 83 91 26 20 2 32 97 44 56 46 26 45 63 20 66 69 76 17 46 16 3 39 49 16 18 33 30 37 11 61 51 71 77 99 17 55 41 66 8 59 99 57 52 77 31 80 51 15 42 100 68 30 73 43 59 61 28 22 64 24 56 76 41 7 14 92 92 42 36 71 32 90 40 51 33 65 87 34 71 83 98 38 23 40 39 54 80 84 18 25 84 96 74 30 15 51 99 91 50 46 90 58 80 70 91 18 56 20 51 19 44 43 50 38 44 4 21 85 15 80 94 72 77 100 41 22 34 26 52 22 73 26 63 94 47 18 63 45 91 35 89 11 89 18 76 44 44 8 64 100 13 84 81 40 60 89 75 77 54 18 76 33 55 94 28 91 83 74 29 53 65 58 42 36 73 62 77 65 70 69 12 10 12 46 26 29 89 44 84 25 71 90 7 49 61 60 55 81 82 12 67 91 81 48 60 43 37 62 76 98 78 87 52 4 13 85 35 71 25 45 75 42 49 39 54 27 75 81 10 42 51 100 20 72 99 66 23 96 19 78 37 54 81 42 76 1 89 11 32 63 72 50 58 31 60 100 14 37 34 7 94 70 82 92 85 7 98 46 62 35 10 56 4 65 9 72 9 68 64 62 88 85 49 44 93 90 71 34 3 65 10 78 96 7 86 94 90 46 46 42 92 85 22 96 44 79 84 73 88 85 18 97 61 71 76 81 6 36 55 10 51 90 66 1 63 55 41 95 10 46 38 24 43 77 38 82 61 100 99 72 19 61 58 48 9 52 73 81 58 4 62 13 46 98 85 55 62 11 25 85 31 1 93 77 19 43 75 92 59 16 62 46 25 76 88 47 60 24 24 94 75 33 46 80 30 28 61 66 95 36 37 53 43 96 19 34 53 96 42 82 31 19 80 47 63 18 74 33 96 29 9 7 35 22 22 43 81 69 13 77 65 50 76 82 54 7 11 41 76 93 74 22 16 25 18 49 43 12 39 9 19 53 77 20 16 63 79 17 94 2 7 77 44 28 32 45 27 51 30 94 85 53 67 76 18 38 13 90 2 20 13
756
29 98 3 22 85 3 40 54 46 35 62 95 64 89 2 9 60 78 1 7 60 84 86 25 47 16 14 91 3 65 51 20 1 89 52 22 90 93 85 34 62 70 77 73 24 30 39 36 23 64 69 3 25 2 6 24 27 43 69 7 29 47 62 45 79 51 53 66 70 93 38 33 85 53 98 97 32 32 43 67 22 93 49 68 3 9 83 31 68 99 33 9 27 67 47 41 84 28 5 31 41 17 40 82 91 79 39 51 38 86 99 42 71 71 37 98 3 46 57 38 3 15 25 44 79 86 16 72 19 23 38 90 63 89 48 25 56 49 30 63 38 23 41 43 36 3 76 29 25 88 56 52 45 43 25 41 67 84 87 43 38 80 36 74 12 56 88 50 58 57 75 16 63 31 26 1 29 74 50 92 95 54 14 61 43 89 60 67 52 5 80 73 88 68 92 98 99 47 56 74 84 19 84 86 48 71 87 29 53 49 77 32 42 46 75 83 95 53 13 54 34 88 66 16 48 39 100 2 55 56 81 38 7 29 68 10 66 66 47 66 77 99 57 48 29 89 28 99 2 18 85 15 57 2 14 87 22 43 65 39 54 16 43 80 45 30 58 58 21 23 25 10 49 76 24 35 84 72 75 77 96 75 25 55 1 31 3 28 90 64 95 20 38 33 81 68 49 28 66 70 32 56 59 79 46 99 72 21 88 67 71 15 34 55 69 61 52 48 22 51 20 46 59 79 52 92 9 34 58 11 64 83 83 50 11 6 92 41 27 28 81 26 82 47 87 58 8 9 63 17 8 85 20 77 2 59 26 55 52 82 71 64 28 71 5 70 41 90 24 43 18 70 29 51 39 87 24 50 7 1 6 75 32 65 65 29 5 69 62 32 63 15 2 35 93 71 29 19 94 51 30 43 41 97 25 61 83 80 25 36 83 40 32 28 43 86 20 22 100 15 44 57 75 88 34 79 45 59 100 78 71 9 91 92 24 18 10 88 81 59 18 71 92 93 28 23 26 59 9 99 88 10 23 65 8 41 6 50 74 15 73 59 47 10 31 82 53 43 51 10 9 81 29 14 49 24 6 81 37 70 17 32 85 11 73 35 84 48 21 12 43 87 87 94 33 97 17 81 89 35 95 6 41 21 99 8 11 18 61 38 18 99 19 31 56 77 66 98 47 35 4 26 1 29 90 91 3 91 94 53 48 88 61 55 69 80 73 68 86 35 28 5 20 18 16 99 4 79 62 60 100 43 37 15 77 20 92 72 54 65 22 17 32 65 96 62 48 88 75 42 72 55 17 42 1 36 86 73 47 4 58 8 23 29 59 13 95 50 85 35 41 55 44 18 26 9 89 51 37 74 6 93 10 100 10 26 62 43 20 3 74 85 90 42 2 99 54 29 51 91 95 50 78 40 1 95 43 12 58 58 38 52 75 28 80 78 16 44 39 69 34 56 94 70 75 71 19 17 65 87 13 15 36 50 71 39 46 91 69 47 56 6 73 22 44 44 1 12 48 92 68 68 11 58 65 50 35 41 44 45 25 88 67 18 44 2 68 34 26 53 99 54 9 35 5 31 51 2 90 69 24 31 29 57 52 67 80 86 95 13 7 72 4 80 43 61 3 74 86 81 54 84 6 3 77 31 72 91 9 51 76 24 73 88 54 34 47 41 19 4 44 14 3 23 94 70 21 49 54 24 4 84 71 29 38 44
578
94 86 59 15 62 96 80 33 27 52 1 9 2 82 45 64 63 39 6 14 63 22 66 32 98 33 22 37 52 18 24 4 32 42 22 4 9 80 61 8 78 69 2 61 43 64 5 91 1 82 17 15 86 1 39 53 13 43 49 7 52 61 8 28 88 50 81 43 72 99 55 47 47 6 72 76 59 28 25 33 37 3 13 54 82 82 51 46 35 65 27 87 5 13 59 7 72 70 95 1 70 28 71 21 91 18 11 92 47 57 28 13 63 64 54 43 13 99 27 4 13 42 27 26 35 1 92 19 28 49 70 62 65 26 47 31 28 7 84 32 18 19 98 50 38 5 95 52 85 10 58 45 34 6 32 79 81 62 62 79 21 55 8 96 59 50 75 34 62 67 22 97 82 41 45 57 81 39 55 61 15 8 49 27 70 51 81 39 70 25 38 8 72 64 93 43 24 52 91 80 46 61 45 84 44 20 90 8 83 77 55 55 18 99 72 69 32 14 53 59 60 70 83 69 88 5 78 29 44 83 64 78 23 47 30 73 57 75 3 82 65 5 38 57 86 70 48 40 82 7 31 98 53 46 53 66 35 65 7 90 58 49 3 11 36 7 47 44 31 53 35 82 48 11 81 6 18 93 33 100 12 38 93 86 79 66 49 97 18 27 5 90 48 89 98 42 41 38 91 40 73 78 49 49 29 18 36 35 83 73 60 99 13 80 75 93 68 83 54 13 40 91 33 29 61 14 39 85 60 39 31 17 93 71 8 99 37 44 44 63 61 66 81 41 53 13 18 71 7 36 34 43 83 93 1 34 57 52 82 63 16 77 54 23 63 47 40 55 40 97 56 51 57 68 85 29 30 40 81 69 60 42 89 42 78 17 89 9 77 8 95 76 18 30 35 98 70 9 97 38 15 37 100 67 82 3 51 34 27 1 84 62 98 13 97 4 34 100 18 64 52 10 96 70 17 78 21 61 60 94 16 50 57 93 1 48 28 55 69 58 96 35 69 68 6 30 53 88 86 78 15 31 95 19 18 76 26 41 49 87 64 78 82 45 51 35 68 91 25 61 62 1 80 17 89 58 40 79 44 60 97 41 76 39 89 13 88 55 25 51 51 78 81 82 19 58 11 98 81 25 3 52 76 18 96 21 97 44 21 3 37 10 78 2 45 74 85 51 72 20 99 90 46 48 52 16 59 36 82 53 32 41 40 55 36 51 39 75 9 63 88 57 6 37 89 99 65 37 73 80 35 17 95 26 51 62 67 53 6 45 29 1 15 66 39 24 61 26 83 66 88 94 31 1 98 27 36 75
697
10 89 39 30 77 67 93 83 75 30 37 27 16 35 53 65 67 84 49 90 24 31 7 37 12 63 22 29 91 16 43 4 52 85 15 77 29 54 80 36 40 11 63 37 54 42 68 37 97 64 93 52 99 89 49 23 16 38 61 73 31 86 63 56 11 20 34 58 36 59 66 55 29 8 34 41 13 14 66 84 83 31 17 1 23 68 37 22 8 63 37 99 24 13 5 92 58 32 32 50 34 16 47 92 85 90 89 48 57 20 49 41 13 77 67 32 90 53 82 62 53 92 29 11 91 72 27 1 52 50 26 93 12 59 5 33 33 42 63 27 88 97 73 37 28 65 89 91 84 30 18 61 99 56 37 32 74 8 24 69 99 75 6 88 32 38 70 55 4 44 99 88 33 74 88 16 72 91 60 99 82 11 60 59 34 47 49 9 63 38 71 65 38 21 23 41 94 42 62 46 49 73 95 75 16 79 90 76 54 4 73 8 43 37 43 55 43 50 89 83 23 63 57 67 99 93 28 89 17 89 34 87 16 59 18 33 3 65 40 58 16 16 15 84 40 10 99 14 12 22 42 18 27 3 87 57 18 41 20 28 94 6 1 67 92 5 90 79 87 96 44 34 10 69 67 94 17 34 59 78 34 26 7 23 14 12 47 7 90 77 29 79 83 97 26 3 74 79 56 68 64 90 76 89 73 63 10 5 20 68 81 33 48 25 70 13 45 55 47 90 78 62 91 29 43 29 63 81 89 49 81 15 68 2 89 34 31 14 45 9 9 71 4 96 44 91 7 89 7 13 99 29 37 10 15 58 62 46 100 33 39 84 50 60 67 78 94 45 4 43 89 34 11 30 23 15 35 51 99 95 5 65 16 4 94 55 87 21 27 42 39 87 46 7 68 40 78 92 34 25 94 30 69 62 66 10 14 34 89 92 85 33 92 74 69 12 91 13 42 80 53 39 1 72 90 46 63 8 13 82 9 67 95 50 34 22 46 1 69 45 76 89 4 88 96 9 99 78 39 20 73 93 70 71 99 10 62 10 100 7 83 29 6 26 71 2 85 61 92 91 29 77 16 15 1 41 41 45 52 60 72 36 94 70 90 64 95 28 19 23 51 100 82 52 84 23 92 11 73 71 91 90 42 96 58 23 41 79 37 29 28 11 3 61 90 88 5 83 55 8 79 58 51 28 99 12 74 100 97 99 99 91 79 11 99 52 41 57 45 75 14 73 84 57 81 21 82 23 17 17 57 19 81 80 57 13 44 64 65 84 84 5 85 14 18 38 48 100 6 1 19 41 67 50 92 15 7 53 1 4 71 36 19 38 46 51 80 37 95 61 30 34 89 22 28 24 11 73 7 9 37 90 2 57 72 30 73 38 74 26 100 23 28 88 82 89 12 19 95 21 19 49 78 43 12 14 97 29 72 84 63 86 79 87 97 5 90 43 56 71 99 48 7 22 60 68 55 23 19 39 90 64 53 45 80 18 86 56 75 48 60 91 63 13 7 71 80 37 63 80 14 48 99 50 65 15 78 42 28 14 3 50 38 3 7 24 30 84 34 39 18 84 52 68 44 80 27
958
65 2 78 84 1 60 90 71 47 20 10 43 89 60 17 80 28 70 34 50 87 59 20 16 72 71 96 14 68 19 10 88 78 21 14 18 61 22 24 46 1 25 50 61 87 10 45 96 7 53 44 23 4 74 50 7 85 10 25 95 23 73 2 24 20 98 25 92 69 13 84 98 81 79 78 8 44 6 46 30 70 44 51 84 78 76 57 82 93 40 49 80 72 64 16 22 99 26 58 97 86 83 17 81 82 95 23 64 97 23 79 10 8 21 92 58 26 49 8 55 89 42 96 93 41 51 99 78 95 53 76 21 25 67 96 49 59 98 31 91 36 96 2 87 73 45 89 28 85 4 11 87 43 7 8 21 17 5 1 37 67 27 90 27 90 43 95 78 98 4 41 42 25 97 28 58 36 44 95 9 64 30 67 92 6 81 17 70 74 61 75 24 17 21 41 71 28 65 62 51 2 15 58 83 19 97 22 8 17 36 80 62 29 5 60 38 83 26 61 27 72 11 7 82 25 37 34 56 37 49 12 31 18 91 35 18 9 7 64 18 76 81 7 79 68 76 31 25 98 5 27 59 37 53 70 31 74 21 47 84 18 83 40 82 100 71 16 46 75 96 82 5 20 55 69 96 80 59 53 95 11 74 94 22 81 45 57 99 48 38 40 81 83 15 4 40 3 72 28 1 18 17 50 76 29 56 5 61 91 96 24 89 28 34 77 22 34 76 36 32 99 36 72 50 90 13 72 40 26 42 55 77 28 88 56 90 82 92 85 87 11 93 22 60 7 81 93 72 58 62 44 49 60 29 33 87 100 33 28 91 23 11 9 49 71 65 81 47 71 16 88 91 48 44 22 22 74 80 36 99 49 28 66 22 50 89 22 13 31 34 83 22 70 84 57 93 50 60 90 65 7 72 84 87 82 30 56 2 83 23 68 73 66 14 99 38 83 21 96 40 70 3 98 17 49 93 74 77 10 72 52 15 57 3 30 95 88 45 2 93 42 35 84 27 90 36 63 4 86 57 14 95 43 14 22 2 83 1 8 39 1 51 80 79 52 99 94 52 16 55 100 48 70 72 2 81 99 75 66 28 29 55 46 52 19 98 59 99 99 62 55 34 61 30 98 51 43 15 72 57 99 80 33 52 71 44 2 50 21 24 59 46 22 59 93 68 11 33 30 60 39 38 32 43 19 55 51 16 24 65 14 41 71 66 76 5 12 80 15 40 79 99 27 74 33 26 33 92 80 60 94 61 22 92 52 6 33 62 84 3 34 53 13 63 65 52 72 79 24 26 23 57 75 72 36 2 66 58 83 92 49 32 41 57 9 40 59 33 17 77 69 38 1 47 27 96 75 2 98 84 46 89 30 43 95 53 30 85 8 55 36 65 27 58 64 11 98 19 79 43 99 94 20 22 28 3 40 9 25 20 27 31 13 3 86 82 35 43 45 22 44 35 24 85 78 91 79 97 98 86 9 59 50 76 39 33 100 4 3 92 41 2 21 6 2 89 24 57 84 41 12 76 7 96 35 70 47 40 26 74 90 66 84 76 10 42 87 9 86 95 34 43 40 80 66 77 58 54 79 21 90 20 69 23 72 17 73 59 92 1 63 46 10 57 89 86 90 52 72 96 32 14 22 9 17 32 60 66 38 56 79 37 34 15 52 76 88 37 74 80 77 23 72 83 44 53 66 61 82 22 3 68 36 30 58 22 95 20 18 59 99 57 78 55 28 60 73 77 89 18 69 12 33 45 68 64 73 39 67 12 63 74 68 93 76 45 38 86 52 56 32 54 31 64 70 38 38 22 25 56 55 53 91 52 38 51 96 47 77 13 23 79 33 38 69 63 35 15 98 88 72 30 1 75 52 94 40 13 91 10 35 13 93 96 73 34 20 59 91 96 3 8 57 31 38 9 42 71 39 46 65 65 46 55 30 55 43 80 73 72 57 42 45 92 38 88 33 83 63 47 77 100 40 85 49 38 21 14 85 58 37 95 66 79 50 93 50 69 22 44 34 3 62 20 81 97 42 75 32 16 83 37 78 79 57 9 58 39 83 39 44 71 32 32 75 68 28 23 8 15 43 9 29 6 30 51 34 83 91 71 45 52 8 54 3 73 80 23 55 6 22 38 95 36 44 27 50 29 84 25 20 88 47 97 69 62 10 23
733
13 2 83 97 33 55 9 12 44 85 3 64 40 8 44 72 66 20 89 66 64 77 66 91 41 10 32 17 57 32 78 54 81 89 54 60 60 15 99 91 92 55 58 68 10 92 1 56 64 98 41 31 35 3 68 19 7 19 58 87 63 55 13 11 14 72 97 88 28 87 63 69 63 74 24 78 59 44 65 55 95 66 88 72 4 81 20 88 95 57 3 50 84 72 99 54 18 49 26 39 63 49 78 69 94 79 79 18 14 77 26 96 1 13 60 1 90 22 4 2 42 83 78 97 67 15 12 69 78 19 1 56 68 91 75 91 61 56 44 33 96 86 13 17 78 73 27 19 1 38 5 10 16 81 68 32 3 77 55 8 98 8 43 65 97 65 43 17 64 31 83 22 76 78 100 34 15 3 97 57 18 46 13 39 65 79 57 52 61 52 20 44 31 51 8 50 75 96 80 42 5 50 42 58 53 9 70 84 85 12 96 2 19 81 28 89 25 38 63 24 34 73 52 60 46 3 14 90 88 61 88 74 46 54 84 74 59 98 32 30 32 100 64 2 77 2 29 70 64 46 66 18 8 100 68 26 72 10 87 95 58 16 95 55 45 65 61 72 62 5 11 64 15 61 82 91 68 24 44 56 7 44 60 78 64 56 45 86 77 44 69 80 93 26 93 50 78 92 36 7 31 3 4 43 44 93 58 1 62 99 55 59 79 44 53 19 12 36 72 55 31 85 62 12 11 46 60 2 98 27 42 66 16 28 20 25 19 53 71 38 66 90 66 6 99 24 33 28 37 14 39 48 39 91 71 95 83 10 46 69 42 68 72 24 44 6 20 51 45 85 76 56 18 22 72 91 3 50 70 47 5 95 64 5 43 65 59 21 69 70 88 18 86 83 10 87 75 27 4 20 16 62 92 69 58 69 88 22 96 53 56 56 48 90 21 69 91 26 45 63 35 48 31 85 8 8 36 73 45 43 63 74 48 69 26 73 77 96 100 78 36 37 57 64 90 43 47 5 73 78 85 62 6 81 99 23 90 81 43 2 18 62 53 72 75 27 61 70 87 10 16 94 55 73 30 86 17 64 37 26 79 77 88 22 39 49 65 9 97 75 3 97 16 26 7 65 52 69 67 82 5 50 100 20 91 96 7 24 29 22 69 52 50 10 57 39 3 42 48 61 47 99 95 58 50 68 32 35 41 17 50 25 56 70 79 75 80 12 2 16 69 16 58 50 6 97 48 8 37 17 38 68 56 75 79 20 20 19 46 62 44 41 53 41 90 8 93 30 61 61 75 6 10 44 45 59 28 42 61 88 52 4 63 64 55 94 75 69 66 55 42 38 43 88 60 76 67 65 91 98 75 14 73 97 23 66 21 18 97 3 34 2 93 71 63 55 74 60 48 36 39 53 95 22 9 2 57 47 60 67 33 87 90 10 39 38 98 90 72 48 75 88 80 52 37 39 67 9 54 82 64 46 58 77 38 16 39 26 17 26 24 32 36 25 57 24 9 51 49 51 25 28 49 5 72 87 80 34 15 51 15 16 77 26 87 83 20 74 52 89 77 87 69 75 3 89 29 69 30 95 23 67 8 27 74 73 25 33 78 8 22 65 81 70 41 45 12 80 76 20 49 88 7 72 22 89 79 18 53 34 32 58 1
842
17 31 88 22 2 5 24 30 61 65 79 86 16 70 51 25 60 77 93 94 41 81 62 26 45 33 40 44 23 36 58 50 70 83 40 10 25 60 53 80 21 26 77 65 56 44 8 20 94 54 57 61 7 27 23 71 71 52 22 55 12 33 60 70 50 24 4 53 65 86 88 34 61 54 61 45 69 97 56 6 63 96 73 56 95 70 65 54 57 42 34 8 64 80 29 32 4 91 80 45 60 14 12 69 67 8 99 38 62 100 32 4 19 75 45 40 18 16 16 74 42 61 33 8 72 1 67 99 40 47 68 86 83 68 38 35 25 25 69 100 46 9 2 51 14 59 70 40 100 73 80 77 34 79 36 55 88 100 67 54 38 35 48 45 93 28 27 86 23 77 32 29 5 95 55 29 90 10 100 58 65 21 93 3 8 3 45 8 50 96 76 91 51 34 35 63 6 35 4 7 62 13 6 69 10 5 93 55 62 1 68 70 74 75 93 51 65 56 85 45 51 100 41 57 58 1 8 26 97 80 15 48 30 61 15 6 97 76 68 62 92 27 31 78 24 59 26 94 90 76 15 14 64 64 31 17 95 26 95 53 33 95 28 15 64 14 11 36 60 26 81 40 40 25 61 79 87 82 2 90 29 57 19 25 3 72 21 44 66 31 11 26 89 78 30 7 73 71 5 65 72 39 53 43 78 18 97 29 6 39 84 33 60 37 14 92 85 45 20 84 98 72 5 12 18 99 43 30 17 70 90 75 13 36 68 1 19 18 53 4 29 38 43 61 51 76 70 40 28 52 83 39 32 4 68 35 40 72 70 46 86 36 100 40 99 27 9 52 67 62 73 47 12 91 56 18 1 96 51 96 35 44 36 41 94 99 8 2 18 38 80 91 75 68 23 41 16 51 86 18 97 86 10 42 52 32 50 10 9 29 100 73 82 30 18 98 12 47 39 95 98 99 23 54 61 9 15 86 18 3 42 60 94 42 88 14 99 30 91 22 22 95 66 20 42 61 41 24 50 5 20 27 13 33 72 42 73 20 53 94 9 74 9 40 76 82 16 70 77 78 38 32 66 36 8 35 22 65 74 50 58 69 79 35 37 24 12 35 34 18 32 66 1 70 50 90 17 76 5 51 65 46 55 95 39 22 65 42 12 37 48 68 82 83 2 64 10 64 83 53 41 66 29 8 21 88 87 35 77 63 45 18 16 37 97 90 80 36 82 69 3 57 16 3 10 54 8 26 45 76 76 66 51 34 83 27 97 100 94 76 23 68 1 18 84 98 44 59 48 48 9 6 1 50 21 91 68 82 95 33 33 85 94 54 12 75 82 34 47 93 70 81 14 3 85 43 30 87 93 3 42 7 49 19 34 94 68 68 22 48 94 47 4 92 47 25 61 45 67 63 49 41 63 29 38 71 100 38 46 40 28 39 71 45 76 79 16 22 86 35 76 63 92 54 22 82 100 74 66 86 64 75 42 75 30 100 41 74 30 79 53 11 62 46 72 68 52 77 67 75 76 25 98 77 10 30 94 12 10 85 25 39 91 81 39 17 33 86 19 43 64 56 10 32 42 55 7 83 41 76 13 18 37 55 53 4 49 72 38 40 66 80 85 78 58 85 8 3 55 59 11 55 8 34 94 87 89 86 66 22 39 2 10 92 95 45 72 28 60 27 92 31 73 81 3 26 69 16 21 48 58 96 83 33 71 60 20 59 69 39 39 95 34 30 56 56 40 37 44 3 48 13 7 61 70 97 30 62 40 3 82 70 53 88 88 15 40 74 30 3 95 95 64 25 42 7 58 70 22 33 41 84 59 23 5 86 83 15 65 9 52 27 57 84 21 31 35 29 28 26 63 64 55 8 92 48 67 89 22 69 31 36 68 66 19 8 45 27 21 42 87 84
832
100 82 87 50 6 50 100 53 83 33 3 12 21 62 93 82 44 59 15 54 33 50 23 20 49 41 33 92 28 84 70 19 80 92 19 37 46 80 99 84 68 29 78 81 42 19 3 95 14 99 41 81 96 62 84 45 91 88 98 62 22 81 66 71 87 7 70 97 34 36 32 15 15 5 10 43 14 5 7 69 94 36 74 81 10 54 26 23 55 80 10 96 37 45 21 63 69 51 98 77 66 16 16 17 22 52 12 44 68 26 6 50 48 97 44 69 55 50 22 93 35 42 44 82 13 75 79 40 79 34 38 65 55 52 30 11 76 91 60 49 13 76 5 47 9 52 13 7 54 58 37 14 83 23 75 37 38 18 49 34 76 23 81 44 67 63 91 64 61 68 25 34 51 33 75 4 41 24 18 27 33 31 1 78 36 9 100 18 86 40 38 88 52 96 87 10 67 61 71 15 68 78 98 44 37 36 66 35 59 29 92 17 94 4 69 31 64 12 13 11 31 48 77 80 11 18 16 45 59 21 41 73 69 97 34 18 45 53 84 87 49 94 2 29 27 76 92 14 8 60 3 47 78 55 26 75 60 55 49 41 85 6 57 3 23 22 35 93 97 52 43 1 71 27 11 78 30 14 90 3 80 89 72 71 86 8 87 31 80 53 98 82 98 11 53 71 6 52 99 93 57 7 63 41 66 8 69 97 88 64 10 63 36 42 80 94 28 76 20 51 34 95 81 27 75 47 66 10 90 41 60 60 62 100 4 79 61 45 57 80 77 43 57 82 49 79 54 98 23 63 84 60 31 63 13 11 85 11 24 86 94 93 46 61 49 74 94 24 6 3 31 48 47 89 75 69 47 65 98 91 94 44 57 27 43 20 35 60 65 4 85 6 2 38 62 92 76 73 56 72 49 22 5 51 10 85 62 36 61 4 70 74 20 68 8 12 44 19 95 76 52 19 51 44 76 20 82 44 55 7 44 41 54 74 59 39 4 42 35 73 22 31 76 2 6 80 43 41 88 2 4 83 4 46 58 10 2 56 60 10 4 25 38 17 25 22 25 20 33 81 44 52 64 61 30 64 43 45 21 46 13 51 85 94 5 4 50 11 14 68 56 34 46 17 91 76 14 6 66 50 1 27 68 42 22 36 60 37 62 96 76 64 70 26 62 80 84 68 53 85 35 28 3 28 6 73 83 54 35 7 2 72 65 82 4 43 17 46 45 95 94 100 67 25 61 96 16 51 33 96 17 2 3 4 82 70 10 58 46 42 91 26 92 71 35 74 85 98 10 66 92 92 68 85 24 58 24 66 54 57 40 91 67 1 78 71 87 40 81 84 77 89 7 62 21 1 39 39 70 57 11 86 71 24 57 87 26 19 48 74 89 49 83 45 66 41 61 65 63 58 53 91 46 83 7 88 62 65 58 44 69 43 35 28 89 2 45 59 70 71 11 69 91 92 79 89 35 68 11 76 68 42 43 100 78 52 45 67 79 92 70 13 41 58 39 31 36 96 6 30 14 83 12 26 68 72 28 21 95 73 27 40 13 89 24 51 72 89 68 39 30 84 16 76 43 4 55 3 16 63 24 47 11 61 96 4 76 64 34 97 36 27 48 47 14 67 12 30 6 21 52 47 18 26 28 36 59 73 6 87 57 40 57 100 52 19 72 19 78 81 31 52 13 4 8 38 49 95 67 13 38 5 55 69 14 1 15 69 10 42 60 79 37 13 69 40 84 29 57 40 1 21 70 80 38 75 75 4 92 66 39 57 82 68 21 67 43 68 78 78 15 75 7 28 1 59 7 66 41 100 10 78 61 48 76 21 86 50 41 69 64 44 99 80 64 9 79 65 9 58 22 93 66 39 54 98 21 33 46 64 51 26
968
27 80 27 65 34 17 57 100 48 48 51 29 39 12 53 14 68 93 32 60 23 38 30 5 61 94 17 93 46 78 98 16 86 78 55 80 23 77 28 57 91 12 41 80 66 60 33 81 78 67 46 67 46 30 72 76 76 18 86 6 98 33 30 13 10 35 37 90 11 60 76 88 9 81 81 13 22 53 55 23 24 12 2 40 39 48 43 44 9 56 83 98 4 44 46 55 73 18 15 73 11 73 63 18 42 60 38 37 65 88 30 17 69 65 44 28 85 5 66 47 18 95 99 84 19 51 75 70 82 85 75 72 7 76 4 51 88 60 60 28 19 61 67 23 82 71 33 26 32 26 29 37 82 72 86 58 48 21 12 50 2 84 22 77 17 47 47 86 5 17 65 34 13 24 51 67 20 40 93 98 5 70 40 97 75 67 25 61 82 40 57 9 7 6 26 40 48 3 90 88 87 27 88 1 80 36 45 58 37 91 82 79 75 15 87 21 4 97 38 22 18 23 79 4 23 94 1 98 1 80 10 88 96 6 32 73 91 2 82 31 40 50 100 26 73 14 84 57 6 93 18 92 34 79 6 30 6 94 62 11 66 93 51 33 42 8 96 26 80 33 37 83 8 73 44 34 58 7 73 86 28 10 96 99 88 68 59 72 51 2 78 17 64 2 69 21 44 3 64 46 19 71 34 19 67 96 100 25 74 98 62 86 81 25 80 62 25 14 15 71 98 96 36 34 91 21 48 78 62 1 98 92 10 66 92 40 38 52 86 45 25 43 80 62 4 39 96 84 52 81 87 91 45 3 25 51 3 66 91 27 38 65 14 47 48 24 86 63 55 94 52 76 72 78 67 70 14 94 37 82 10 83 59 59 65 54 9 51 77 91 75 66 10 71 71 2 78 94 70 26 82 43 65 19 25 85 60 41 63 53 8 98 21 18 3 89 94 89 75 6 51 82 73 40 51 14 8 23 76 71 12 43 78 24 24 7 28 80 58 14 33 33 37 19 35 55 53 86 40 100 38 20 36 32 11 16 69 74 41 60 83 57 11 12 76 34 86 19 20 96 6 10 25 6 34 29 7 32 87 50 91 17 55 33 36 88 64 19 62 51 37 97 10 4 59 53 79 46 72 6 18 51 49 98 43 59 53 1 43 44 28 9 50 30 22 8 52 69 48 66 80 26 14 16 39 54 17 96 89 36 47 92 23 88 45 43 89 80 65 1 85 70 35 18 64 17 53 88 35 41 77 37 50 36 47 42 14 66 76 65 74 62 80 4 16 32 73 40 16 91 72 19 24 21 8 82 43 76 77 52 71 80 9 35 16 75 90 35 53 21 46 69 39 93 85 58 11 65 47 84 77 36 78 90 47 63 42 8 21 93 35 50 47 5 18 97 37 17 15 8 26 50 78 72 34 66 55 47 30 15 93 91 7 41 40 84 99 99 24 54 86 90 4 43 62 12 32 7 16 78 42 8 27 82 49 41 2 78 5 78 37 19 19 39 29 23 94 26 43 96 37 57 10 99 1 33 17 20 21 89 55 59 71 20 61 40 37 88 35 86 100 75 70 88 74 75 38 96 97 97 95 39 60 60 5 52 24 14 2 88 4 41 55 7 81 35 1 8 13 45 25 13 86 64 30 47 60 54 44 3 3 43 16 46 8 4 17 1 82 4 78 3 3 32 95 9 25 86 46 71 71 50 96 59 14 16 36 24 64 23 32 93 4 57 32 43 96 56 29 73 21 92 68 1 90 96 64 85 100 94 53 87 59 23 89 32 41 15 88 76 82 64 37 98 55 60 24 27 23 42 88 96 86 37 52 76 5 79 25 25 6 65 70 16 87 30 84 9 22 99 25 1 40 86 7 33 45 21 68 35 44 41 49 60 68 54 13 23 15 29 48 31 6 11 50 21 23 61 85 11 71 31 50 90 10 59 3 42 70 93 15 14 83 83 60 83 41 97 47 61 9 18 71 87 90 8 41 10 33 24 97 95 92 69 19 30 27 29 74 90 91 20 82 93 57 89 48 52 57 14 22 14 26 4 47 20 86 73 70 24 85 87 16 77 95 87 12 15 67 2 85 36 48 75 90 16 64 45 25 87 91 22 87 32 63 77 10 67 7 22 24 54 58 20 17 26 67 91 81 37 19 52 9 25 14 62 60 37 53 69 3 52 52 37 73 21 31 8
568
2 96 23 13 48 66 37 49 56 55 3 91 35 4 94 99 47 70 71 77 63 90 16 42 24 55 78 55 45 91 35 13 80 34 37 34 6 23 95 45 66 2 40 70 93 64 53 5 60 89 58 16 30 79 52 33 81 17 63 25 46 2 41 9 14 59 78 16 94 27 19 67 36 11 47 91 38 71 44 75 72 77 76 70 34 68 55 4 98 92 69 41 7 37 31 48 45 44 37 55 60 64 36 59 5 25 43 8 19 85 81 23 45 47 65 3 1 37 76 34 20 73 99 38 68 30 65 97 36 36 36 17 22 40 47 25 81 25 30 45 91 4 26 2 46 34 15 71 71 17 29 66 40 38 50 40 26 45 40 71 36 49 19 49 23 15 99 16 13 94 72 8 24 62 64 92 72 45 17 88 22 19 15 88 31 33 50 54 66 80 64 3 80 44 43 88 50 99 40 9 68 75 90 81 27 61 1 79 37 9 47 33 75 54 65 76 52 73 69 32 96 1 41 63 91 34 51 50 2 61 1 91 75 92 41 68 57 49 34 14 75 11 36 73 23 91 80 49 75 68 95 84 95 44 47 41 24 93 84 14 11 94 32 51 48 30 32 4 20 17 51 86 25 59 55 84 65 65 86 59 6 94 81 4 68 61 98 9 79 25 96 21 40 39 17 76 55 75 80 21 53 84 32 70 19 24 54 47 4 8 31 32 11 3 86 36 30 81 84 68 60 49 88 34 53 28 84 20 35 51 46 33 100 93 4 64 27 4 53 18 10 39 17 40 76 54 64 2 51 22 61 44 74 92 31 59 99 76 69 38 76 49 51 91 94 4 100 65 41 96 44 9 22 59 43 71 31 19 82 97 33 3 63 28 3 36 18 62 25 13 14 37 82 86 53 84 11 68 54 39 45 54 79 69 17 45 4 31 95 85 74 7 87 70 47 10 7 7 41 16 9 90 18 11 38 56 83 57 58 15 58 33 58 99 24 22 71 39 7 32 6 71 62 24 55 15 2 24 37 29 60 63 82 18 90 24 82 23 52 58 81 89 6 76 79 42 10 83 59 53 22 79 40 23 9 8 23 69 32 88 95 3 47 36 82 80 47 20 48 41 14 50 12 89 63 94 73 47 17 97 46 39 27 82 55 100 86 100 35 68 33 71 75 86 14 77 15 66 81 47 53 31 7 42 57 17 67 60 71 26 74 48 41 92 22 23 20 28 9 21 62 70 68 46 61 54 44 5 57 38 50 35 16 93 65 12 3 44 17 11 30 72 83 61 72 15 70 76
789
16 57 53 78 13 16 93 29 11 57 54 31 4 72 61 62 28 76 50 68 73 76 48 50 14 31 94 81 99 67 32 20 16 80 93 3 92 83 33 18 56 38 40 95 38 40 86 32 23 80 28 10 46 21 93 67 56 64 97 91 67 80 54 69 92 66 86 59 29 29 45 11 71 25 94 18 45 23 51 19 88 78 29 58 82 45 32 3 54 64 18 98 77 9 79 63 37 79 5 90 46 81 50 54 69 27 9 40 91 99 43 86 89 47 65 78 20 21 4 86 79 22 13 66 47 72 40 65 59 7 23 23 90 79 30 27 54 97 50 60 54 22 40 33 69 50 67 67 22 46 74 59 100 3 28 70 81 25 93 13 67 76 30 30 43 46 78 38 67 24 75 38 56 91 55 82 78 93 97 56 74 35 18 13 58 44 41 49 96 94 73 78 76 81 2 51 30 60 47 67 86 24 15 20 7 76 23 41 99 1 22 33 8 57 89 19 63 88 7 85 34 75 73 59 100 58 18 78 74 99 37 57 46 70 52 58 54 23 62 57 8 58 14 84 73 15 90 95 77 8 32 28 56 10 56 64 50 11 29 90 75 52 92 46 91 3 20 93 24 8 23 76 40 25 17 90 50 12 24 30 9 10 10 31 73 18 19 93 79 36 80 8 76 84 51 93 76 78 86 32 67 93 77 2 35 96 62 86 67 74 8 27 26 35 14 38 55 64 60 55 26 82 84 21 60 81 100 63 18 94 56 26 73 92 84 75 25 76 65 34 8 74 59 27 98 90 46 49 23 37 47 68 91 79 35 70 49 5 63 72 3 45 84 24 72 61 67 20 23 93 59 56 44 84 67 3 25 81 46 29 86 4 19 59 94 98 67 73 93 68 100 74 34 31 98 5 41 12 49 17 57 38 67 96 27 60 93 47 88 85 89 50 10 36 3 14 96 79 84 32 22 66 42 85 12 57 93 48 41 57 59 10 71 7 4 84 20 98 1 36 50 100 10 19 24 18 72 54 73 87 83 41 33 31 57 54 1 16 25 98 8 100 54 88 16 6 74 10 80 89 48 67 93 45 15 14 45 12 27 11 69 49 21 4 45 34 48 73 63 64 22 75 49 97 95 14 29 64 100 84 45 71 76 73 93 98 49 82 48 16 68 12 14 1 57 9 8 67 85 13 30 15 36 88 11 75 54 23 97 78 61 84 5 7 63 36 68 92 78 38 16 95 81 34 71 10 20 65 42 16 99 83 49 24 58 9 48 49 38 2 51 66 47 86 83 41 21 47 88 31 34 63 74 40 92 45 61 73 28 51 39 92 28 97 85 52 95 47 61 84 87 4 78 73 27 72 49 45 31 71 4 6 79 57 4 92 57 68 95 2 30 52 3 44 38 32 27 56 38 63 92 46 14 84 51 41 34 52 98 29 16 6 96 86 40 16 57 91 28 7 19 19 65 63 45 34 6 4 80 82 58 36 95 8 84 78 55 31 68 9 70 74 1 2 4 12 1 37 43 49 69 17 14 85 19 47 5 38 43 68 19 34 8 25 100 33 97 28 95 95 71 14 51 63 66 24 91 18 16 97 29 100 69 15 92 28 87 25 89 73 80 98 85 57 88 59 1 70 61 22 38 92 72 100 63 8 16 68 77 22 98 75 7 43 18 83 37 94 29 46 72 22 29 17 8 13 56 54 23 48 19 81 62 100 25 86 84 62 26 54 55 18 97 16 15 35 85 76 99 69 21 31 84 92 58 84 39 46 44 72 22 72 50 21 5 55 13 82 89
797
21 70 7 37 65 24 87 33 8 61 24 63 9 35 41 82 11 16 5 22 92 88 83 35 25 29 29 19 38 79 42 58 90 12 57 36 94 43 24 60 93 41 28 9 11 98 69 91 96 77 30 69 88 63 65 93 39 49 86 2 4 3 17 97 22 71 59 32 59 82 58 51 23 82 24 79 79 63 65 44 38 63 21 40 39 62 17 26 36 67 17 68 100 21 25 71 73 7 23 8 2 81 38 82 73 35 60 87 57 78 30 77 74 68 62 5 7 58 13 49 94 80 11 72 54 6 82 93 67 64 14 54 43 86 46 37 76 73 69 37 68 77 75 20 31 56 17 45 7 30 87 10 81 83 12 95 23 61 49 64 13 40 31 26 96 68 42 39 83 12 69 75 86 76 50 15 62 64 5 20 92 35 46 59 96 18 9 2 8 57 67 2 89 47 35 31 55 22 82 74 90 94 22 53 48 29 23 97 4 28 73 90 47 19 45 69 13 50 30 56 11 82 80 74 23 22 9 57 89 85 2 11 87 81 80 56 26 98 62 22 58 90 55 46 88 13 66 72 94 72 43 14 30 82 10 21 85 45 96 99 10 93 66 58 98 52 83 7 92 33 72 62 17 26 94 27 67 100 5 56 39 31 2 72 48 78 29 33 29 6 73 54 52 43 47 76 5 71 17 48 13 18 83 33 59 51 34 59 62 77 69 72 67 52 13 72 35 68 40 87 98 64 62 54 94 51 27 44 84 54 27 95 37 89 11 62 41 79 86 14 52 43 31 32 58 22 46 19 84 85 34 4 93 87 49 40 6 44 41 20 60 45 33 7 29 73 80 23 94 28 60 19 55 27 6 56 89 82 99 20 70 45 18 42 30 5 64 72 1 58 16 33 31 11 70 98 17 60 25 92 36 58 21 57 76 1 50 30 32 29 97 89 51 12 7 57 32 46 92 10 89 57 57 100 27 35 76 67 21 74 76 38 42 34 77 83 83 61 34 64 89 41 10 70 63 30 13 59 70 93 78 79 69 16 73 12 80 22 71 83 66 61 53 47 84 90 43 9 65 20 1 66 69 62 26 53 48 98 100 17 84 70 18 53 78 31 23 35 80 13 60 97 35 21 4 32 57 54 41 51 71 20 65 69 45 44 16 23 71 65 44 98 77 15 93 32 20 84 25 25 78 20 13 97 61 74 53 22 90 31 34 65 38 34 35 100 86 34 10 30 73 4 84 41 27 33 83 30 75 92 2 64 69 22 82 98 24 78 7 35 41 6 65 25 94 25 79 73 7 35 57 21 70 11 41 11 40 77 42 96 61 86 10 87 70 45 44 97 97 67 46 80 71 36 68 63 90 96 86 3 27 77 95 19 100 22 9 68 2 65 99 87 54 67 74 89 5 82 74 61 7 26 28 42 73 33 74 32 81 73 37 1 96 7 17 78 60 88 10 27 37 75 20 53 45 88 17 17 26 57 36 34 78 64 83 5 8 37 37 27 42 95 23 33 86 38 11 20 12 23 80 23 60 41 78 19 50 61 9 28 46 13 1 2 98 29 72 60 14 55 97 61 63 23 51 31 30 20 44 36 31 31 54 75 72 71 19 4 76 88 60 23 35 74 14 8 72 73 31 84 96 15 18 38 30 29 25 51 19 27 67 63 20 30 83 41 82 63 7 42 96 71 94 12 89 56 8 91 38 6 11 2 32 34 25 34 98 3 30 46 49 50 3 76 21 33 61 88 74 83 47 78 93 86 83 78 20 58 86 39 15 9 31 49 72 99 65 5 2 80 61 42 21 8 85 80 64
598
39 21 67 7 27 64 18 69 3 68 70 36 68 54 34 57 29 80 38 58 32 36 79 2 7 25 28 29 59 12 16 25 77 99 49 91 39 84 11 23 81 67 9 44 30 19 4 74 35 22 75 36 79 11 43 56 55 94 100 64 96 59 34 80 3 68 44 36 98 15 53 94 25 45 67 9 97 76 81 70 24 85 56 87 56 36 33 65 67 64 87 2 44 6 80 65 98 48 93 85 62 20 25 73 5 97 74 86 74 36 81 44 63 48 48 39 29 48 43 66 24 74 19 47 63 14 18 58 38 9 91 14 69 27 33 71 39 15 68 99 35 50 83 27 90 1 33 84 85 47 92 19 9 9 43 26 33 87 78 21 38 19 54 46 15 99 2 42 59 74 50 6 87 8 25 63 17 80 64 56 46 77 94 47 70 10 71 6 97 93 69 60 64 51 27 50 87 2 67 14 11 66 51 37 98 79 91 10 13 58 78 51 74 77 60 17 79 76 43 81 68 8 16 32 46 31 23 9 2 85 78 24 17 64 97 42 22 20 66 48 73 54 2 25 88 99 80 16 81 66 61 8 56 37 12 42 46 8 31 24 27 5 8 36 70 85 91 75 6 70 69 13 15 71 39 44 78 30 82 50 46 85 61 85 67 22 2 35 47 22 90 84 42 76 98 34 3 24 62 10 80 33 81 46 18 57 74 46 73 21 44 36 100 32 1 5 7 91 68 61 23 88 26 71 89 6 80 86 15 36 54 8 93 31 60 57 11 45 59 49 53 23 12 99 3 83 29 15 61 1 96 15 82 22 2 19 6 69 66 46 78 75 36 23 24 71 59 62 25 42 72 50 19 90 9 39 37 11 57 84 98 18 24 74 24 78 73 31 50 38 37 91 91 38 47 82 77 12 1 50 70 76 83 86 28 62 79 19 74 56 83 100 89 38 86 45 58 75 64 70 66 31 43 11 50 1 3 20 46 97 25 6 74 78 15 36 83 98 6 72 96 59 43 75 50 62 16 37 52 32 83 86 21 41 91 51 34 52 88 6 24 34 100 47 35 65 85 70 69 6 54 65 24 52 38 2 98 74 5 50 28 84 35 40 82 93 65 1 91 31 28 8 15 10 62 35 83 75 84 92 40 76 77 84 69 77 13 21 60 54 35 74 6 5 100 44 2 91 97 7 40 51 66 45 1 90 97 91 2 62 5 41 99 82 22 73 67 72 74 85 51 52 22 40 39 97 5 83 34 31 61 3 20 94 13 78 22 89 64 22 13 53 98 84 59 86 82 52 36 18 73 41 87 54 21 97 83 78 9 40 100 49 40 19 52 6 73 20 14 66 95 98 57 9 70 32 24 43
714
56 42 22 60 32 7 90 96 4 1 89 18 62 16 34 8 79 58 74 52 21 99 67 12 34 61 90 92 83 84 94 94 49 64 18 10 11 45 79 4 79 81 42 43 45 31 77 58 95 83 38 62 74 5 55 94 51 41 64 22 28 88 40 69 15 28 28 76 97 19 99 96 29 24 12 7 88 88 42 90 88 76 87 98 59 26 53 91 14 9 72 79 84 40 55 69 15 66 71 90 35 59 57 4 52 68 47 96 2 75 3 70 100 81 18 76 39 1 81 5 12 100 33 1 24 64 91 71 91 23 43 59 71 38 72 42 57 8 94 22 9 81 68 7 95 75 80 21 31 6 95 100 80 49 66 65 79 35 67 66 93 22 53 47 9 45 3 30 72 66 52 90 40 73 48 13 39 30 20 69 57 57 38 54 67 9 53 6 51 8 54 3 8 22 38 97 46 25 82 84 55 74 22 58 50 77 75 14 28 23 7 27 9 71 88 60 82 45 19 37 77 63 69 58 47 68 79 7 54 32 82 12 80 52 11 2 7 44 72 25 48 69 56 19 27 36 49 44 74 5 22 83 36 77 60 90 78 6 43 8 87 43 10 11 9 51 79 74 50 19 79 29 38 42 8 11 4 42 45 87 80 14 85 44 67 72 26 3 57 66 18 7 100 69 54 40 68 69 82 33 44 82 48 100 4 22 63 10 9 51 89 38 73 63 59 89 43 12 96 6 21 44 15 59 96 67 99 12 1 92 15 83 100 8 98 11 48 18 65 17 95 20 99 86 94 18 50 29 3 1 63 52 99 38 11 57 66 87 70 38 84 89 77 89 53 94 69 100 87 79 30 31 34 98 63 77 32 17 26 21 24 45 36 70 54 14 71 31 10 5 45 100 1 81 28 23 41 71 49 92 63 1 6 21 68 45 44 93 44 8 44 65 72 13 3 44 38 81 94 35 37 59 4 22 100 64 50 98 89 38 53 22 7 36 1 42 67 23 3 39 50 73 79 11 91 74 66 100 66 85 7 52 60 61 44 13 38 89 70 12 50 42 28 6 98 12 56 79 27 2 93 90 52 22 93 43 4 87 23 35 28 40 77 9 20 8 42 43 66 93 43 7 74 78 44 92 58 32 64 79 8 80 54 73 63 59 100 60 60 20 22 43 86 38 82 6 13 31 81 71 56 81 61 84 47 70 32 85 51 48 59 2 97 100 11 6 38 90 40 32 56 44 95 28 93 58 92 6 27 29 100 41 40 65 94 28 88 45 67 34 32 18 98 100 42 82 48 6 48 97 56 74 14 96 77 58 40 28 31 2 77 1 1 28 86 89 57 18 93 3 22 77 51 75 6 5 75 95 41 18 38 39 86 74 76 55 10 8 78 41 49 37 61 69 26 17 27 26 16 43 65 4 50 24 21 44 82 34 45 58 69 87 96 56 14 52 97 69 48 95 54 63 92 78 10 13 99 64 18 4 37 27 73 47 64 88 12 70 36 67 67 16 57 42 7 97 58 5 1 69 16 86 46 25 84 88 5 26 39 6 67 32 84 93 98 7 25 30 57 70 77 20 37 82 28 59 77 6 62 84 79 66 64 52 84 81 88 2 85 38 26 99 86 90
850
83 41 15 35 10 30 44 86 18 1 21 71 31 24 48 36 68 96 6 57 34 99 81 81 28 84 75 40 5 40 35 46 26 76 62 17 45 13 3 69 38 97 2 97 77 98 75 90 30 94 18 62 74 35 6 51 58 79 65 61 27 69 31 21 36 99 17 19 59 100 15 14 92 79 93 71 26 18 46 98 67 61 32 94 89 14 86 72 49 11 9 2 10 58 28 42 43 94 81 37 68 80 38 85 20 50 53 71 92 65 6 21 65 4 25 67 54 90 53 41 14 54 63 87 26 1 23 4 63 51 42 53 43 6 10 58 87 68 36 31 12 41 87 51 59 84 51 48 27 85 17 93 68 63 21 56 89 59 62 28 19 4 41 6 32 52 15 69 51 52 8 38 29 52 34 48 11 15 31 62 91 40 62 14 46 15 97 40 92 79 71 12 22 82 45 72 4 92 27 28 87 22 64 82 46 53 8 57 70 32 7 3 57 58 14 6 100 22 78 34 100 32 69 12 10 90 86 93 32 77 81 3 81 71 17 77 80 57 44 26 29 95 39 37 92 70 77 1 32 77 17 8 22 28 97 49 36 92 23 55 82 41 56 68 73 55 21 76 86 30 91 29 38 78 51 54 24 2 86 7 50 74 44 32 23 63 62 94 62 44 63 59 31 62 54 70 73 35 35 64 56 37 53 51 10 96 85 32 41 29 71 76 27 21 1 63 43 7 5 94 26 45 67 70 96 79 62 95 4 29 93 17 49 36 4 5 46 71 8 24 50 1 16 53 31 87 17 32 14 16 29 98 51 27 71 7 84 65 33 22 74 42 61 22 93 71 34 24 76 15 44 51 58 12 35 50 98 36 87 69 12 46 36 65 49 66 68 60 20 15 5 28 93 37 63 87 84 62 49 67 25 1 10 16 22 46 93 9 12 85 10 87 32 60 5 97 40 8 63 25 34 93 64 32 15 35 62 74 99 83 94 77 41 78 3 90 13 54 53 56 54 49 35 9 84 52 77 35 37 36 11 88 61 66 16 71 98 21 13 37 29 94 96 14 44 18 58 10 56 40 56 69 54 9 37 18 65 92 19 53 23 96 67 74 13 2 73 84 15 71 39 22 18 53 54 96 12 98 3 100 65 94 28 100 95 72 1 44 21 49 34 71 12 33 68 54 7 86 43 13 68 48 30 20 80 90 36 36 71 47 15 92 71 93 99 77 68 49 62 100 86 86 13 33 87 37 52 74 4 17 12 78 79 17 7 27 58 77 18 43 9 12 97 43 35 54 97 87 65 86 15 56 26 83 75 36 60 68 1 57 89 37 40 84 38 92 64 15 39 77 82 71 38 100 6 22 89 16 19 28 100 35 29 56 83 23 87 85 98 18 88 83 87 44 38 58 100 57 51 55 26 21 17 48 89 96 43 7 46 1 89 44 32 52 83 10 54 74 88 80 76 60 8 98 62 81 87 17 19 61 75 30 84 26 6 3 27 92 59 71 88 42 69 18 4 31 50 31 40 11 78 96 36 2 14 99 72 21 44 28 54 24 2 66 23 68 46 55 79 48 82 69 53 68 33 37 74 15 26 53 98 73 100 95 43 7 7 76 34 99 1 59 51 86 78 18 81 39 30 53 54 34 20 43 4 37 49 71 91 25 73 33 10 54 12 34 63 87 47 78 56 43 97 24 27 39 18 19 40 32 67 7 13 38 28 75 97 46 72 85 81 95 82 84 26 13 89 17 99 93 10 65 90 49 72 79 56 100 12 83 31 7 4 54 63 53 6 58 57 82 33 40 20 11 27 24 22 17 61 69 64 83 75 18 6 93 16 91 97 39 34 1 70 15 79 44 13 2 91 97 71 79 4 85 85 26 76 98 98 12 27 15 37 57 69 8 84 7 39 41 24 35 91 64 35 53 88 11 83 43
513
86 72 49 85 20 97 99 87 87 14 78 42 53 71 79 93 8 46 97 9 54 64 33 53 79 33 32 52 95 95 34 92 75 2 94 29 28 27 51 86 84 86 65 95 6 66 80 15 98 57 65 43 66 24 11 88 24 65 59 4 10 31 55 46 48 24 15 74 50 79 31 2 75 89 62 32 89 43 44 86 55 12 35 62 56 29 23 8 36 97 85 44 84 76 99 40 34 58 67 94 23 94 7 69 77 26 55 4 90 46 8 100 9 50 37 100 84 89 49 49 60 43 11 98 88 22 87 4 8 69 50 29 38 44 67 2 62 34 27 31 61 57 46 37 10 21 65 13 36 25 83 4 90 80 90 68 54 18 47 59 50 9 90 53 39 34 41 1 1 16 98 73 71 48 80 48 33 63 34 8 51 87 45 68 96 57 85 82 37 4 86 19 79 61 72 87 67 64 51 78 95 49 23 15 23 93 69 3 88 63 89 45 53 61 64 32 24 34 33 34 31 82 35 12 84 10 100 81 10 15 56 79 83 15 2 16 79 78 4 2 82 81 51 74 71 84 75 19 76 21 4 8 44 33 78 8 81 9 46 13 31 18 23 50 62 39 26 46 95 62 60 45 86 56 67 65 1 66 32 23 97 84 69 64 97 36 74 17 48 14 68 1 12 57 39 10 66 51 73 60 57 3 38 60 18 88 52 75 98 53 45 72 58 58 11 86 79 14 89 43 83 71 1 14 42 5 55 61 82 78 77 72 40 76 61 76 39 32 8 21 38 10 55 74 16 2 6 8 21 3 99 17 15 76 25 10 56 87 82 98 12 37 80 2 60 13 66 87 72 33 54 78 47 12 31 16 47 10 17 10 55 63 94 40 75 18 60 29 43 49 74 98 84 69 9 4 93 99 55 83 66 6 82 55 72 62 88 22 7 38 53 52 5 92 19 14 76 80 72 82 76 96 64 30 1 68 72 24 63 7 17 35 90 99 55 70 65 43 11 28 41 84 13 46 35 62 92 26 57 39 12 8 10 34 2 48 7 58 9 26 13 67 77 10 37 90 50 15 24 39 48 17 6 58 55 59 81 2 19 91 6 80 58 72 34 43 73 83 41 96 16 96 68 15 48 31 70 49 49 72 59 20 46 8 1 12 31 32 80 21 69 47 92
743
73 27 38 95 90 81 19 65 22 32 72 4 33 43 73 16 77 61 91 8 31 65 11 85 72 97 35 91 40 18 46 16 58 16 72 39 10 35 51 44 29 66 63 86 79 62 72 19 59 26 24 86 37 17 11 44 60 76 61 75 17 64 18 45 24 9 40 94 39 61 84 43 42 34 68 10 92 95 22 57 64 42 32 44 78 81 25 35 76 48 86 62 80 1 45 30 66 53 10 86 32 84 5 94 68 93 1 50 46 80 63 80 40 73 11 28 64 78 14 89 22 55 83 16 7 24 34 86 30 92 85 28 74 30 9 10 55 21 17 91 46 33 79 66 52 5 72 52 24 87 53 87 57 87 70 31 10 76 89 15 25 34 55 89 91 10 39 24 45 16 39 88 63 32 65 7 47 13 24 79 60 63 93 42 67 7 87 10 59 54 51 52 62 20 2 53 49 42 41 66 46 88 32 74 13 52 94 63 95 92 30 32 71 7 20 39 39 92 53 30 2 95 75 37 36 66 5 75 94 44 27 4 71 42 95 43 32 74 97 89 6 1 60 13 12 33 94 5 65 32 87 39 42 54 3 82 96 49 29 4 17 8 52 13 9 69 38 4 23 99 81 94 9 42 23 33 94 61 27 61 60 28 20 7 82 21 13 7 39 11 48 74 86 99 33 18 29 63 42 34 93 7 48 6 27 86 59 73 71 87 77 51 88 67 51 69 8 24 61 5 83 55 21 80 32 60 24 50 3 83 39 63 65 86 79 92 83 87 41 28 99 89 10 80 9 85 72 57 33 69 50 67 75 58 99 16 1 100 47 27 10 76 36 2 11 10 11 73 16 85 74 50 18 44 51 2 83 56 49 24 5 2 98 5 43 25 64 82 57 54 20 58 57 29 91 85 73 45 29 65 46 77 45 97 94 10 96 88 90 28 5 91 26 41 29 76 12 66 81 77 31 72 60 64 60 7 44 62 21 83 8 28 93 72 90 37 97 4 66 14 34 15 26 71 30 30 35 65 42 80 64 66 40 23 24 65 50 53 22 65 72 69 28 41 26 60 2 47 48 100 72 4 25 71 41 25 44 82 90 94 76 93 89 42 87 35 93 45 81 43 16 89 36 22 81 35 39 89 54 23 69 97 89 64 24 60 18 48 38 66 99 71 36 53 42 92 18 28 72 36 13 71 66 48 47 97 59 89 63 59 2 52 78 57 18 82 39 12 73 40 72 3 83 66 56 7 100 7 59 67 73 5 36 49 13 100 5 78 21 47 41 27 31 59 82 15 18 84 84 11 45 46 91 16 22 4 58 60 52 88 76 45 63 92 97 88 16 59 11 29 13 36 35 62 60 47 51 29 7 99 8 74 6 49 62 78 98 42 10 68 77 18 91 71 7 90 79 77 30 33 14 53 77 54 58 53 22 65 45 81 61 69 32 16 98 68 95 18 62 59 68 60 19 76 87 70 66 81 96 80 34 20 45 80 31 56 72 98 71 69 43 46 39 27 65 61 48 64 68 53 32 24 12 32 4 14 64 54 76 25 22 6 83 32 36 92 66 84 70 29 30 88 39 19 3 40 24 13 28 28 81 53 6 27 49 28 10 21 26 90 66 83 5 51 36 43 70 53 24 22 65 54 70 43 23 14 82 49 42 48 86 98 39 23 86 9 17 81 11 73 19 59 2
638
69 32 78 61 41 72 32 89 62 79 33 63 61 3 56 19 78 32 16 92 76 52 42 50 23 19 32 19 17 72 50 58 2 9 13 30 11 24 85 62 81 76 11 7 95 67 96 43 70 45 48 53 32 56 27 84 79 80 22 77 25 58 11 83 79 53 62 30 27 71 51 18 85 11 12 33 98 2 71 15 18 22 24 99 93 61 23 94 16 98 44 33 91 65 71 75 19 13 42 58 7 75 27 74 98 100 24 80 58 43 74 34 14 32 86 3 44 58 100 46 17 35 31 25 44 7 18 50 14 63 91 5 99 42 44 7 63 19 45 14 70 16 42 14 13 64 96 71 30 59 14 26 39 73 52 44 20 83 6 65 81 22 92 69 60 29 19 15 25 6 4 4 79 41 44 24 20 24 99 79 97 86 31 45 29 12 71 91 4 21 65 74 99 47 44 9 38 54 5 88 97 50 77 10 97 89 33 54 73 91 89 15 21 69 92 41 63 63 98 42 52 74 96 18 76 65 8 89 9 75 52 64 98 24 92 65 84 20 22 40 68 59 44 59 3 25 85 41 75 2 89 5 53 50 49 32 7 61 31 2 49 14 11 19 8 84 9 18 79 63 80 28 90 43 63 45 87 41 76 68 66 69 25 78 1 97 1 69 90 97 86 48 66 84 46 72 94 29 72 61 15 31 47 44 75 90 76 62 89 19 55 82 75 76 25 8 30 18 67 36 49 4 14 82 50 8 88 93 72 44 99 15 60 63 89 79 20 81 7 69 37 83 53 82 35 50 71 11 36 19 24 11 75 82 2 9 14 60 29 89 1 87 49 94 78 56 45 33 45 40 29 23 24 75 23 55 34 58 20 20 8 81 54 44 82 46 95 68 87 19 4 50 52 35 39 6 17 20 13 97 75 31 96 87 95 73 84 14 11 96 95 31 48 17 15 71 98 81 60 85 71 58 4 29 33 22 68 52 53 89 49 31 82 50 43 38 16 25 1 51 96 82 98 85 93 4 78 57 43 88 4 99 63 40 58 97 91 34 51 30 89 24 98 100 88 53 58 46 9 28 12 50 31 7 85 18 20 87 59 1 55 30 18 91 89 51 5 100 53 89 83 100 36 66 1 13 53 76 44 23 12 82 46 75 85 42 38 13 19 3 45 62 52 66 92 26 70 16 86 31 13 88 12 67 5 62 66 6 56 74 44 51 88 91 6 58 57 28 25 9 3 32 35 59 11 98 14 60 13 7 81 16 91 25 24 38 45 61 65 8 69 49 4 73 57 92 76 58 18 63 78 23 25 14 25 51 29 92 52 15 27 60 91 8 37 2 69 64 71 84 81 95 54 80 7 40 24 21 82 41 95 94 86 50 99 43 31 43 73 25 93 16 7 31 93 56 51 57 89 85 74 84 12 69 19 49 8 88 9 80 11 18 77 11 93 78 71 41
920
41 48 35 6 14 13 47 40 76 59 54 29 28 94 99 87 82 98 34 40 43 64 75 69 24 62 66 30 33 73 55 66 44 62 100 81 90 77 1 92 95 71 23 23 90 8 96 81 88 46 82 78 68 67 47 8 55 41 44 91 53 79 99 45 52 60 18 87 61 83 19 10 23 70 37 2 10 2 77 92 29 47 65 25 99 66 1 76 97 58 96 63 63 5 69 16 31 43 30 98 9 23 68 95 87 5 91 25 43 58 2 74 85 18 31 18 84 3 26 28 88 20 9 51 3 11 50 18 7 32 95 24 25 49 93 41 65 12 67 45 45 99 3 65 72 28 55 51 76 68 78 51 85 15 23 2 46 36 89 63 84 63 95 70 18 62 50 22 18 20 47 36 85 51 98 10 64 73 34 37 83 28 24 59 89 29 80 7 60 49 65 85 51 31 73 9 98 7 20 27 91 11 100 32 4 8 90 10 78 43 79 7 38 60 33 3 66 82 86 28 66 3 63 34 8 65 47 37 25 33 74 93 51 90 44 79 95 97 36 94 24 25 13 20 70 25 61 27 17 89 54 81 79 98 28 81 66 83 37 97 83 79 36 47 1 74 23 26 69 35 73 80 69 60 84 97 24 86 9 2 44 63 90 1 1 66 26 68 35 70 94 72 24 22 60 71 55 45 74 86 2 22 85 86 86 97 51 63 88 2 60 94 3 58 97 73 27 18 33 77 28 50 47 49 98 10 71 68 67 19 2 74 79 61 17 42 12 31 77 6 23 49 68 59 82 72 26 11 3 7 39 74 100 46 66 86 96 59 60 93 37 44 48 68 3 32 5 83 58 94 66 5 93 81 35 2 70 16 87 51 49 60 24 57 52 11 55 17 54 83 14 53 27 96 61 8 65 96 54 95 93 31 33 43 30 48 19 59 70 57 12 69 95 52 63 79 8 68 16 8 2 3 7 92 34 88 96 6 22 26 84 24 45 35 39 33 66 23 71 10 43 60 82 42 63 11 21 48 39 77 75 79 53 71 32 98 47 35 40 38 18 51 68 9 64 13 93 98 98 58 79 7 60 1 57 73 10 5 79 11 91 45 89 40 97 54 37 1 24 43 79 70 99 98 78 38 86 47 69 98 70 34 44 84 96 96 69 49 26 23 63 63 45 9 21 60 97 21 76 74 61 72 75 63 27 49 50 11 33 59 69 13 35 65 27 85 95 39 35 21 50 39 2 10 84 12 60 25 45 70 95 39 93 35 15 28 87 94 73 44 37 46 2 80 5 93 19 14 42 71 18 4 17 29 6 76 77 98 41 17 89 100 82 42 39 29 5 57 16 26 9 36 7 66 6 49 2 17 35 91 37 4 85 14 36 67 93 64 53 68 44 84 89 86 51 18 65 22 37 33 71 26 15 82 44 37 41 17 22 69 37 62 27 31 57 96 13 66 3 11 34 73 71 91 76 46 73 56 47 2 60 80 29 37 88 50 20 62 70 54 36 13 10 77 51 8 59 44 67 58 3 31 6 5 64 43 41 12 61 40 23 30 38 69 8 87 61 33 73 1 54 65 7 1 39 17 48 46 57 48 73 93 78 63 28 27 50 100 100 9 58 70 1 50 70 98 79 99 42 81 88 49 57 42 82 87 87 10 47 76 19 13 72 38 62 47 5 50 77 21 2 28 30 90 36 27 18 43 27 60 94 53 82 99 19 47 73 41 98 46 89 94 3 59 28 64 72 21 77 23 10 80 95 31 6 7 90 10 93 46 48 49 90 20 51 21 45 28 49 50 87 25 38 47 21 68 70 15 80 66 39 80 16 59 99 71 15 100 60 39 32 44 18 19 29 99 72 3 95 4 30 88 98 31 97 51 63 90 22 80 97 1 70 7 19 59 62 65 43 43 93 39 79 7 57 28 22 13 68 79 55 25 88 20 18 83 88 56 87 17 98 95 51 68 86 45 47 82 82 4 93 30 67 72 24 6 96 82 75 40 37 47 8 34 5 4 21 72 27 84 74 1 97 47 28 100 22 90 53 1 46 87 97 100 83 49 8 23 23 68 28 5 16 1 75 89 62 35 35 15
840
73 16 34 59 88 90 91 73 63 20 61 99 45 20 50 73 6 77 53 46 37 19 99 85 13 58 48 87 29 61 80 100 71 79 36 27 2 35 27 80 91 4 44 18 17 22 77 33 94 63 99 58 51 72 38 62 74 3 87 63 34 17 4 66 87 84 97 16 95 68 32 10 65 98 74 15 66 88 8 70 13 69 52 21 15 28 22 95 22 20 75 48 64 46 79 10 81 71 35 37 50 39 22 35 12 71 47 70 42 76 32 31 20 72 34 48 27 47 2 62 88 9 49 74 96 5 79 80 95 86 98 27 80 9 77 3 38 63 70 91 86 94 33 96 43 11 44 55 64 54 72 95 79 91 26 48 10 59 12 3 55 55 24 21 86 22 87 72 64 98 21 13 91 89 69 60 96 17 47 40 57 63 32 13 68 33 28 52 42 68 37 5 50 49 37 18 40 98 32 41 69 20 93 72 20 12 71 24 20 54 99 87 81 62 93 11 52 53 47 100 74 44 87 62 3 87 71 6 14 91 11 7 63 40 92 8 96 74 89 56 89 93 13 82 37 17 51 37 79 96 15 85 88 23 57 55 44 50 62 70 24 60 24 9 29 23 18 37 80 16 11 86 20 92 80 74 45 38 82 21 92 70 62 8 36 84 94 54 11 100 99 98 27 25 69 30 24 17 56 4 3 23 43 55 24 70 19 98 31 92 15 41 11 21 65 57 25 8 74 59 63 6 66 45 42 45 97 47 58 70 2 78 54 14 21 12 73 15 90 41 6 9 90 32 30 77 51 58 35 47 99 4 86 32 63 72 20 53 59 95 71 100 85 38 5 44 70 41 14 97 90 57 61 64 14 74 73 43 67 36 32 10 33 13 27 76 68 56 30 79 76 14 20 73 38 30 73 11 78 30 26 51 3 12 33 9 22 63 64 67 57 95 45 39 60 75 29 68 5 19 86 16 86 42 69 96 71 90 70 95 75 17 18 63 73 27 86 20 24 95 56 93 35 80 59 21 6 33 63 93 58 93 4 45 29 40 80 73 77 37 58 47 40 80 82 62 82 64 24 88 97 89 59 47 48 9 9 38 53 75 22 78 31 3 20 77 5 23 36 21 64 6 73 46 56 27 61 41 60 85 64 91 12 60 56 17 41 84 56 80 41 92 91 89 80 42 75 55 2 47 48 71 69 72 8 96 58 54 49 73 90 57 44 8 33 34 43 68 100 12 63 51 88 72 39 90 1 23 53 1 30 49 71 70 93 52 100 100 95 5 40 47 12 73 93 6 98 87 47 37 28 82 74 12 50 68 83 52 71 56 95 46 66 75 14 40 12 19 37 99 90 60 36 58 75 7 59 24 3 18 47 60 56 67 2 10 76 90 37 32 37 73 44 28 21 84 22 16 92 76 35 4 24 24 31 29 45 63 58 50 65 16 27 25 39 15 48 89 96 41 89 72 23 72 90 92 22 18 81 32 14 29 12 67 58 60 86 99 55 9 24 31 53 47 39 13 91 35 8 64 76 44 51 57 32 45 78 23 73 37 25 39 5 50 72 30 24 91 70 76 93 100 21 42 70 59 19 72 60 56 87 97 60 16 64 50 54 85 87 89 45 59 79 4 33 45 29 42 1 11 20 16 82 1 62 93 98 43 55 73 82 65 76 65 34 25 89 83 91 36 59 60 42 41 4 96 65 97 87 16 78 100 2 46 43 43 51 82 21 64 98 82 48 61 46 5 18 96 62 7 96 8 26 79 6 15 25 93 46 33 80 24 98 77 80 81 82 14 4 12 19 34 70 68 58 63 37 58 50 58 92 77 83 25 80 26 21 73 89 20 68 14 12 59 12 52 5 31 36 80 78 60 10 3 10 28 50 36 39 39 6 27 58 73 51 77 2 95 15 52
753
24 79 84 8 83 4 48 4 80 72 70 18 74 10 80 78 52 66 57 89 9 28 89 40 41 69 61 3 79 10 23 30 60 63 97 55 68 58 96 51 39 56 96 36 30 94 92 62 15 10 70 78 38 2 89 7 15 37 83 26 88 57 48 10 54 41 39 36 85 54 93 81 99 10 20 74 21 14 61 35 24 24 48 70 96 94 37 59 42 14 54 93 96 42 98 66 49 12 95 75 42 76 64 79 39 50 36 30 73 49 52 7 9 18 37 31 48 17 88 4 90 90 51 11 1 62 47 48 69 24 78 8 47 50 1 3 91 70 31 80 96 59 67 65 59 20 48 12 36 6 24 77 71 52 85 99 17 16 93 23 94 45 37 76 72 89 28 50 86 28 42 18 85 82 22 79 21 51 8 54 14 8 28 76 85 38 47 16 60 52 12 1 73 86 16 36 54 85 94 5 55 88 78 15 37 58 65 10 21 2 97 48 9 78 27 61 54 3 22 72 91 48 35 28 45 54 89 53 18 3 97 50 68 21 13 18 100 89 23 30 65 66 51 17 20 8 25 60 74 53 44 90 28 62 33 35 5 2 4 75 24 51 83 9 33 29 56 98 27 59 52 64 8 18 50 98 50 76 11 49 58 6 11 3 50 38 94 23 80 85 65 80 19 65 60 16 50 46 59 64 89 20 50 49 85 82 73 42 8 83 48 4 11 76 89 45 87 18 90 80 45 16 32 68 39 86 87 10 81 4 37 9 19 93 29 11 15 82 25 49 68 80 81 24 84 34 98 24 93 22 100 26 6 1 84 93 19 38 66 34 27 54 16 7 44 94 94 21 25 39 21 14 71 29 37 16 69 22 53 4 52 90 61 22 30 42 63 95 96 80 71 83 10 15 34 64 98 82 56 71 18 57 64 82 14 61 41 37 9 40 98 76 90 1 55 73 86 45 87 74 95 81 67 92 28 32 76 94 50 60 98 10 67 68 97 20 19 67 48 91 15 72 87 47 16 92 63 45 22 87 51 83 56 11 22 34 30 90 36 85 75 81 25 17 97 61 4 8 8 19 100 78 71 36 81 15 12 60 75 16 71 84 83 69 26 95 10 36 3 36 87 81 66 3 86 75 100 38 75 31 80 48 37 7 2 31 47 33 67 39 66 63 26 18 75 30 76 24 33 45 34 87 43 66 2 15 58 7 98 44 94 74 60 20 96 55 76 90 62 85 89 96 19 87 18 26 68 57 28 72 21 35 73 54 77 54 36 71 26 19 7 29 100 32 15 78 63 48 14 87 53 6 21 28 42 42 21 88 81 96 22 14 88 49 67 7 53 22 22 24 93 31 20 33 100 50 82 16 7 40 48 3 66 11 34 97 69 75 4 15 86 58 19 64 38 61 20 15 45 13 92 69 46 43 27 25 91 76 48 62 54 92 73 33 45 94 55 85 90 58 96 86 5 90 80 49 78 2 3 55 95 1 18 67 1 27 82 67 15 29 35 82 46 84 60 14 15 80 16 26 44 30 25 3 88 82 34 93 79 74 43 15 36 74 87 43 67 15 94 58 60 29 25 30 61 26 17 4 11 30 61 12 66 90 32 14 88 86 95 12 71 64 76 80 14 61 60 41 38 6 94 40 80 62 65 41 32 42 41 4 8 33 84 48 21 94 22 57 63 73 26 51 48 41 67 27 14 38 23 12 26 100 44
754
75 47 29 16 49 69 66 57 59 21 63 8 52 97 21 59 44 20 8 87 56 88 75 98 66 32 30 73 54 21 48 6 56 53 51 8 87 60 14 51 99 55 98 13 64 20 43 79 30 55 21 69 6 99 29 58 87 28 15 78 34 5 97 96 11 2 73 4 37 83 41 84 10 57 46 61 77 98 37 92 32 2 36 83 1 16 5 15 54 74 94 97 38 48 4 8 26 66 56 4 92 92 48 82 83 20 29 78 94 94 99 11 72 46 68 81 28 95 9 38 67 51 5 60 53 63 92 31 35 74 85 86 84 82 56 3 84 36 51 59 17 15 8 84 63 72 61 28 8 66 36 40 97 38 83 27 90 8 15 42 4 42 14 79 26 68 12 41 32 30 85 25 86 76 63 89 60 22 20 50 28 53 42 55 54 86 79 92 61 45 48 95 29 60 35 51 91 72 73 11 25 66 39 30 23 79 59 8 98 62 54 88 57 23 97 88 95 90 22 28 63 3 34 81 61 16 41 95 58 93 14 87 32 57 74 23 17 100 79 7 61 72 1 8 62 82 11 51 12 58 47 48 29 89 72 69 6 13 38 40 4 76 79 47 92 38 90 42 26 31 5 50 25 68 9 39 62 100 78 35 56 80 47 4 47 37 56 16 7 59 23 21 57 91 56 55 46 64 18 36 12 55 66 33 61 80 47 5 18 90 94 9 70 20 70 18 65 33 39 56 97 71 28 48 95 74 92 3 24 68 5 82 29 28 40 18 15 77 24 10 72 92 23 37 84 70 26 53 56 42 51 79 69 3 52 53 57 5 47 65 14 82 65 19 65 75 38 9 21 57 68 22 17 23 41 47 68 84 75 47 75 100 79 100 91 89 95 42 7 51 71 25 63 36 12 11 16 15 27 62 23 14 15 1 70 54 44 96 51 90 59 92 62 47 22 50 27 45 77 82 72 56 98 50 22 26 23 97 81 46 81 65 80 16 64 78 37 1 6 93 59 86 40 2 77 46 79 40 44 12 57 34 69 21 95 91 22 65 37 89 84 57 45 83 87 90 61 15 13 96 56 92 100 30 9 44 43 47 91 29 71 92 82 44 84 9 62 7 30 25 7 98 15 99 83 55 8 64 12 74 18 20 53 11 71 20 86 11 99 2 96 44 13 64 28 83 86 61 61 86 1 29 24 37 74 50 50 52 57 62 12 68 56 45 90 67 58 56 97 41 33 87 93 76 94 16 58 61 25 23 54 84 48 79 77 55 81 56 34 66 52 65 46 27 22 73 45 2 11 20 97 71 28 46 72 27 39 79 24 40 28 41 43 24 55 24 7 78 74 29 55 60 80 28 28 59 73 62 3 21 75 37 15 34 44 33 86 51 58 33 19 84 10 11 25 41 35 65 14 83 72 55 29 50 29 20 58 100 46 85 83 23 38 73 25 80 37 75 100 59 49 5 84 75 97 48 63 74 36 95 98 25 57 64 74 76 18 2 43 92 35 88 70 4 38 96 67 15 68 83 3 38 71 46 54 70 27 99 57 86 80 63 53 30 36 38 60 42 23 49 13 56 80 36 70 70 72 22 65 55 90 29 63 63 86 44 43 22 13 77 85 29 1 2 45 24 79 1 71 63 10 76 55 28 33 99 38 52 46 22 25 19 21 100 84 100 76 6 3 8 45 1 82 29 82 78 96 42 76 64 53 99 18 22
684
7 97 67 32 17 44 27 91 99 7 82 88 45 18 31 64 68 97 82 71 55 73 48 21 47 77 82 81 94 92 22 94 26 72 61 38 85 57 100 42 49 3 23 40 54 71 72 27 72 82 49 25 70 76 4 20 43 50 39 25 72 90 52 34 45 39 60 94 71 79 88 13 1 55 38 7 25 4 76 30 85 29 75 84 81 48 64 25 70 73 37 30 19 99 18 86 100 41 7 59 64 66 31 55 17 93 80 64 48 98 20 53 19 75 100 51 91 58 25 35 92 4 94 24 19 10 37 12 46 97 1 39 58 26 51 82 48 87 49 57 15 36 52 48 4 54 90 3 91 61 46 54 32 20 89 77 75 58 81 59 39 60 87 11 58 47 97 68 88 27 33 97 56 32 12 81 85 20 58 45 85 58 96 50 10 61 1 77 13 100 88 5 90 92 56 21 18 47 10 29 96 89 5 87 84 91 61 16 31 57 79 21 33 2 94 34 22 6 14 53 55 50 34 32 41 98 10 48 68 67 59 2 77 69 50 9 10 58 5 81 55 63 64 80 53 48 60 82 84 70 80 35 75 48 29 29 87 5 84 31 66 34 81 93 24 74 76 34 88 74 94 16 25 31 12 37 65 95 32 34 95 96 42 6 6 38 97 35 13 86 61 69 2 69 92 45 42 19 22 48 53 14 37 47 4 42 51 2 14 7 73 33 64 56 79 18 65 71 16 74 4 41 41 99 57 69 96 72 63 15 93 6 59 33 64 30 12 15 19 33 3 67 5 61 28 85 59 29 46 51 81 38 20 98 1 27 91 97 33 86 61 20 35 34 8 64 18 9 61 77 79 85 76 35 61 16 11 1 21 88 11 30 28 77 35 18 31 51 82 27 41 35 65 89 25 64 37 11 40 3 85 78 55 37 18 21 62 91 79 21 20 80 55 65 97 17 26 6 37 25 19 38 34 88 97 40 93 21 93 53 25 90 73 3 65 40 5 100 62 87 13 42 74 21 51 9 63 19 45 28 38 16 7 93 29 84 43 20 11 12 1 62 17 20 56 72 68 82 88 41 82 60 53 82 97 90 32 11 28 4 26 65 54 18 69 52 79 18 13 34 43 74 84 52 2 55 42 53 37 38 46 94 57 51 44 81 85 18 29 49 46 41 3 12 31 82 64 87 72 63 21 85 24 22 79 24 32 8 53 5 84 97 70 76 35 96 15 93 40 46 79 32 42 1 16 30 60 74 18 96 65 20 85 21 35 34 25 3 62 16 76 42 38 36 19 69 34 7 36 85 29 65 46 68 75 38 75 14 35 75 69 73 20 59 2 37 2 92 99 53 92 80 73 73 31 74 31 72 49 40 73 84 35 100 73 38 77 21 33 32 93 32 84 45 61 41 78 46 59 94 5 54 52 64 4 73 52 6 77 52 64 81 92 27 88 86 13 8 1 73 34 64 57 42 77 63 26 70 12 56 27 10 85 84 43 99 20 42 9 14 61 40 65 39 53 66 92 58 58 90 1 85 46 63 71 49 59 78 19 63 36 65 43 68
619
52 50 60 87 86 19 79 100 70 16 4 60 77 33 31 57 7 2 46 76 42 9 23 61 34 51 50 10 73 100 94 92 10 8 43 40 12 84 53 20 68 84 64 96 57 63 80 52 8 15 81 81 58 66 51 5 60 52 64 49 33 17 17 43 24 82 84 10 46 12 18 54 73 87 81 56 95 74 60 28 94 15 65 62 28 25 32 42 79 28 100 52 67 92 14 60 54 36 46 35 12 80 34 59 63 56 8 3 12 23 47 52 34 35 88 90 68 29 28 87 28 92 7 7 99 29 13 51 96 33 98 52 29 30 97 15 47 39 62 71 28 16 26 96 22 66 16 61 44 23 14 82 48 86 82 19 57 64 88 55 16 80 26 53 40 9 33 23 88 51 14 98 53 20 66 77 35 32 69 2 81 1 74 1 16 1 36 41 61 28 54 90 11 75 35 3 56 11 42 26 54 53 43 54 71 26 67 46 88 89 74 32 99 49 85 33 84 30 49 38 20 11 22 40 60 67 43 35 28 20 72 97 69 87 36 26 38 5 18 56 64 29 94 17 77 74 80 37 100 51 5 55 82 95 79 95 46 58 66 35 40 11 36 45 74 30 28 41 61 99 96 29 11 99 67 98 84 9 91 63 43 73 73 98 98 14 18 96 12 51 31 24 75 42 3 30 40 93 97 4 90 95 11 13 24 10 78 53 50 89 68 44 64 87 11 36 16 78 22 54 44 12 57 18 38 36 96 33 47 48 33 65 79 30 79 75 53 5 32 71 23 83 1 3 87 82 96 61 3 71 18 58 91 59 64 63 1 2 37 3 82 83 3 93 76 35 78 55 47 96 42 26 12 1 6 90 5 22 15 58 39 94 71 31 84 20 4 27 13 78 83 43 66 86 78 29 5 49 60 96 11 41 87 82 11 32 14 61 98 10 44 80 5 48 92 97 9 71 40 85 58 82 88 72 92 82 93 1 29 13 29 30 43 36 27 84 96 66 50 10 21 71 38 3 45 79 95 18 22 49 66 5 35 29 10 15 27 40 35 56 34 77 100 60 24 63 48 75 3 100 17 90 33 82 74 72 48 7 57 29 1 78 56 5 7 90 38 68 31 45 62 23 61 30 37 13 54 9 27 84 59 13 33 95 55 52 59 12 32 100 23 12 19 48 54 34 52 77 17 23 26 12 35 6 81 27 97 5 11 14 83 80 85 64 26 99 71 40 75 64 4 81 99 24 4 31 3 93 15 83 78 79 47 10 59 78 6 52 98 94 67 39 26 32 16 62 46 54 68 98 99 87 66 97 47 20 47 1 33 59 38 84 14 23 33 81 1 10 47 15 42 46 12 3 85 20 43 42 29 36 16 55 62 44 9 11 99 1 40 16 86 84 41 5 73 31 49 6 32
652
43 52 22 71 57 41 43 43 61 67 60 19 27 64 90 46 91 11 5 6 5 86 29 15 61 76 2 71 90 56 93 94 40 94 51 22 16 16 78 85 100 70 54 33 83 1 29 90 80 72 53 36 16 38 79 73 78 4 73 14 34 50 85 39 28 45 51 97 56 86 10 95 70 47 97 4 60 71 5 12 8 22 62 76 68 38 68 25 84 78 64 98 44 45 24 72 50 17 55 8 54 10 76 50 5 18 99 87 65 92 48 38 51 74 77 41 67 27 8 67 51 15 17 7 75 37 10 14 25 87 42 92 88 62 61 87 1 35 90 39 95 82 47 81 35 11 48 37 60 5 48 28 82 34 81 3 52 23 73 65 97 47 38 27 40 75 5 89 51 62 22 81 60 21 15 31 62 75 90 37 83 36 32 43 90 13 95 4 43 85 6 10 83 51 22 15 18 80 28 29 11 67 63 53 75 37 2 1 70 22 46 86 8 77 50 92 71 59 67 36 11 84 72 93 44 75 56 35 4 74 3 66 13 99 96 17 34 69 17 26 48 65 25 95 17 34 33 27 35 16 51 85 8 8 63 73 1 58 17 24 67 13 43 6 1 91 98 100 2 100 96 75 13 7 80 12 59 58 10 49 74 10 31 35 4 45 64 8 45 36 50 18 25 87 40 64 24 4 51 8 83 87 10 100 8 98 39 71 93 54 44 68 95 24 6 99 98 36 13 29 85 4 22 17 5 42 14 60 9 7 10 64 93 94 72 84 73 85 58 88 31 4 64 89 26 57 25 58 6 1 31 62 10 53 57 91 94 1 69 24 63 95 54 15 51 18 41 11 67 66 97 98 33 41 33 88 77 41 16 45 70 75 9 98 33 95 72 7 34 61 58 81 13 43 67 58 8 28 62 17 19 79 66 35 73 3 12 22 1 80 99 56 5 34 70 16 28 63 82 19 33 83 13 81 96 38 23 58 38 75 99 54 92 47 13 6 87 40 82 85 62 57 77 70 2 25 41 86 84 62 12 34 30 67 78 58 18 21 75 31 63 80 48 43 100 41 62 1 48 64 59 9 27 26 58 81 87 76 56 56 14 39 63 71 36 95 40 80 34 86 16 78 34 75 81 19 84 62 52 50 16 75 77 36 58 66 17 38 67 53 8 43 60 58 3 16 84 31 32 32 15 38 45 38 85 14 99 60 9 60 79 95 21 62 17 86 49 17 26 81 86 45 91 14 84 59 9 16 33 45 69 35 87 15 80 92 58 68 47 20 1 8 33 83 79 69 74 71 41 51 87 40 87 17 74 32 30 37 97 39 78 81 50 65 92 6 52 65 90 55 78 82 91 79 23 32 65 38 58 41 46 82 59 38 77 36 81 53 42 33 19 28 62 10 82 2 72 75 65 89 2 36 40 32 9 90 82 55 57 19 33 68 5 80 68 61 88 59 4 46 74 38 75 81 35 75 71 95 69 58 96 51
872
37 75 36 92 50 18 62 3 43 86 89 11 80 76 7 1 92 99 72 54 70 61 68 65 34 62 11 53 51 15 32 42 93 76 82 86 73 93 45 98 25 87 37 70 69 91 8 2 99 98 87 46 33 16 93 16 53 98 38 18 84 54 46 24 58 57 41 67 28 57 46 28 72 5 36 27 63 69 87 77 36 81 85 11 12 51 92 80 78 57 27 34 23 65 100 58 39 61 61 91 84 100 39 7 77 30 10 82 46 36 5 72 69 32 95 3 2 19 26 43 97 32 97 14 79 63 12 65 34 27 61 72 64 18 88 100 3 85 24 97 10 73 50 71 9 91 58 31 13 22 23 97 52 43 38 16 67 20 7 38 1 98 18 20 6 84 21 29 86 29 4 10 35 35 94 16 74 48 89 76 85 92 56 16 99 43 31 30 77 87 69 22 20 78 16 32 98 72 71 84 79 25 13 99 2 49 17 73 66 25 4 58 90 53 56 93 16 97 75 44 71 27 46 72 26 51 67 58 69 78 44 58 83 72 55 99 10 6 94 91 52 78 29 78 48 88 91 31 74 51 73 79 42 79 10 41 66 80 49 44 28 78 39 69 81 24 12 91 64 88 33 33 37 80 52 44 39 80 97 62 84 39 10 15 92 91 46 9 31 12 8 66 91 64 55 28 10 99 20 25 96 22 82 58 82 18 72 96 4 6 2 20 17 71 41 96 35 88 82 85 43 35 73 44 7 91 95 31 1 19 32 26 74 40 78 70 36 81 40 38 55 74 34 1 81 46 5 41 36 2 69 82 22 27 6 79 85 9 85 89 72 10 21 2 27 20 82 41 29 96 57 31 37 52 63 26 52 88 3 52 12 76 46 31 98 37 83 23 63 99 31 23 65 55 92 82 9 60 18 97 97 62 66 3 33 43 80 42 81 9 94 44 67 56 78 24 70 35 35 18 49 73 54 66 81 25 68 78 89 11 12 2 57 98 95 10 73 97 79 39 61 67 33 32 66 68 79 29 100 19 34 45 76 19 76 15 76 71 80 80 85 90 16 37 92 62 89 90 90 52 14 44 65 13 41 3 47 77 45 6 6 62 4 100 83 6 13 72 28 11 89 39 88 66 76 49 89 55 72 66 84 58 19 24 88 31 32 100 47 11 56 39 18 94 88 48 25 16 36 5 82 93 29 45 17 78 27 42 45 24 97 38 78 55 16 75 62 48 5 33 29 62 16 28 26 54 17 65 44 75 60 12 16 53 92 39 67 32 99 70 100 67 3 58 6 77 26 12 95 75 9 82 44 4 62 23 78 4 39 89 20 18 25 61 67 46 60 66 58 50 41 38 33 1 47 60 32 80 5 82 86 38 37 81 84 69 100 100 9 64 52 35 9 64 47 34 1 96 57 79 28 57 34 100 15 71 92 51 98 5 73 49 14 3 17 99 33 69 35 29 25 62 61 77 91 63 4 74 56 43 92 88 100 47 97 94 83 82 21 71 48 35 100 11 75 50 62 55 53 80 72 29 71 84 66 61 13 95 2 70 2 100 11 8 64 60 55 99 29 60 52 99 60 48 9 45 24 49 82 45 47 49 18 2 21 66 63 7 23 1 65 47 100 86 68 23 74 39 8 84 59 98 68 46 19 67 42 15 18 94 100 72 99 24 63 87 46 80 46 7 51 66 57 86 28 96 11 98 80 36 44 8 16 76 24 10 100 27 72 52 59 99 73 14 59 95 28 59 94 95 1 72 72 8 7 44 92 75 63 54 50 98 57 45 81 21 16 80 37 11 9 28 68 56 18 64 43 16 47 26 5 85 45 31 12 25 41 1 100 31 54 60 82 46 22 30 42 31 38 85 71 13 97 21 14 30 79 46 1 93 38 35 53 57 24 58 28 80 44 47 68 78 47 84 20 85 78 31 71 22 72 94 56 14 66 10 7 16 83 36 50 43 81 83 56 34 57 75 72 20 92 93
520
33 32 60 5 10 17 37 80 37 36 92 53 58 7 81 63 52 16 48 41 92 43 54 35 27 86 62 77 100 59 7 99 48 43 62 38 71 28 28 19 33 86 30 61 83 48 37 25 32 99 97 8 83 98 31 25 55 55 57 8 89 57 30 100 30 83 5 89 61 49 93 62 55 86 78 8 9 49 63 61 57 76 2 13 80 84 86 45 67 58 34 17 68 69 48 14 29 92 47 23 55 58 86 39 25 52 91 96 83 11 52 16 75 57 57 12 58 81 72 72 53 45 52 59 96 92 65 60 33 4 86 80 14 83 73 62 14 23 12 25 44 41 54 46 31 40 90 12 96 82 89 15 20 75 15 29 14 79 11 79 87 2 95 33 92 11 59 13 99 5 27 60 94 65 85 5 33 60 23 45 96 60 38 89 87 28 87 40 3 98 41 28 9 40 9 38 48 54 5 41 84 6 36 38 7 5 3 35 35 97 85 96 82 40 10 74 12 52 70 67 63 61 81 19 49 75 35 93 94 49 53 1 84 91 76 49 65 61 40 72 61 4 17 10 68 70 80 58 29 91 65 92 87 10 39 81 30 85 6 100 57 62 100 80 82 77 10 37 81 98 85 13 58 55 42 84 93 57 50 48 53 56 76 28 92 67 96 35 15 27 45 72 1 61 83 8 67 64 41 63 60 1 88 24 88 89 53 6 75 83 43 70 70 57 7 11 46 76 56 69 2 84 89 90 84 39 83 92 6 46 70 32 38 55 87 84 14 95 41 38 62 16 42 1 83 57 23 12 24 79 41 29 18 57 22 14 85 68 80 48 86 16 83 30 19 100 18 42 88 23 3 55 63 1 45 53 87 20 15 57 25 48 39 40 78 80 14 25 28 67 75 4 80 37 86 7 71 78 68 2 87 33 94 34 99 51 75 47 50 73 48 100 85 67 97 93 57 34 55 73 94 20 44 32 82 21 78 16 58 18 54 82 91 68 98 80 88 44 73 66 53 84 96 28 21 60 48 84 80 23 52 69 37 72 99 87 34 75 36 64 36 21 51 33 41 39 91 29 34 47 56 57 8 55 55 51 5 99 99 50 25 17 66 45 40 4 61 50 64 64 17 39 26 85 88 86 73 3 17 45 97 43 54 62 52 88 15 26 37 28 65 27 91 16 89 94 27 41 70 51
662
97 84 85 68 10 25 48 88 46 8 33 34 93 36 66 66 31 80 50 67 58 93 65 5 86 83 22 60 84 45 77 16 97 94 85 71 49 60 83 62 16 26 54 33 48 45 23 82 53 50 33 70 73 92 53 40 95 69 55 43 11 11 4 82 49 33 55 59 30 49 70 51 2 31 68 81 30 57 71 66 92 75 94 14 39 66 20 90 14 80 6 86 82 51 15 88 39 19 86 95 28 93 37 83 16 74 33 88 30 42 4 45 53 9 21 98 92 56 88 20 44 26 93 17 24 37 91 86 60 72 54 66 57 14 21 79 97 89 91 98 81 79 69 28 34 76 32 95 15 24 25 40 86 6 26 84 7 50 93 71 73 98 35 41 47 22 54 80 22 7 6 8 93 77 7 76 50 42 1 66 82 21 89 15 31 92 74 28 44 29 63 27 31 79 25 7 44 70 29 96 22 65 18 87 2 44 22 64 32 70 33 90 22 3 2 53 69 25 71 100 98 25 83 68 14 67 59 43 95 83 96 97 47 22 45 61 32 73 77 5 63 38 27 44 28 22 36 25 52 70 77 100 9 7 80 22 28 91 14 2 65 45 81 70 81 24 42 10 92 13 76 7 50 78 19 16 29 64 77 11 62 98 11 93 26 51 66 6 56 85 29 23 14 57 3 100 3 70 91 10 89 62 75 68 87 47 34 40 5 88 80 99 33 23 83 95 25 68 77 72 97 87 12 32 14 46 41 7 51 68 87 42 77 21 92 64 30 10 22 56 8 8 82 1 69 44 36 83 3 66 76 88 29 71 39 37 81 35 63 67 29 10 75 95 26 41 49 84 69 42 75 85 49 63 91 67 53 12 54 88 77 71 52 14 1 89 75 74 84 73 69 26 72 51 65 100 71 50 50 14 48 46 82 28 54 95 27 83 58 10 69 49 59 43 38 78 91 69 40 23 22 65 72 45 96 4 91 2 1 31 63 95 59 61 84 71 86 91 4 52 79 60 63 21 5 78 87 65 59 46 18 8 99 40 68 82 86 54 44 66 38 58 4 52 88 22 63 13 8 82 51 70 65 44 31 62 96 44 52 99 18 42 18 47 29 3 64 51 22 69 52 35 28 97 18 32 74 25 76 80 41 20 81 78 61 40 46 33 6 51 95 46 57 18 57 66 45 73 41 19 15 8 20 90 76 5 88 37 85 20 33 8 15 97 58 89 49 84 81 62 3 52 6 36 28 48 14 82 80 24 73 93 30 5 80 21 63 39 53 40 88 90 69 64 71 93 77 33 93 85 46 30 66 94 10 79 73 6 10 28 31 50 67 34 93 72 5 48 60 1 93 30 91 29 94 70 56 50 36 54 63 92 60 9 12 60 25 24 9 61 98 62 80 34 99 78 99 67 39 2 85 26 83 18 59 62 97 71 65 54 80 52 43 63 49 28 63 79 60 18 95 37 24 14 74 73 46 46 55 92 54 97 81 51 35 81 21 86 67 34 13 17
650
51 74 73 22 41 41 40 89 9 41 28 99 100 53 98 40 80 38 61 80 44 4 74 14 58 15 91 27 33 81 29 8 72 2 98 96 13 4 24 9 33 99 80 2 15 93 44 50 10 41 79 77 93 31 43 42 37 8 5 35 87 51 96 62 58 81 43 52 78 51 98 90 58 40 78 39 65 60 88 98 22 52 19 19 37 56 73 36 49 60 35 12 39 70 50 40 1 57 16 22 46 41 19 32 93 23 25 29 43 17 1 40 73 90 63 78 27 88 43 42 37 82 10 39 46 25 84 53 30 96 30 63 82 99 68 9 10 54 22 88 17 74 49 23 55 2 48 47 47 19 6 28 24 24 43 76 82 7 29 41 92 65 26 100 40 90 72 77 58 87 16 23 4 22 75 96 61 44 92 14 41 60 7 50 23 98 40 20 10 82 99 94 63 88 83 23 81 81 89 1 48 97 58 87 63 8 29 70 60 66 40 7 27 54 36 44 49 32 11 50 27 92 51 50 1 1 77 82 78 11 48 74 8 74 51 40 4 28 6 61 24 81 100 61 54 13 84 89 60 11 62 86 19 66 53 3 42 48 31 90 99 60 32 28 63 47 41 93 3 21 65 80 84 18 73 80 58 29 51 7 43 43 52 55 55 41 74 61 54 16 57 28 27 2 49 1 26 21 10 3 61 90 49 81 32 36 48 99 81 49 33 11 54 77 30 19 2 41 95 58 69 43 68 58 31 100 30 54 84 95 12 35 52 43 89 35 74 82 40 46 24 61 97 80 31 50 77 30 10 11 98 75 40 82 68 32 14 1 15 71 13 12 43 38 49 81 2 100 51 21 83 50 22 95 13 74 86 14 44 91 77 77 40 44 25 41 33 15 12 58 78 11 57 38 56 86 47 81 24 78 84 55 9 88 12 34 59 99 25 31 47 17 60 1 98 55 25 3 13 42 56 79 57 44 70 71 39 21 19 75 52 29 30 51 72 47 34 4 94 85 56 14 27 75 68 32 47 64 34 38 58 78 56 42 76 22 19 10 38 55 11 26 72 73 74 28 47 47 39 19 64 83 3 28 40 60 24 31 60 45 59 41 91 36 64 20 12 49 30 60 12 83 39 36 85 22 58 23 83 10 58 16 43 14 72 78 72 12 35 82 64 76 27 3 7 82 79 2 61 9 42 74 59 13 46 26 36 28 69 42 57 100 93 44 9 4 70 36 7 53 99 64 67 51 19 3 61 14 33 80 1 35 34 18 50 36 53 75 2 73 78 15 15 97 63 54 72 43 10 98 20 86 6 98 16 19 54 95 45 26 16 42 85 88 82 37 40 61 55 25 14 88 50 30 72 60 20 6 84 89 29 63 12 87 37 67 88 46 24 30 82 28 5 75 34 11 66 87 4 96 85 27 28 62 98 96 89 49 64 17 78 76 90 85 8 17 74 13 55 33 2 82 82 63 66 84 60 24 4 50
548
99 1 87 72 13 54 29 13 79 17 28 41 40 54 27 1 9 22 64 35 10 85 58 81 37 17 42 63 28 88 5 37 16 32 43 19 66 90 4 44 75 18 85 69 1 28 66 91 4 74 84 52 12 32 55 76 56 28 37 25 95 99 28 37 7 42 100 39 54 51 38 17 41 50 93 6 49 92 51 52 97 72 46 89 56 11 91 22 42 75 85 5 30 81 68 29 44 89 4 44 30 52 39 83 37 90 5 54 8 26 9 38 15 69 3 6 80 67 57 11 59 61 62 9 84 83 54 32 64 58 94 66 73 25 95 77 15 31 99 73 53 76 93 24 41 51 28 37 60 56 22 44 97 42 21 3 9 10 61 52 85 87 58 92 64 24 97 81 43 52 86 13 89 46 98 24 55 72 50 7 34 1 59 29 89 84 83 66 57 20 92 2 88 1 96 17 94 55 55 60 75 95 50 19 84 66 72 48 39 47 28 65 60 36 17 35 29 48 50 28 55 63 76 28 91 35 53 54 61 41 88 57 46 96 1 62 9 91 37 44 43 63 3 79 13 61 31 19 89 3 34 67 48 54 11 49 16 11 62 92 76 73 32 8 36 32 85 12 33 82 70 98 21 27 11 18 5 61 23 89 28 2 41 97 18 82 91 6 1 67 73 81 44 8 77 12 87 83 62 41 49 11 15 65 96 22 48 13 10 7 40 64 24 47 84 97 96 40 60 54 1 44 43 17 30 50 3 21 40 99 35 70 21 60 100 23 30 47 37 9 55 74 71 52 57 46 40 59 28 92 16 57 61 91 45 80 79 10 32 67 31 35 66 76 68 23 8 86 21 66 93 12 25 99 67 16 57 78 73 18 49 32 88 74 42 63 38 93 40 98 22 56 28 50 72 59 23 79 94 19 26 37 12 93 42 19 17 98 58 84 66 40 45 54 83 68 95 9 20 28 69 99 10 66 40 67 65 65 64 76 90 22 56 100 28 36 46 97 74 49 42 39 70 91 29 48 82 13 7 75 28 72 22 49 46 30 89 32 87 95 90 96 62 25 95 33 60 49 8 48 83 64 73 82 50 58 98 64 74 28 8 11 44 45 25 49 35 8 28 2 36 46 16 83 41 87 5 76 57 53 8 72 17 65 17 2 64 73 10 7 40 1 11 44 54 52 34 56 32 66 91 9 55 32 11 70 64 14 8 56 33 25 43 53 11 49 44 88 74 3 72 64 71 29 58 79 80 27
993
84 24 59 75 59 1 56 53 51 87 71 84 43 81 48 89 17 23 94 67 79 93 62 45 1 87 80 83 74 3 37 100 87 33 53 98 47 42 30 34 84 69 33 49 4 4 85 80 42 21 50 92 47 41 31 95 42 36 3 96 2 77 23 24 72 45 73 92 17 67 95 92 6 79 36 30 87 100 98 20 89 24 2 58 74 57 58 9 78 61 35 98 65 45 26 88 15 77 10 1 47 22 30 40 53 59 81 95 25 19 8 5 28 15 63 66 9 54 81 20 74 97 74 23 48 86 80 15 61 61 53 15 73 13 69 49 45 93 62 22 62 96 27 65 42 24 84 31 56 30 88 44 67 79 63 84 8 81 23 72 76 82 84 20 19 86 68 47 99 35 57 64 64 29 86 70 28 54 4 48 81 72 3 20 81 6 46 65 39 77 35 49 29 7 68 92 43 22 22 94 32 12 85 69 56 20 49 24 39 78 30 49 86 81 55 60 33 10 11 63 52 40 60 11 22 86 35 3 22 43 46 33 72 51 12 36 15 66 93 53 61 96 75 28 49 87 89 39 17 8 82 77 3 79 55 18 71 11 30 37 52 89 54 21 65 38 91 32 11 55 83 13 21 58 34 8 7 84 3 62 65 7 65 64 68 12 1 99 1 43 53 27 63 73 90 80 40 17 52 41 84 94 7 71 17 88 39 38 45 64 71 26 79 19 14 70 11 33 28 1 62 34 19 75 100 48 53 94 29 6 58 28 28 39 48 52 13 61 81 80 42 66 6 16 87 99 58 85 92 84 68 83 15 26 17 23 75 89 21 74 87 90 95 87 32 9 2 90 14 17 1 45 99 90 38 61 66 71 73 75 72 27 95 54 42 56 50 65 85 48 95 68 96 18 20 12 48 29 43 3 95 3 72 56 68 32 79 79 1 81 19 51 53 37 88 84 3 19 35 29 87 65 14 40 55 31 34 65 10 29 15 8 47 64 80 10 96 65 26 99 81 57 10 31 8 39 40 80 62 79 77 48 21 62 55 17 83 50 94 58 78 67 89 3 93 90 33 96 85 29 38 96 91 18 62 22 57 66 51 99 11 39 81 17 85 80 82 25 87 85 32 88 100 55 34 69 51 45 4 3 79 65 19 55 66 92 28 41 10 12 83 28 72 56 91 77 29 17 43 30 75 8 36 98 98 49 49 42 58 29 60 16 83 91 15 2 88 42 39 21 44 58 73 10 19 97 3 13 6 74 79 18 68 79 98 57 78 83 5 23 16 94 72 44 87 28 78 87 42 78 27 19 90 38 22 5 86 94 2 82 50 22 33 2 87 74 23 70 14 19 19 28 92 5 75 67 19 91 89 8 31 56 73 15 55 27 17 8 46 7 80 97 94 93 85 41 12 21 54 46 90 86 20 90 9 93 48 97 88 60 84 18 100 29 9 14 62 55 100 19 36 97 80 63 82 82 73 9 29 93 9 73 37 93 22 40 2 69 96 16 88 91 70 41 52 92 47 30 50 27 61 91 78 74 31 19 59 98 24 29 57 25 79 36 85 4 57 69 67 90 79 31 11 99 38 37 75 38 5 36 69 89 37 8 65 22 5 47 38 96 20 91 51 58 93 3 78 49 44 33 56 77 8 72 35 99 10 87 35 14 42 44 21 17 26 59 18 16 16 72 33 54 33 49 60 62 57 18 71 81 43 95 66 76 3 25 50 39 32 1 6 42 2 93 98 77 25 79 57 79 41 92 55 93 100 51 56 41 15 8 6 10 16 50 87 51 18 32 17 82 87 98 45 32 23 7 49 94 31 66 12 34 61 46 42 44 1 21 7 21 60 35 100 81 26 28 2 65 10 3 19 56 36 69 64 79 12 63 63 53 19 89 87 4 14 86 53 49 66 51 31 5 71 41 88 38 30 70 53 88 29 46 34 45 57 14 20 8 97 59 92 53 50 46 51 81 98 53 82 28 91 25 3 87 100 33 39 30 71 4 9 51 19 11 69 49 25 47 65 94 66 89 75 81 89 73 23 92 43 74 1 79 65 41 85 55 77 76 22 47 97 87 36 97 88 49 28 85 73 31 43 90 91 98 35 98 20 50 31 17 41 97 38 17 58 47 43 78 83 7 4 18 29 9 15 17 83 66 25 73 11 84 45 13 50 41 35 9 93 66 21 44 66 24 49 85 54 76 65 59 70 74 54 85 56 93 38 2 63 79 42 5 63 19 58 11 27 96 13 89 79 97 47
727
29 37 85 59 86 91 99 11 7 53 52 45 67 3 94 7 76 14 59 46 75 86 33 71 47 88 24 19 36 28 74 65 61 51 62 95 81 29 54 20 53 1 53 57 68 83 70 22 74 53 50 64 54 47 63 62 52 75 87 31 16 37 49 92 63 12 64 6 33 34 29 72 40 45 60 27 23 69 63 18 69 22 51 20 7 24 20 66 10 4 85 74 83 12 90 20 63 78 99 36 55 59 65 47 98 39 10 54 72 91 37 49 36 75 38 18 30 46 21 24 90 36 56 31 65 70 18 99 86 40 93 63 33 89 6 4 5 96 85 30 32 23 15 22 11 85 31 19 95 39 49 78 11 36 41 56 53 26 66 35 32 100 63 30 25 100 46 6 29 88 90 10 86 59 95 84 24 10 100 22 42 91 20 17 86 57 84 29 47 95 46 23 39 8 21 35 36 29 15 56 69 12 57 92 29 86 65 83 5 19 90 17 33 55 53 67 9 19 91 33 85 54 97 71 43 18 31 67 53 50 100 16 100 86 51 36 92 33 53 62 45 36 41 93 54 92 60 19 8 87 71 37 44 21 3 13 21 70 81 35 74 23 1 91 75 30 16 31 27 22 93 100 26 63 96 53 61 64 42 93 91 76 69 50 41 13 33 34 56 21 17 9 54 88 3 27 48 26 13 70 68 58 81 12 35 29 42 98 100 55 15 61 42 12 25 72 59 47 14 96 72 46 93 38 64 100 69 93 24 50 74 31 25 22 92 71 58 64 41 97 79 55 51 50 96 44 1 40 14 80 64 78 60 88 72 84 9 23 19 43 26 56 35 65 82 62 14 24 81 60 53 55 43 29 80 87 92 63 28 60 33 26 50 20 85 3 38 6 64 46 44 56 3 84 98 43 50 77 35 94 85 44 34 19 13 89 37 39 17 38 12 65 2 35 25 33 60 58 64 17 89 36 38 48 7 78 9 94 10 15 75 32 21 21 80 38 12 47 13 6 49 59 16 97 92 17 91 46 91 89 54 96 100 70 20 50 57 15 11 39 5 28 25 53 34 87 86 59 79 97 83 70 74 20 92 26 41 86 64 84 25 86 70 6 13 44 69 31 6 67 95 6 80 7 42 44 52 34 38 88 69 56 60 70 2 89 49 22 100 16 83 69 12 86 41 82 54 95 10 22 91 51 49 51 97 26 90 16 90 81 17 53 15 71 55 38 46 78 20 38 89 90 92 21 70 7 72 4 93 22 65 93 45 34 29 17 28 93 60 16 83 25 45 92 20 72 95 62 51 19 1 25 93 32 99 10 51 46 76 90 23 55 1 24 13 35 59 12 79 3 54 42 97 58 32 69 62 51 87 81 72 70 53 15 65 91 76 5 48 39 43 71 54 94 71 87 59 9 7 21 42 12 7 84 10 10 37 79 47 61 100 73 75 45 15 62 67 47 74 30 1 43 77 48 84 11 90 95 68 56 91 72 16 33 27 82 5 59 6 43 80 62 47 85 29 14 46 20 20 100 49 38 84 35 72 18 61 43 5 18 26 83 39 90 30 81 84 2 21 1 54 28 77 52 59 6 90 4 60 36 72 24 5 21 16 27 81 24 80 34 69 80 77 27 82 33 66 99 31 78 40 8 63 77 77 10 8
530
38 49 52 72 57 70 16 98 93 32 87 76 10 58 87 13 57 81 65 15 88 17 93 48 62 16 36 85 10 68 84 14 43 98 19 28 97 23 89 7 53 60 73 96 71 28 28 18 42 80 46 56 83 9 22 72 75 73 50 65 14 22 28 8 90 65 66 82 26 95 40 91 93 94 30 37 68 27 1 26 85 38 5 73 85 3 29 62 91 21 17 44 42 88 59 33 92 16 50 64 36 64 51 92 34 100 15 51 42 45 69 37 97 95 75 58 80 82 52 57 77 87 63 28 64 72 99 13 16 100 39 49 82 39 9 100 38 33 81 5 41 80 31 55 4 83 60 61 98 49 68 38 100 64 28 93 64 67 80 55 93 54 92 55 69 67 23 18 21 79 65 25 43 18 21 30 79 18 87 78 22 75 52 88 95 84 4 26 93 8 77 92 44 30 20 21 97 43 69 49 21 95 88 81 48 49 53 12 1 98 17 14 98 65 19 50 3 53 86 38 76 66 53 32 62 16 55 46 18 88 79 80 61 50 76 27 12 25 72 80 7 18 89 84 1 99 63 84 36 44 37 33 10 67 77 56 35 53 40 23 76 12 40 13 32 40 83 64 83 100 9 74 44 82 26 98 22 12 65 12 100 19 88 21 54 71 57 5 43 98 94 46 37 67 29 97 42 40 7 80 34 15 40 96 1 1 39 55 29 68 60 1 95 56 35 13 75 69 56 1 46 72 53 44 66 46 9 29 63 75 75 81 48 49 37 63 8 44 29 20 21 95 65 6 98 16 30 20 98 55 7 31 9 52 5 4 50 43 82 92 26 68 9 33 37 93 80 100 78 29 99 84 45 41 45 57 5 1 18 16 62 80 19 76 52 20 46 72 73 36 7 32 73 74 69 98 42 7 1 95 89 54 60 73 27 39 46 98 47 26 41 61 99 82 30 23 82 16 69 11 78 5 95 48 42 90 66 14 35 72 55 36 3 42 55 66 61 14 92 44 23 57 31 94 11 95 98 84 18 16 96 87 98 20 66 24 39 23 62 49 55 54 76 87 69 92 49 77 97 45 90 40 78 36 92 25 62 33 25 88 5 23 53 58 41 8 55 85 96 49 98 93 25 55 49 28 51 19 26 78 25 11 7 45 65 51 66 94 57 99 79 87 28 56 91 60 11 42 99 18 97 99 24 99 15 91 16 98 33 98
524
79 83 36 56 19 33 5 70 1 73 8 32 28 88 65 98 49 61 92 14 29 8 88 35 8 35 84 98 27 92 49 100 46 27 68 91 10 90 70 91 96 2 43 59 6 78 48 56 13 47 49 49 63 25 64 66 83 54 6 54 48 47 2 60 30 47 16 48 46 73 97 11 18 29 17 63 25 92 48 72 15 83 11 96 65 30 22 11 18 66 89 2 97 15 82 68 27 65 3 77 55 73 97 23 17 3 84 43 25 93 53 70 90 20 30 26 78 35 78 30 20 33 3 96 20 28 3 21 50 30 47 20 38 64 62 10 54 94 46 42 7 90 67 81 92 77 62 3 78 95 43 16 92 88 40 55 28 72 96 72 22 71 90 4 27 31 66 29 13 72 90 97 47 35 3 2 71 2 74 80 5 97 20 58 46 15 74 8 15 33 40 37 38 7 96 73 35 93 28 12 55 19 72 37 45 54 44 81 96 20 2 65 88 66 93 7 67 65 25 72 49 6 69 75 7 44 32 54 29 99 73 81 38 70 29 75 98 2 71 53 39 19 79 64 82 24 61 75 26 38 96 8 56 45 16 57 96 2 4 90 14 88 68 8 10 74 35 56 67 76 49 39 75 33 77 88 62 71 47 57 91 27 56 15 60 91 8 8 57 13 57 47 38 32 74 25 32 18 29 23 46 24 80 86 62 74 50 68 88 72 24 50 80 34 25 29 1 49 59 14 33 52 32 81 7 41 96 84 59 42 70 80 80 61 82 34 67 74 72 60 77 38 24 47 68 65 26 29 18 45 79 90 33 54 17 65 62 50 48 78 94 67 68 70 27 21 53 70 74 93 6 8 24 32 91 89 52 42 92 88 72 92 28 67 49 71 63 22 53 97 62 26 21 58 30 59 83 24 50 95 88 37 33 20 5 73 6 8 45 48 91 72 63 78 28 74 54 55 99 45 52 55 75 100 74 63 78 18 93 74 96 35 62 8 21 75 64 43 96 79 78 14 37 78 78 100 84 59 70 55 61 10 56 90 91 5 100 83 30 76 34 42 99 48 10 81 22 3 38 83 86 22 72 79 44 58 83 67 42 74 97 86 17 55 2 16 66 78 10 21 81 38 77 48 20 48 30 39 26 89 55 66 62 54 7 56 75 2 81 26 52 78 40 100 75 52 86 2 88 63 43 36 88 57
633
78 93 71 62 32 27 51 13 91 45 11 2 6 3 47 78 89 64 23 87 79 22 24 91 47 71 79 85 13 20 76 70 71 55 12 100 58 59 65 7 47 83 84 29 25 90 55 37 57 31 88 26 1 16 38 41 71 8 91 89 53 46 76 30 30 49 40 24 32 59 16 38 90 54 14 7 58 57 54 19 8 66 46 28 43 19 75 44 50 95 33 46 50 46 29 42 72 85 88 15 42 10 85 19 77 79 76 36 25 27 31 50 58 31 8 69 22 46 95 28 77 76 91 29 26 36 35 1 54 31 57 71 4 53 26 18 64 57 78 98 51 69 19 97 94 20 5 27 25 91 71 27 57 36 7 53 59 65 93 54 98 87 30 36 44 9 94 29 80 81 90 77 16 86 16 41 26 64 68 81 59 90 51 35 6 60 9 34 100 86 31 28 21 46 34 52 87 36 43 82 56 100 36 42 61 22 52 24 1 78 22 93 28 27 69 52 30 95 32 64 72 77 59 64 75 66 52 68 92 17 96 44 16 53 98 39 23 99 85 22 89 90 34 18 50 75 15 93 2 79 31 77 52 52 3 65 94 25 71 58 56 43 23 49 4 14 72 49 46 1 14 39 55 33 81 73 25 15 22 85 6 5 32 61 74 39 20 44 5 85 98 81 38 59 35 39 44 81 73 94 7 57 28 97 72 93 63 29 69 18 1 86 72 5 1 2 7 97 13 84 87 88 70 87 49 53 5 31 68 22 10 91 49 40 38 77 24 7 94 25 25 60 40 62 24 41 75 22 2 43 43 42 25 63 83 64 42 51 17 47 91 53 39 38 30 34 92 92 36 28 91 21 58 70 66 44 51 50 57 84 83 96 46 18 25 28 65 13 66 53 14 41 14 37 84 85 12 80 85 20 60 47 19 61 39 77 92 33 100 52 66 62 82 38 35 69 37 40 76 43 18 42 90 98 70 80 47 98 71 54 32 54 56 82 62 35 71 41 27 68 10 60 11 72 46 67 79 37 44 27 12 31 14 69 84 19 20 80 91 83 70 22 21 42 79 62 34 97 50 46 100 40 37 95 88 86 75 46 55 50 6 100 84 37 63 29 84 59 1 59 26 100 12 36 61 63 74 36 20 50 27 31 77 36 64 35 78 53 16 27 69 22 80 17 82 70 74 42 18 30 55 12 86 57 62 71 22 17 30 31 16 87 67 66 54 53 81 99 20 50 31 71 2 80 1 87 63 76 74 49 81 17 32 59 28 75 52 35 81 56 95 6 84 81 98 92 87 71 80 60 51 20 55 41 76 53 46 91 31 18 16 60 47 51 81 3 65 46 94 22 5 1 11 97 8 72 15 83 3 24 74 44 44 66 76 97 64 94 1 22 91 94 37 24 31 66 55 47 40 27 74 59 39 37 51 41 41 63 82 86 97 43 30
895
66 43 61 49 50 36 41 52 55 93 1 93 36 34 23 81 92 21 76 43 86 17 96 58 12 77 66 39 66 64 59 7 54 60 4 86 91 10 38 70 30 93 89 22 88 87 34 19 67 22 28 33 89 16 30 90 23 98 43 92 27 34 85 17 24 100 24 7 100 6 1 12 62 24 60 92 25 57 38 83 12 47 27 86 96 84 19 24 49 60 92 47 81 24 34 54 1 18 35 57 49 32 52 92 73 25 80 36 49 90 89 66 6 30 25 88 15 18 65 80 77 62 40 21 82 8 26 64 32 72 32 33 45 43 35 49 36 10 44 13 74 49 15 89 17 14 4 1 80 48 38 88 32 46 37 9 91 88 53 96 12 41 5 66 79 76 33 13 74 27 2 76 47 19 31 90 73 40 47 33 19 37 51 43 99 33 72 99 84 41 33 12 80 30 57 15 52 28 94 30 44 10 76 65 13 80 62 44 80 99 65 49 50 14 31 39 54 36 4 12 46 34 64 54 36 21 39 37 55 15 11 61 52 86 98 16 92 63 53 47 90 66 66 29 4 1 49 3 85 27 60 43 4 73 19 88 5 12 99 38 78 58 73 88 98 95 75 60 88 24 99 96 94 35 80 55 31 100 82 100 15 2 42 2 63 13 27 82 4 62 6 77 85 62 58 15 28 76 89 39 34 37 28 100 87 97 75 88 28 56 93 92 29 64 84 68 16 82 51 57 33 75 80 21 12 31 44 49 78 82 64 46 18 10 10 7 22 52 71 35 13 58 51 61 49 99 39 36 91 98 83 63 19 82 98 29 21 68 51 79 71 86 25 56 29 47 52 50 14 39 87 82 94 77 68 95 12 37 24 77 43 59 71 40 26 89 92 31 5 92 93 81 41 4 93 25 76 6 25 75 90 88 32 90 38 84 74 42 31 56 68 28 52 66 36 92 87 95 40 34 43 20 31 35 13 98 15 88 9 5 19 45 25 80 93 26 83 100 84 68 60 56 69 13 66 40 9 23 35 87 64 16 34 93 52 79 45 83 41 79 55 18 97 16 27 69 92 65 14 99 28 83 87 48 88 12 88 74 54 38 62 52 85 7 93 72 23 100 53 70 80 30 46 94 55 39 11 6 84 60 50 37 79 53 33 96 78 57 48 45 74 81 72 37 69 33 7 67 41 62 84 56 77 16 10 3 8 75 95 60 71 9 97 21 8 35 69 92 22 43 88 28 50 40 41 42 87 59 37 5 6 2 52 53 8 10 87 70 73 41 6 39 81 33 28 71 91 34 96 41 54 68 13 45 54 31 26 10 76 84 91 27 77 42 71 74 82 95 83 13 68 13 85 56 26 80 89 97 1 25 100 83 44 77 73 27 94 29 19 73 51 95 7 15 97 75 57 53 43 3 47 62 92 52 68 64 54 99 47 20 54 18 46 12 36 13 48 3 65 80 86 90 70 16 65 49 92 8 98 71 56 98 15 85 19 96 7 33 66 85 49 52 6 77 60 42 57 46 47 66 11 38 16 11 85 53 62 58 14 57 76 45 62 97 35 63 16 80 62 60 41 46 43 76 88 2 69 19 31 4 42 97 10 59 42 62 46 19 52 35 44 56 53 83 94 54 10 27 54 63 14 10 93 46 51 65 52 12 31 1 77 34 94 91 24 35 27 34 50 94 100 87 53 77 73 15 24 42 95 8 70 13 13 58 1 64 67 75 11 87 68 64 65 1 44 73 82 14 69 17 69 25 36 83 97 72 58 30 79 59 32 79 83 53 19 16 58 63 70 86 44 78 2 43 34 78 48 90 4 4 60 27 8 24 77 56 86 60 90 83 84 28 24 88 59 41 60 47 36 12 44 70 60 43 9 99 93 55 86 19 39 5 30 1 94 10 99 12 47 38 15 6 65 23 6 42 46 71 71 100 40 83 15 89 7 66 82 100 78 11 1 10 75 10 93 27 76 34 99 1 45 6 60 59 79 44 21 30 87 8 65 32 67 44 29 44 20 2 99 98 42 24 44 61 67
647
29 52 27 12 91 47 62 45 85 40 69 77 79 65 95 81 44 63 82 78 49 38 99 56 78 63 78 4 97 96 56 69 69 37 89 96 60 49 25 34 28 36 5 72 34 65 29 77 57 81 52 77 15 44 46 42 92 26 81 97 23 74 41 64 2 73 22 74 100 46 92 77 3 29 91 12 92 41 66 5 66 99 54 12 82 98 100 91 11 69 60 74 10 73 1 4 57 16 40 80 68 91 51 59 12 25 46 68 94 34 16 72 91 48 95 16 9 62 94 30 56 33 87 58 18 19 11 21 32 67 93 63 83 18 44 45 3 47 18 74 70 5 95 13 18 26 95 3 52 16 7 90 25 23 83 69 19 45 59 52 81 90 33 12 32 17 84 69 24 41 41 1 98 47 2 82 29 39 100 88 44 1 22 54 18 60 89 51 31 54 72 8 20 15 75 47 73 25 24 36 91 29 84 6 73 68 98 71 97 35 94 12 79 10 23 38 59 9 1 81 90 29 14 63 66 80 91 84 40 46 85 51 2 40 16 5 75 74 17 13 42 29 92 15 57 96 55 99 71 60 27 33 27 99 14 87 31 72 66 22 66 87 17 60 34 73 91 59 8 21 61 6 50 5 45 18 5 49 58 83 79 26 22 91 68 30 95 31 18 54 79 98 42 11 55 66 96 22 90 71 56 42 8 11 47 98 38 96 87 27 12 71 75 78 26 65 71 96 19 50 29 69 38 83 100 72 17 10 20 67 94 20 73 48 29 61 63 19 26 45 59 82 42 74 30 67 23 54 69 58 34 6 36 61 97 100 100 59 51 46 80 64 6 53 71 65 59 10 41 98 94 93 1 33 57 93 7 40 100 75 5 6 57 80 92 68 88 20 49 12 35 55 60 1 91 9 75 17 35 74 47 70 59 65 28 10 76 69 74 33 5 36 75 96 76 90 78 87 93 10 86 62 92 41 10 55 68 68 36 12 85 80 37 51 12 8 20 20 32 31 19 82 34 95 98 68 62 51 70 26 24 20 65 26 47 10 94 19 70 59 67 65 52 76 10 54 95 51 47 26 74 83 72 25 62 95 30 34 46 92 59 88 5 8 61 96 7 29 3 64 10 65 53 89 87 83 69 85 25 86 35 19 37 98 69 28 64 69 71 34 3 99 5 42 80 89 71 43 21 18 53 29 71 76 82 18 18 100 99 27 21 62 80 69 43 74 81 80 8 92 84 4 99 56 24 67 61 22 72 4 37 51 37 77 26 65 41 33 44 90 95 100 43 52 84 75 26 29 18 64 65 86 49 88 30 75 30 55 34 86 17 84 14 86 22 66 35 44 24 86 33 29 43 28 48 41 4 30 82 34 30 82 25 9 46 42 27 87 22 35 70 69 77 69 94 22 90 17 52 24 57 70 33 86 54 45 9 48 58 80 66 63 63 10 35 87 3 43 88 88 16 88 29 6 11 97 62
913
25 17 96 54 10 68 49 33 50 35 41 18 52 25 61 57 11 24 98 9 59 90 12 2 72 83 15 85 51 15 61 83 71 12 41 5 34 86 40 44 35 30 80 55 71 2 35 84 3 86 12 47 57 31 59 34 38 10 50 74 62 48 61 59 56 1 98 85 48 30 26 83 47 38 39 44 68 1 31 51 33 16 84 35 58 27 28 37 17 19 25 7 10 16 19 49 22 54 28 13 29 5 68 91 69 84 90 23 88 2 13 17 34 74 22 47 32 98 50 73 82 1 46 28 32 32 55 91 70 84 23 62 40 42 45 32 52 67 45 67 60 14 63 18 74 39 14 2 87 79 32 83 31 88 89 76 35 35 11 100 37 86 2 50 6 35 63 66 64 65 99 89 97 38 25 83 61 28 50 32 61 17 98 64 20 61 4 76 2 45 13 41 54 57 10 80 49 46 11 39 29 50 30 47 73 61 55 97 87 82 2 58 47 68 97 52 37 28 15 80 17 75 73 30 100 12 75 43 86 47 39 58 51 71 100 21 35 6 86 63 55 91 18 4 62 14 82 94 34 87 49 87 3 82 28 5 54 12 30 16 12 43 78 6 92 17 44 78 100 84 8 66 10 28 68 100 33 10 91 90 81 6 58 64 29 100 49 19 11 28 51 64 59 55 86 1 5 59 61 19 28 11 90 34 75 19 41 35 26 82 31 70 51 92 80 79 8 37 95 90 17 87 83 91 51 95 35 49 45 52 74 5 94 90 29 24 68 40 44 72 99 86 81 92 95 22 92 50 41 57 23 82 49 36 31 72 14 59 73 54 94 44 95 37 79 10 64 3 22 92 72 1 26 26 7 5 94 28 65 74 42 46 91 94 31 22 4 10 36 93 23 27 70 42 88 7 9 61 91 48 54 68 17 71 100 1 1 96 12 2 89 78 94 54 67 61 41 95 55 79 54 87 15 32 39 84 97 35 9 80 67 68 33 100 97 64 48 91 65 56 29 17 35 89 46 99 94 67 97 53 38 9 70 6 20 29 46 72 19 44 98 92 79 43 5 38 17 67 13 54 77 36 10 25 50 66 23 25 91 88 35 95 57 40 39 67 30 49 9 52 83 93 24 58 69 93 2 34 4 2 48 32 63 84 91 90 11 1 50 7 52 44 96 69 66 77 22 9 73 79 78 62 1 32 3 12 97 28 78 6 45 16 34 8 20 30 63 52 3 66 33 44 77 95 66 96 21 59 23 23 78 52 33 53 36 11 89 82 47 18 89 69 2 38 98 96 84 58 87 22 25 90 83 18 8 49 49 66 9 1 81 95 9 24 94 52 43 38 58 72 69 57 12 11 86 70 95 81 88 66 42 30 38 77 56 63 39 35 97 91 4 90 19 22 71 37 30 90 73 67 42 3 32 54 85 60 86 54 33 74 12 27 69 51 37 99 31 57 42 31 78 27 88 37 96 36 22 11 83 60 37 27 40 28 61 7 81 87 59 40 62 99 72 22 29 87 80 30 50 83 61 35 81 35 25 69 49 12 92 5 57 61 46 23 27 14 12 32 21 31 86 81 42 71 79 16 7 13 77 57 69 40 69 16 88 97 38 95 2 11 96 79 72 21 37 53 64 39 22 82 61 21 86 73 28 51 54 66 63 94 65 4 33 89 95 75 3 72 83 21 60 32 67 73 23 23 51 62 99 32 51 10 86 93 7 39 40 55 3 10 78 17 50 12 44 18 100 10 79 32 23 23 12 47 43 62 94 5 71 70 13 31 35 3 85 99 48 88 50 97 54 71 61 88 3 49 82 68 45 7 50 92 74 78 68 33 100 22 93 69 44 46 14 74 23 100 75 79 68 20 88 41 56 19 6 71 38 57 71 88 98 84 18 71 78 10 47 81 86 33 48 27 68 1 25 89 57 27 36 100 33 87 19 55 87 36 97 28 78 37 40 14 68 9 88 69 58 37 7 97 67 4 86 5 50 80 73 78 47 4 58 2 41 8 21 70 45 15 32 36 37 69 55 54 48 17 66 47 51 52 32 34 15 42 100 100 27 62 21 5 43 97 27
799
66 48 10 91 79 74 4 28 33 93 37 33 62 14 76 53 100 23 51 38 93 3 35 23 4 81 1 7 4 87 87 18 21 59 7 59 27 39 50 53 14 25 27 26 80 22 95 81 56 15 78 41 79 92 91 31 4 18 90 65 64 50 57 60 35 54 97 36 90 58 49 18 26 35 34 80 52 96 23 33 52 9 5 13 32 22 72 66 68 42 15 95 2 3 84 51 64 45 75 61 67 99 39 74 14 92 9 15 88 38 56 34 59 38 15 14 28 99 14 66 19 59 56 86 100 37 19 69 17 10 63 94 34 15 67 58 69 50 32 38 80 9 6 97 47 21 74 11 64 80 78 67 37 9 90 65 25 98 14 41 94 44 4 73 19 18 95 13 55 99 51 3 94 61 11 28 28 68 47 34 70 1 50 31 19 52 49 51 38 11 37 39 64 20 59 52 96 10 20 59 68 82 46 75 13 55 62 31 77 83 39 63 89 66 10 94 24 55 99 56 22 44 75 9 17 54 20 66 79 4 17 44 13 5 38 94 20 38 72 100 23 20 8 61 15 78 79 98 39 36 93 79 76 47 48 81 8 5 48 95 75 46 28 97 84 82 45 40 21 35 89 5 8 61 38 17 59 54 93 71 63 31 10 70 20 96 33 80 63 72 22 12 78 48 12 60 46 95 76 66 6 72 90 81 42 23 74 76 65 1 2 13 90 17 12 71 39 91 31 49 63 84 61 16 85 37 30 95 66 85 98 68 51 39 26 44 26 43 26 95 49 94 78 78 11 53 90 55 69 62 58 51 82 27 43 89 20 19 61 21 90 76 20 10 35 83 82 13 13 92 29 31 52 85 94 95 67 96 59 68 39 60 40 42 42 8 2 10 13 6 36 96 19 48 77 96 32 12 83 44 23 54 11 89 71 26 36 18 41 100 76 20 16 76 86 25 43 82 61 65 43 91 23 49 97 55 24 30 48 82 49 32 63 56 4 78 9 42 46 58 11 83 85 93 7 97 70 29 79 95 30 82 70 75 60 78 35 97 91 9 20 49 75 32 35 35 24 92 31 75 45 48 35 78 35 67 75 98 57 8 98 11 50 87 28 92 61 34 74 15 18 82 19 89 61 8 19 33 35 86 63 90 3 63 79 49 69 49 74 40 67 92 22 19 6 78 79 89 9 24 26 47 66 43 55 9 71 58 35 34 87 76 13 94 100 78 18 47 60 2 44 16 52 82 80 74 100 89 86 47 93 37 79 22 22 69 29 97 50 62 21 38 99 78 98 10 37 93 5 99 21 99 28 60 36 45 5 59 59 63 88 44 72 65 67 9 86 20 30 66 45 49 49 81 90 65 59 13 24 52 45 51 75 80 88 42 75 5 99 83 9 6 74 83 73 72 13 1 85 61 1 68 37 94 40 4 37 59 47 36 21 6 23 79 53 52 60 38 18 50 67 21 14 55 37 74 25 89 1 48 1 18 95 58 41 57 99 18 90 95 70 62 37 77 51 47 30 52 37 43 99 53 61 35 35 24 30 64 54 45 26 86 6 93 37 73 51 99 33 29 33 4 32 53 28 93 54 3 13 82 16 57 92 78 6 22 97 90 27 28 74 6 91 14 71 15 60 34 61 84 88 89 60 15 56 35 92 58 32 59 54 49 78 27 32 28 25 48 6 26 76 55 28 6 93 34 31 74 49 74 21 53 2 27 53 98 18 60 60 3 37 50 15 43 33 64 55 91 64 28 18 38 2 7 1 82 46 32 8 88 34 97 99 83 56 96 35 47 47 53 48 49 35 10 19 61 98 36 48
508
52 33 15 50 74 89 94 51 39 41 77 53 25 86 23 68 42 20 98 74 59 75 45 94 75 57 76 20 33 11 54 41 35 47 89 32 78 50 94 64 54 63 26 21 54 64 32 57 43 15 9 67 51 30 19 12 2 89 67 4 29 88 34 78 64 99 2 79 31 24 28 53 6 79 69 35 71 6 43 54 71 59 60 75 61 88 38 65 91 12 51 49 15 71 90 71 49 81 51 36 76 98 31 95 62 60 66 85 63 4 59 32 3 58 19 72 80 10 30 83 5 96 69 12 10 64 36 84 99 34 31 3 92 10 55 74 53 80 25 92 95 19 64 74 73 75 79 38 75 46 50 55 11 67 90 41 38 15 71 18 78 21 39 100 65 95 53 91 9 33 73 69 32 75 5 13 90 13 46 84 74 65 14 81 14 100 34 79 92 79 8 56 25 13 24 48 48 58 33 29 20 19 30 29 87 19 51 43 10 89 100 24 75 51 58 60 91 54 58 49 54 89 39 33 45 71 72 83 49 35 20 35 92 6 26 9 29 88 28 44 11 94 32 5 9 63 97 95 86 79 16 38 19 8 75 95 9 55 52 38 89 11 63 97 26 4 64 57 94 100 43 95 68 77 88 86 42 79 17 82 36 19 46 86 10 97 88 81 84 34 44 7 51 28 26 73 80 78 49 79 78 23 47 34 57 53 4 14 81 97 59 73 34 10 15 37 84 57 40 40 74 98 6 57 40 95 90 14 46 80 70 95 9 34 52 79 55 29 40 2 78 5 58 48 2 17 71 49 67 18 36 46 23 43 94 17 3 30 17 98 93 40 14 33 77 50 49 30 89 83 60 100 87 34 93 95 36 86 43 96 59 46 54 93 35 79 24 62 26 98 25 1 35 9 42 3 35 47 18 41 69 4 1 27 4 88 19 75 50 14 1 31 4 97 34 26 2 65 28 33 6 47 98 6 44 43 88 28 11 27 24 10 23 89 43 100 90 54 24 70 92 16 18 28 24 86 90 36 39 39 46 15 11 62 48 46 69 56 59 26 13 62 83 67 83 48 81 1 44 1 33 61 22 82 31 61 98 15 98 6 26 93 95 12 17 96 3 13 38 89 83 33 48 62 19 50 95 97 13 94 85 88 22 97 53 31 87 66
616
48 60 69 31 86 76 22 1 90 70 1 89 29 84 4 1 27 98 26 36 43 21 26 64 15 11 21 62 61 43 27 7 45 11 91 7 23 22 46 44 63 53 16 29 20 52 40 79 74 24 44 42 83 64 59 29 45 43 8 29 42 11 76 74 86 98 95 83 63 54 49 68 8 55 37 64 94 62 17 49 69 61 28 50 53 97 42 67 55 62 70 46 16 61 86 33 44 69 66 49 32 48 10 50 93 90 48 40 15 91 65 54 69 2 49 10 43 67 31 60 91 74 73 86 29 71 73 12 27 27 34 46 37 32 96 74 79 58 13 83 26 35 77 7 70 88 46 41 48 8 55 81 25 20 6 78 45 70 60 71 33 34 63 77 49 74 40 8 80 46 54 84 95 15 60 58 78 8 65 90 33 86 98 90 83 41 45 98 46 25 6 9 49 61 42 60 70 25 74 96 50 13 87 7 14 24 75 77 72 59 3 63 77 88 93 35 6 24 12 96 42 52 83 91 64 41 65 68 100 88 31 51 88 75 42 33 5 98 76 29 63 55 53 61 46 68 58 59 95 57 33 47 31 78 8 68 93 69 70 43 26 67 91 1 74 42 93 82 15 9 90 53 9 79 81 48 100 31 10 19 68 18 71 34 44 71 87 53 62 14 6 87 93 31 95 39 36 67 89 41 5 54 60 63 74 84 38 84 14 37 68 81 66 48 53 80 64 53 72 68 75 41 60 25 23 37 9 17 93 54 3 86 16 96 80 10 25 76 97 50 79 70 2 44 57 49 64 80 35 97 77 34 28 98 6 11 39 51 23 46 43 1 48 54 69 56 21 67 35 91 29 39 6 51 44 93 17 47 46 88 41 13 67 16 56 44 68 27 17 82 54 91 47 79 6 23 90 38 67 69 98 28 2 75 15 50 73 37 7 56 47 8 41 70 17 4 44 16 30 66 30 13 4 97 92 8 8 86 17 1 90 70 74 38 80 82 84 63 15 72 91 22 45 81 73 79 87 96 81 32 77 42 18 45 29 8 80 34 23 1 32 52 86 88 43 69 55 70 5 73 74 15 90 23 52 62 87 88 74 47 50 8 100 100 49 60 43 45 18 43 89 73 66 27 38 26 81 1 95 37 64 36 7 49 59 65 59 30 37 40 31 54 97 20 40 25 98 76 82 87 6 30 53 6 95 93 11 25 51 24 23 40 45 31 36 65 84 15 97 99 42 54 36 96 68 79 75 71 88 28 55 78 24 74 48 57 68 59 44 80 4 78 25 37 31 76 53 91 6 82 76 78 27 20 88 20 70 81 45 100 71 35 11 21 46 89 4 48 87 20 35 97 41 75 68 52 86 40 43 65 59 61 13 86 43 35 56 14 82 78 17 44 1 37 90 22
952
78 64 21 39 79 97 52 50 49 20 54 57 50 68 17 51 88 21 82 24 79 100 47 100 90 14 65 51 100 78 94 51 73 44 51 28 39 88 19 67 17 34 95 55 44 97 92 88 65 33 45 62 15 36 22 94 74 67 22 93 65 37 62 8 74 22 37 3 42 58 95 85 92 98 2 64 34 93 23 61 18 38 58 30 93 65 44 93 1 19 20 73 100 45 92 2 70 44 78 72 83 17 76 8 42 87 49 79 12 71 81 32 35 38 40 81 11 30 13 15 11 50 17 98 64 35 64 61 44 92 36 93 64 86 88 59 52 92 30 85 60 42 36 35 64 78 48 63 95 67 87 81 63 63 4 46 1 90 83 16 47 42 23 59 67 42 24 24 10 67 48 26 98 28 67 26 39 28 1 92 4 74 54 99 19 54 97 9 70 34 17 37 25 63 65 82 100 50 24 31 46 32 85 47 23 91 1 71 93 21 18 20 76 55 45 59 76 68 93 47 53 91 13 35 30 58 39 10 98 8 14 46 96 14 94 65 98 53 97 22 69 6 47 47 12 36 80 43 13 63 52 22 39 11 30 20 71 40 7 91 9 4 95 82 22 61 94 97 80 53 51 54 27 72 16 49 60 40 40 36 27 87 46 96 95 15 65 33 7 4 91 95 78 22 10 89 21 84 4 5 98 40 18 39 10 80 78 3 37 39 82 77 43 78 41 71 42 98 91 7 30 80 98 69 18 43 10 56 25 58 9 1 63 87 69 98 36 96 47 38 7 71 79 50 79 86 63 20 95 45 98 43 27 31 24 2 93 98 100 47 81 99 82 51 3 22 25 6 19 68 64 22 93 52 63 72 57 1 43 46 6 58 73 9 82 19 41 46 49 72 91 97 92 48 65 5 55 3 96 40 100 57 58 25 41 48 11 64 2 51 50 97 4 91 45 81 4 63 28 50 18 43 12 9 73 62 5 13 77 44 66 90 58 25 64 48 32 73 82 48 13 45 28 72 29 49 58 15 65 17 92 19 71 75 53 75 92 15 20 33 90 59 4 52 41 4 72 88 94 100 29 10 28 15 81 54 14 25 58 15 41 33 8 30 49 83 32 74 59 61 76 90 88 17 64 20 2 52 25 28 24 32 7 23 58 45 39 48 23 24 73 76 53 98 84 69 6 34 96 65 77 6 93 36 69 85 100 59 86 32 85 27 91 42 65 85 3 59 53 75 39 61 31 86 20 19 85 11 7 86 21 69 37 4 53 60 9 57 46 46 12 64 24 98 69 80 52 96 23 76 8 54 22 13 21 94 16 25 68 89 83 54 46 29 83 25 33 68 3 76 62 30 88 59 71 38 21 4 49 28 70 31 75 75 56 6 71 22 6 50 42 40 32 10 3 48 4 35 26 52 88 72 43 29 74 31 51 90 77 35 10 53 58 61 43 14 22 26 60 78 85 85 47 57 43 53 61 27 67 55 10 58 43 87 41 10 100 6 75 39 48 92 67 71 8 97 47 26 9 79 52 17 93 13 70 67 45 72 17 60 50 2 48 50 6 85 21 42 67 32 7 32 20 75 96 10 97 11 41 39 17 82 77 53 51 65 97 49 8 75 45 44 15 90 35 38 24 31 27 24 14 85 37 23 85 61 68 53 70 68 55 54 76 81 66 92 89 8 8 34 27 12 94 27 30 73 28 86 3 53 40 27 30 57 9 3 42 68 37 28 8 62 86 2 38 22 28 46 31 53 75 58 60 6 66 41 3 22 98 89 6 92 83 72 32 88 62 32 78 42 40 32 82 18 83 55 87 1 23 34 15 4 83 76 97 21 50 70 75 60 85 20 74 93 93 61 28 34 15 6 66 24 85 49 53 4 5 1 81 74 93 12 37 28 74 39 60 15 2 23 88 19 25 68 22 40 4 38 23 41 69 90 39 41 80 100 81 39 68 50 31 54 45 68 18 58 6 65 97 47 73 49 66 94 79 35 91 68 17 24 20 52 96 69 9 35 30 42 87 26 24 78 72 58 86 4 41 87 91 64 42 23 63 96 50 27 25 69 11 38 41 16 67 49 41 21 1 20 79 13 6 31 15 14 80 16 28 65 51 91 57 98 4 33 82 63 10 54 39 6 2 80 40 99 21 31 46 43 97 6 58 88
683
57 11 89 51 16 10 15 61 96 42 94 3 65 93 56 84 37 38 38 79 27 44 34 56 54 63 23 69 44 14 73 18 75 95 15 10 68 61 27 54 56 88 85 6 73 35 15 88 48 11 91 86 33 98 60 16 18 96 80 87 95 84 51 53 84 46 17 53 59 79 7 42 88 74 39 15 82 47 54 97 91 44 13 95 36 52 23 51 51 34 67 41 45 84 74 11 73 33 60 76 2 21 77 69 31 95 24 36 12 52 95 87 41 81 79 41 41 31 83 42 24 75 97 37 71 86 14 44 86 3 84 36 98 3 66 79 71 85 59 42 51 33 38 90 80 70 53 56 53 96 40 62 59 75 94 67 27 10 11 27 5 17 44 27 80 28 8 7 3 93 57 32 30 74 14 84 71 82 15 45 51 36 39 96 39 90 3 90 7 96 71 61 12 25 47 63 27 78 9 40 5 92 2 10 42 11 9 8 69 21 34 51 60 62 7 39 70 4 79 9 24 6 41 64 6 90 63 8 43 88 44 92 91 48 17 63 49 74 18 6 18 91 5 46 35 19 66 97 7 62 47 30 26 78 66 42 90 78 14 7 37 76 59 41 74 66 23 17 29 23 39 38 67 21 1 88 48 67 36 71 6 33 99 57 4 71 92 14 46 100 60 80 31 22 36 9 13 58 86 13 31 94 11 72 46 14 83 40 55 84 14 53 46 20 97 97 76 92 6 38 53 26 1 18 88 85 46 30 49 33 99 40 51 42 23 16 82 53 78 98 40 53 3 42 65 79 54 12 79 35 81 4 35 60 35 90 30 75 74 23 81 41 2 19 24 60 29 6 64 17 23 33 56 4 61 68 86 37 75 22 63 38 36 32 79 67 36 70 72 9 43 47 76 61 48 11 90 64 53 91 7 43 38 79 22 84 41 56 74 79 68 24 41 33 34 26 20 52 11 19 87 30 72 63 56 64 12 75 15 13 38 6 40 35 75 93 10 71 1 72 61 29 44 100 29 97 71 71 53 1 13 38 36 12 4 46 64 53 86 95 13 85 6 87 20 39 95 33 25 95 21 71 5 63 76 56 72 63 3 61 22 89 92 69 71 73 78 63 33 82 78 47 47 1 70 82 73 78 1 3 96 85 63 53 85 25 4 64 61 71 83 41 45 15 26 16 52 87 62 72 70 9 60 42 35 17 67 5 59 89 18 57 66 92 30 33 39 3 6 57 42 81 80 69 93 75 98 61 30 89 91 60 33 49 38 17 8 93 59 63 45 67 12 80 34 75 41 47 16 63 11 40 19 85 59 1 48 85 72 7 8 18 59 11 13 45 90 95 40 88 31 80 55 71 32 57 61 70 28 39 72 8 3 80 54 71 4 1 2 55 12 58 77 17 59 96 6 27 86 54 67 40 65 76 59 37 38 57 28 50 58 15 89 11 87 99 25 7 61 27 30 93 15 12 73 33 100 12 97 22 84 12 47 92 55 22 12 19 74 11 37 82 12 15 35 45 45 77 51 15 92 78 50 85 93 20 20 44 59 9 38 92 92
721
27 33 91 11 61 25 73 54 6 83 73 81 63 30 96 37 13 100 44 11 13 57 38 47 31 99 49 59 58 50 100 84 83 77 71 32 44 46 92 60 15 71 81 46 15 63 1 93 66 86 6 68 66 93 90 27 28 81 31 32 9 83 68 14 69 43 90 89 1 15 63 64 99 22 11 73 23 87 95 62 14 85 52 37 97 20 30 53 9 36 10 84 74 33 46 55 60 91 31 7 96 35 13 96 14 30 22 47 48 5 45 77 88 24 67 54 39 38 94 34 89 55 54 33 96 83 70 58 75 15 54 95 8 76 20 16 92 5 50 19 8 20 85 87 2 21 90 15 31 28 8 92 95 36 21 70 7 77 16 27 37 42 71 18 23 45 42 55 90 49 24 61 6 68 23 5 5 93 99 1 40 3 85 63 49 60 31 41 4 4 62 64 2 97 5 83 99 29 60 87 38 88 69 57 95 23 51 8 48 93 67 82 85 64 17 35 77 39 17 30 51 87 63 4 34 34 10 73 47 55 31 93 57 97 45 82 46 14 86 54 46 69 26 28 63 59 16 82 6 100 2 57 87 29 89 55 44 78 28 8 63 36 57 86 100 24 35 69 65 73 17 31 39 59 80 12 10 84 44 55 70 89 68 52 91 1 27 96 55 72 47 49 58 2 85 13 50 88 20 52 25 32 95 54 32 36 71 100 44 73 30 2 100 62 94 77 93 7 3 47 6 15 16 71 87 16 65 4 88 40 49 34 93 44 41 88 8 22 71 21 57 98 83 69 44 22 89 91 20 19 93 37 80 48 14 63 53 72 53 71 62 93 2 96 45 79 93 23 29 9 86 54 6 18 1 99 17 19 63 48 80 83 8 4 66 48 74 97 59 42 66 57 84 52 31 48 3 36 72 18 51 32 62 75 81 88 55 34 85 34 37 78 31 86 33 84 43 4 82 65 47 22 37 32 1 42 8 65 10 88 75 29 22 65 92 25 73 55 94 81 63 96 55 11 70 33 82 71 54 74 55 77 1 13 48 58 42 86 21 40 88 52 12 37 78 97 72 61 44 99 96 21 26 63 18 38 54 94 14 35 57 94 48 44 1 50 27 95 32 73 30 21 43 42 21 14 82 77 34 53 50 89 31 52 83 79 82 73 23 15 13 35 57 61 87 34 75 16 29 8 88 74 45 80 67 100 37 15 96 59 68 86 46 76 89 10 13 24 55 11 46 41 69 21 43 48 76 97 94 27 81 7 16 4 34 13 74 8 63 32 99 89 82 27 13 61 54 65 13 56 63 35 11 45 73 11 19 17 100 22 42 10 51 59 31 75 32 16 19 91 80 68 65 83 18 87 23 11 94 17 44 33 3 92 54 59 57 45 25 34 88 61 9 71 83 31 71 97 42 20 49 87 91 1 82 86 93 77 70 59 2 1 14 64 35 73 29 28 28 79 98 61 33 29 88 32 93 61 90 17 13 32 60 40 92 86 31 19 42 54 98 60 18 73 70 38 74 16 89 54 71 7 98 44 82 76 85 6 88 62 44 45 39 27 27 83 99 8 21 22 46 30 46 71 32 49 68 88 64 41 29 50 44 57 16 78 72 11 37 86 97 41 50 88 86 5 6 89 23 26 45
735
41 82 57 81 23 68 11 96 100 28 67 39 42 66 72 4 10 57 95 49 86 75 13 15 65 44 79 28 96 25 92 70 77 11 15 80 79 18 82 96 89 25 15 9 81 49 55 45 94 19 27 57 86 28 6 11 54 26 79 99 6 95 31 15 78 65 13 49 57 20 57 40 60 39 18 94 74 16 3 57 68 80 44 64 71 15 84 93 30 58 24 47 10 6 45 63 86 32 20 95 81 50 60 82 2 21 33 91 65 50 46 9 80 25 81 79 98 41 56 72 89 2 47 52 33 12 37 97 78 96 85 88 84 34 30 54 66 91 12 19 38 10 41 25 98 43 72 17 38 99 92 11 95 75 11 12 82 47 69 75 14 50 81 74 45 27 25 32 16 42 38 23 60 74 81 9 88 38 66 31 59 81 99 43 8 32 38 100 46 61 17 60 21 41 62 50 63 65 68 41 44 73 82 38 98 56 54 39 14 16 19 67 11 6 60 61 52 53 37 34 86 18 47 29 47 31 46 78 20 83 54 37 31 39 34 46 50 20 53 16 31 21 82 91 7 61 82 43 11 83 56 51 26 9 61 74 54 36 62 94 23 8 95 82 24 95 22 47 8 24 27 52 74 81 83 7 24 9 57 99 69 62 52 70 5 33 18 46 73 43 89 46 90 94 77 96 89 34 17 71 24 89 20 8 28 77 71 98 56 70 29 94 69 75 31 65 21 73 90 57 93 17 35 27 64 87 75 83 6 66 77 43 72 26 72 21 5 65 76 28 81 24 63 24 50 21 99 81 50 95 65 45 28 62 99 73 40 97 36 100 96 96 6 28 77 68 16 71 49 35 93 97 10 78 14 40 14 39 95 57 44 20 54 66 37 7 89 51 16 60 75 68 98 6 4 37 92 64 22 83 9 25 54 49 53 23 17 75 85 22 54 63 29 5 54 24 78 85 25 81 12 66 96 82 10 86 4 5 75 38 8 28 49 24 88 91 36 18 60 70 70 43 29 65 52 33 83 4 87 27 76 95 23 6 52 45 62 93 28 92 76 68 43 64 68 59 10 57 3 72 39 19 64 50 36 51 87 1 96 15 51 54 40 38 86 33 11 40 35 33 71 16 84 85 46 8 13 8 50 35 96 92 96 86 69 14 86 42 46 86 2 20 53 12 85 70 42 94 4 68 74 34 79 1 77 12 28 18 48 71 45 77 87 5 72 81 26 31 47 45 88 7 85 84 88 70 64 5 15 19 79 6 53 61 12 75 88 24 29 9 55 28 73 33 40 1 81 99 51 79 1 1 57 56 7 63 95 26 55 17 95 58 79 43 7 40 87 45 97 54 93 38 93 60 40 94 73 63 62 81 62 81 12 94 71 54 3 79 63 6 61 75 70 79 78 93 23 10 45 14 88 1 89 68 47 44 100 82 52 97 8 67 54 14 63 63 23 38 5 10 81 8 3 19 14 52 78 91 60 92 12 69 28 22 64 74 64 25 92 59 79 66 15 62 38 88 91 72 24 8 70 63 72 34 56 36 28 76 7 58 98 94 93 5 9 34 69 24 98 44 35 70 81 17 15 60 35 24 17 39 78 87 76 24 97 23 42 79 40 11 48 38 16 49 27 13 80 96 33 53 34 47 92 56 87 91 91 90 19 85 71 69 56 34 21
946
21 25 100 86 35 25 26 90 81 19 77 79 12 86 4 10 71 5 80 25 99 47 27 87 48 86 35 74 99 71 91 91 86 98 5 58 22 20 48 90 25 83 33 48 57 8 19 62 59 89 2 31 50 93 19 43 5 57 50 12 47 100 16 40 50 67 90 13 28 51 90 65 14 55 100 48 81 23 80 98 27 52 96 65 35 28 87 74 12 9 92 16 55 65 15 7 81 38 16 70 40 34 78 7 8 99 88 58 80 51 17 58 8 44 85 4 82 14 10 95 68 53 54 11 51 23 45 53 96 68 82 50 100 76 87 99 54 35 41 85 74 7 88 99 90 3 63 56 19 71 70 43 64 54 59 11 75 49 77 20 77 8 57 52 37 12 46 76 10 8 60 76 9 4 68 43 21 85 49 73 3 25 18 75 73 61 99 83 91 19 91 27 7 23 16 96 19 77 98 67 14 68 36 18 6 50 83 65 72 69 96 46 15 78 32 100 40 58 90 79 49 78 93 27 27 33 81 77 59 20 36 75 36 64 40 41 56 50 11 82 81 5 26 30 12 64 14 51 90 15 20 29 4 39 1 73 43 67 36 7 34 35 87 89 19 65 20 62 95 70 56 19 13 41 66 90 68 76 80 22 28 53 22 77 15 65 50 56 56 46 23 35 41 27 90 49 14 17 57 80 62 11 72 56 93 38 3 68 19 11 85 28 56 65 87 39 98 37 47 88 35 66 55 39 14 50 2 76 44 57 89 7 19 26 11 48 31 80 86 31 31 30 21 64 49 74 83 84 13 4 44 6 4 44 46 65 34 19 40 43 74 95 30 78 24 19 65 59 35 14 25 25 90 4 76 93 7 72 64 32 53 92 9 44 20 32 34 80 85 3 5 35 96 80 88 66 5 61 39 40 51 56 75 38 78 4 43 36 95 52 52 55 26 56 86 91 42 18 13 6 64 62 37 45 99 24 94 61 5 65 37 21 88 35 2 75 93 33 4 61 5 13 41 60 92 33 7 61 40 23 22 25 6 67 13 17 87 81 91 32 70 76 36 10 78 67 78 84 11 48 89 92 40 30 28 25 98 91 85 4 85 95 65 10 54 25 17 11 5 49 86 36 53 38 47 38 51 5 73 39 86 3 72 60 35 72 91 43 47 94 53 78 27 84 43 8 78 94 20 55 20 60 93 87 88 6 41 70 100 10 46 44 89 20 6 3 100 9 67 8 75 62 70 56 82 77 30 42 25 92 49 79 71 84 74 30 31 80 20 70 53 58 69 37 58 81 16 10 19 14 84 37 32 7 84 52 53 94 26 89 61 73 86 66 91 72 75 10 10 56 31 46 48 100 47 12 23 3 90 41 83 65 95 66 44 3 16 80 30 85 40 64 9 82 80 2 46 15 4 30 53 91 29 10 90 38 67 51 24 65 72 48 46 43 15 41 36 77 38 1 28 33 1 10 68 73 35 4 12 90 28 78 86 81 83 64 94 7 63 71 35 42 43 2 72 18 18 12 57 8 33 12 74 12 8 6 61 90 90 81 67 42 65 42 88 1 98 96 35 28 40 48 77 97 90 9 30 58 45 36 93 27 33 10 7 44 6 29 46 75 96 59 82 92 96 51 97 73 26 55 97 15 95 77 9 48 28 7 57 51 11 53 18 93 91 59 91 29 66 30 98 34 7 97 89 77 38 96 11 23 20 27 64 73 17 91 38 41 1 7 10 84 15 98 14 63 53 5 63 15 49 57 19 51 59 65 16 28 38 52 29 38 70 25 2 44 45 97 17 52 51 1 82 19 81 94 17 24 8 76 100 19 58 92 100 79 95 63 21 53 85 11 53 7 79 28 34 64 60 78 44 16 29 100 65 92 87 29 27 26 60 42 55 22 84 57 46 39 57 13 29 99 64 53 59 16 19 68 77 13 30 87 74 73 46 4 24 22 21 12 85 66 80 90 46 83 54 85 21 88 50 77 55 91 5 1 49 67 6 60 79 92 42 67 92 98 17 38 41 72 27 31 32 47 55 62 40 21 72 52 68 21 11 25 68 35 37 85 47 33 43 60 64 60 9 63 88 88 85 60 8 10 83 10 8 44 69 32 29 69 83 92 29 1 14 32 60 61 16 44 28 44 25 23 7 87
665
82 39 51 46 81 63 71 16 86 25 7 22 92 12 69 42 48 64 85 28 83 8 48 99 96 91 37 93 44 8 70 16 45 62 99 70 90 49 92 78 17 89 69 55 20 60 100 31 17 13 82 91 29 98 14 35 86 83 43 87 71 38 40 79 45 33 64 47 5 91 22 80 6 7 92 71 91 74 36 43 100 2 84 17 35 62 90 77 71 12 22 59 76 55 18 38 70 89 56 55 48 71 84 20 11 66 86 42 65 13 67 59 30 53 65 76 72 11 11 30 45 90 56 14 17 53 94 8 52 50 99 69 48 63 20 13 10 4 56 48 94 65 12 46 26 87 51 2 23 81 65 83 66 80 15 8 23 69 42 76 27 87 16 29 40 51 45 60 16 100 69 53 90 78 37 40 94 61 46 96 40 70 82 9 100 92 27 44 65 95 16 95 96 73 88 54 94 83 43 1 61 59 62 9 63 86 86 59 71 37 30 66 73 98 83 63 55 89 12 15 92 72 2 28 19 66 42 96 70 12 5 76 57 8 30 35 99 41 49 80 93 43 74 40 68 58 29 47 43 72 50 79 100 62 60 72 8 8 16 74 3 18 90 16 11 89 6 21 40 41 6 9 89 7 39 44 74 38 37 59 9 33 61 31 3 82 62 6 66 11 36 82 90 70 26 74 38 21 67 6 40 47 31 19 88 24 71 43 95 26 58 64 72 69 88 12 90 91 15 5 37 84 73 26 3 93 3 83 76 59 50 19 41 11 54 32 100 74 7 65 92 62 30 63 25 56 78 69 32 37 28 49 98 87 62 19 22 4 14 74 63 100 52 67 87 67 58 97 86 99 32 49 95 33 10 59 50 30 40 11 35 41 12 70 39 9 90 80 4 67 70 18 54 68 31 43 59 45 27 64 73 96 58 30 86 13 4 19 14 42 72 13 76 92 47 29 87 95 30 98 4 43 51 11 30 51 67 88 49 89 93 13 24 42 94 8 15 16 72 32 12 97 22 46 56 92 21 43 71 32 58 39 94 10 62 44 10 93 34 50 42 23 56 83 62 81 22 32 10 94 84 62 61 58 19 78 98 50 23 90 27 11 68 76 64 45 14 62 17 87 43 15 99 56 6 64 81 45 73 13 22 2 91 46 71 89 39 3 11 83 71 28 76 54 49 100 14 5 64 36 34 38 49 48 42 13 53 91 20 15 33 99 37 47 15 73 88 40 21 8 33 55 10 54 3 43 67 79 100 68 1 95 98 68 88 26 11 19 53 26 88 15 99 46 21 83 38 35 51 44 67 31 14 84 64 40 13 97 27 75 82 35 6 38 30 65 15 51 25 72 77 48 30 55 97 38 96 80 80 53 18 99 65 1 49 18 93 76 62 41 76 69 99 26 17 37 75 23 15 14 46 59 59 55 83 24 41 91 44 11 79 59 26 72 97 40 44 54 75 45 68 19 40 30 1 19 50 50 57 61 1 96 83 52 23 25 100 62 91 76 62 98 51 98 80
539
10 97 37 1 97 23 69 1 73 31 58 44 76 14 32 23 93 41 23 68 96 54 49 13 18 75 85 30 44 56 6 74 97 23 45 49 78 7 14 22 62 99 3 74 49 3 58 70 68 85 7 61 72 100 85 58 41 88 83 92 30 42 87 55 59 99 8 94 86 62 73 99 50 76 97 97 85 98 62 82 39 77 46 64 89 88 1 17 50 15 20 37 34 27 74 97 68 49 40 72 57 97 39 23 86 26 82 58 13 67 33 17 12 56 47 95 3 6 79 9 5 23 26 99 32 63 39 61 88 43 50 37 92 42 43 72 22 61 11 48 41 2 34 100 63 30 38 57 42 88 14 82 39 82 29 28 3 50 20 69 71 71 18 61 66 94 52 78 51 75 22 60 6 24 77 26 78 78 3 29 36 51 78 53 5 36 19 60 50 46 53 65 49 16 18 44 39 58 75 75 87 71 77 6 31 78 62 73 99 96 77 99 81 7 76 23 37 63 15 83 40 45 71 53 61 66 78 33 48 77 24 53 60 12 68 14 75 19 87 91 22 70 59 30 13 91 93 26 91 41 77 94 79 63 78 13 21 97 91 47 7 26 42 38 58 96 1 3 19 54 33 80 83 1 36 15 67 8 39 76 79 33 98 48 54 12 34 76 3 17 22 4 4 95 50 38 86 70 96 13 78 26 31 78 61 6 47 25 86 51 56 37 42 63 37 86 4 84 38 97 13 28 67 61 21 40 80 94 78 15 53 68 20 62 1 41 86 21 82 89 100 41 4 12 99 77 70 16 91 72 52 36 82 67 68 49 11 40 36 62 84 37 30 72 5 51 5 96 79 70 39 10 47 82 3 97 63 56 20 97 23 44 46 64 71 78 33 83 94 41 4 17 26 68 43 81 72 67 83 6 71 73 14 62 2 93 33 9 51 79 27 13 3 90 79 94 22 55 83 84 91 88 36 34 34 43 77 75 34 3 74 99 70 17 1 18 39 47 81 83 7 33 92 3 23 19 90 58 70 13 92 1 3 40 51 15 64 43 37 22 39 12 93 10 51 58 62 9 9 73 21 48 71 14 76 47 75 31 32 36 52 44 64 44 87 67 10 48 64 75 49 53 15 60 77 32 46 46 23 9 90 49 54 25 41 77 25 55 43 45 46 37 14 9 53 59 33 28 62 90 34 42 82 3 51 93 33 21 10 4 63 56 1 38 88 17 85 73 41
518
69 36 21 97 94 56 47 97 89 82 22 99 39 47 79 66 60 14 31 23 13 42 82 25 55 32 94 9 3 20 13 48 6 53 30 34 15 53 50 90 97 63 57 47 57 77 56 99 38 2 57 98 49 81 45 79 63 5 91 64 9 31 47 43 47 89 89 38 7 55 11 29 94 3 54 75 62 94 32 86 70 92 96 2 23 71 43 19 78 7 48 90 70 27 58 40 27 86 1 57 3 65 95 95 14 88 12 11 20 90 83 20 45 8 39 68 79 91 18 19 24 8 37 87 4 57 13 73 21 28 22 64 47 35 87 66 7 26 86 10 61 1 12 27 95 11 86 43 5 80 10 76 21 52 65 73 18 9 22 44 16 93 54 90 78 81 16 35 52 12 7 28 10 80 68 40 67 71 95 37 18 58 4 57 24 3 68 40 25 47 19 61 11 24 50 25 97 19 4 60 88 15 41 10 19 48 69 55 62 33 91 8 11 91 35 92 88 77 68 22 69 95 13 82 23 72 41 62 86 55 47 32 93 95 62 54 3 81 21 67 46 73 18 58 1 41 44 7 45 72 59 59 18 54 43 51 89 76 91 5 39 11 9 81 41 48 78 78 84 36 11 12 55 63 90 14 48 65 91 6 39 57 42 59 71 5 88 71 18 84 3 19 67 58 37 6 96 3 14 91 91 93 38 70 56 27 17 16 20 81 36 65 18 24 1 77 77 57 81 5 62 19 47 37 38 38 100 14 49 63 65 37 15 77 85 91 91 18 97 67 66 58 79 23 57 62 39 43 100 37 52 4 76 91 95 37 22 22 39 60 22 9 24 39 93 3 30 34 78 1 69 66 36 48 47 43 8 80 23 69 86 49 61 97 4 83 70 54 54 42 90 41 31 8 25 71 46 50 97 26 96 49 17 7 25 97 96 13 47 48 1 72 55 68 10 88 23 13 32 78 58 37 100 75 80 44 13 44 9 77 34 45 50 9 8 27 100 40 29 79 13 37 36 99 28 48 44 73 97 34 47 71 47 45 52 95 65 14 53 38 3 7 35 36 10 42 13 34 8 57 67 11 52 80 73 94 100 10 65 46 96 23 55 7 18 85 29 37 20 28 62 16 89 100 12 2 15 84 2 86 25 85 20 95 42 41 46 58 10 14 87 20 14 33 33 18 33 50
517
96 16 61 13 79 3 87 97 16 9 100 10 1 43 55 39 26 68 41 74 6 47 96 91 32 46 87 31 54 58 87 7 12 11 93 46 28 99 17 68 31 41 71 83 45 44 81 12 9 32 27 75 18 13 79 38 27 34 68 100 5 30 31 60 7 97 38 41 21 17 1 50 12 48 54 58 13 72 96 51 58 58 48 82 19 97 82 35 4 91 67 43 18 30 62 68 28 7 97 94 89 60 19 7 49 82 91 82 92 29 59 81 62 50 51 98 1 1 89 32 32 62 84 82 31 93 25 69 19 60 73 31 31 95 27 8 64 77 94 25 18 29 72 11 55 44 97 73 79 76 80 93 22 50 19 35 6 52 35 8 34 58 54 32 17 76 53 67 12 1 64 26 69 7 8 11 60 59 74 48 88 3 42 93 21 22 73 45 53 8 30 98 47 3 68 66 99 4 80 71 48 38 62 84 97 71 80 30 43 95 49 74 100 95 36 6 36 86 85 78 76 48 100 18 62 15 49 32 34 23 69 18 71 75 8 93 72 14 62 10 44 16 39 96 69 81 83 61 72 50 24 33 24 23 33 84 40 37 55 51 76 78 32 11 17 52 8 56 91 57 90 74 4 97 67 17 11 78 1 38 7 42 81 72 16 99 82 96 62 6 19 4 22 25 26 79 42 82 71 32 18 38 10 65 42 3 15 90 10 29 65 3 47 91 67 51 99 93 66 92 98 74 87 64 69 40 7 69 73 8 64 89 52 43 15 18 59 70 56 37 7 66 32 55 76 63 97 6 87 31 14 67 75 34 66 76 40 36 14 66 20 22 71 4 66 41 44 62 10 70 18 53 88 42 53 5 86 37 54 73 26 18 98 97 99 35 30 68 16 6 23 96 71 68 87 15 4 52 98 75 58 46 57 66 28 13 73 93 83 88 64 94 27 19 34 65 100 49 94 55 70 96 63 3 27 15 97 89 66 47 18 98 86 25 73 87 56 30 97 27 34 68 3 59 100 43 1 77 82 59 29 5 11 35 34 31 39 94 78 97 95 46 49 57 30 95 57 61 47 46 35 85 38 72 36 64 49 27 82 59 53 91 12 39 92 47 1 54 9 100 7 38 10 100 4 37 44 22 73 82 34 90 63 1 66 94 77 17 39 42 12 61 60 98 36 89 56
558
76 32 18 92 24 30 37 17 66 55 6 69 100 21 24 78 85 82 49 29 5 30 9 55 92 57 29 90 23 76 55 55 35 52 55 94 38 96 26 14 58 19 19 13 98 26 6 63 41 5 15 29 16 58 92 93 74 50 4 42 68 2 15 74 66 71 86 66 84 56 18 32 62 64 86 92 41 62 83 86 70 49 2 66 10 51 93 37 44 78 56 79 3 98 88 4 83 86 84 97 19 69 17 66 35 94 64 92 9 2 83 49 96 51 59 49 22 49 74 87 58 65 58 81 7 35 35 24 38 97 56 57 15 1 26 45 74 22 8 47 86 63 34 43 28 23 77 3 7 29 97 51 82 12 100 40 24 64 19 7 9 38 85 56 94 11 99 9 86 29 10 51 84 87 94 68 91 71 82 10 25 86 30 79 24 59 81 59 68 97 47 38 31 95 3 32 46 56 45 78 54 26 86 73 1 90 59 76 55 3 100 23 81 49 26 23 22 10 69 46 99 24 69 49 58 7 46 27 40 61 38 13 96 55 80 31 51 98 15 70 87 87 26 24 47 85 44 69 74 40 52 25 58 65 90 16 13 100 19 45 64 4 52 80 95 91 49 84 96 36 97 13 38 14 16 60 76 11 10 68 88 28 43 66 76 15 70 26 17 70 21 44 16 60 73 99 29 63 15 67 22 13 18 28 29 94 64 4 77 44 25 30 5 49 71 97 55 77 32 36 69 91 6 94 86 87 38 26 46 56 5 88 78 71 3 2 16 73 83 82 57 87 92 10 80 90 68 45 54 62 12 47 71 11 99 3 67 83 5 41 73 60 34 46 24 36 99 62 30 36 20 62 39 36 84 23 34 59 30 68 8 13 35 67 55 41 74 41 6 2 42 4 21 14 89 9 27 99 44 3 20 37 33 56 97 100 72 71 84 96 78 68 85 42 7 80 39 57 17 87 66 53 20 20 79 43 59 49 19 28 3 49 24 43 57 61 62 82 66 2 22 7 30 7 52 44 83 99 40 89 63 98 18 26 15 36 91 89 1 83 72 8 19 74 7 14 48 98 98 47 40 85 76 57 80 45 77 66 66 66 21 80 60 11 49 100 9 88 78 48 52 92 54 61 95 7 84 1 76 58 100 10 35 14 53 80 4 42 87 50 99 2 47 61 34 11 88 42 58 59 26 67 40 16 85 35 61 6 1 47 1 21 33 21 54 52 46 66 38 67 93 53 10 67 96 58 100 58 52 32 67 44 4 7 65 69 42 16
727
6 4 92 14 61 4 90 26 16 84 54 46 46 74 62 8 92 73 34 60 44 63 31 37 36 47 16 36 91 5 32 29 10 76 28 96 58 97 64 46 80 10 29 8 60 41 32 53 15 27 82 11 8 25 28 55 30 25 5 99 65 1 59 75 88 82 20 54 47 39 61 25 58 69 76 44 89 28 45 35 79 80 38 38 64 80 98 91 35 59 67 45 97 88 35 21 22 62 37 66 15 91 17 56 56 37 17 53 20 25 14 18 14 55 42 100 82 86 43 5 49 2 92 8 71 8 43 17 29 47 2 25 68 65 94 72 86 16 64 47 85 29 61 58 21 51 35 91 70 54 59 96 34 92 57 71 50 37 36 3 16 15 20 9 74 90 94 3 60 44 21 30 7 70 3 71 78 63 1 82 92 63 15 34 77 47 30 40 56 44 76 89 53 48 81 87 69 25 88 90 62 38 29 15 46 98 67 7 63 79 100 26 41 60 55 25 100 73 14 86 90 44 45 96 97 56 68 8 20 51 91 34 28 65 92 72 64 48 5 48 40 53 59 58 62 7 10 11 58 54 5 87 72 68 84 21 95 41 61 6 48 26 96 30 19 16 12 46 19 33 34 2 41 47 98 89 43 18 68 19 25 51 39 4 21 75 74 60 28 25 84 48 21 78 33 54 90 70 90 95 61 60 39 96 30 62 45 40 74 57 35 23 14 74 82 36 17 47 18 5 38 17 59 83 23 87 27 68 96 23 48 11 96 98 10 55 75 92 48 42 81 80 49 65 5 55 60 29 2 9 66 96 75 45 89 24 1 33 41 30 44 1 89 58 48 63 100 3 27 98 47 41 75 87 31 77 100 7 9 42 20 83 44 79 65 25 74 50 31 52 59 60 69 69 38 4 99 73 43 67 82 53 51 96 27 21 67 68 67 79 98 42 45 30 4 52 42 48 40 96 84 68 59 35 48 25 22 63 17 89 90 32 7 29 12 48 80 28 27 23 73 43 25 83 63 78 80 5 32 72 36 23 56 80 57 25 68 79 24 92 84 57 6 24 80 48 59 59 49 54 20 71 25 93 60 76 45 15 36 81 2 78 52 31 38 41 38 65 14 33 41 35 74 100 35 63 54 77 18 27 66 10 90 68 5 34 75 28 2 98 54 25 36 37 9 24 44 38 42 27 12 69 94 67 77 28 29 13 73 13 72 27 7 38 77 19 77 64 58 76 10 100 32 9 78 92 39 18 46 59 43 17 24 20 45 91 7 42 92 64 75 38 31 31 11 64 60 59 22 2 3 38 42 44 15 26 76 37 83 81 59 61 17 79 64 59 35 81 79 87 4 32 57 11 67 12 88 54 25 91 90 78 18 100 44 50 75 59 96 56 29 97 53 53 28 64 76 48 99 3 10 59 9 90 41 19 41 59 94 42 52 56 72 53 61 63 23 54 96 29 97 67 56 44 24 9 95 79 96 17 66 3 22 24 69 51 60 31 49 34 26 71 68 94 62 99 73 65 72 17 76 63 30 87 95 26 46 12 59 45 15 31 33 89 31 31 12 36 68 38 96 17 100 2 29 8 24 60 58 87 19 58 61 41 70 18 64 3 62 29 34 40 20 97 38 86 69 94 84 39 100 27 7 63 64 3 31
807
22 1 60 13 30 89 65 36 68 77 92 62 39 34 25 55 9 75 62 31 82 73 24 11 33 1 65 33 43 24 17 13 47 80 66 87 45 86 43 92 19 44 71 97 21 6 57 73 78 46 70 41 91 39 29 47 21 38 93 78 68 41 26 6 21 22 24 75 28 11 28 73 74 51 2 35 61 45 57 43 68 81 17 94 29 72 54 40 38 97 82 42 15 4 38 4 70 68 20 56 75 6 82 97 74 87 53 41 53 94 10 2 84 35 36 14 88 30 1 10 48 1 67 37 47 16 9 18 68 66 57 43 88 68 27 52 86 53 57 99 13 69 5 73 1 77 72 86 44 68 32 50 73 37 44 47 50 13 12 77 95 41 31 8 40 55 51 78 26 100 76 84 54 32 38 11 90 34 19 52 87 97 31 95 3 15 100 8 34 70 37 11 59 21 13 70 16 82 20 90 72 29 83 89 67 77 11 89 73 26 82 88 10 21 77 58 44 76 16 40 93 94 84 50 38 33 87 22 84 93 6 89 65 17 62 5 92 70 27 35 79 74 46 52 89 99 96 58 58 90 96 35 45 48 33 79 44 21 65 95 31 34 79 97 15 90 98 5 90 74 64 24 5 22 3 99 15 46 2 55 46 64 32 84 16 42 80 75 29 84 34 36 34 3 55 22 34 61 29 55 45 43 65 98 21 65 61 67 42 93 92 82 89 57 93 94 77 16 15 68 56 84 47 49 59 7 23 9 71 76 56 100 100 85 47 85 98 72 56 40 64 98 28 39 23 48 30 53 63 24 64 29 20 86 35 28 52 52 95 78 22 96 85 59 82 83 56 56 65 31 90 50 89 83 75 65 2 7 56 100 44 50 41 64 86 70 1 77 67 97 45 59 90 22 89 84 42 11 8 58 65 88 36 74 42 43 36 4 97 98 7 65 61 3 93 91 83 48 20 35 11 70 6 9 63 87 33 60 28 100 18 36 41 87 75 65 23 96 54 91 94 17 42 48 20 81 27 99 72 39 4 3 31 23 59 13 83 98 27 99 2 46 45 43 31 58 33 38 63 89 54 67 44 85 21 36 43 85 55 3 92 55 16 30 52 100 90 35 83 34 62 50 58 86 17 25 22 23 56 49 78 81 9 51 19 86 72 67 34 40 74 35 20 65 91 36 73 87 10 98 2 98 21 79 56 52 62 8 46 19 51 67 28 44 58 99 42 100 21 72 8 10 12 31 28 72 84 42 75 41 20 79 17 95 48 19 30 44 10 43 55 39 81 50 82 96 69 9 50 76 7 11 41 10 93 39 89 29 100 97 35 47 8 93 66 58 46 42 48 76 1 100 68 39 72 40 55 14 88 79 68 52 86 15 39 28 3 28 20 28 6 8 52 5 34 100 91 99 78 70 86 15 29 64 3 36 27 80 14 63 16 71 32 30 2 68 12 30 56 99 20 93 51 75 42 31 31 79 92 16 5 28 64 13 76 86 94 68 15 10 25 80 46 93 94 4 56 98 35 73 43 11 71 37 70 41 16 39 89 67 3 26 65 9 90 43 16 79 19 18 26 88 36 49 52 19 38 20 49 17 65 24 95 53 94 71 100 12 23 44 56 17 69 29 54 47 28 91 4 63 2 24 92 34 63 35 58 14 67 82 39 99 17 98 93 60 34 4 69 19 2 21 50 51 50 74 90 45 26 12 98 48 58 47 95 34 79 84 96 61 10 3 76 53 36 20 54 29 77 64 58 70 24 78 5 16 42 86 40 89 4 30 12 78 81 41 91 53 29 33 71 39 11 61 97 9 79 12 6 24 53 8 86 65 58 63 75
639
4 11 53 71 36 32 33 56 68 97 4 23 55 14 1 56 89 71 4 10 27 24 27 9 83 67 46 84 82 35 8 37 58 76 40 12 81 9 90 4 58 87 75 4 92 37 84 100 28 81 17 29 89 44 71 26 100 20 55 99 12 3 89 25 53 17 88 98 98 36 15 11 8 59 3 74 54 93 9 44 28 28 21 61 21 31 86 13 52 57 91 68 9 32 13 70 31 41 75 48 50 32 84 8 53 97 28 23 73 86 74 14 3 60 100 55 64 68 98 75 52 67 38 98 95 74 55 51 88 93 93 55 81 99 76 6 86 22 41 28 27 48 89 32 26 26 5 90 32 92 12 100 21 58 65 95 42 24 85 48 64 50 24 15 14 23 59 59 2 37 17 29 88 3 1 49 60 6 92 27 80 97 2 79 54 4 7 8 41 99 82 87 20 51 64 47 58 60 30 32 52 74 41 5 45 25 24 96 64 31 96 60 98 12 12 95 96 56 49 3 61 58 76 43 63 63 57 26 39 9 50 59 31 90 84 28 6 44 78 55 93 86 74 38 55 16 62 82 83 93 91 51 92 65 100 33 59 95 85 99 62 28 43 19 74 53 11 3 77 68 22 41 34 82 69 88 32 30 98 44 25 25 30 51 52 78 94 14 42 85 31 88 76 11 21 54 77 98 46 18 24 3 95 88 14 74 61 83 74 5 19 18 72 98 25 79 30 47 30 78 67 78 8 17 30 36 49 91 96 93 14 47 14 83 31 22 57 51 65 81 1 73 48 33 24 53 44 50 69 17 85 86 16 54 17 21 6 56 15 17 79 52 39 47 55 44 67 17 59 88 15 35 11 75 56 13 86 38 7 45 33 29 61 80 1 8 65 40 42 37 49 49 94 22 18 1 61 13 24 29 77 30 8 87 48 27 45 67 95 95 55 64 40 39 13 54 8 80 8 86 20 45 9 97 43 70 99 65 28 30 95 65 50 32 38 41 8 25 22 72 94 37 2 74 27 18 50 73 96 28 9 49 30 81 11 22 48 26 16 100 95 27 23 83 91 91 74 84 2 20 75 34 48 71 90 34 23 43 20 81 77 61 45 54 34 52 71 16 24 27 44 64 61 75 86 70 83 56 23 47 9 19 100 24 86 26 69 93 88 72 97 15 57 79 53 56 36 85 51 80 38 97 72 52 3 9 31 100 18 94 26 79 1 98 3 36 94 72 79 77 81 11 45 34 68 15 68 41 32 30 38 90 68 21 12 62 17 68 84 20 32 2 31 7 24 23 21 55 89 7 32 79 74 8 91 94 51 15 34 44 32 27 27 49 54 8 85 55 29 63 56 70 6 3 39 27 83 72 93 44 48 30 71 52 29 79 75 40 98 5 26 92 82 48 81 78 40 80 62 81 35 62 3 98 28 41 49 40 36 35 86 61 55 48 57 64 51 99 100
843
96 20 70 71 47 93 5 78 6 59 25 30 61 25 42 84 86 33 48 96 36 59 8 22 44 94 68 12 20 87 9 11 70 19 21 21 85 22 68 38 45 93 32 5 86 99 18 33 20 84 30 87 61 32 48 43 64 60 31 77 21 78 61 81 71 57 88 94 17 8 91 57 48 73 42 34 83 100 73 18 47 54 92 71 75 87 59 3 24 1 69 37 29 87 15 74 27 44 60 45 24 50 28 34 16 97 80 13 76 2 69 36 70 71 19 45 34 7 35 68 87 62 49 72 77 3 82 72 15 41 85 88 48 25 54 80 11 96 8 2 52 94 26 3 75 8 49 29 23 77 55 43 26 38 54 9 57 4 14 15 22 11 96 4 79 75 22 42 13 85 26 10 11 12 70 63 4 100 86 51 84 47 50 85 91 61 57 92 34 93 17 23 73 87 65 92 31 12 72 87 69 27 24 65 60 37 78 76 34 68 51 51 95 7 73 15 100 72 13 78 89 20 85 27 32 56 84 82 3 25 69 23 72 62 78 47 26 21 54 24 61 7 8 30 43 25 94 55 96 10 29 56 68 27 86 73 43 61 84 92 19 36 98 91 91 49 20 73 79 87 25 1 61 69 43 53 75 92 60 57 30 47 26 64 2 70 7 93 80 68 85 27 20 65 37 32 8 31 95 17 9 97 38 78 57 17 59 7 49 99 26 9 67 23 61 86 29 27 23 22 45 3 61 3 24 94 2 100 43 52 92 97 22 99 25 85 81 94 99 33 78 83 72 27 6 83 20 37 39 32 34 83 62 19 88 17 89 47 59 87 68 52 20 91 26 40 23 34 86 20 49 7 24 54 96 13 58 62 52 65 75 69 27 48 10 10 41 86 74 14 74 29 37 52 58 29 83 69 20 50 97 79 68 12 52 93 9 37 54 62 78 80 83 83 14 36 91 52 69 14 54 93 24 28 73 48 59 35 96 93 84 44 100 46 74 20 98 32 62 79 9 35 57 8 23 80 52 37 98 46 75 78 10 23 48 49 84 33 18 86 38 59 97 63 86 5 78 61 23 54 67 45 69 40 91 37 17 88 10 50 91 10 22 23 8 28 15 62 5 52 19 24 75 85 97 42 13 38 67 23 75 33 28 15 26 44 46 65 49 69 70 58 33 62 34 99 42 54 79 68 36 19 40 42 27 28 85 52 76 84 11 38 16 9 13 61 4 10 18 64 35 24 30 67 47 20 82 9 90 99 90 85 32 47 42 13 96 70 9 2 23 41 100 73 98 95 74 94 11 15 45 94 45 56 17 97 74 44 21 95 9 77 22 82 11 41 6 7 13 98 99 12 45 50 25 17 18 25 64 43 45 36 5 9 57 7 3 50 36 67 77 16 98 63 86 79 98 70 12 63 35 53 57 20 59 62 16 37 30 45 60 92 89 27 72 50 60 58 49 77 31 67 56 48 35 7 25 21 36 25 33 4 38 8 47 1 88 88 99 38 75 55 17 62 3 16 90 80 59 60 42 76 57 78 69 97 86 39 65 36 22 97 4 2 95 26 36 33 13 56 62 55 39 16 99 30 64 79 42 53 8 97 69 98 52 27 56 44 61 6 53 46 35 14 72 22 81 5 57 51 5 42 54 5 64 26 40 22 55 57 6 54 39 96 25 99 2 40 29 38 64 35 21 54 95 20 33 14 32 65 78 75 51 44 50 72 74 100 9 37 60 48 84 43 68 60 55 76 30 70 32 48 25 21 69 63 52 24 60 87 37 88 7 52 38 44 2 30 4 59 5 28 35 11 66 99 5 41 63 73 73 24 75 59 95 71 16 15 33 8 74 90 69 99 23 24 61 19 26 46 97 78 77 48 36 12 23 46 52 5 100 37 18 85 71 88 68 35 56 24 63 50 97
789
8 27 69 88 28 66 39 77 88 57 22 88 92 94 36 85 40 96 11 51 11 85 21 32 40 47 17 95 86 4 55 38 29 23 23 15 40 91 50 13 50 86 2 36 87 2 67 51 1 25 42 73 80 55 95 88 2 24 46 22 9 20 45 9 66 93 80 9 91 36 11 95 44 62 88 69 46 31 11 95 86 35 5 68 82 4 2 99 34 11 39 4 53 97 84 70 86 70 36 41 75 75 32 2 7 37 85 39 70 19 57 10 82 16 6 59 31 46 29 96 89 69 57 42 98 75 37 73 97 38 51 18 98 68 81 54 51 98 83 62 76 35 24 62 69 95 31 74 72 10 25 6 48 31 53 58 47 95 41 50 78 38 93 72 5 76 41 35 77 26 75 63 39 91 4 98 38 27 18 83 85 53 42 34 11 50 26 91 25 25 4 77 24 22 82 71 9 19 34 77 43 36 43 95 99 33 35 8 12 86 90 89 61 64 98 43 95 11 20 1 67 47 97 52 90 19 25 34 74 11 29 50 78 11 47 31 43 7 98 41 95 52 55 52 91 69 6 63 21 91 93 100 88 70 13 65 16 91 4 24 7 90 34 52 2 20 68 94 8 13 55 62 45 76 71 56 17 44 33 58 55 62 7 61 9 74 25 32 65 1 8 31 85 66 61 100 64 43 36 58 60 39 100 79 54 81 16 46 70 22 42 54 77 10 8 86 90 50 80 60 24 63 86 55 40 2 66 30 36 35 3 40 11 26 94 39 68 59 15 5 14 76 99 65 97 28 87 75 54 92 11 85 89 27 61 15 35 60 39 96 29 71 53 85 72 82 23 36 10 51 46 65 35 84 68 97 11 95 45 65 81 90 94 13 54 99 40 31 18 74 21 14 38 43 19 28 60 97 66 83 59 26 91 38 40 43 60 60 59 88 27 32 74 31 56 74 1 18 77 51 49 2 48 20 7 87 5 9 48 33 27 75 68 34 48 2 21 49 74 53 99 37 21 59 87 42 90 84 38 87 63 19 85 31 30 61 73 20 24 40 24 53 76 67 91 85 95 50 47 75 81 100 94 12 93 14 32 42 48 69 14 18 2 39 21 10 60 48 52 94 66 60 79 72 44 24 46 86 92 99 9 53 35 72 89 58 15 88 92 50 20 48 27 68 38 15 19 65 75 73 1 48 44 10 18 87 37 87 61 94 22 58 96 9 34 66 1 91 50 95 55 60 89 28 61 40 2 24 47 95 71 22 15 47 71 48 93 95 34 3 75 80 94 11 51 63 2 54 95 98 22 57 33 18 36 80 72 87 10 31 47 74 54 88 45 57 92 66 72 4 27 62 19 69 35 67 6 21 69 28 59 27 36 29 80 90 82 46 12 55 37 15 82 98 78 94 83 73 21 85 88 87 51 34 81 17 33 27 100 80 58 54 3 24 58 82 52 47 34 28 1 77 92 92 37 15 86 45 9 40 54 17 55 51 48 63 6 74 92 2 10 81 97 77 32 96 79 14 8 56 27 83 89 99 58 53 27 21 30 61 71 51 80 88 18 52 30 66 100 26 16 16 38 68 47 82 41 55 65 14 31 10 27 55 59 45 63 63 28 15 34 82 9 85 9 66 77 43 20 15 79 5 93 91 81 71 79 15 32 55 66 90 90 46 59 95 75 100 85 4 33 52 13 84 10 36 2 30 53 4 17 82 48 91 33 66 48 34 100 17 32 86 98 65 86 56 56 2 5 23 73 2 71 64 11 84 74 3 44 5 94 69 93 69 2 3 27 10 1
893
80 21 34 33 50 72 12 48 39 7 36 89 7 49 9 45 25 80 21 16 32 2 35 62 53 71 75 22 64 94 46 13 78 3 66 35 3 50 87 75 92 8 44 60 71 16 69 52 29 41 66 17 46 37 80 29 26 26 38 92 55 13 41 82 69 78 82 28 1 17 83 35 45 82 23 68 4 50 88 9 57 45 57 76 45 39 89 28 45 33 92 21 29 37 44 23 25 25 35 89 55 70 39 38 59 48 67 48 42 99 46 20 49 60 34 39 63 15 14 82 64 40 86 100 54 81 25 39 11 56 86 63 28 7 26 9 68 45 45 92 46 34 74 58 21 14 41 53 21 58 53 14 2 20 7 69 97 20 13 85 37 61 37 52 28 12 34 94 71 6 90 87 13 41 20 52 41 23 4 57 80 15 84 94 13 6 36 40 56 73 24 87 11 78 87 96 73 84 73 4 12 67 77 12 57 1 13 1 78 22 33 41 6 13 9 12 19 18 34 13 26 77 18 78 86 99 98 79 33 60 46 4 46 69 47 28 8 16 13 98 57 7 32 87 91 26 68 64 41 88 9 40 99 85 4 32 38 65 58 31 64 68 91 33 74 49 74 19 71 16 60 23 46 99 61 98 14 58 33 61 5 40 50 36 3 43 71 32 19 93 90 85 69 91 6 43 90 43 96 46 99 95 6 57 19 8 12 55 39 62 5 60 6 70 17 36 46 12 18 87 18 28 80 14 31 17 47 7 2 60 24 57 17 64 57 57 21 55 59 78 82 62 93 66 74 6 33 45 55 60 92 58 43 69 54 96 43 19 27 69 55 6 96 14 70 77 9 99 59 34 85 51 25 96 98 35 8 23 24 52 70 96 81 67 18 76 85 33 41 43 58 80 89 65 59 85 65 52 59 80 73 54 63 45 29 82 95 74 54 58 28 15 78 48 32 10 61 57 28 73 64 98 39 26 32 11 63 74 14 84 36 15 62 38 14 13 63 65 78 39 99 92 77 88 64 13 54 4 5 36 10 21 94 35 5 61 32 56 52 100 4 9 70 98 67 83 50 31 36 78 18 70 25 10 16 16 35 31 18 51 59 4 15 25 42 7 84 30 90 3 41 25 99 30 52 65 76 40 4 72 54 42 26 64 52 75 12 17 16 17 15 40 36 70 53 85 59 53 33 39 67 73 47 54 87 5 56 68 47 44 84 29 68 29 28 9 82 93 72 64 20 50 94 84 30 7 29 10 10 100 51 58 13 40 47 61 33 18 83 84 77 21 27 44 67 41 97 85 67 89 75 73 50 94 43 34 46 76 85 41 85 71 47 60 26 52 51 59 1 1 3 73 41 38 6 35 90 100 16 58 45 38 73 89 44 72 90 86 65 88 3 37 95 59 15 87 79 41 75 73 6 20 37 2 15 15 80 8 58 62 8 64 4 83 37 51 77 68 57 46 52 81 58 83 79 61 13 3 47 26 44 99 7 29 40 77 85 26 41 3 49 1 25 93 1 68 79 17 21 22 83 22 68 82 74 88 91 49 75 93 10 22 62 88 8 35 78 85 37 89 40 63 53 99 52 87 37 92 14 45 15 15 8 62 41 25 65 76 92 42 8 57 9 33 85 80 38 89 27 11 30 19 20 95 64 52 63 38 82 89 11 31 75 46 83 65 82 34 99 99 3 89 47 72 69 14 9 95 75 10 80 50 70 43 19 24 14 20 80 73 87 86 62 45 28 20 8 36 49 82 76 32 1 79 95 66 87 50 55 95 37 5 88 100 65 48 46 94 96 78 76 12 59 66 32 100 13 60 64 23 79 47 60 67 74 94 15 4 97 85 35 90 55 12 62 77 46 44 63 84 90 51 15 53 5 18 8 61 19 75 86 95 52 13 59 17 64 71 22 93 80 6 17 45 54 70 76 13 34 41 99 1 91 4 95 33 66 82 33 38 30 17 8 89 71 88 84 76 22 71 83 99 83 5 75 96 69 17 26 44 43 6 54 63 61 37 20 31 85 53 42 72 56
888
35 80 73 40 77 46 85 22 1 1 71 86 78 59 58 64 100 31 65 26 23 57 85 67 19 65 10 54 90 43 68 44 48 88 14 24 4 30 17 19 55 96 71 31 38 75 93 47 21 69 79 87 81 69 65 66 84 60 77 70 24 99 31 15 61 46 86 53 28 43 27 46 83 53 9 86 63 54 7 36 36 69 6 59 55 40 80 32 63 83 23 10 100 95 25 80 42 38 88 83 78 90 41 74 33 74 7 55 9 17 21 91 20 27 8 31 80 1 74 92 72 54 14 65 69 92 76 86 1 2 16 10 83 99 41 42 5 10 59 67 3 50 30 31 55 74 57 95 9 23 85 53 91 58 100 65 57 28 83 46 24 24 27 71 2 15 92 93 27 58 3 71 33 74 80 13 60 6 96 93 44 38 25 58 95 46 93 62 50 81 10 46 19 88 34 64 79 4 76 94 58 81 59 98 67 9 31 83 11 99 49 34 30 63 34 59 17 85 17 55 93 75 31 16 83 1 19 15 97 99 59 24 3 66 81 59 5 45 10 32 72 9 23 92 54 7 93 10 73 45 6 40 37 19 25 51 75 35 75 39 9 48 59 68 65 29 66 34 79 54 68 14 11 3 22 87 36 15 25 36 92 70 7 38 66 38 52 83 27 34 22 3 43 46 14 7 18 30 32 100 13 68 71 1 67 27 73 28 56 35 67 32 32 93 29 11 48 4 32 53 8 100 81 50 28 29 46 35 72 81 23 52 4 57 8 10 90 46 60 66 33 98 84 61 76 26 36 96 62 18 85 85 49 38 1 89 23 44 45 5 85 41 18 32 64 61 51 70 76 35 9 43 30 45 29 90 51 34 62 95 32 71 16 58 20 84 44 14 70 40 96 64 17 89 88 3 36 76 86 20 81 23 78 49 60 56 85 75 60 35 76 6 39 9 100 53 89 93 99 10 60 90 98 17 25 28 62 83 83 41 40 5 17 84 22 77 74 87 68 94 75 47 33 24 65 100 8 69 70 91 36 28 24 89 80 64 25 92 29 22 82 94 99 77 15 96 40 24 68 61 96 19 98 98 25 18 63 24 1 38 43 81 11 76 5 6 5 21 83 61 4 9 67 95 48 97 41 89 51 39 94 36 72 98 38 58 39 90 61 44 41 22 17 24 40 61 79 70 27 53 29 38 98 19 42 90 48 72 22 51 4 70 86 34 47 31 19 95 69 22 50 55 77 33 65 95 58 32 38 26 16 42 43 42 76 79 7 62 27 60 8 65 38 84 32 74 57 64 83 71 10 43 50 97 22 74 5 100 19 19 3 65 21 32 3 13 68 96 46 78 66 15 57 2 79 14 15 27 70 76 73 23 41 47 68 5 65 70 91 26 34 59 98 8 97 70 57 2 68 25 86 27 53 38 25 71 59 11 99 46 9 36 24 37 15 16 26 44 25 27 53 87 40 24 53 30 57 40 46 67 9 64 83 29 17 37 66 23 43 50 47 32 14 1 39 75 88 80 75 36 74 78 47 4 20 60 48 75 50 26 43 4 80 1 33 95 94 60 38 77 57 23 17 57 28 73 31 60 5 42 73 97 22 55 37 42 39 24 82 42 20 26 6 16 24 23 37 64 65 26 36 54 20 71 12 65 93 97 12 54 83 56 56 3 9 34 82 57 7 44 45 82 78 15 74 52 51 20 19 85 75 11 4 60 33 67 64 61 57 34 14 11 50 31 87 60 83 56 70 11 46 88 1 62 47 50 41 72 44 23 65 93 75 17 81 84 51 62 91 69 12 33 39 18 81 52 82 80 25 97 39 80 20 84 41 10 60 62 42 81 33 94 100 77 39 27 96 59 57 13 51 15 31 16 24 5 4 10 16 22 2 74 30 61 50 62 2 12 16 59 32 36 97 6 37 64 19 36 55 83 14 85 23 88 11 50 85 6 38 47 5 24 29 92 88 13 68 46 10 45 3 55 85 35 20 7 58 17 6 4 36 12 86 88 70 17 49 13
516
42 53 20 66 5 60 15 85 11 51 52 69 77 73 67 54 17 69 34 22 67 45 56 44 67 97 50 6 25 75 10 34 45 20 91 75 38 77 57 39 40 51 47 40 61 25 29 43 24 18 54 73 97 22 72 92 97 13 61 76 41 22 81 59 4 2 42 15 64 77 62 6 64 63 29 16 72 74 22 48 82 57 75 37 54 74 27 97 15 4 51 7 64 1 9 92 17 50 89 76 69 23 5 26 15 54 55 93 69 94 34 7 46 26 11 94 41 34 95 17 32 10 79 6 64 17 10 3 35 52 3 92 85 8 71 37 94 40 18 11 6 27 47 29 92 93 87 44 14 78 59 80 54 60 58 64 97 32 22 31 63 81 28 82 5 44 34 2 99 36 76 63 55 97 48 47 83 95 61 53 47 52 84 59 89 26 80 98 7 4 21 78 6 38 66 1 55 100 95 10 87 28 52 58 28 13 18 90 62 81 45 80 69 43 84 59 24 87 74 84 12 79 70 38 46 62 65 42 65 57 21 40 92 40 1 17 37 24 86 38 10 98 27 1 99 95 30 59 60 37 35 37 10 54 54 29 72 20 66 94 85 94 19 11 42 38 78 57 11 55 87 100 97 78 59 7 93 55 98 36 71 27 3 93 63 88 26 54 31 97 38 41 53 90 27 79 86 14 53 52 8 52 94 29 76 85 41 3 1 26 84 23 8 77 83 88 75 55 86 38 6 63 29 42 100 58 20 38 73 24 11 55 65 100 23 91 26 52 69 70 75 76 31 49 60 37 30 3 66 72 74 37 100 11 66 78 13 43 2 46 68 71 97 27 41 5 5 9 52 36 42 46 46 38 55 49 91 71 29 25 59 45 4 35 39 85 26 100 44 17 74 46 31 92 58 56 64 30 15 5 85 86 50 49 43 30 36 88 36 62 23 81 84 35 48 41 27 79 59 65 97 40 72 38 35 13 18 84 100 39 51 13 67 59 17 43 22 52 50 35 38 17 50 100 13 28 38 73 49 42 16 38 19 28 8 98 85 49 20 45 15 94 59 40 2 63 94 87 6 31 38 49 9 89 79 68 93 14 26 48 33 11 78 42 98 59 31 16 74 89 51 37 80 90 5 42 89 80 48 85 24 75 80 20 22 13 70 52 55 3 47 19 3 62 38 62
757
47 5 40 57 46 74 7 3 73 10 86 12 45 59 96 71 24 98 7 49 62 75 16 47 54 90 86 38 12 62 51 81 55 73 91 76 98 92 75 64 94 99 96 99 91 3 16 85 39 98 81 31 50 47 83 63 48 9 29 2 61 3 85 92 83 66 36 22 26 53 78 84 68 74 22 41 40 51 31 95 45 77 88 76 69 47 59 12 69 25 26 100 71 83 65 80 26 25 82 22 70 23 76 23 86 90 89 36 88 27 20 63 69 27 18 47 1 31 43 27 32 93 34 93 16 21 94 67 34 42 16 20 4 11 26 100 6 32 61 9 52 87 7 65 89 76 91 95 100 96 8 32 31 91 81 48 44 61 13 85 76 99 87 33 83 6 66 30 79 62 80 43 55 85 95 47 9 59 95 26 21 71 47 24 22 17 92 57 49 97 71 17 59 68 30 32 12 42 57 88 69 47 67 16 28 76 28 15 13 85 77 46 11 46 50 27 97 1 69 29 42 16 90 20 16 70 50 43 80 98 69 22 29 100 1 23 97 12 14 12 90 78 73 58 42 26 9 65 67 25 93 33 97 64 7 46 71 53 85 7 75 48 12 89 39 63 18 30 48 85 23 90 31 41 92 96 17 77 2 92 67 24 46 66 98 82 84 12 90 83 90 34 39 9 87 89 80 15 70 80 98 83 81 44 41 2 56 46 97 17 21 23 47 96 91 63 69 76 45 94 36 93 78 98 65 39 99 8 45 74 10 50 79 45 76 31 56 84 68 18 36 23 21 77 37 78 40 35 64 22 86 37 54 32 83 100 15 7 27 25 88 67 63 40 8 99 31 6 50 22 27 70 13 26 43 37 58 35 60 59 28 85 31 29 78 39 37 36 82 100 91 5 78 21 60 43 33 46 30 80 70 28 50 7 40 43 68 63 24 92 21 23 61 7 71 36 16 87 18 82 86 95 26 54 80 46 45 57 27 3 3 52 100 32 10 2 70 31 3 76 70 65 35 41 42 69 44 41 15 31 92 61 6 74 41 98 28 17 81 40 56 28 35 27 61 35 71 98 45 39 29 65 51 47 40 30 89 21 50 21 49 3 49 76 86 26 11 30 67 17 17 9 41 38 82 66 81 27 13 20 78 17 59 38 74 63 21 44 77 73 81 5 60 85 32 28 49 16 20 3 58 39 42 76 77 34 34 43 12 40 63 13 25 13 56 77 55 93 54 9 49 34 40 48 65 8 94 39 62 64 44 10 9 98 71 62 30 32 78 7 34 65 84 56 6 16 27 47 85 94 98 66 31 73 17 26 13 14 81 60 42 82 9 54 6 20 29 59 47 2 85 85 14 46 99 80 14 97 23 19 44 21 12 60 37 58 94 25 90 73 42 14 96 20 89 32 35 63 32 77 94 93 21 70 1 19 55 65 91 13 26 23 62 100 77 48 82 71 89 9 89 91 17 7 79 41 81 46 59 76 85 7 60 49 25 83 36 30 55 96 32 74 34 52 22 26 58 15 24 70 3 54 81 84 58 15 28 27 74 98 74 25 74 64 79 64 100 32 15 31 15 94 83 47 62 90 36 72 17 25 33 91 96 4 5 23 16 3 4 15 2 12 36 3 56 50 52 50 31 63 43 33 49 16 96 64 98 58 56 44 34 77 37 22 51 53 86 64 7 41 58 91 98 88 41 76 87 46 32 80 25 42 53 78 62 75 90
701
55 53 48 7 100 36 25 1 14 88 74 15 3 50 70 39 80 13 5 56 61 26 74 33 73 33 55 6 57 99 70 28 77 85 66 12 1 95 46 18 76 95 31 62 7 86 94 88 49 72 76 16 27 100 13 80 23 19 8 94 5 89 67 36 19 62 52 29 87 75 20 85 89 74 78 92 38 87 64 58 69 5 43 80 95 94 5 2 96 64 85 97 84 7 72 51 14 90 59 18 17 8 100 93 14 5 94 75 20 75 66 36 43 33 60 30 56 68 61 28 25 100 20 40 16 58 91 24 9 53 11 47 85 34 55 1 22 29 36 98 5 7 51 32 75 43 6 38 55 68 92 22 45 87 64 17 73 5 27 42 51 22 2 25 17 25 90 44 90 30 96 87 8 47 73 25 6 71 55 17 95 53 20 91 8 23 60 48 62 94 50 74 31 49 22 96 65 35 68 85 32 51 66 32 99 68 98 54 82 91 69 18 32 38 49 78 93 12 36 69 3 24 58 2 35 91 93 50 8 65 57 59 77 29 13 4 29 60 66 18 75 83 97 49 46 64 92 25 57 93 91 70 2 16 34 38 7 98 97 15 85 14 20 29 89 42 32 36 43 89 98 48 47 82 45 97 67 25 57 21 89 16 34 14 71 80 68 76 46 51 55 26 6 92 87 45 54 73 78 20 27 8 43 97 91 92 44 63 53 99 92 39 21 65 81 38 63 20 49 6 99 11 89 95 74 26 28 73 54 29 87 55 22 56 76 70 82 23 84 29 88 90 59 41 4 92 26 24 28 54 31 16 69 79 36 7 84 82 11 41 68 49 66 76 97 56 2 69 6 73 14 44 1 92 81 6 98 65 29 31 7 15 95 32 67 25 56 98 87 77 12 41 83 79 41 92 59 33 10 98 62 92 5 70 38 87 86 34 93 82 34 14 44 34 11 97 18 68 59 82 54 35 74 37 67 47 76 69 42 66 73 15 32 22 72 75 90 18 18 24 23 58 70 51 21 72 43 37 39 42 44 26 83 90 21 41 94 86 4 75 58 14 23 81 11 35 8 7 71 81 24 24 68 38 78 72 19 43 87 58 45 40 1 67 45 75 12 89 61 55 4 28 100 76 12 8 53 86 85 53 24 79 94 79 80 62 68 5 11 14 15 66 6 80 50 27 26 95 17 66 58 47 94 50 95 22 28 77 3 95 88 87 18 61 13 38 13 45 85 24 96 87 6 95 22 10 7 11 95 12 32 63 94 66 53 6 13 13 66 39 30 55 17 33 79 18 18 59 8 79 66 32 98 97 63 39 96 78 2 34 67 100 26 31 48 68 57 47 17 3 60 99 37 62 83 13 6 74 2 85 54 72 44 63 71 56 57 75 97 35 7 15 17 94 57 6 48 88 28 80 19 92 92 36 3 44 27 56 74 35 50 12 21 15 66 12 64 26 8 99 79 16 13 69 52 47 34 65 45 57 62 5 52 80 15 12 32 59 39 35 7 10 14 57 27 97 49 85 71 78 20 76 40 25 29 8 43 41 38 55 11 12 73 16 18 83 48 70 68 31 64 31 42 68 9 1 9 39 87 20 40
761
36 67 46 88 22 21 8 26 19 93 26 85 30 25 48 82 92 69 9 14 19 28 78 66 33 16 38 82 1 51 18 69 79 68 71 77 40 7 23 78 59 6 45 21 97 50 21 7 64 49 2 57 12 31 69 42 56 83 15 30 64 54 6 83 45 26 94 54 48 36 94 66 74 72 72 58 80 61 61 95 23 89 6 13 29 88 52 22 48 72 52 68 75 85 79 83 73 49 77 98 9 45 23 29 51 10 65 87 57 96 36 83 60 34 83 32 64 82 72 71 56 49 53 97 11 31 85 40 56 21 41 62 26 43 83 81 8 6 74 82 51 19 72 64 98 28 21 79 82 88 67 22 75 80 25 19 27 31 11 11 84 54 24 23 6 13 88 32 37 86 66 64 33 98 10 31 29 93 62 51 89 15 35 16 66 16 46 44 44 28 80 69 82 96 42 3 5 68 59 95 73 81 63 4 47 11 29 51 50 5 60 9 32 46 88 39 34 58 15 86 70 60 45 60 54 35 50 80 67 50 16 94 69 72 57 93 7 84 74 28 66 18 35 93 35 49 65 41 13 45 41 52 57 30 18 74 48 6 28 83 71 55 85 73 58 85 74 21 70 10 79 83 76 80 54 1 8 71 6 48 43 54 87 2 67 78 46 13 59 97 42 48 95 100 24 9 33 18 38 32 77 88 57 89 91 11 82 20 73 12 89 36 34 56 100 71 83 66 17 91 42 97 8 88 26 92 67 62 95 89 66 80 67 78 69 9 83 10 51 1 49 43 93 82 93 58 84 32 75 44 36 40 42 4 33 39 8 95 26 43 54 67 43 17 78 94 90 51 8 100 56 50 74 76 38 38 48 38 12 23 2 94 18 50 15 92 81 83 5 64 80 88 91 61 5 33 60 12 92 58 53 28 19 9 51 91 62 35 98 47 79 49 19 70 10 50 85 91 49 64 55 26 26 97 37 11 85 55 21 91 14 100 93 29 14 57 83 78 21 69 67 78 9 71 59 59 61 15 86 5 9 4 68 62 78 4 97 74 86 95 85 74 24 77 64 40 83 77 97 3 39 11 62 90 53 43 38 25 63 53 91 29 70 44 20 17 83 71 93 97 3 99 3 45 82 32 78 94 78 19 59 10 26 80 11 91 82 54 67 45 76 84 18 36 48 98 42 27 88 96 44 7 91 31 21 86 82 5 22 72 7 68 44 52 3 10 89 46 89 80 30 26 94 22 93 65 66 19 79 14 45 97 20 46 23 16 89 81 75 51 76 94 19 28 48 49 32 29 84 30 99 85 67 49 32 68 79 1 54 89 84 51 1 63 66 57 7 34 60 12 85 38 19 60 22 62 46 34 11 16 51 60 49 80 96 46 66 17 12 90 53 85 93 70 66 68 28 2 68 13 21 48 51 44 68 46 3 66 2 53 97 73 54 35 81 1 14 95 2 59 81 20 35 21 76 76 66 58 10 94 45 86 72 57 55 69 85 61 74 54 57 21 64 50 70 43 28 86 75 78 73 64 98 97 14 21 59 79 87 67 16 79 48 12 50 38 22 13 77 64 99 19 68 51 31 71 72 40 75 62 13 95 94 11 60 91 40 43 48 76 25 35 83 40 91 99 8 12 82 13 80 29 88 96 67 58 83 87 51 73 38 80 75 39 23 83 72 17 2 30 69 76 42 18 56 65 30 48 29 30 78 11 79 71 12 8 90 34 78 87 19
877
42 8 73 37 63 27 15 15 43 99 22 35 79 27 22 62 42 75 75 74 31 6 35 85 8 94 17 60 41 91 64 20 77 59 87 36 49 96 7 24 13 70 80 83 100 36 54 8 23 65 11 19 49 34 69 70 61 37 77 16 83 23 7 58 66 9 33 57 35 68 12 80 16 28 18 92 57 29 13 65 15 62 35 73 36 3 34 5 39 73 40 100 41 19 60 14 94 94 12 21 87 10 41 23 47 13 64 65 93 98 75 25 36 84 27 27 100 96 15 59 16 9 77 18 83 37 38 28 52 84 89 72 95 27 45 31 31 67 79 31 27 69 60 41 35 59 69 66 76 29 47 90 19 21 57 4 95 38 64 49 36 32 51 55 74 72 75 83 78 26 38 21 5 15 16 77 38 42 67 95 22 68 90 45 76 12 22 39 76 21 45 85 58 49 74 93 62 11 50 47 50 84 42 35 32 70 79 52 7 13 98 27 84 60 2 27 51 92 37 52 88 19 8 87 50 75 70 43 47 57 70 15 38 83 98 20 7 54 64 68 6 2 49 61 79 58 86 16 17 77 31 59 2 10 3 17 21 84 30 100 97 11 87 69 50 63 44 11 50 55 70 73 6 77 79 14 24 74 64 31 62 61 5 28 95 86 85 69 67 78 57 36 49 94 36 69 73 47 2 66 42 14 76 18 23 53 72 55 100 51 76 73 64 92 80 46 94 66 29 38 39 39 85 84 29 1 72 75 8 44 74 25 85 52 16 72 68 28 41 68 80 14 79 19 43 61 60 2 25 10 91 79 41 45 25 85 45 81 77 7 71 84 14 4 68 60 42 51 2 18 62 42 13 96 63 89 85 32 65 96 95 4 72 93 29 17 51 38 50 18 8 47 77 85 49 49 30 93 92 80 57 46 19 75 12 32 9 44 92 66 45 98 96 93 31 1 54 26 13 59 5 45 81 74 4 83 2 34 70 57 8 58 12 17 89 49 7 57 76 9 15 66 63 64 73 53 82 99 73 57 20 89 36 75 75 6 86 99 50 82 21 37 29 69 49 81 18 29 81 44 36 93 95 36 47 93 59 85 4 24 61 47 78 29 20 16 75 95 76 45 86 58 10 90 76 28 74 95 7 22 41 94 8 17 87 12 21 71 91 57 85 99 99 4 86 1 100 13 93 92 3 60 3 32 83 16 36 70 37 58 19 33 79 38 79 68 17 22 86 5 27 89 42 62 82 19 29 100 89 42 4 34 62 74 64 66 93 67 23 29 88 61 29 99 22 95 81 51 53 37 89 1 75 94 48 57 23 72 38 9 42 21 6 34 83 24 7 95 48 13 67 91 28 37 18 22 86 93 43 43 45 50 29 59 3 11 49 46 4 63 18 11 95 91 4 22 41 10 27 58 2 19 80 72 32 42 69 55 4 71 16 100 70 25 37 35 20 57 97 19 28 55 77 95 79 75 22 100 9 47 54 66 62 11 76 33 10 66 16 34 81 23 66 63 100 37 20 41 54 48 83 44 40 49 22 75 41 15 100 64 67 33 86 68 89 53 55 61 47 50 57 64 5 88 36 26 60 90 63 100 3 70 42 65 5 13 28 53 93 42 52 29 55 50 28 47 77 62 50 27 22 48 50 13 92 59 60 63 74 17 10 97 11 25 2 66 39 29 46 32 63 7 81 31 61 72 63 83 52 59 49 42 12 32 97 89 34 57 51 56 50 46 83 46 10 12 67 2 25 56 8 45 83 70 17 86 23 89 9 96 90 31 50 60 65 90 32 3 90 17 10 36 21 6 26 26 83 9 50 76 39 45 1 28 6 75 75 7 84 43 89 38 77 86 89 38 64 29 3 17 15 68 43 96 28 70 83 3 77 34 18 47 25 77 27 68 41 35 97 82 31 47 11 54 39 24 99 74 40 70 89 94 25 15 77 79 62 5 96 15 60 91 8 9 59 5 52 32 93 94 35 61 23 85 71 24 5
577
85 14 13 18 3 34 71 97 46 84 23 18 68 76 87 57 92 40 7 87 29 12 90 56 53 19 37 48 49 27 100 11 27 1 2 70 12 79 11 95 21 65 12 30 47 63 94 6 76 14 40 96 61 38 21 69 26 61 11 80 99 6 93 25 61 89 27 71 93 2 60 88 65 16 55 68 82 66 6 23 89 92 90 44 19 28 88 26 83 23 62 100 39 4 86 92 8 88 72 29 23 3 99 45 60 92 31 55 55 65 79 59 88 14 18 84 10 5 6 38 35 35 6 47 66 93 46 75 6 88 46 3 27 93 4 60 84 65 28 81 95 54 10 9 19 35 93 54 19 36 1 14 2 5 74 58 9 13 96 36 89 48 85 14 13 1 99 29 50 45 99 56 29 6 37 89 7 54 99 28 76 42 79 54 64 6 50 11 88 76 33 22 1 26 81 48 37 85 33 42 81 51 33 43 31 51 17 69 13 30 38 46 36 41 33 23 48 58 33 97 15 3 93 49 43 63 26 38 18 43 77 22 63 99 92 40 8 100 83 26 61 89 94 65 58 31 10 79 73 26 24 99 68 86 64 73 100 88 13 54 89 34 93 75 54 13 52 28 1 42 78 34 20 9 32 77 30 66 26 23 81 74 55 13 25 38 51 84 64 58 26 29 29 79 11 23 68 66 69 9 67 32 85 15 32 5 44 45 100 49 17 59 55 44 14 62 81 60 56 63 14 51 42 63 14 68 69 3 84 15 62 59 9 55 78 39 20 53 66 42 68 51 42 18 94 89 89 75 58 40 15 59 16 81 64 29 76 48 55 1 36 39 56 43 100 34 95 61 72 62 25 50 86 72 53 4 6 16 39 20 95 19 83 61 68 34 18 50 34 5 65 72 8 95 5 56 57 50 96 75 76 77 55 30 50 21 66 26 31 94 70 77 28 66 88 54 55 38 18 96 18 70 9 26 59 41 60 68 67 85 31 6 35 35 82 33 48 60 52 81 10 82 81 17 78 62 94 93 91 61 27 46 34 15 92 21 83 21 7 14 51 50 68 68 63 80 16 50 72 28 86 50 78 41 53 55 38 34 12 3 83 86 6 68 35 34 88 8 61 29 25 44 37 96 73 75 89 8 39 27 24 57 14 100 68 1 97 93 94 56 30 23 49 49 25 18 59 88 48 98 93 6 57 46 75 5 43 64 39 32 7 34 74 18 24 63 82 100 30 46 20 56 63 34 60 4 33 42 17 35 96 38 22 74 83 96 3 43 46 97 34 33 95 30 53 43 37 13 81 90 96 39 41 20 61 66 3
675
68 45 48 8 99 94 90 23 46 90 37 28 95 78 28 26 23 6 4 22 68 24 46 22 66 49 45 73 84 4 80 49 69 78 15 76 51 35 37 96 24 39 95 24 79 5 84 20 70 39 74 61 21 18 15 63 24 11 99 38 85 2 26 23 66 24 68 5 2 6 4 33 99 5 14 9 77 48 88 75 76 94 67 85 32 52 9 81 1 44 37 71 41 23 54 74 75 39 81 35 25 89 82 40 11 43 76 78 69 59 63 64 63 85 92 51 81 25 81 37 70 87 39 85 5 57 62 9 63 28 31 6 51 72 50 93 42 5 51 22 60 20 37 20 66 100 48 79 46 12 69 55 30 91 15 90 42 24 66 87 40 61 65 64 13 63 57 66 42 79 19 11 43 54 71 47 37 18 46 58 94 24 52 52 70 33 62 81 94 26 55 86 26 64 72 66 41 73 22 11 20 97 12 29 90 69 70 50 94 8 95 19 22 67 19 22 70 73 66 7 23 66 70 17 75 60 87 17 86 79 36 23 15 94 20 21 2 12 34 56 62 30 36 9 40 43 63 40 70 75 100 9 61 64 43 46 1 71 2 25 65 32 43 54 73 23 97 37 34 3 12 73 48 26 61 1 29 71 3 95 99 96 93 17 11 21 77 25 54 57 96 5 30 6 47 22 100 60 51 47 58 34 14 67 87 54 50 87 10 36 77 49 10 86 68 50 89 52 24 100 72 26 43 72 34 93 51 67 37 95 75 76 22 89 31 73 68 65 74 85 97 66 44 35 21 19 5 13 100 46 56 26 96 47 95 7 63 100 3 3 78 6 71 90 16 18 47 42 39 73 37 91 18 71 17 91 4 61 4 8 100 72 76 67 99 9 44 48 34 64 4 76 73 53 41 48 1 32 55 44 25 53 67 3 34 43 37 27 21 45 17 19 34 77 58 4 100 75 74 39 27 24 79 61 60 54 72 50 72 26 26 68 60 89 35 35 28 79 29 43 77 24 23 68 18 61 21 28 59 44 30 8 30 88 14 70 69 85 22 78 79 6 86 81 84 45 33 71 53 72 77 63 71 31 27 8 31 88 7 95 53 88 25 6 9 39 15 74 20 46 56 54 26 87 58 64 93 67 64 8 27 82 26 80 56 14 27 80 10 67 29 79 53 65 88 100 48 80 86 26 58 13 20 32 72 45 69 87 17 32 49 68 22 67 84 29 43 46 33 18 21 82 95 38 8 30 72 19 50 55 97 52 65 85 96 82 77 4 76 91 26 94 90 51 45 25 48 79 8 88 50 76 85 55 26 4 28 49 15 82 56 20 67 34 50 65 72 30 7 18 53 82 17 90 72 23 41 28 28 21 11 70 92 75 53 39 39 71 35 88 16 35 100 5 59 4 11 25 83 33 100 92 70 19 35 7 53 89 26 28 72 10 43 11 66 65 90 80 90 99 50 89 40 49 38 63 71 86 44 22 21 20 11 33 71 99 80 25 84 60 6 88 69 26 1 36 25 21 16 1 55 64 82 53 95
882
69 64 89 9 2 4 86 38 93 91 77 66 5 19 87 50 6 52 29 68 95 44 52 81 87 82 36 49 55 82 62 96 79 5 43 74 60 36 22 11 89 76 53 19 29 21 79 65 14 54 94 57 57 66 21 69 79 14 7 6 34 4 33 41 63 47 87 97 79 67 75 54 36 94 73 51 20 11 77 67 72 74 80 32 22 46 24 51 85 13 17 18 86 51 88 15 10 19 81 15 25 58 89 90 46 19 33 15 79 1 85 26 38 61 8 79 11 28 100 42 3 31 92 20 71 35 47 6 41 48 83 37 46 60 17 80 19 18 51 51 4 4 83 95 49 44 21 41 91 42 31 98 17 60 13 81 24 45 4 78 33 76 34 58 75 89 52 99 55 61 58 87 67 45 44 6 61 60 85 33 48 58 97 75 39 55 85 83 72 65 21 67 80 8 69 10 22 63 44 44 49 7 64 78 83 14 89 44 21 51 81 88 53 28 15 42 24 82 78 71 43 82 2 94 32 36 40 74 68 30 22 73 46 1 73 99 51 46 25 56 58 58 63 23 29 71 38 19 47 93 52 10 91 18 8 5 51 32 27 77 61 38 91 53 28 5 38 84 53 23 89 46 34 21 86 14 1 33 6 30 13 20 80 69 96 13 39 47 71 87 44 70 15 81 57 22 1 43 19 25 46 80 55 79 36 33 42 59 13 86 35 48 90 70 84 17 76 92 86 33 9 91 86 100 20 21 72 14 73 99 52 89 7 12 62 55 40 58 50 42 74 47 54 52 4 30 38 67 17 93 24 33 35 27 55 40 48 18 90 82 86 6 77 13 15 66 30 78 99 19 34 5 92 10 6 85 14 57 16 75 18 97 50 18 30 51 53 95 76 97 12 85 28 59 79 15 80 70 79 67 55 86 46 80 52 75 92 94 78 87 38 27 26 73 33 90 56 50 59 95 65 37 13 22 48 62 61 8 94 57 23 12 13 19 5 13 23 95 20 6 67 83 13 74 43 1 21 74 59 68 33 57 18 47 33 86 7 27 34 21 55 56 40 21 9 100 85 87 56 6 65 96 38 15 53 47 32 94 5 77 4 4 74 69 41 66 71 69 4 41 39 99 95 95 15 77 58 35 61 54 37 48 76 58 54 7 50 69 8 72 55 25 95 30 100 87 58 42 78 69 52 69 71 47 46 15 91 21 99 38 31 10 8 17 59 18 50 68 96 64 52 13 1 94 53 57 3 82 40 61 67 28 27 26 18 69 13 44 33 53 91 91 7 1 36 55 69 48 51 40 13 12 78 90 3 91 98 5 68 41 95 4 16 93 22 92 23 18 68 78 13 26 22 89 36 70 93 18 48 43 21 23 38 21 68 3 2 60 12 30 27 20 31 53 6 2 16 94 19 83 64 14 83 15 21 43 17 15 55 50 92 64 71 23 65 91 44 79 1 87 66 77 15 64 66 30 27 28 11 79 87 81 62 59 30 17 79 78 44 62 59 80 52 79 4 54 96 6 37 15 46 66 43 16 82 51 70 5 84 44 90 55 23 21 90 22 16 26 80 23 72 32 34 83 64 70 66 53 53 37 82 53 38 69 73 57 35 24 11 95 95 41 5 19 63 34 28 66 82 45 5 61 100 17 30 69 21 23 1 45 56 89 74 11 18 64 58 30 29 45 76 43 49 51 21 48 37 26 1 78 67 77 80 3 5 83 69 25 32 100 72 2 96 29 85 14 78 37 57 40 52 56 56 18 36 91 13 26 35 58 12 48 36 63 91 69 11 58 42 3 93 58 99 26 33 79 79 38 39 27 63 17 88 27 65 63 64 34 85 89 90 30 62 47 35 94 54 73 35 38 73 67 24 68 55 62 9 7 51 68 9 100 79 10 54 93 90 97 35 75 13 84 12 47 24 86 67 32 26 38 32 27 60 43 76 58 36 88 82 30 35 2 35 21 56 21 7 18 74 6 59 92 99 85 2 43 10 33 28 43 84 60
939
43 11 7 89 17 86 70 14 100 99 90 88 19 66 84 11 15 22 74 54 73 77 87 29 88 46 82 33 34 86 47 40 55 62 80 1 74 25 71 36 52 69 97 94 30 47 24 68 98 92 34 60 46 50 31 93 7 27 8 27 85 25 46 73 65 70 95 33 54 90 36 20 73 54 84 93 17 84 2 73 56 27 46 81 22 83 70 14 53 88 7 62 62 82 97 18 56 1 13 46 52 15 23 75 94 48 93 15 5 20 94 4 95 73 84 98 25 29 52 49 95 45 52 44 77 29 71 45 46 80 12 43 88 37 33 90 23 20 34 31 11 23 20 30 46 30 95 30 27 60 31 83 15 70 97 27 34 5 30 11 70 1 49 67 84 17 51 37 3 72 31 35 18 79 36 47 98 18 74 10 42 25 28 15 5 85 7 94 20 100 6 33 19 4 45 15 34 56 98 25 96 51 32 69 100 87 14 58 87 79 24 3 34 57 95 18 67 8 57 100 50 54 82 74 36 47 31 58 47 21 17 52 52 54 23 90 10 87 46 81 16 46 50 28 48 50 18 8 59 71 32 1 22 69 79 36 1 8 20 23 39 76 57 39 63 52 47 56 75 21 65 52 64 59 74 14 90 31 10 27 30 25 68 41 18 14 58 85 14 2 94 87 23 25 92 90 46 8 38 97 31 15 72 11 97 19 88 3 93 54 24 97 85 75 60 3 19 28 100 4 69 81 53 95 34 47 60 95 44 61 28 93 78 23 60 82 5 24 34 66 90 47 72 84 6 24 1 46 96 68 58 59 100 8 76 40 82 15 65 50 47 67 16 94 77 17 64 21 63 50 99 56 48 94 80 44 6 54 16 61 35 69 15 18 70 45 70 99 48 88 70 77 8 98 79 23 14 67 5 47 37 39 80 57 11 96 93 88 39 81 59 63 42 86 89 72 28 27 64 18 25 81 87 19 56 31 55 83 70 65 19 75 84 63 4 71 17 64 1 90 98 10 72 72 74 23 9 3 75 3 33 50 36 32 8 73 73 52 34 83 76 9 52 52 7 82 2 80 56 69 5 77 28 44 24 66 8 50 97 56 13 65 46 24 95 75 92 96 90 18 69 26 97 46 48 9 68 33 2 34 80 89 61 35 82 20 80 77 2 87 32 39 36 27 38 16 10 5 61 55 45 27 58 16 44 72 49 29 51 22 27 94 3 92 1 1 9 53 15 67 62 6 41 73 75 59 47 45 4 5 13 57 47 86 26 100 89 78 13 66 4 72 82 46 29 14 34 70 45 65 34 24 33 31 68 6 37 75 29 41 27 72 6 12 36 100 55 11 56 23 30 61 60 69 52 96 86 73 88 3 38 58 70 62 23 100 97 66 85 92 53 95 48 23 38 45 60 49 90 76 31 12 12 82 10 19 42 40 24 83 72 53 27 100 26 92 10 95 59 12 97 6 52 71 95 10 39 9 54 59 99 27 9 95 19 98 56 34 27 51 21 53 58 24 93 74 36 23 100 73 86 45 68 80 36 15 34 49 49 98 59 25 94 68 66 47 12 71 10 78 21 62 82 91 92 42 55 24 46 61 42 67 15 48 11 55 27 27 92 67 87 28 33 71 56 92 45 28 25 89 88 39 5 17 76 23 84 72 55 27 47 61 52 16 36 29 24 21 25 62 13 11 22 72 74 65 86 98 13 74 8 71 2 29 30 75 3 16 9 6 31 43 50 93 18 76 56 2 79 83 93 28 35 25 95 51 23 17 79 61 92 47 17 16 86 38 24 15 60 68 74 2 36 92 81 84 83 37 99 71 28 45 71 73 3 29 84 28 11 66 88 51 37 71 90 22 25 58 33 25 15 50 67 38 80 64 15 17 54 88 58 33 75 11 68 55 28 97 87 17 57 34 64 23 51 43 9 8 99 59 21 90 96 43 92 92 88 65 39 36 85 34 31 49 67 21 48 5 50 100 58 38 10 73 32 38 60 48 32 52 32 53 50 57 2 69 54 65 93 93 85 38 67 9 21 25 79 67 96 47 54 44 61 88 100 93 12 52 53 84 75 58 93 12 99 83 94 84 64 94 72 23 26 8 45 80 42 40 35 56 3 54 79 14 86 12 68 58 3
834
3 34 42 88 7 72 38 67 73 13 31 26 69 88 77 64 80 86 73 62 13 43 42 58 53 32 80 60 23 43 88 27 100 67 79 71 72 84 30 71 99 72 25 53 46 68 13 6 53 77 51 37 9 55 49 83 65 6 48 75 45 60 29 59 22 29 74 61 2 3 53 80 48 56 63 84 20 47 39 99 51 76 66 37 50 57 50 83 53 32 64 36 75 51 24 96 40 34 56 9 35 74 8 62 11 92 14 13 96 1 37 62 44 17 32 69 95 77 1 3 82 91 45 21 51 66 19 11 73 48 41 74 15 35 68 39 43 97 62 100 83 10 27 1 71 26 87 10 3 52 76 52 73 34 79 43 33 2 99 5 72 83 45 42 3 47 69 71 98 69 100 81 26 84 48 77 55 26 13 52 22 9 54 16 77 70 11 52 6 2 38 15 2 72 3 23 17 51 88 27 33 93 70 75 56 55 91 36 52 97 72 86 69 83 97 46 66 35 15 83 88 34 42 99 56 26 94 15 88 43 52 40 29 84 90 5 78 88 89 69 80 100 69 68 66 46 100 40 1 75 67 10 92 20 57 97 72 95 10 4 88 46 23 12 82 29 81 29 28 89 17 90 61 54 90 74 96 57 15 20 35 22 57 31 52 52 6 95 82 14 56 72 22 86 24 58 42 63 70 93 69 5 38 70 50 72 16 29 14 38 14 48 1 46 66 4 27 65 38 18 100 91 89 41 23 93 91 60 99 46 55 23 37 14 88 77 57 39 23 82 50 37 10 23 3 90 1 35 70 40 49 29 87 84 28 26 6 55 12 49 82 66 15 10 81 58 77 66 31 73 72 88 50 42 10 17 21 31 29 48 88 64 17 79 79 18 74 56 73 4 42 93 22 3 90 15 40 43 71 17 20 71 49 6 92 63 60 1 7 18 40 11 61 74 60 87 47 77 64 77 57 65 7 10 61 72 33 29 86 35 73 48 89 54 16 36 31 64 10 13 89 84 70 90 68 94 19 49 53 63 31 78 46 23 92 35 1 76 81 86 31 17 60 75 13 5 61 85 73 5 55 52 73 90 24 87 62 74 52 80 40 55 98 23 10 19 66 93 42 68 72 28 90 25 2 24 65 92 5 53 49 82 73 16 6 55 43 93 39 83 1 46 21 73 51 64 45 69 8 77 38 79 7 6 7 91 78 53 11 25 95 35 81 97 27 28 38 7 40 6 82 66 48 34 49 82 77 52 54 32 4 98 84 69 71 26 12 80 94 39 48 52 68 10 83 33 60 96 85 60 28 43 100 47 50 66 79 27 21 6 2 47 16 76 26 14 32 30 65 77 8 98 64 75 98 24 59 77 76 32 1 26 88 66 68 13 9 4 10 76 26 95 96 78 60 28 40 64 1 66 61 99 67 66 19 52 96 51 32 83 77 7 86 65 17 45 68 90 73 78 59 25 70 62 74 3 56 51 70 61 52 79 82 30 43 14 93 80 75 22 64 87 86 15 53 34 66 85 49 43 31 75 10 83 22 32 47 48 54 72 98 27 13 48 9 37 21 87 14 3 100 43 68 5 100 94 67 22 37 94 45 1 54 48 20 22 9 73 63 16 83 87 1 34 3 25 39 59 2 23 57 28 57 39 8 52 5 26 26 74 13 53 7 18 25 10 76 23 74 83 23 7 31 28 53 4 10 49 56 29 58 37 3 83 100 66 13 98 53 96 18 42 69 19 61 59 14 30 14 32 72 80 94 32 64 32 25 60 60 19 67 36 32 34 87 71 51 56 64 17 57 36 90 43 38 68 73 32 50 43 86 73 74 10 57 56 11 60 98 3 48 23 33 35 31 37 62 4 36 76 51 96 48 62 50 36 29 10 81 58 69 31 15 93
833
43 90 26 20 84 9 92 50 53 18 36 54 8 12 84 11 29 65 24 64 35 43 10 52 93 87 99 2 19 84 46 62 18 48 93 39 87 70 56 49 50 75 13 74 44 26 90 75 3 66 51 17 52 65 45 23 10 49 78 80 48 89 57 17 93 96 64 57 15 38 26 15 7 45 21 98 84 84 49 73 45 10 27 47 41 98 37 26 1 22 23 49 70 49 11 19 76 71 94 49 43 45 65 13 24 9 36 95 8 10 62 20 77 62 36 33 45 91 32 74 90 64 86 47 20 82 59 55 91 50 81 1 90 55 19 74 54 53 6 85 23 7 76 70 4 11 9 76 50 96 83 6 71 80 43 100 29 48 87 66 56 6 87 21 98 56 63 94 37 97 81 29 19 33 80 73 77 68 94 89 77 74 42 76 88 45 77 90 72 43 100 99 98 85 62 56 17 9 4 66 41 48 95 90 39 29 24 99 3 87 12 41 50 36 88 22 74 100 96 49 79 66 66 58 70 35 71 59 86 95 70 46 12 18 25 51 55 95 60 96 97 93 62 16 41 26 74 97 74 53 29 61 43 50 70 63 79 94 6 52 37 7 10 72 86 34 12 36 11 93 33 41 44 58 44 30 85 19 13 28 33 74 77 39 45 72 19 17 32 48 85 10 76 82 78 89 48 95 52 90 82 49 70 84 85 88 53 8 10 41 73 93 87 100 87 64 12 38 13 62 75 21 36 4 66 64 48 81 14 79 73 32 95 64 35 46 2 79 31 47 14 13 87 27 96 30 49 5 95 53 5 6 59 21 52 44 22 60 85 21 2 17 89 15 55 71 43 84 83 56 35 58 55 83 85 49 57 84 27 32 21 38 54 92 19 34 14 37 100 36 79 99 19 7 22 10 37 42 35 29 11 63 15 56 90 59 23 81 74 88 47 66 97 91 64 70 32 74 59 7 49 26 39 15 67 90 47 45 5 72 75 3 84 95 6 53 49 26 35 81 49 63 18 44 49 99 1 57 99 86 90 48 87 5 90 32 89 59 10 46 62 30 5 46 83 1 22 61 91 99 52 10 97 11 19 90 57 13 6 12 44 60 19 10 55 27 29 31 41 61 83 60 31 49 69 18 39 2 61 20 93 42 92 10 74 25 64 43 66 67 47 37 44 17 86 1 99 31 56 100 65 45 16 36 13 70 41 52 42 71 93 56 17 70 35 48 85 85 99 52 87 48 48 54 27 9 67 100 97 17 88 79 12 93 54 44 9 74 3 19 27 94 24 10 67 23 97 67 63 65 51 41 30 91 34 45 90 58 10 61 60 38 96 76 35 55 77 43 72 37 10 57 16 50 36 62 87 30 56 49 66 23 11 85 61 52 45 12 93 55 88 92 26 86 7 98 38 90 21 17 89 72 29 11 68 64 36 74 10 85 83 42 15 4 41 50 29 71 92 30 42 54 10 42 27 59 62 90 58 6 44 42 26 79 25 89 44 53 87 43 79 81 32 89 14 72 24 38 56 73 71 85 28 82 30 50 63 23 58 69 87 30 78 86 48 17 20 35 16 13 22 49 90 90 95 89 27 77 70 39 79 43 94 60 65 13 8 62 53 74 19 45 74 53 10 52 18 18 47 12 11 28 66 6 83 28 70 70 47 14 43 78 16 70 50 12 50 32 53 28 86 96 48 99 67 96 23 37 88 62 44 25 56 19 66 57 96 54 39 90 65 88 48 80 78 43 43 72 96 97 88 89 3 77 19 60 99 18 53 57 15 53 27 98 56 45 64 34 68 33 68 18 19 89 60 50 55 45 40 7 51 67 78 6 1 90 77 88 45 89 32 49 80 10 37 98 81 86 36 88 27 14 56 14 32 2 97 52 90 21 79 88 51
589
67 84 6 73 86 51 2 20 45 31 87 93 32 75 90 25 32 61 50 40 100 37 26 47 74 5 46 32 69 94 80 98 71 87 76 57 17 80 84 84 69 66 10 33 77 18 71 28 11 15 72 31 94 57 55 67 66 57 39 57 81 2 74 67 30 72 41 74 85 25 23 12 29 32 12 56 66 32 14 51 33 59 90 11 10 50 2 69 53 62 49 53 35 5 53 94 88 85 60 39 53 54 90 64 63 83 37 93 29 32 90 39 65 39 9 28 21 2 2 84 29 53 46 64 18 49 95 14 9 89 34 82 81 89 60 21 87 94 7 76 94 31 88 12 14 70 57 19 45 54 1 30 60 22 59 21 18 52 62 42 16 70 89 43 40 32 62 99 86 61 40 60 30 92 72 98 27 12 71 30 74 4 34 82 49 44 100 100 17 35 78 1 50 88 94 45 97 26 94 91 69 29 75 25 59 36 96 62 95 41 44 12 60 94 47 95 25 39 86 83 100 58 96 81 32 6 96 76 71 59 40 36 70 76 21 15 70 73 96 96 8 5 1 5 23 55 7 21 10 31 26 57 83 50 47 88 100 95 45 6 93 15 56 2 63 41 34 4 47 18 8 86 99 9 26 65 56 25 89 82 80 55 77 45 86 27 78 41 25 39 23 52 14 36 69 6 84 84 3 4 69 95 92 63 3 22 5 83 1 1 10 19 21 42 88 88 2 37 21 49 88 54 50 22 62 85 51 4 91 49 77 87 30 26 39 14 48 54 83 47 68 85 44 5 28 21 9 2 96 98 51 91 31 85 61 41 37 70 95 54 56 63 8 43 79 72 1 97 88 87 92 66 20 49 60 47 90 57 89 2 17 86 46 6 6 79 17 64 21 65 91 65 15 77 41 6 9 46 68 88 1 96 94 89 37 87 68 90 35 56 77 49 18 99 21 81 52 61 33 75 83 81 79 71 26 89 4 38 65 86 48 31 30 41 3 51 20 69 78 58 9 41 46 29 10 75 22 4 40 33 38 94 84 39 35 37 18 20 9 40 78 50 71 1 20 71 48 45 63 3 10 96 37 78 97 71 2 71 70 26 21 78 32 83 94 75 47 67 71 6 21 22 24 72 3 58 75 95 90 21 92 17 18 32 66 27 52 39 99 4 74 71 35 13 14 19 93 1 92 50 60 52 92 47 77 50 33 96 78 33 91 2 94 16 84 20 62 7 63 85 2 20 11 69 11 43 25 68 63 61 76 34 14 79 36 38 96 37 2 26 12 86 90 10 20 65 81 4 18 62 63 6 72 85 71 19 60 78 23 77 4 70 72 64 58 71 10 74 49
927
16 88 17 66 3 43 90 94 76 62 35 34 66 16 94 19 33 98 1 89 6 11 2 71 38 12 70 18 14 40 22 15 46 57 60 33 90 23 1 13 89 56 31 44 64 29 26 11 62 9 47 15 71 44 38 47 58 72 3 100 98 14 48 84 40 82 64 56 13 61 80 85 72 89 96 78 17 68 45 64 88 23 4 70 28 4 72 45 76 13 97 28 32 53 4 48 42 46 93 27 96 96 85 27 19 61 42 42 61 55 59 37 53 19 35 47 13 25 63 13 10 11 47 64 58 13 45 9 79 48 40 36 16 57 65 2 72 88 27 80 33 38 78 5 35 31 87 20 14 52 38 13 100 66 20 7 10 18 86 77 20 13 33 52 36 36 6 60 11 26 40 78 80 44 1 64 59 42 41 47 96 14 59 39 88 74 5 92 17 29 60 62 67 67 69 51 68 57 15 55 68 70 56 63 1 47 41 69 85 97 5 68 25 14 85 32 61 75 37 43 34 70 45 29 32 29 48 67 17 84 83 67 50 69 19 22 57 49 50 32 19 37 42 96 60 76 66 55 48 61 96 4 81 64 65 68 9 24 29 81 29 9 12 35 69 7 75 80 65 36 20 89 54 62 37 45 80 54 49 34 76 93 7 4 27 85 60 44 56 9 9 82 98 87 18 66 74 67 29 7 58 58 68 34 33 80 77 40 66 1 92 93 37 24 68 19 45 10 87 85 86 85 38 95 70 42 71 26 91 58 8 39 19 23 33 24 23 5 43 30 94 21 26 87 51 88 87 22 20 24 84 83 44 13 29 96 3 16 2 31 72 92 69 46 36 14 73 20 9 18 98 88 3 83 38 22 81 55 91 62 57 65 24 46 56 2 76 34 42 39 45 35 88 21 27 38 17 98 42 97 100 68 13 13 24 86 2 11 13 65 59 26 88 60 2 84 73 83 68 2 68 44 27 44 4 1 59 33 44 59 49 51 18 31 4 46 45 41 60 83 99 22 43 14 14 20 65 69 22 59 77 19 79 20 84 42 73 91 82 99 21 47 90 27 59 92 92 31 20 51 75 84 17 95 22 50 38 31 92 38 24 12 44 78 46 26 91 37 96 4 77 23 83 41 71 70 18 31 71 94 23 53 53 15 51 40 18 12 69 84 66 74 80 42 9 53 84 15 81 5 38 99 19 38 19 14 94 2 1 85 18 61 90 98 18 17 64 76 9 55 49 41 79 1 68 2 54 70 69 30 39 76 46 96 96 10 87 13 95 33 49 17 14 35 10 53 94 43 80 21 91 68 47 78 6 50 82 61 45 95 83 72 59 29 64 59 2 93 68 11 86 48 46 41 96 46 65 32 15 92 86 47 64 88 40 43 77 97 66 39 24 78 19 23 27 81 84 52 18 1 41 88 16 88 94 78 46 32 68 40 21 4 65 70 98 40 77 23 53 79 10 34 14 91 14 61 93 49 5 92 65 1 45 31 56 87 53 74 54 51 73 53 63 93 67 44 34 18 3 57 25 29 83 5 25 58 90 30 67 3 67 25 36 29 49 14 40 87 82 7 97 4 85 55 23 8 63 99 19 78 96 95 16 26 36 84 64 3 62 33 27 4 60 94 67 95 61 57 84 61 12 93 67 56 2 6 40 87 30 39 80 6 18 8 72 95 69 86 53 48 84 44 26 3 45 61 60 19 15 45 93 32 100 12 2 70 58 17 30 23 80 38 21 16 75 77 23 71 18 99 87 98 88 18 41 90 98 78 15 10 99 86 66 83 67 7 35 65 75 42 80 40 82 84 7 6 18 91 7 38 84 80 49 12 3 21 97 4 17 93 39 14 45 72 15 51 8 50 79 44 59 35 95 9 52 95 33 93 33 58 67 91 36 21 53 45 52 21 28 60 51 26 49 44 38 11 82 13 34 54 60 69 52 59 31 66 33 37 69 31 62 43 61 22 15 72 58 69 76 76 70 2 20 37 1 31 25 92 42 76 97 35 41 34 89 6 18 67 70 76 87 42 86 6 16 97 6 82 93 14 46 96 12 16 1 56 9 2 40 82 94 17 93 85 56 21 23 19 63 3 76 11 55 100 93 41 29
643
32 30 81 65 56 61 44 23 98 61 72 27 17 55 8 33 86 24 71 47 2 19 98 78 37 8 76 65 12 23 47 62 40 76 36 23 7 35 40 78 47 92 67 19 93 17 16 41 10 34 25 41 92 76 11 10 68 74 4 69 32 94 68 40 36 56 13 19 57 67 69 14 1 27 90 85 5 100 47 18 44 31 18 36 17 27 36 68 60 67 48 27 93 81 21 15 18 94 6 29 65 73 10 32 8 25 13 18 90 87 85 35 85 49 31 21 30 89 87 2 17 88 90 21 9 58 51 82 39 91 59 14 21 16 66 37 73 61 28 29 75 91 72 25 29 10 10 92 42 82 45 84 76 36 85 78 17 40 38 64 14 91 49 47 9 76 95 72 85 61 28 72 31 22 21 67 78 37 91 58 84 53 6 85 98 52 26 65 83 5 58 54 21 55 65 82 8 60 36 48 79 53 56 64 59 97 36 76 1 47 32 48 69 66 7 2 27 31 54 8 51 95 22 62 4 13 55 52 26 60 14 16 62 59 37 82 99 31 63 93 44 76 3 3 15 14 21 55 31 34 20 86 22 88 14 69 33 61 75 64 71 1 83 91 94 2 76 93 29 61 35 5 22 36 100 89 41 13 72 4 18 5 32 88 96 91 65 84 11 21 17 62 68 37 37 19 13 34 66 96 66 54 18 5 91 81 28 28 34 67 3 100 98 90 96 31 12 4 66 94 85 23 5 62 41 45 8 53 21 56 63 46 11 72 17 48 39 39 100 42 76 91 66 65 10 51 62 33 21 88 20 10 71 50 53 33 17 50 63 40 81 32 25 31 20 19 22 76 33 26 61 98 26 6 57 73 64 47 16 10 85 51 92 34 31 49 44 72 96 64 29 52 100 87 35 25 21 55 45 65 49 59 6 86 50 56 86 69 37 47 29 17 64 15 38 9 29 91 48 94 48 50 78 32 75 81 68 57 50 96 53 61 9 59 14 86 10 94 58 47 79 93 3 23 8 30 17 79 47 10 43 66 60 6 79 37 33 15 100 43 46 51 2 62 14 14 89 24 81 88 77 13 86 49 11 71 52 41 38 20 2 5 24 94 81 48 94 89 61 22 23 16 26 71 86 20 64 91 45 39 40 10 63 80 14 35 8 46 17 80 1 90 12 16 48 98 2 16 29 73 39 26 68 20 96 68 97 44 5 29 36 63 14 44 63 19 37 33 8 83 19 61 88 74 91 60 81 40 9 13 54 70 32 23 32 39 78 53 12 5 21 74 85 71 93 12 29 67 19 65 6 52 69 26 18 62 8 92 14 72 11 91 83 35 39 77 5 70 81 25 89 53 40 43 28 18 12 60 99 49 53 7 40 32 57 4 38 28 54 66 93 7 68 48 31 63 48 31 60 1 82 48 88 48 53 30 85 7 25 13 7 79 24 66 48 99 78 77 8 36 38 3 83
579
86 24 69 78 37 1 14 31 27 69 13 48 67 3 36 33 8 56 49 68 92 48 99 27 70 23 42 10 37 84 52 43 99 13 65 81 1 15 92 14 67 53 41 53 84 21 49 14 27 33 20 68 97 20 81 66 41 60 31 17 70 53 15 99 28 45 3 60 87 50 39 93 94 77 78 51 10 8 62 80 2 59 69 9 64 21 79 46 8 5 10 55 100 24 18 71 90 68 43 46 63 60 91 56 93 96 26 7 37 35 48 63 68 73 58 91 95 26 96 87 19 90 59 55 49 93 18 11 90 53 53 53 38 7 93 60 42 2 18 6 13 72 70 1 16 88 53 16 65 13 61 29 82 77 33 58 2 30 41 28 38 84 80 69 62 81 27 71 15 67 17 99 94 54 28 67 56 85 36 35 65 70 2 15 28 5 88 41 19 30 13 47 20 37 67 9 69 65 75 61 91 49 37 84 49 57 21 57 31 46 100 17 68 25 60 83 65 11 34 19 4 58 12 8 12 54 12 93 94 1 12 84 54 98 9 47 21 51 36 76 4 6 17 26 3 51 66 72 7 26 47 10 50 3 99 19 61 80 34 3 94 93 92 68 95 38 92 27 5 75 11 3 36 85 68 99 1 21 85 52 68 66 43 84 34 30 99 40 71 100 48 76 85 96 12 88 13 82 12 32 26 34 85 19 67 93 81 45 85 97 9 12 39 40 15 46 25 34 40 81 98 18 69 90 37 35 81 53 59 36 80 89 72 37 33 93 43 48 86 61 12 63 71 81 63 100 2 64 74 13 90 94 16 67 94 58 41 7 24 98 48 61 87 59 78 13 60 27 87 25 10 56 23 19 82 7 28 91 21 42 17 44 68 25 8 65 8 96 36 23 3 11 1 47 13 50 7 79 88 75 61 62 18 6 76 48 70 76 32 12 94 34 51 27 80 11 24 7 75 42 53 35 24 22 67 48 67 88 98 10 85 6 49 21 89 19 56 19 86 80 56 63 78 53 17 13 33 8 50 73 45 87 9 21 38 67 36 93 26 47 17 71 22 70 37 38 24 89 96 90 47 72 2 52 73 18 49 39 90 63 3 9 15 48 3 22 26 73 43 33 92 77 58 72 6 33 29 72 73 88 70 96 20 19 4 25 59 81 80 22 47 94 63 92 81 57 99 24 20 60 27 71 3 57 58 70 65 59 9 30 64 87 26 27 44 53 29 29 86 28 22 69 84 56 25 2 8 17 83 96 74 59 49 14 25 2 87 81 12 14 4 12 63 79 59 8 97 60 89 31 64 66 79 22 77 15 74 92 25
843
26 22 43 70 99 27 81 27 37 10 8 91 4 32 27 46 48 91 52 90 5 49 38 46 18 47 72 81 57 40 23 70 88 54 79 87 81 99 90 11 48 31 62 42 44 61 24 88 48 93 56 71 37 48 86 58 22 98 62 56 85 29 98 38 29 53 57 51 83 11 47 39 14 58 10 10 73 70 82 69 58 63 79 23 71 18 53 88 67 47 4 57 10 58 64 55 71 99 34 2 60 29 47 44 18 84 4 97 71 66 16 74 36 46 52 93 53 33 61 86 47 81 90 94 29 81 62 2 36 59 83 86 46 67 57 78 3 51 18 26 83 39 5 41 30 4 30 94 44 80 47 9 61 83 70 71 38 44 67 71 24 98 87 57 3 7 100 15 44 38 61 1 60 71 17 1 15 36 97 42 17 87 69 10 11 87 35 87 95 23 22 72 31 28 19 61 4 7 85 89 96 88 51 4 98 29 29 78 50 58 68 87 43 99 85 49 87 37 76 76 42 8 31 70 34 49 57 67 94 29 57 7 85 8 82 60 1 33 23 59 55 33 66 32 61 73 47 77 16 49 30 13 88 94 5 91 37 76 82 22 21 100 49 18 13 43 49 26 8 33 19 42 7 11 45 60 85 42 83 84 58 71 70 18 8 89 94 6 20 27 83 18 17 98 21 13 17 99 62 22 56 22 26 13 81 55 43 9 46 64 33 18 27 78 98 90 56 48 7 64 32 45 47 76 6 57 98 2 9 22 87 86 94 81 76 85 47 83 12 78 13 53 7 81 74 1 73 22 17 56 56 20 57 9 15 15 17 3 63 88 34 3 44 13 97 59 51 47 53 92 26 41 60 96 39 40 67 19 88 4 22 30 71 33 37 57 94 54 59 86 62 82 7 45 2 26 25 52 81 44 94 41 17 79 50 58 24 7 6 5 40 13 25 35 88 74 78 10 89 27 61 9 18 71 32 58 37 75 37 68 11 90 66 20 45 49 90 62 85 86 37 92 61 2 97 49 29 18 47 39 14 96 59 56 13 94 97 22 2 98 20 12 1 58 87 97 19 65 59 84 94 85 87 89 29 39 75 58 58 42 50 82 74 18 22 86 23 3 1 31 24 100 14 8 59 20 33 61 25 48 85 6 100 5 100 78 17 86 36 86 26 4 90 76 100 69 34 13 38 78 12 89 47 42 60 39 17 58 78 16 99 97 33 25 50 52 75 9 58 66 93 53 21 90 23 58 69 51 17 95 50 21 65 41 73 40 23 8 41 19 82 74 23 33 81 71 3 35 19 26 13 90 15 54 30 32 42 79 84 67 12 61 25 60 87 32 40 40 29 93 67 43 90 87 8 97 49 7 53 4 55 87 36 4 78 61 89 32 67 69 45 51 37 73 17 75 5 11 65 59 21 96 32 32 15 99 72 67 52 97 34 95 20 6 81 30 85 34 68 66 6 7 41 35 40 100 44 17 13 59 79 89 27 43 11 80 4 56 81 95 37 75 60 60 43 87 14 43 39 94 10 66 30 79 26 46 85 28 94 7 65 48 99 51 70 48 4 84 67 98 26 4 95 60 88 73 83 28 40 84 29 70 31 94 40 56 11 51 48 84 63 99 7 17 92 52 28 27 30 21 86 91 25 56 42 10 23 80 56 73 87 47 43 9 78 17 87 17 1 29 74 59 86 62 28 69 90 48 30 66 26 10 34 69 29 60 12 43 84 67 93 70 45 19 98 93 65 18 35 55 36 59 40 1 86 85 37 16 61 53 40 29 16 13 13 81 6 6 14 8 9 70 42 5 39 97 90 80 76 39 27 11 42 89 44 10 58 77 81 24 71 70 19 3 33 12 86 50 15 26 1 74 45 85 11 81 2 84 27 28 22 90 41 15 16 99 95 91 78 63 26 42 79
708
66 31 24 47 45 3 72 72 56 14 55 89 41 87 77 57 93 18 5 97 58 34 67 26 81 76 76 69 89 73 68 51 3 65 36 62 29 79 40 51 59 14 68 26 47 5 56 16 100 89 23 36 55 63 36 36 40 80 96 61 29 10 68 57 27 57 28 20 73 13 13 84 96 30 37 25 20 79 98 38 50 85 33 47 48 35 62 93 65 78 62 93 29 71 7 51 98 83 97 54 38 60 73 95 41 9 78 1 25 55 16 71 5 8 21 5 26 31 27 32 79 95 29 89 56 28 58 15 30 63 24 22 45 57 74 81 70 6 49 42 88 89 94 90 63 69 28 85 49 55 39 85 70 14 81 6 16 37 4 41 79 4 11 10 24 63 46 7 86 56 44 49 92 86 78 42 8 7 75 62 65 32 94 3 47 90 78 63 27 61 81 28 10 73 50 6 65 95 8 19 73 43 87 85 92 69 85 92 50 24 93 14 3 55 33 36 95 71 5 85 27 87 89 37 9 3 38 29 91 59 94 7 52 97 20 35 88 100 33 96 18 94 10 95 88 48 52 16 29 75 95 8 41 72 10 44 39 26 32 74 24 44 14 47 28 98 49 81 13 11 93 59 51 2 4 22 87 55 3 26 69 39 76 57 65 48 63 6 56 59 84 66 50 88 39 75 39 39 53 53 59 96 75 20 44 48 35 35 34 36 66 95 25 16 21 52 1 34 97 61 27 23 4 37 21 1 37 35 52 28 44 77 4 79 12 32 92 99 10 49 43 63 65 54 61 84 24 24 45 4 14 50 36 75 5 89 48 28 82 60 64 77 64 92 49 59 93 46 54 48 48 67 1 15 49 53 54 70 66 29 34 90 74 40 70 100 26 30 66 15 45 72 49 33 31 57 47 8 9 8 100 90 66 38 91 42 58 91 21 31 18 76 46 6 67 95 26 60 75 63 8 66 30 25 87 34 68 33 4 76 63 91 3 1 22 82 14 42 17 66 17 60 29 75 80 25 18 8 27 67 66 83 94 13 68 68 73 20 84 47 27 65 13 78 27 94 58 64 54 12 66 64 61 17 78 72 88 30 48 18 42 53 35 38 73 19 39 8 3 76 84 78 25 67 96 26 28 76 87 14 46 48 85 24 25 100 74 19 76 42 96 8 47 20 3 44 47 51 83 59 17 96 84 70 66 68 91 46 28 1 82 20 65 54 63 26 29 52 29 59 42 93 69 69 59 80 17 97 38 50 84 53 65 5 45 51 12 7 87 29 60 48 10 44 27 56 48 15 95 28 8 2 14 44 79 31 100 17 91 4 42 33 83 28 92 76 91 68 33 76 25 21 65 62 43 19 47 58 19 33 48 53 91 60 97 45 55 53 25 37 60 75 37 40 36 1 64 62 3 62 49 99 50 59 93 45 5 17 55 58 82 37 24 73 37 43 47 95 66 61 8 41 40 85 73 99 77 53 60 33 47 40 60 50 59 85 53 91 94 16 67 68 4 82 37 32 96 30 15 56 15 22 15 19 36 89 94 43 82 9 93 80 60 64 95 78 68 49 25 60 13 7 38 18 67 3 62 63 16 97 84 71 81 71 72 67 61 79
654
74 33 32 66 68 46 8 68 47 25 26 40 11 49 34 10 13 77 74 88 64 35 27 27 13 55 3 16 50 5 73 16 91 48 28 66 25 38 72 13 98 80 94 82 78 47 23 16 99 89 63 32 19 97 33 10 1 86 12 11 85 37 23 21 50 45 24 15 23 79 34 49 43 82 77 49 1 29 68 27 65 75 66 73 18 57 44 67 50 77 68 42 18 31 79 24 5 40 45 61 75 74 43 72 89 37 100 54 77 39 50 6 6 41 4 99 78 41 33 81 16 3 72 16 90 30 53 20 70 88 39 23 98 64 58 9 31 29 48 44 98 58 72 2 32 84 75 18 13 74 52 21 97 72 66 56 73 68 70 75 70 32 75 66 57 9 91 23 72 25 34 92 81 84 57 95 74 14 53 63 11 85 74 13 27 38 61 48 42 4 56 54 82 94 53 36 71 93 87 15 56 19 35 68 10 91 83 3 34 9 69 90 32 9 78 100 99 76 81 17 49 9 62 80 35 17 24 75 4 49 97 66 1 63 41 12 90 38 86 100 58 95 47 54 74 53 100 49 7 61 52 26 3 72 53 19 48 37 62 44 96 87 39 16 70 32 86 82 84 100 78 37 35 75 32 86 53 73 47 91 100 45 72 98 51 36 87 31 1 12 8 14 27 59 15 22 41 93 66 64 91 90 7 90 19 34 56 40 73 56 69 28 84 56 49 52 3 7 74 63 13 31 81 55 77 37 73 56 100 65 38 62 60 39 85 21 50 5 19 75 79 64 89 96 94 22 61 56 65 90 27 100 80 25 39 86 8 33 74 95 20 71 96 55 60 96 96 38 17 91 8 53 46 22 52 48 62 53 35 84 54 18 92 74 34 27 60 4 35 70 30 48 47 98 22 94 74 30 98 46 28 4 57 74 48 97 43 81 5 41 41 74 50 19 92 43 100 100 33 79 34 50 99 72 18 43 19 77 19 56 43 46 41 40 3 30 71 82 92 44 8 60 57 76 32 59 6 64 95 95 17 9 27 69 83 56 66 35 83 43 40 77 76 47 85 31 74 51 58 39 71 80 13 39 23 79 78 10 61 61 35 74 90 82 36 75 15 26 96 96 75 6 54 15 88 77 26 48 61 89 17 38 46 33 90 71 69 47 74 79 36 13 72 26 63 69 38 94 58 37 4 59 83 47 96 41 92 15 73 43 54 49 43 20 33 6 62 65 64 7 97 63 51 32 5 60 65 68 1 15 46 97 13 94 19 28 4 28 32 34 61 84 83 77 3 39 26 99 95 21 76 66 8 25 82 95 78 5 87 5 13 35 2 14 40 84 73 71 50 92 2 97 93 73 91 92 89 40 93 80 40 83 6 75 52 100 23 24 5 76 73 78 59 97 82 76 93 38 69 50 66 49 85 17 62 93 69 98 2 54 88 17 62 60 70 85 36 49 37 89 81 60 35 56 9 62 18 25 84 94 15 40 5 1
878
42 56 38 53 11 46 71 94 97 34 58 84 21 90 45 82 87 23 37 87 78 52 53 70 94 48 76 48 14 80 90 29 96 84 40 40 30 40 41 94 21 93 21 81 30 59 80 21 87 93 100 94 72 69 13 87 76 33 37 27 7 57 11 50 14 100 7 69 8 52 65 6 92 54 3 60 77 21 48 80 62 29 38 48 15 34 62 35 44 97 27 78 90 62 35 42 27 40 92 50 44 96 70 47 39 16 62 13 38 5 19 36 53 89 35 12 95 14 78 95 67 77 36 47 19 43 3 1 67 19 22 36 67 14 7 39 81 37 71 37 82 13 97 80 81 21 82 9 57 40 72 62 94 99 28 23 53 39 14 53 50 8 27 73 12 87 97 98 20 53 89 49 65 67 94 81 89 55 75 8 84 3 61 96 13 69 84 46 6 20 17 33 65 36 77 61 88 59 63 30 48 28 42 66 56 83 62 99 60 24 21 73 73 46 41 25 29 6 85 2 77 5 29 95 97 79 28 1 85 77 38 25 2 4 36 14 81 35 22 75 78 87 95 11 32 19 50 74 26 17 63 26 53 96 27 77 95 97 1 84 93 76 63 63 60 100 100 99 69 21 62 52 99 98 93 71 63 4 81 4 13 64 19 90 74 41 25 48 96 42 20 73 10 48 37 64 68 64 34 62 84 28 99 46 89 2 1 82 65 25 3 5 21 34 68 52 35 98 82 42 32 35 41 95 93 36 20 28 72 3 27 68 58 30 24 37 24 43 42 87 4 38 73 42 35 46 96 85 18 58 98 94 16 32 11 4 22 87 94 75 13 66 34 67 3 1 24 45 2 58 60 93 12 57 47 25 60 70 85 93 36 7 52 80 2 82 29 1 28 70 93 66 82 45 2 62 43 48 70 63 31 37 46 82 65 76 5 91 37 50 30 51 89 31 5 43 1 63 28 51 12 5 38 3 37 52 90 81 62 17 85 19 89 5 36 75 20 87 14 86 4 40 43 51 50 99 79 62 20 40 6 34 52 25 6 50 23 28 41 14 49 55 4 43 24 64 83 17 13 63 51 37 46 9 51 37 59 7 20 77 17 31 77 97 13 81 28 25 100 33 82 30 64 29 74 48 84 39 44 70 31 19 6 33 61 95 64 6 33 66 62 42 23 27 79 75 86 52 89 54 28 4 18 24 20 35 71 61 57 72 23 13 94 10 75 87 64 45 57 93 53 79 80 39 67 65 73 78 36 23 79 14 94 55 72 10 25 36 74 96 100 56 9 86 11 57 65 36 89 10 21 23 1 55 72 90 96 9 47 11 17 66 71 16 66 94 72 7 81 73 69 98 97 64 4 61 85 52 85 70 12 75 94 28 86 62 41 56 34 76 6 86 36 57 45 96 24 97 28 39 49 16 97 90 98 24 73 87 9 32 6 78 18 82 23 13 8 97 82 93 14 99 76 74 4 80 59 28 82 59 61 16 55 28 75 42 33 89 66 97 80 14 25 24 23 42 71 41 27 30 64 53 76 10 59 51 58 29 77 29 69 46 53 7 16 84 41 55 27 74 85 19 25 51 16 84 45 30 44 84 56 19 1 42 20 55 97 13 14 27 70 9 5 5 19 100 74 45 45 2 89 83 57 36 10 66 77 93 51 12 85 37 79 14 2 14 89 41 81 95 20 52 16 5 3 94 36 50 8 15 64 9 37 43 76 14 66 100 70 95 92 45 58 13 14 91 100 72 76 43 71 22 68 64 93 75 33 81 92 100 83 10 14 39 51 7 26 79 71 23 88 78 38 39 3 78 39 68 93 15 87 9 30 42 38 81 4 70 13 2 42 28 67 89 10 20 42 50 81 71 40 19 7 47 24 67 24 85 37 32 28 79 4 19 35 70 96 49 13 95 61 94 3 26 67 7 16 46 38 62 30 95 71 12 27 30 63 91 35 64 41 25 25 86 68 85 76 26 58 63 41 14 99 65 30 100 66 31
620
33 85 83 13 59 95 47 31 18 55 89 75 77 40 51 19 44 27 45 69 58 14 3 99 47 87 37 39 71 11 51 2 16 25 30 50 1 78 44 99 8 41 6 29 44 29 15 5 50 2 82 73 82 67 92 26 93 37 7 23 30 55 22 84 69 9 53 57 99 7 24 51 38 44 13 93 72 25 81 30 63 52 88 44 75 34 90 64 55 7 35 26 32 22 95 28 65 92 35 36 62 62 65 69 46 45 98 15 100 73 64 55 99 45 29 29 77 88 6 30 30 50 80 72 16 50 18 52 99 7 14 83 21 4 65 46 84 10 67 89 42 42 94 7 60 27 72 25 90 34 59 67 50 46 74 65 40 26 13 53 43 78 31 64 10 74 28 5 38 79 69 41 46 79 87 30 84 79 33 26 43 16 98 75 59 43 98 93 89 60 9 29 62 97 60 58 37 26 9 47 64 83 77 36 74 19 61 55 47 64 72 45 99 22 28 63 80 3 89 50 63 80 93 82 67 73 35 1 77 92 74 46 9 34 18 76 97 38 18 48 86 81 61 23 57 49 51 91 50 82 65 57 63 24 64 17 2 96 44 81 92 14 24 14 16 6 24 44 47 92 78 7 89 48 84 48 61 68 90 18 33 89 93 61 10 69 5 72 63 91 20 31 11 94 17 28 10 89 63 41 7 17 13 63 19 94 46 13 53 15 11 57 32 60 18 26 96 91 84 85 88 88 41 24 15 22 46 58 10 83 32 1 1 32 85 7 49 98 83 2 29 2 73 46 54 43 79 30 71 58 23 85 50 52 80 25 52 81 32 7 82 72 42 8 94 51 13 51 9 59 39 16 60 76 67 49 20 99 66 86 71 58 87 16 6 62 77 26 12 22 95 47 43 27 58 46 79 42 61 37 33 66 76 5 83 21 22 78 12 16 89 72 89 71 59 1 55 82 74 6 92 94 18 73 3 51 7 95 77 77 57 49 93 55 93 24 32 37 5 78 31 34 68 41 3 42 8 30 72 99 38 78 34 64 54 29 69 24 92 92 19 9 7 76 59 88 42 46 26 30 11 21 82 53 41 56 10 52 78 9 92 57 68 30 10 72 2 44 82 69 47 11 27 30 33 25 73 23 10 63 70 12 64 4 74 85 29 91 65 58 46 53 71 30 88 58 45 44 47 81 19 13 44 39 6 51 7 35 74 45 83 42 65 50 12 49 76 84 75 11 53 98 21 41 35 60 57 33 15 8 37 44 65 79 61 16 7 20 30 96 74 88 50 99 66 30 15 51 16 61 60 14 17 6 45 77 95 12 62 32 100 94 3 26 91 8 15 47 1 34 45 54 73 75 43 74 72 10 9 53 20 53 4 19 73 99 11 49 14 41 9 60 30 96 28 22 77 80 35 84
825
97 3 75 19 58 36 72 27 11 11 4 12 84 97 26 91 27 73 9 16 23 97 69 78 62 74 83 25 33 27 49 86 39 7 12 45 87 81 55 18 38 91 63 34 5 78 54 13 90 64 18 68 30 28 92 53 99 91 4 72 31 24 84 65 47 38 42 86 81 27 12 67 68 13 9 35 47 47 81 58 94 55 23 41 72 37 76 9 80 76 22 51 32 67 11 22 54 21 62 46 5 99 12 17 99 54 64 46 33 92 65 45 27 12 27 21 1 53 39 56 78 21 37 92 68 31 83 82 11 57 27 8 71 33 72 89 87 45 73 62 96 91 94 46 1 24 10 14 27 18 7 50 50 40 8 12 45 38 35 94 16 49 60 40 52 42 55 77 3 66 43 21 86 20 66 42 16 60 81 51 57 70 21 23 35 95 52 96 92 23 80 97 63 29 94 60 24 10 70 63 36 5 21 79 23 43 93 36 44 60 88 14 83 22 87 4 65 27 84 21 65 81 67 50 93 99 54 30 38 53 67 26 31 6 55 28 75 85 89 65 21 52 48 56 34 91 20 46 53 51 15 68 81 98 15 30 33 5 97 79 34 64 13 21 73 54 95 86 60 6 6 77 18 26 33 47 49 9 72 30 97 74 94 73 14 11 34 57 20 96 15 42 90 19 96 32 59 55 16 55 27 44 19 99 69 83 26 20 75 36 32 39 32 46 86 99 71 62 3 16 28 45 41 23 44 2 80 48 75 38 27 48 94 15 9 40 21 14 72 33 59 45 42 79 93 76 68 3 19 72 84 12 12 34 83 20 20 56 58 14 82 28 77 75 26 100 75 74 77 74 64 94 19 20 25 68 16 81 35 12 8 51 4 49 68 30 35 43 42 68 10 57 78 91 69 53 98 80 57 36 51 100 9 37 95 63 50 63 30 99 26 58 86 63 87 53 37 6 49 9 7 89 3 76 14 67 44 40 48 17 2 51 51 4 94 83 21 66 78 54 27 76 79 43 13 57 59 19 34 41 64 88 89 43 84 71 64 29 50 18 61 86 92 42 75 13 77 61 35 2 16 18 41 51 14 45 20 6 60 81 63 98 80 57 42 29 82 4 70 72 52 10 36 37 31 84 75 71 50 18 9 65 39 20 63 31 15 67 77 33 45 76 61 76 81 64 10 66 10 4 86 70 24 18 49 16 60 22 71 11 66 12 41 5 80 57 38 82 87 33 77 39 90 84 46 17 80 24 50 91 48 57 48 33 64 93 9 41 39 73 57 69 24 34 96 1 88 45 31 49 4 60 64 53 3 94 70 73 64 87 86 29 99 15 26 31 54 34 100 63 42 27 72 10 28 53 37 8 5 18 62 95 88 32 38 3 80 96 60 19 97 40 10 77 32 10 52 34 22 86 24 64 59 35 9 63 34 43 53 61 26 43 98 21 100 27 12 35 62 46 46 25 32 6 68 44 73 4 33 42 34 36 52 38 71 1 59 33 86 1 96 69 25 56 47 38 30 67 19 46 15 97 49 1 56 51 42 97 1 16 29 55 73 59 87 68 11 46 35 55 54 6 85 68 18 91 100 73 16 62 98 10 61 68 54 23 57 87 92 59 29 66 11 37 14 86 7 13 100 91 79 72 54 2 92 98 23 1 86 14 58 65 34 23 26 89 31 34 15 89 60 51 71 96 11 82 3 24 78 59 9 79 26 92 68 20 60 27 9 57 100 2 91 24 49 49 53 49 11 12 32 6 85 80 16 33 45 43 91 52 62 43 38 51 60 61 93 77 92 87 86 12 66 16 41 79 58 12 41 52 93 82 6 95 81 78 5 80 14 45 89 61 91 35 48 32 79 1 58 89 96 88 60 18 42
808
16 2 64 76 7 61 95 39 75 96 48 76 15 2 75 37 34 46 31 67 74 75 51 92 17 1 43 20 91 71 29 46 30 60 46 4 94 85 75 68 31 32 96 25 52 86 67 77 94 80 41 25 31 77 87 86 84 96 61 48 47 85 5 55 21 100 38 49 48 3 58 21 36 38 67 54 75 64 52 49 79 87 79 54 48 85 100 37 85 8 81 49 48 15 89 26 3 8 13 38 50 14 73 30 62 67 36 23 38 3 55 86 95 3 56 38 90 92 9 44 77 14 75 36 1 48 97 72 72 32 45 98 27 57 2 4 41 1 35 97 86 14 43 28 15 23 36 49 43 66 46 90 49 15 24 73 37 82 83 90 46 39 94 85 41 7 5 38 24 96 56 46 37 18 6 26 54 17 61 53 3 82 24 32 68 69 72 45 70 36 2 92 80 77 92 12 9 64 75 64 66 71 95 7 68 68 22 20 13 2 19 81 66 65 89 12 97 49 50 35 60 67 44 34 52 46 72 76 51 13 38 70 19 87 46 53 24 84 40 43 52 76 86 42 86 72 21 66 37 27 50 48 62 10 88 31 29 9 72 83 25 74 49 88 12 85 63 79 26 45 98 20 9 24 42 59 91 10 29 12 81 68 53 7 45 59 9 87 71 80 58 91 14 34 46 31 12 18 10 54 97 91 62 51 36 19 91 25 64 7 46 33 32 23 25 89 59 86 40 94 39 69 42 80 43 73 60 68 4 29 89 91 87 95 91 22 30 98 34 94 73 91 99 43 99 55 25 38 84 91 57 63 30 51 16 8 92 28 70 44 86 41 58 40 39 44 27 78 28 40 86 9 60 53 45 58 5 21 64 8 29 30 78 96 55 28 38 48 89 92 92 38 57 40 2 38 89 75 31 85 28 41 97 61 17 55 63 49 60 54 20 45 56 41 87 38 13 69 55 30 58 75 66 55 13 54 30 71 14 7 39 20 21 89 21 17 58 74 60 10 28 69 92 5 78 96 8 3 34 92 5 93 75 32 37 17 10 65 13 93 58 5 99 89 20 46 12 85 41 88 13 31 37 7 84 44 75 83 98 31 77 15 76 20 10 96 51 32 36 39 61 74 78 67 35 75 26 98 27 11 46 14 88 1 8 86 62 19 17 34 87 63 89 22 25 54 55 41 78 59 14 68 68 68 20 72 61 80 3 77 4 59 2 86 99 38 20 6 73 68 18 59 14 29 95 67 89 81 13 9 46 30 3 75 78 7 7 13 14 53 37 82 87 40 51 87 47 67 54 21 69 78 79 84 63 43 93 37 58 47 27 74 100 23 32 87 12 43 12 71 49 11 41 70 81 10 8 24 91 53 97 41 6 45 64 58 99 42 58 19 22 95 5 69 99 53 96 31 70 66 41 1 96 35 100 57 13 57 63 30 73 76 20 25 57 70 51 88 93 28 84 31 75 57 89 41 49 36 41 48 50 67 15 6 76 40 67 49 40 22 66 87 27 77 88 35 90 10 71 27 86 8 66 85 47 21 88 82 42 5 11 3 16 89 87 76 93 23 57 57 78 88 74 47 3 31 80 57 57 9 22 23 51 4 61 27 27 12 68 5 60 71 75 50 33 31 20 79 46 79 24 32 49 39 32 19 95 24 17 46 25 69 53 85 41 49 77 14 32 14 96 84 97 43 1 2 63 31 97 31 64 74 43 100 97 40 61 79 28 20 56 37 87 31 49 94 52 91 69 83 5 77 8 42 8 29 38 30 34 93 23 55 88 51 13 14 11 97 49 72 90 31 33 40 21 66 46 95 89 57 63 73 42 26 29 19 98 97
755
78 89 92 89 83 96 46 63 28 71 83 43 15 16 46 59 78 11 92 44 7 38 27 62 96 83 82 57 81 60 42 87 61 8 80 43 90 72 61 14 34 66 38 62 7 23 71 34 95 37 55 29 3 13 31 99 3 92 95 19 24 43 74 76 82 100 28 90 25 92 69 4 99 35 44 74 13 39 23 59 11 33 16 9 9 18 2 96 98 47 96 78 48 61 65 94 85 58 59 84 10 74 48 78 64 79 37 23 3 12 1 39 98 11 16 97 80 52 26 89 29 64 66 91 14 53 37 33 100 69 31 41 54 71 26 33 68 89 69 16 17 83 33 13 95 4 34 77 49 21 82 43 46 19 85 14 29 100 54 50 56 43 53 49 46 78 73 6 21 66 66 57 14 79 63 13 82 2 6 97 81 93 100 19 56 88 76 85 17 90 70 2 85 71 67 51 38 77 9 38 59 96 19 62 23 85 65 86 53 85 44 8 41 2 49 26 8 12 30 74 44 46 66 50 73 41 34 4 66 90 22 21 33 35 27 76 98 47 88 9 38 96 54 28 84 94 32 19 94 81 63 50 20 50 36 68 64 39 41 7 44 35 50 4 11 61 79 86 1 50 33 44 6 49 81 67 94 78 28 20 64 35 65 82 56 16 70 53 3 88 89 34 54 69 75 90 58 47 80 87 97 17 68 58 2 82 79 55 95 33 62 82 61 29 67 9 97 84 5 79 42 11 55 73 8 98 53 27 11 94 55 54 28 3 96 86 78 49 90 47 15 97 15 60 53 1 90 65 46 81 61 26 51 63 64 49 54 60 29 58 94 13 92 28 39 87 96 54 4 15 47 41 31 12 96 48 14 11 2 25 67 55 40 86 68 1 23 56 88 1 38 13 67 1 13 2 9 70 36 73 37 64 98 97 16 46 31 26 11 50 90 17 92 69 2 81 42 38 68 21 63 9 52 38 34 3 57 88 4 85 19 67 24 72 11 27 45 39 71 58 74 75 42 79 24 2 60 82 27 75 54 67 87 15 32 81 98 28 19 82 36 25 67 7 42 58 75 59 22 53 75 11 70 26 41 55 14 18 32 6 15 45 25 17 56 85 75 67 93 12 3 89 64 77 55 16 26 17 82 63 86 50 37 41 90 45 38 79 70 80 37 92 8 80 79 30 17 61 57 52 43 81 74 47 11 84 88 15 65 58 32 77 59 26 21 29 23 12 40 7 7 73 15 10 47 20 15 76 67 91 45 84 92 38 2 47 66 17 31 22 15 48 79 98 91 44 32 81 51 82 36 90 30 64 74 81 24 66 62 11 45 14 9 1 68 9 33 12 6 68 47 54 95 9 35 55 8 58 74 23 65 67 4 87 34 47 19 83 80 88 18 85 95 4 44 70 51 53 38 58 57 94 75 14 74 62 34 14 2 42 41 83 44 71 39 100 85 35 55 27 55 47 20 8 69 57 69 32 45 80 20 83 45 27 50 92 37 76 49 30 22 47 26 61 26 99 73 10 57 47 33 15 14 50 48 98 45 89 41 3 20 75 98 88 24 78 84 85 18 66 95 34 76 5 20 99 50 2 64 64 63 76 45 72 91 80 59 85 62 89 35 47 13 52 70 49 42 93 29 3 62 5 97 75 46 83 99 20 81 85 84 59 37 7 53 80 19 20 85 92 16 55 98 98 46 22 76 68 9 82 82 40 40 78 17
651
36 15 66 83 62 58 92 70 2 59 21 72 71 41 14 89 68 53 64 27 12 72 31 9 69 39 78 54 86 51 31 81 89 87 84 1 66 84 24 78 81 27 22 62 62 34 2 39 84 25 88 28 98 32 54 83 18 82 33 40 18 81 30 73 100 6 40 46 55 5 39 29 19 57 98 53 74 28 38 70 58 54 57 63 67 83 28 8 55 21 98 18 36 96 22 73 50 58 1 88 17 37 89 23 46 31 7 30 97 19 36 29 47 58 70 15 32 86 25 12 2 7 58 67 64 59 70 54 50 95 8 25 33 92 2 7 50 39 2 44 47 33 43 67 42 57 11 12 14 62 78 31 17 85 6 37 70 91 18 79 86 30 10 94 56 62 60 8 51 1 48 27 65 41 4 13 20 52 42 33 59 37 10 39 50 17 33 40 19 3 60 83 32 2 32 42 98 92 21 61 25 37 11 39 95 5 77 24 15 70 30 64 52 88 39 36 77 52 95 94 5 38 91 51 66 67 13 37 15 70 68 88 36 38 86 72 86 48 70 3 45 62 67 1 33 50 61 73 29 90 5 48 83 23 69 50 91 72 20 52 17 95 67 41 54 85 87 23 32 35 62 97 33 39 86 21 33 14 90 68 44 61 30 89 59 95 9 9 44 1 10 71 35 83 25 46 20 72 83 39 28 58 24 92 35 77 9 56 34 9 61 64 27 39 91 74 25 53 99 14 36 92 79 97 74 79 18 27 41 66 91 53 84 93 90 56 88 32 9 76 53 73 7 48 83 34 94 35 15 23 28 9 39 90 18 11 33 38 7 84 17 17 55 89 6 13 74 97 69 10 83 64 51 90 94 98 76 46 100 25 100 84 74 43 77 78 24 94 43 13 13 77 32 7 58 6 28 80 4 16 24 61 66 92 30 81 65 23 11 23 91 18 34 89 82 7 68 54 83 46 96 44 69 96 40 83 18 86 33 41 23 8 46 66 95 99 98 52 15 21 14 39 89 28 30 97 62 97 39 99 14 62 52 1 55 47 35 93 36 74 38 100 1 27 72 48 45 80 34 6 3 57 54 48 8 1 62 80 4 83 33 53 84 13 24 63 64 55 77 44 52 43 64 13 7 51 21 25 13 12 92 97 78 61 29 67 81 57 97 37 97 32 49 42 67 12 78 53 35 78 45 80 85 31 1 63 34 53 23 61 82 38 87 63 80 87 29 43 1 46 70 61 75 53 30 95 37 79 8 54 16 98 16 52 46 27 29 1 6 99 6 33 49 99 12 24 79 65 2 57 97 15 86 74 62 41 63 43 96 35 26 11 49 5 69 70 10 11 54 6 58 89 62 12 56 24 4 65 65 60 56 10 80 54 49 62 48 79 25 51 64 58 57 48 80 27 54 73 51 72 50 6 98 24 48 78 70 47 16 29 43 36 55 34 53 96 23 82 81 18 6 47 44 25 93 69 45 91 88 75 98
800
35 5 10 60 19 93 40 48 31 6 51 12 32 47 83 67 7 87 32 70 2 44 19 15 73 2 85 49 55 29 52 35 72 66 48 66 47 25 33 94 57 50 29 44 53 84 93 83 49 98 14 61 24 95 88 59 9 67 52 4 21 62 17 27 36 68 96 37 94 57 54 83 18 85 85 54 6 63 48 64 100 35 12 60 39 11 22 16 16 99 96 33 39 27 8 43 79 76 95 84 40 4 48 13 91 31 31 10 90 51 17 54 84 65 66 52 97 60 34 88 7 87 21 100 94 70 54 68 49 23 97 99 20 12 87 66 45 48 23 14 53 17 53 54 83 73 28 3 3 61 35 60 15 6 67 35 45 70 1 92 61 58 32 92 46 19 87 18 27 6 55 87 54 75 67 43 54 2 11 88 98 88 86 76 21 2 48 4 73 26 45 89 25 22 42 45 80 27 80 83 98 27 71 57 100 32 61 17 72 2 29 7 47 97 46 77 5 4 94 25 60 47 92 95 39 12 52 7 51 37 16 79 29 81 23 56 36 6 41 40 44 95 30 44 51 76 13 86 33 84 57 8 9 100 23 13 71 73 54 61 96 69 89 100 15 43 20 30 62 15 32 64 36 5 98 62 75 12 60 21 24 71 66 60 37 99 49 27 63 48 76 66 31 66 18 85 8 9 24 38 38 30 51 85 25 16 99 97 71 98 39 2 91 31 74 19 82 57 2 11 90 60 24 93 37 75 52 79 14 99 73 30 1 86 69 14 28 71 98 10 93 49 73 4 31 3 78 63 29 88 7 31 89 69 1 61 91 32 28 59 7 53 85 68 1 19 70 37 75 10 25 99 30 62 80 28 6 78 72 88 24 70 91 83 2 33 37 10 86 7 33 73 30 65 12 70 76 5 43 29 56 45 32 83 47 89 43 48 51 15 4 28 2 28 10 75 31 69 7 84 9 33 72 90 40 26 34 70 74 43 58 54 34 50 40 52 64 87 74 15 96 62 30 72 36 84 28 82 61 42 73 14 99 67 100 21 92 96 93 38 2 66 20 12 28 71 62 14 91 89 74 21 57 98 37 65 97 1 89 86 9 9 27 62 9 86 35 99 23 26 69 67 91 91 86 9 42 78 38 82 37 77 60 61 24 64 41 36 8 95 85 41 80 4 33 50 17 95 87 60 56 27 4 91 8 72 19 69 79 63 45 68 5 72 12 90 92 57 8 66 39 89 97 65 96 55 42 86 73 4 4 40 58 51 77 93 29 40 56 56 71 44 31 46 64 53 40 75 88 88 24 50 56 80 13 56 89 70 41 43 45 1 73 41 55 53 40 95 94 18 13 47 83 19 29 65 17 98 40 8 51 33 22 8 23 95 63 72 8 41 74 66 65 71 52 1 91 96 24 41 95 68 14 9 7 27 14 17 23 18 51 83 48 37 47 24 59 40 75 6 6 28 37 62 95 100 56 91 58 47 57 50 86 60 94 32 97 21 81 40 90 24 64 86 54 86 19 56 86 69 34 16 92 81 27 1 81 74 33 9 68 9 11 40 89 63 19 2 66 59 25 57 70 18 19 80 90 82 84 76 26 36 79 10 34 69 71 26 45 18 2 61 100 57 2 15 24 33 2 88 41 82 20 4 42 42 68 9 70 69 86 5 2 29 30 89 8 80 36 94 63 97 43 91 88 89 10 100 24 81 69 46 86 43 44 39 4 80 4 73 78 38 33 25 22 67 87 92 53 12 19 39 80 92 20 67 16 96 74 26 13 23 7 48 53 16 64 32 82 78 75 93 51 50 76 39 66 42 90 2
961
3 7 39 80 5 75 71 70 55 15 57 80 56 4 13 25 33 22 31 68 51 65 67 64 95 35 23 91 99 58 35 5 14 77 45 94 87 29 84 5 35 97 93 64 92 13 100 25 36 22 47 51 20 12 65 85 33 48 19 61 26 100 48 35 45 31 38 78 63 46 91 60 80 34 28 13 98 64 44 25 88 17 95 2 100 66 40 77 42 91 27 97 24 50 27 63 32 4 19 65 31 50 70 96 33 11 60 59 77 13 30 95 19 72 29 61 16 79 54 81 45 95 30 75 31 22 27 100 27 93 54 70 88 8 39 67 93 32 34 15 97 39 69 64 63 47 42 23 22 57 68 95 21 75 4 16 26 83 47 25 97 28 47 83 91 8 53 20 95 97 70 58 70 65 76 51 85 29 7 12 91 29 28 91 49 92 59 66 98 2 85 62 63 88 84 44 96 31 75 54 87 31 5 36 92 89 44 32 3 57 40 26 36 69 37 36 57 64 17 77 76 68 52 36 37 65 54 21 84 75 99 74 8 91 18 93 80 42 69 64 50 71 46 95 22 7 10 29 81 68 11 25 61 15 74 38 36 36 27 74 30 8 67 66 25 60 98 78 63 100 99 15 35 64 8 98 75 23 28 82 50 79 75 83 93 39 67 45 96 11 71 48 27 100 43 37 91 97 31 92 98 64 41 44 93 8 43 36 24 9 45 16 92 5 50 84 91 58 50 91 23 76 9 100 3 70 33 84 82 6 11 8 93 6 40 64 17 70 55 41 26 100 84 31 98 50 84 9 73 74 31 70 3 59 20 13 80 11 77 49 44 13 65 6 88 78 56 64 61 86 84 35 29 97 36 63 31 90 59 40 7 79 60 48 45 98 83 1 97 41 91 11 50 49 66 62 53 80 56 30 7 60 41 95 25 13 54 20 68 9 95 11 32 37 10 64 60 88 80 37 38 51 51 43 76 90 84 61 93 24 25 58 43 1 44 50 53 97 49 68 7 81 81 26 19 23 100 37 23 69 80 60 62 73 27 52 83 78 61 72 62 27 14 100 21 51 47 74 14 50 7 9 33 17 58 61 90 62 68 17 47 30 66 35 39 69 56 85 23 18 25 52 88 18 74 71 37 46 73 18 71 35 61 9 45 37 26 52 100 77 78 28 59 85 6 6 35 76 43 38 69 75 41 90 76 4 43 2 13 54 94 32 97 82 78 2 31 79 4 51 97 69 76 87 24 16 63 100 81 91 21 86 22 51 46 9 29 60 80 46 8 91 30 26 52 26 15 42 65 97 31 92 14 49 67 25 1 38 11 35 66 31 97 64 28 2 81 45 64 42 95 67 19 99 31 52 48 97 39 22 46 36 26 75 16 78 68 10 9 23 29 26 26 26 38 46 47 88 22 31 17 43 12 98 4 82 6 29 22 16 29 31 13 48 75 64 22 92 48 28 10 97 89 33 14 17 66 52 48 75 25 44 4 99 70 46 100 68 100 81 60 82 27 48 75 41 81 66 68 57 13 20 26 30 99 14 87 23 42 77 48 90 23 90 12 54 10 33 23 2 25 26 58 31 17 19 29 89 27 58 39 29 27 48 53 26 69 36 28 9 69 15 49 62 18 71 74 86 61 41 27 4 91 7 29 20 48 34 80 87 89 33 34 70 15 85 55 31 7 96 49 52 34 55 30 34 86 31 6 58 85 90 73 20 15 29 80 49 28 60 88 15 82 70 51 15 82 86 10 13 44 4 96 12 92 62 52 23 28 81 48 40 82 43 28 33 69 64 19 49 42 4 60 82 10 72 18 100 46 64 51 87 44 87 53 22 5 41 77 29 1 42 54 19 77 32 96 76 71 77 12 8 24 46 9 21 100 48 57 32 79 15 20 94 96 55 43 34 51 82 39 20 64 21 18 88 83 98 60 1 82 5 24 99 81 2 50 88 19 21 54 46 87 29 38 47 29 20 65 38 65 78 94 71 90 75 66 67 64 8 80 46 12 31 23 70 91 83 92 76 64 69 45 99 98 55 16 20 23 72 55 26 68 55 88 7 80 40 91 23 52 88 74 60 53 36 31 25 11 90 38 87 71 27 38 77 15 51 9 25 23 25 87 74 38 75 60 58 40 82 12 47 76 7 11 79 88 100 99 100 80 24 54 8 47 94 6 65 61 91 44
533
20 2 42 22 63 80 53 65 40 90 33 54 53 16 27 48 70 85 44 18 8 26 85 45 38 29 36 78 90 2 77 1 76 34 2 57 94 44 90 79 50 63 10 85 47 85 72 49 3 77 73 36 88 86 46 88 53 96 47 36 59 41 21 63 63 24 72 94 100 36 47 4 100 98 51 54 79 1 58 10 61 21 5 13 4 7 27 58 25 14 64 3 44 74 46 26 25 94 83 91 86 26 3 19 84 70 55 8 73 30 48 78 34 93 33 24 45 66 5 9 58 98 25 45 6 10 11 43 70 83 55 8 5 18 7 23 83 51 2 97 17 98 43 72 4 33 1 46 56 67 84 94 8 95 97 22 19 25 52 48 17 27 27 24 90 18 45 96 94 34 42 80 97 33 37 34 81 31 86 84 48 61 52 82 28 27 33 17 88 27 29 90 21 72 15 49 25 22 26 42 81 36 27 87 95 50 69 27 4 62 10 61 64 11 37 59 9 28 29 69 71 64 6 81 88 75 36 28 30 62 79 80 14 65 38 18 25 51 23 86 21 17 78 26 5 56 66 67 37 21 69 61 78 75 59 24 7 62 42 30 91 81 67 61 72 6 28 1 23 94 41 78 62 25 12 72 93 70 58 58 17 8 42 81 30 84 72 49 5 33 88 67 96 8 74 4 80 74 17 13 43 21 13 82 30 97 74 72 96 8 97 45 72 57 70 79 84 17 43 79 20 38 3 11 10 61 48 38 98 14 90 100 72 16 88 63 85 64 14 78 24 29 14 66 97 41 8 71 19 51 15 91 40 63 5 79 62 34 5 80 17 3 2 36 56 55 20 38 3 8 67 80 67 55 17 50 9 98 41 56 79 71 29 35 33 28 76 8 26 70 76 2 60 61 19 91 68 35 23 40 77 91 32 45 41 50 33 85 59 100 33 43 31 6 20 68 33 29 29 73 96 9 93 68 34 76 83 38 81 36 73 1 10 28 26 60 41 42 94 54 42 74 64 26 43 94 88 80 69 33 40 30 19 70 19 19 5 73 48 72 67 40 31 23 100 34 66 10 46 54 88 37 58 35 100 29 76 56 52 8 67 70 14 6 76 50 100 71 31 13 76 83 42 15 1 22 36 49 78 80 33 96 34 97 26 55 40 78 72 38 21 31 100 56 78 39 74 74 79 99 100 71 66 52 40 90 99 14 99 58 24 3 14
578
69 54 16 2 85 65 93 63 60 11 13 36 81 36 69 67 29 83 48 38 93 87 87 44 98 51 26 64 38 48 6 14 36 89 43 87 57 83 65 88 66 87 19 28 55 98 70 10 65 49 19 80 40 33 49 63 36 11 38 78 7 22 14 75 74 36 4 58 18 58 44 71 36 3 50 55 69 81 2 97 9 86 15 86 55 87 30 74 79 3 98 90 36 60 55 89 100 33 82 42 62 4 52 67 34 1 66 26 97 94 78 82 43 41 46 15 35 35 84 20 36 86 24 76 60 70 6 20 86 81 10 66 48 99 68 12 26 30 9 16 32 79 96 87 81 43 55 21 77 23 81 75 2 6 22 9 72 55 60 15 92 100 27 76 24 94 68 83 46 95 87 91 59 65 16 67 17 37 73 100 86 16 72 69 30 57 48 95 72 51 88 62 23 6 26 66 44 55 79 2 6 89 60 49 44 59 99 27 88 38 25 65 45 94 4 46 61 63 44 62 3 10 18 50 27 26 62 23 40 90 66 75 59 36 23 7 47 18 44 57 31 47 11 80 28 51 25 24 61 84 6 98 33 33 33 44 57 47 70 88 63 12 53 20 13 17 83 100 55 49 85 45 56 98 24 6 25 99 22 67 69 10 24 59 22 51 9 27 54 58 43 55 26 63 5 12 67 38 69 67 41 25 18 87 80 35 51 38 94 21 18 74 46 79 46 66 38 62 53 34 50 13 79 8 98 80 13 73 33 1 36 45 9 14 76 40 64 99 31 53 22 15 31 66 64 79 25 72 73 20 68 46 77 19 17 1 39 76 92 4 18 55 74 9 81 58 80 44 38 18 6 85 22 31 70 69 41 81 84 60 70 4 1 41 84 42 81 6 75 40 39 31 34 29 52 50 27 73 82 100 11 47 57 79 10 10 33 69 76 22 40 91 35 66 92 77 5 11 13 17 8 9 48 72 13 46 53 24 45 72 67 9 64 66 59 80 36 30 69 50 54 78 10 97 10 3 24 40 67 9 79 75 65 94 29 31 70 90 81 99 32 72 60 36 83 46 50 76 41 73 59 42 34 96 8 39 50 93 90 63 93 78 43 8 1 90 81 16 77 81 31 79 8 69 18 92 64 9 13 55 56 29 31 35 76 68 37 64 68 22 39 98 60 1 2 15 48 6 31 12 24 32 61 77 17 55 58 69 10 49 79 96 37 1 9 75 43 49 6 93 46 35 26 81 53 94 26 77 27 81 13 90 87 14 5 71 77 84 81 73 63 51 10 54 76 32 5 47 82 57 7 29 8 49 54 80 58 81
543
81 62 73 15 91 95 63 88 100 73 58 12 33 35 88 12 51 14 1 18 51 78 84 5 57 7 47 82 46 55 97 50 100 82 49 24 28 100 30 50 10 4 31 57 39 12 36 95 17 64 15 94 65 26 63 25 11 85 41 84 36 66 89 2 81 58 60 3 93 8 89 70 90 70 15 95 76 98 60 80 64 41 35 62 40 47 22 4 95 21 13 76 28 74 47 20 42 56 67 95 13 55 88 16 18 68 66 6 92 96 89 41 63 68 52 12 61 31 91 39 18 45 1 8 7 49 75 79 27 58 70 90 30 54 2 93 96 6 13 62 10 39 20 11 43 42 40 40 35 31 7 29 100 45 36 25 3 40 19 56 48 42 81 30 18 96 36 25 62 9 86 74 62 63 45 64 39 28 35 68 38 100 58 10 64 83 20 92 73 65 60 98 71 47 35 16 67 15 54 72 96 100 77 89 98 76 60 41 54 10 16 79 94 43 97 47 41 39 95 89 36 64 70 74 50 47 19 89 42 1 54 36 58 36 18 100 88 65 99 29 95 50 95 76 70 22 11 67 2 43 49 23 10 3 45 62 79 77 71 56 75 28 93 81 30 94 46 37 56 9 80 43 50 56 76 43 53 49 50 96 49 25 30 91 19 16 4 31 44 25 85 36 56 50 86 51 19 97 3 57 84 29 98 17 69 20 37 46 18 67 67 90 99 57 21 14 19 89 8 43 48 11 66 42 24 18 95 27 48 57 44 42 34 71 53 75 49 82 33 62 26 97 64 62 90 29 4 54 49 50 95 43 94 63 77 42 8 80 13 43 23 56 45 44 58 6 32 64 92 27 10 6 31 18 97 17 29 93 20 29 56 33 49 99 73 35 54 37 58 12 45 6 58 73 6 3 36 96 64 97 24 4 68 42 39 53 94 49 78 31 87 6 44 65 2 42 45 86 18 88 70 9 82 60 53 88 5 40 74 24 66 85 27 93 45 60 54 34 54 61 76 68 92 52 49 13 59 21 37 89 74 47 58 3 74 38 65 57 46 57 22 41 85 100 53 57 65 96 36 86 61 35 43 83 58 85 61 86 96 49 41 78 2 26 6 83 37 42 8 32 96 93 2 26 62 9 4 64 30 59 45 59 79 86 55 47 35 99 3 75 23 22 77 27 72 39 53 14 66 69 65 31 64 96 85 66 7 78 54 91 44 64 26 33 98 53 6 9 50 14 22 95 22
546
42 84 99 52 51 36 64 31 80 4 74 62 35 39 75 72 20 48 95 25 70 38 99 34 91 94 74 51 5 46 69 52 84 46 50 49 91 67 90 81 34 7 85 73 50 38 59 79 94 49 90 4 8 1 11 4 51 43 29 29 66 95 45 40 65 50 20 27 3 96 64 65 100 4 39 71 43 30 68 88 96 35 26 31 56 54 18 7 97 57 43 18 31 62 97 48 11 38 98 37 75 44 38 68 8 98 96 13 6 82 27 23 31 59 20 75 85 60 91 32 85 19 61 32 50 83 56 99 56 45 50 24 86 73 48 78 21 99 22 60 39 65 41 35 96 16 61 36 93 84 40 50 27 72 63 66 81 87 21 56 40 69 70 32 41 2 62 76 34 41 84 42 62 16 84 21 88 52 45 78 33 14 26 20 56 92 82 4 13 63 81 5 5 37 72 92 12 71 42 53 100 35 57 44 3 38 15 100 72 60 42 38 89 16 35 14 96 63 73 78 41 49 11 58 77 78 1 69 47 57 63 60 9 80 34 37 62 32 15 57 61 29 12 75 16 48 75 19 29 71 9 13 80 86 1 30 33 34 17 6 56 49 25 9 5 34 8 74 93 18 59 35 78 23 31 30 68 23 48 49 22 27 82 10 10 83 91 65 85 72 20 92 56 67 72 26 83 92 20 15 44 49 96 80 82 65 30 90 15 72 98 54 43 12 42 13 38 47 90 89 72 36 69 42 67 57 3 33 78 27 73 14 10 36 50 65 81 93 40 38 100 19 59 8 88 94 83 89 14 12 16 59 52 35 70 41 90 14 29 53 72 90 76 99 97 56 42 76 15 86 6 65 85 53 97 33 44 9 94 26 79 98 60 84 63 6 63 96 61 45 1 95 83 90 52 16 54 16 16 72 25 9 1 60 54 86 60 11 93 6 53 45 1 6 54 83 27 100 64 79 77 2 34 54 24 98 63 82 93 82 60 19 1 82 34 61 2 17 80 31 56 16 90 11 94 36 81 67 5 47 68 99 44 49 47 10 31 56 75 74 35 69 81 69 22 58 53 54 21 8 56 85 2 34 59 92 42 30 90 94 46 70 25 59 85 9 1 33 22 2 29 17 28 29 49 20 27 5 82 75 59 88 84 15 53 20 74 37 5 16 14 19 34 24 98 100 86 68 35 52 100 55 12 35 88 18 50 34 41 95 48 44 32 81 39 54 98 87 7 42 56 93 53 60 38 27
847
77 79 76 53 27 79 62 74 62 58 74 19 48 18 7 5 19 11 65 50 63 53 76 27 87 30 37 30 93 29 75 24 79 98 42 62 61 4 67 27 33 30 66 8 94 80 29 7 25 46 9 71 34 88 65 93 65 48 39 53 85 59 1 1 39 82 7 86 95 71 66 8 82 81 25 87 43 93 40 74 81 86 7 96 50 78 96 27 35 98 80 88 77 99 93 100 83 23 65 71 51 37 57 12 7 5 15 29 45 16 69 18 25 46 19 94 35 51 84 73 34 90 42 38 45 49 43 26 92 54 67 78 54 31 77 44 20 17 36 69 33 90 27 5 57 23 66 90 48 47 13 77 18 89 55 5 70 36 57 3 35 92 27 2 29 75 12 84 53 64 90 39 68 64 36 16 28 59 51 80 75 16 47 83 19 30 80 97 26 88 21 89 68 28 24 60 75 58 8 72 9 9 45 9 18 62 24 55 29 76 51 75 42 98 93 96 29 95 35 74 85 79 85 90 98 22 13 63 97 17 95 96 23 24 64 58 92 2 54 41 45 70 95 13 72 25 30 40 23 8 39 14 43 36 41 66 54 50 89 80 74 7 77 92 11 43 63 21 38 73 77 8 7 69 27 42 91 94 25 6 28 73 54 28 87 87 23 27 23 35 88 63 10 70 45 17 53 100 75 32 46 51 39 95 81 10 48 41 44 62 67 23 100 92 2 30 94 79 52 28 37 95 52 29 68 84 78 90 35 38 73 61 64 90 45 35 96 50 59 59 25 81 24 39 28 93 80 5 59 9 97 3 16 54 94 1 33 7 22 100 9 19 32 31 15 83 64 17 32 73 16 11 78 69 94 78 45 25 23 31 35 42 53 54 3 34 1 11 49 2 70 100 84 59 47 72 13 12 80 48 81 47 75 63 18 21 97 50 90 77 5 46 43 58 38 36 47 15 20 10 43 36 94 65 32 50 90 81 91 83 81 98 18 24 19 68 10 88 78 80 86 11 54 21 37 73 27 39 53 89 85 17 53 96 32 89 19 77 30 10 98 80 80 72 79 69 25 11 13 76 82 90 79 86 86 90 3 14 34 56 40 41 60 12 46 30 76 51 6 89 48 96 44 41 10 1 82 29 89 38 98 48 36 84 16 38 36 57 66 58 99 98 63 93 4 88 5 19 99 25 43 54 98 85 74 31 44 84 92 81 60 81 42 49 34 20 17 3 38 56 76 93 92 43 65 45 51 56 1 23 94 29 83 59 98 10 3 69 63 90 66 10 18 64 45 48 43 36 78 72 82 40 60 76 55 75 24 65 14 48 22 94 9 50 2 45 96 98 80 36 79 77 58 32 7 37 76 87 88 57 60 7 19 89 97 26 83 27 17 38 82 68 76 4 5 55 98 31 15 81 29 59 39 11 56 59 9 95 98 37 63 8 75 93 59 63 45 72 39 32 10 14 86 70 64 81 62 9 39 94 12 74 66 89 79 54 44 65 2 3 61 47 20 11 85 10 26 72 91 29 99 88 15 57 76 97 81 40 61 35 57 73 12 34 32 50 58 44 50 42 12 19 45 12 54 50 61 4 69 25 8 54 20 1 60 33 8 42 72 64 24 25 43 86 89 98 30 24 69 26 47 59 62 61 33 5 43 8 95 32 85 71 52 52 46 45 50 88 52 41 18 95 52 5 57 94 53 61 2 46 72 34 92 39 65 79 26 17 26 82 64 31 21 81 37 25 85 37 59 61 24 42 96 17 78 23 63 34 63 36 48 1 89 33 55 52 62 76 5 39 75 91 15 38 80 7 31 93 91 72 52 21 79 43 32 56 65 81 34 27 33 9 84 89 78 86 25 54 42 52 18 38 38 2 10 97 95 57 45 15 86 23 1 28 31 30 58 27 64 97 19 72 39 63 81 46 43
698
58 51 30 27 18 29 68 22 46 51 32 99 41 72 91 42 38 60 43 30 20 32 62 86 64 42 26 92 89 62 88 66 40 94 83 43 45 72 32 34 14 66 9 31 88 50 78 59 80 13 55 100 24 47 56 35 85 45 83 19 28 37 66 81 55 99 5 43 23 99 11 68 41 18 38 89 24 78 93 27 34 57 72 97 35 10 60 76 77 5 60 35 33 22 60 99 4 49 82 37 49 31 12 96 45 71 24 25 18 69 53 99 49 98 30 33 80 87 77 57 35 14 37 3 59 100 90 26 30 51 78 71 75 81 70 42 64 28 43 76 88 75 50 46 68 12 52 62 79 47 30 97 71 87 7 22 83 46 31 64 4 96 68 23 47 11 6 70 41 42 45 60 56 80 73 3 15 66 36 19 11 55 16 59 55 83 67 32 65 62 33 75 50 54 100 56 58 32 66 21 97 17 86 43 78 34 23 46 94 57 13 93 19 35 69 75 64 28 82 71 40 68 1 96 68 11 14 34 38 18 30 54 36 79 33 10 80 64 27 41 53 1 59 74 77 97 27 41 84 37 84 33 16 74 57 5 15 86 84 63 40 53 80 70 69 41 44 87 51 16 69 59 69 98 24 67 54 48 51 72 86 97 10 7 42 27 49 50 42 34 9 40 75 48 78 69 71 8 6 36 96 30 58 56 32 9 14 69 98 29 33 53 34 38 59 86 91 36 73 94 66 55 39 79 27 55 96 21 62 96 4 34 6 70 56 44 73 5 76 66 24 75 72 73 24 23 94 100 20 71 14 15 13 76 18 32 45 64 72 38 91 97 28 38 12 98 65 20 76 4 65 14 92 21 64 28 58 96 56 5 53 15 13 14 77 93 51 100 87 58 23 13 26 62 63 4 18 84 96 31 32 9 56 90 82 89 30 55 59 99 58 8 88 12 84 30 58 18 1 80 79 11 53 73 25 9 84 77 83 75 31 14 37 95 99 61 19 37 67 2 8 31 83 48 87 45 74 89 9 59 48 24 63 58 5 89 27 14 1 76 5 84 40 12 55 70 9 50 79 93 91 9 31 80 91 84 84 51 70 99 91 45 7 5 12 91 20 29 48 51 25 85 8 9 4 40 20 52 49 56 82 44 56 99 23 80 95 96 77 45 4 8 56 20 97 25 47 8 43 48 19 7 19 9 29 72 23 1 60 98 89 7 62 11 29 71 26 57 41 99 27 60 41 47 76 70 52 1 12 66 41 100 30 52 32 12 44 95 97 77 20 60 9 51 47 89 6 96 17 24 100 93 83 40 82 95 65 71 65 39 79 37 35 68 49 97 34 24 64 80 61 85 96 4 86 49 99 45 75 91 51 7 49 55 40 7 45 73 54 67 28 22 3 47 88 63 12 12 29 30 45 67 46 20 59 84 59 5 91 42 78 9 34 88 15 39 24 69 27 62 47 64 33 33 16 56 45 34 2 28 10 92 67 76 46 99 45 56 30 23 43 32 48 47 27 20 74 50 34 94 68 74 99 82 98 64 33 21 1 27 30 58 73 53 33 94 3 21 66 27 93 91 92 43 31 42 98 23
638
63 54 23 55 45 99 60 39 39 73 44 23 28 17 98 44 6 30 64 28 77 12 11 100 31 59 1 37 46 61 97 76 16 9 48 60 22 23 51 60 10 46 85 7 41 54 30 21 92 70 41 100 47 37 62 92 68 50 12 68 28 45 20 88 29 30 74 29 41 25 95 87 78 18 12 97 66 50 89 84 44 73 62 31 76 36 77 98 22 70 30 57 87 42 10 12 28 39 96 55 22 13 99 48 82 84 81 59 9 40 60 44 41 34 79 47 69 98 99 95 54 34 10 85 73 11 24 51 36 20 70 78 75 10 27 56 70 6 47 2 10 6 39 7 38 24 60 95 92 78 73 17 25 72 90 14 62 99 88 34 8 86 67 8 50 47 20 48 12 41 33 36 57 97 82 61 78 46 54 1 82 83 68 39 6 38 58 43 39 7 66 89 71 90 60 20 34 51 10 42 100 11 4 93 94 8 85 65 76 83 100 59 29 34 42 99 4 27 34 96 6 46 55 45 10 61 12 68 37 7 69 38 80 40 39 71 40 44 23 28 56 64 75 68 53 35 92 95 50 17 4 90 23 9 37 53 80 32 14 73 23 55 45 29 7 78 92 49 82 35 16 83 56 52 47 56 22 84 64 51 11 15 2 26 75 1 15 83 7 66 91 14 68 22 90 59 18 61 55 75 72 39 82 2 27 79 40 25 43 2 31 97 31 12 44 58 41 28 90 20 82 11 39 10 97 38 29 87 100 26 40 87 14 54 65 46 8 42 44 36 34 71 25 27 25 58 4 97 86 37 2 16 75 26 38 59 65 69 85 81 37 11 54 41 64 8 37 82 28 53 4 41 31 100 48 16 65 77 10 89 8 65 66 58 4 1 33 94 13 82 30 70 66 7 15 29 45 75 11 46 47 82 4 57 43 20 95 3 15 77 28 79 81 52 40 53 92 71 31 11 12 68 12 24 78 100 83 33 31 27 40 100 33 56 24 17 23 6 78 94 57 25 34 81 50 98 2 63 36 44 79 24 4 87 59 66 75 61 65 25 64 42 64 4 87 67 36 49 90 40 35 72 49 84 6 20 3 28 33 51 29 89 53 69 97 96 77 63 97 50 67 42 40 50 24 33 42 89 99 71 66 16 47 85 44 62 75 93 8 84 22 84 28 12 64 47 76 62 95 85 44 5 100 79 69 98 8 97 73 64 84 87 97 84 12 51 81 35 3 88 83 54 60 27 73 97 15 17 11 9 80 77 7 62 32 12 83 93 93 24 90 80 3 80 86 44 21 90 43 22 88 80 11 21 99 8 87 20 84 69 36 49 76 89 55 33 97 20 47 49 75 9 37 23 7 83 30 1 89 24 14 41 81 71 88 58 56 85 63 31 73 53 23 98 35 67 27 50 18 74 46 76 25 42 65 99 13 67 95 18 96 55 30 23 48 1 90 14
766
17 36 55 49 85 95 64 97 12 11 8 31 6 27 8 83 78 1 32 76 57 70 94 58 22 52 76 57 91 18 84 99 70 32 26 59 54 25 15 40 2 23 100 7 97 90 76 58 64 41 74 100 67 100 94 28 94 89 56 8 86 25 27 93 52 20 95 42 70 100 100 23 65 79 95 35 50 21 36 14 64 22 24 93 51 54 78 65 97 76 7 58 69 60 44 14 70 24 12 41 11 54 67 11 75 97 31 49 57 97 28 41 12 36 25 41 83 12 74 19 35 61 65 98 27 56 14 22 87 67 86 34 76 6 100 3 95 81 67 64 81 64 66 19 54 46 89 76 62 17 26 31 15 78 94 45 41 77 20 62 48 68 55 3 61 65 35 73 35 8 65 49 23 89 20 79 7 79 29 66 5 65 38 92 23 52 20 41 100 76 98 89 3 6 50 62 44 79 93 61 99 84 80 72 78 17 48 98 56 31 70 20 75 17 92 79 69 37 36 15 90 5 33 36 10 32 86 63 17 28 72 52 24 78 34 83 71 67 51 66 6 65 50 1 91 99 77 57 65 60 48 49 21 78 52 48 77 87 43 31 19 88 74 84 44 89 52 61 89 40 63 48 25 42 79 32 32 70 30 10 29 79 62 99 100 20 64 36 54 69 41 93 4 72 38 47 73 15 69 90 34 79 52 92 40 26 33 94 65 37 89 70 71 88 46 8 23 11 17 90 29 67 62 68 36 46 27 19 38 90 59 100 58 66 68 97 22 69 14 13 11 66 71 22 60 65 72 47 3 4 90 20 72 62 81 75 94 49 32 85 21 67 40 42 83 34 93 72 73 94 16 82 83 47 30 97 40 15 1 65 33 61 99 39 21 80 7 26 89 20 70 97 73 26 13 81 50 54 9 36 2 79 8 32 12 90 59 46 48 53 5 54 42 97 59 18 74 97 32 93 5 75 57 89 92 98 28 47 44 31 71 76 86 55 19 45 54 27 11 88 62 10 91 19 10 5 95 9 65 95 1 56 83 67 52 76 37 57 50 34 53 95 15 28 59 8 54 71 72 88 72 9 5 38 24 73 76 37 17 55 71 43 95 54 6 39 96 94 54 90 9 74 23 39 79 36 56 57 20 38 16 20 72 11 63 9 67 62 68 63 12 24 98 76 49 8 22 16 16 9 86 9 3 98 7 95 95 44 96 29 87 79 7 34 90 98 48 22 21 76 11 10 29 66 66 78 90 32 83 1 33 25 42 35 72 90 21 42 68 47 49 58 2 3 26 24 21 66 25 29 38 95 30 7 85 81 34 65 39 44 86 7 56 72 6 44 46 35 2 21 67 54 37 29 43 36 97 53 82 82 97 26 69 14 78 45 46 4 56 96 86 12 59 5 33 44 49 25 19 6 37 82 98 84 70 30 59 76 95 72 9 10 73 64 38 76 24 65 59 84 13 62 98 66 53 40 75 59 64 73 4 9 66 84 45 78 66 48 2 46 16 61 69 76 10 33 37 47 12 11 24 57 76 9 26 31 87 70 34 89 86 40 87 77 82 11 15 16 88 74 71 93 93 8 66 65 6 57 89 10 8 58 36 27 94 63 49 59 18 4 97 98 20 2 96 53 21 40 9 93 47 77 99 71 82 50 21 52 34 20 46 62 28 52 47 74 88 84 42 48 35 29 51 98 65 69 8 2 39 55 59 82 37 69 94 99 94 14 35 27 64 2 96 83 39 77
884
58 60 69 52 51 69 16 68 64 44 85 99 53 95 10 87 66 33 47 18 28 7 60 74 12 84 10 15 68 83 24 40 31 23 32 86 88 51 89 61 96 28 60 63 33 1 65 38 68 98 45 48 23 57 73 61 24 93 81 63 98 32 34 31 58 22 21 14 43 68 5 28 67 81 91 92 71 70 88 6 68 36 21 88 88 4 69 92 98 68 30 90 71 60 26 62 14 62 35 70 31 60 98 75 6 49 85 93 7 75 33 8 3 31 72 35 3 24 94 40 59 79 53 77 47 94 57 89 12 77 9 57 44 84 63 33 60 1 15 40 96 3 80 38 33 11 96 71 47 98 46 3 66 13 16 16 61 47 5 35 35 86 94 77 55 41 40 6 6 53 41 88 57 56 9 39 26 28 27 79 78 78 5 81 88 31 29 20 85 28 74 80 32 92 62 95 18 63 66 14 50 89 59 82 95 64 100 34 91 21 89 85 43 76 90 62 37 90 56 75 5 10 37 64 20 34 39 12 91 87 97 10 100 41 6 79 44 23 67 66 8 8 68 25 62 55 72 17 69 42 48 3 32 43 50 32 87 4 62 58 73 87 9 78 7 85 37 82 1 88 43 55 25 90 3 1 10 55 70 69 9 45 7 51 48 24 50 45 46 45 45 55 50 21 7 79 98 98 60 36 47 98 77 16 88 19 87 11 36 47 94 79 44 24 21 85 81 92 79 48 61 48 22 22 80 8 75 55 60 89 52 11 45 78 62 87 72 36 79 12 26 48 26 44 90 60 61 93 7 40 52 50 17 95 59 78 68 69 86 33 85 18 74 96 6 7 67 97 58 94 29 25 81 85 74 35 70 21 67 11 7 66 15 90 18 92 33 6 29 55 10 92 15 6 48 88 82 68 52 75 36 3 61 72 28 19 41 42 28 71 59 59 10 26 1 18 51 43 82 66 48 81 97 92 75 31 59 52 43 22 37 1 64 10 32 3 56 55 65 40 79 82 29 69 50 97 50 29 25 1 53 74 99 80 88 46 72 71 36 41 89 13 56 87 11 65 34 65 32 70 30 51 89 13 17 53 69 92 71 46 46 94 72 79 99 61 86 49 17 12 94 69 35 93 91 59 9 87 52 65 18 72 77 81 13 15 41 52 75 59 68 7 14 88 87 4 86 33 58 29 58 37 44 54 87 19 62 46 98 37 57 26 37 31 86 76 20 66 10 50 35 97 25 97 43 39 77 32 13 90 19 74 16 93 84 31 11 35 53 64 77 99 11 33 20 58 29 60 87 71 83 20 99 23 82 33 10 11 83 77 88 99 49 33 32 88 54 9 5 100 94 53 46 11 54 97 22 7 64 92 53 36 29 7 30 9 71 80 76 60 36 34 90 19 24 41 36 12 79 71 30 61 93 89 91 49 86 58 24 3 80 71 60 10 76 24 1 39 63 100 97 83 55 95 76 87 37 50 11 80 39 86 41 83 28 99 69 25 96 92 38 74 1 69 19 70 24 58 5 52 61 37 81 84 14 25 82 54 73 8 42 62 56 33 33 54 98 31 89 61 77 35 68 66 38 23 38 96 26 24 30 98 44 50 74 67 73 17 35 43 17 18 65 35 35 54 23 54 1 24 75 93 43 67 58 1 24 59 78 57 11 12 67 66 12 16 62 4 54 42 100 90 74 20 21 94 59 31 95 20 41 81 24 90 36 54 32 94 52 83 95 63 50 70 34 87 5 85 84 20 33 42 78 56 44 48 89 97 3 34 92 75 63 16 20 98 16 14 93 4 7 93 60 8 87 9 27 85 10 96 81 5 21 29 7 85 48 89 83 48 38 87 22 44 28 24 31 68 5 22 30 9 39 31 73 81 50 31 95 1 29 35 22 9 92 50 37 65 19 99 28 59 4 50 40 8 81 99 41 52 83 66 70 47 44 10 98 71 19 41 9 53 7 37 52 7 88 71 58 6 53 69 32 43 38 96 58 17 82 59 38 50 84 53
635
23 59 83 35 8 96 92 89 79 10 26 60 72 7 72 84 87 7 28 92 14 31 54 44 13 4 86 53 58 10 88 50 31 49 77 46 36 48 1 5 66 5 8 9 88 61 17 58 66 100 40 32 48 49 92 41 49 74 97 37 2 70 42 41 20 34 80 51 39 33 17 18 34 8 69 24 92 47 52 35 20 45 49 5 42 73 80 94 2 27 40 73 4 96 69 92 63 94 83 30 80 49 34 39 13 70 73 74 82 52 56 14 82 97 33 89 87 10 54 66 64 32 64 78 12 68 79 7 15 32 42 48 12 83 1 81 81 44 30 55 6 40 99 13 59 36 67 21 18 86 34 13 45 38 88 89 32 64 54 25 76 29 38 93 69 95 16 30 65 76 55 1 31 45 99 62 31 1 62 25 34 32 7 11 4 30 99 63 61 12 11 80 19 99 27 44 61 74 1 12 90 76 100 44 55 81 91 21 35 9 78 50 76 12 4 40 78 88 4 8 100 24 34 41 71 29 34 97 71 81 78 26 55 6 22 71 18 36 77 8 79 56 55 80 52 92 21 95 67 20 51 72 81 14 15 100 66 9 56 42 6 8 56 71 45 28 14 30 100 69 30 23 89 31 49 34 41 46 94 47 84 21 18 76 16 69 91 70 49 39 12 36 29 63 31 18 3 32 62 69 77 57 54 87 68 14 39 46 2 47 26 76 17 89 42 68 22 87 2 20 60 11 21 69 80 51 51 20 45 7 57 6 36 63 5 59 12 25 85 71 96 20 20 59 39 27 25 83 33 16 59 52 40 35 50 70 62 52 53 67 86 84 8 44 63 91 24 93 66 41 20 30 43 98 33 16 66 60 39 7 25 61 74 85 31 50 74 13 96 79 29 30 79 41 65 19 32 2 41 71 51 4 21 69 92 26 88 19 33 10 61 12 90 25 15 3 89 93 52 20 44 69 91 83 82 68 24 9 46 76 48 51 54 90 42 49 77 16 22 58 1 17 51 58 31 47 89 98 89 61 55 49 78 72 10 87 71 37 90 62 15 76 41 7 43 70 25 58 55 88 73 96 96 47 35 41 62 75 62 64 46 48 27 71 32 54 52 43 62 95 19 20 2 72 3 12 34 30 20 34 97 31 50 87 40 45 23 41 45 28 70 40 62 54 88 55 62 33 31 62 33 67 87 88 49 54 31 82 84 37 23 42 82 74 92 4 60 15 8 2 24 35 14 9 19 63 99 80 50 49 15 80 84 88 51 21 93 43 95 27 48 13 33 87 2 59 55 47 78 100 70 19 28 75 90 68 8 17 53 65 45 33 33 88 14 17 34 90 81 100 92 37 51 80 100 55 81 95 70 48 95 73 39 49 48 6 42 45 31 91 82 12 45 32 85 8 73 74 23 63 61 9 93 91 84 94 48 58 53 93 46 65 28 14 42
893
47 76 8 10 40 61 22 65 64 18 49 90 56 89 28 64 42 84 96 99 74 97 11 73 34 29 84 20 98 9 9 6 81 62 99 79 10 44 26 18 24 51 8 28 4 89 95 53 4 28 29 80 53 6 26 2 27 53 19 56 83 58 61 93 16 57 87 8 21 87 34 74 9 71 72 48 19 66 36 14 49 43 88 53 53 93 25 71 16 68 87 77 94 22 42 36 25 8 3 5 71 6 12 76 83 43 72 6 67 60 55 42 66 16 86 72 43 96 64 84 14 80 19 26 85 82 13 24 27 33 18 14 52 52 58 75 45 18 52 34 77 44 92 85 33 86 54 75 1 3 86 17 71 86 8 27 81 26 52 97 35 96 5 73 19 70 44 99 52 41 43 78 51 66 28 80 80 66 87 55 96 62 21 49 37 57 57 3 71 65 81 73 86 95 68 18 44 11 100 88 95 55 49 77 41 38 68 53 42 53 66 50 71 56 12 38 13 84 77 28 93 86 83 78 69 51 87 41 69 20 23 2 32 50 48 80 96 69 22 31 23 47 44 94 12 96 7 79 91 92 7 52 82 96 4 27 81 13 88 20 59 80 65 89 100 64 72 18 35 79 20 22 71 74 51 62 29 44 63 5 17 59 50 29 32 1 82 71 49 16 4 19 33 41 76 79 21 13 62 35 19 49 57 23 19 63 77 80 64 41 19 26 80 80 85 66 61 32 53 67 2 60 39 94 27 61 36 3 11 42 61 40 77 88 61 49 13 96 24 57 68 99 26 35 35 37 86 17 46 99 80 83 12 27 44 52 41 38 56 43 30 18 50 71 87 17 24 55 61 27 40 29 55 11 78 13 55 35 87 46 78 56 30 97 83 88 36 52 2 68 6 4 3 62 68 46 83 49 87 53 6 31 73 90 78 83 37 84 45 13 70 93 19 24 4 37 36 87 13 27 13 90 40 98 38 50 1 38 1 31 76 87 99 80 87 1 13 43 22 75 70 45 87 90 68 79 38 95 27 15 37 48 31 69 52 15 53 97 39 75 66 81 38 10 58 30 25 75 46 19 31 15 56 78 56 53 81 97 89 62 65 34 100 27 32 25 100 39 81 75 97 98 65 82 33 65 80 74 66 16 26 79 37 90 99 23 73 87 19 25 84 82 21 23 60 63 77 99 69 16 89 86 3 24 43 54 58 62 24 42 83 94 52 76 31 41 54 84 42 46 22 58 56 33 31 38 74 44 9 88 78 5 48 92 50 64 42 61 10 34 42 43 35 85 1 58 39 72 23 28 41 68 68 34 13 86 11 88 19 17 9 64 7 65 22 59 17 40 61 60 56 62 47 39 100 22 98 62 21 6 3 89 3 67 4 91 10 29 69 35 53 89 22 100 45 87 6 93 59 65 8 27 50 63 10 22 9 73 91 76 13 11 77 36 83 5 47 99 86 56 25 4 98 58 77 54 8 78 69 40 8 43 76 64 71 7 64 8 5 15 16 8 32 98 74 94 21 89 60 41 77 53 7 31 51 97 36 71 11 61 42 58 41 80 90 96 94 56 15 78 2 34 24 100 66 37 50 24 32 75 73 52 80 13 82 74 79 80 83 23 14 77 47 5 89 51 23 20 35 27 20 30 20 55 29 7 56 92 28 16 66 36 31 16 15 96 21 26 7 55 46 80 87 19 23 70 17 65 7 65 95 46 42 30 74 36 91 16 72 3 45 37 63 3 84 50 57 6 14 8 25 15 52 20 84 89 12 24 52 2 43 2 76 54 29 78 77 35 31 77 82 98 90 75 83 47 39 48 83 7 12 70 76 25 43 50 72 12 84 18 90 80 82 4 30 56 17 59 61 36 46 48 26 10 55 40 72 47 81 4 100 62 82 28 43 99 76 74 87 87 33 96 30 24 64 56 17 74 66 36 44 76 4 34 26 46 51 74 90 2 55 33 90 49 33 30 42 9 50 51 67 60 19 87 16 56 19 10 91 84 35 60 89 65 58 25 25 50 23 64 12 58 27
515
60 57 34 26 72 38 3 69 36 65 7 69 74 65 2 20 33 60 15 82 100 77 3 9 34 13 91 55 17 40 27 7 76 16 64 90 97 27 35 69 46 99 59 37 80 18 33 5 18 22 68 43 92 91 30 14 17 76 6 55 96 2 59 33 44 63 71 55 95 24 70 23 7 22 95 96 36 29 78 61 23 94 84 68 67 43 90 18 47 29 21 63 11 98 5 3 77 3 92 66 5 19 53 56 18 95 66 63 19 49 81 45 42 55 90 24 47 18 82 51 18 13 76 87 49 86 38 27 98 42 78 31 55 78 23 50 94 63 4 8 82 14 13 71 51 63 78 70 13 95 21 35 74 67 50 23 68 57 27 47 6 57 89 42 61 18 74 61 57 77 100 23 33 32 14 41 77 47 23 14 78 41 45 72 8 66 7 42 66 73 78 47 32 1 11 90 4 69 69 13 10 24 76 27 72 71 12 38 15 40 22 43 47 24 51 47 67 32 88 22 85 16 75 87 98 24 44 78 15 10 7 66 18 54 92 68 62 98 41 46 30 86 52 70 95 42 33 35 63 10 74 97 69 31 13 86 38 91 15 85 90 71 28 80 14 82 68 79 93 16 16 32 51 50 63 55 37 32 50 97 93 33 80 90 65 32 10 54 25 52 61 50 43 39 35 15 90 93 42 38 73 5 83 31 61 100 48 18 35 66 32 7 93 94 57 4 53 25 81 37 84 10 6 96 53 32 42 87 30 87 8 96 39 24 3 23 86 6 61 43 96 28 53 26 73 98 83 48 39 46 72 50 53 46 91 34 42 58 100 89 93 75 85 82 76 30 93 45 24 12 35 87 78 20 76 39 89 25 100 45 76 19 25 4 16 16 90 70 11 14 87 70 3 14 83 64 44 14 69 73 14 66 55 56 49 46 21 6 46 31 31 52 45 1 66 87 70 68 24 99 83 66 91 70 28 73 68 57 17 59 96 53 33 47 21 15 1 88 22 22 40 28 25 65 19 77 94 77 72 10 4 66 66 36 66 62 94 71 5 12 13 2 83 37 63 8 72 73 38 11 97 67 25 35 54 86 4 27 13 71 78 17 33 5 67 91 83 48 21 47 14 7 61 43 32 26 79 85 17 88 10 30 59 35 47 39 50 15 33 72 5 82 29 90 31
754
70 11 71 20 57 84 45 1 19 53 22 75 50 99 14 2 71 36 8 1 88 94 28 83 49 31 27 25 73 23 79 85 84 94 58 9 66 97 33 73 78 17 24 31 29 61 71 33 6 37 42 25 79 6 52 70 14 67 84 60 41 10 20 85 79 98 37 5 10 42 44 59 81 55 82 36 61 42 24 58 91 72 77 68 31 70 12 87 44 48 95 65 45 8 75 80 84 28 86 20 24 74 15 86 86 72 62 72 35 1 12 43 11 28 14 96 20 79 97 43 69 23 2 57 60 24 32 88 81 71 49 69 1 68 88 67 57 85 76 53 75 68 88 84 65 71 36 37 4 54 37 44 14 25 70 91 65 94 70 69 46 50 28 95 27 41 19 40 33 36 13 84 65 49 70 89 69 34 3 74 21 41 44 80 14 75 57 94 100 23 50 43 98 83 93 74 83 25 76 15 53 81 21 37 34 52 54 65 37 51 90 68 12 100 32 3 7 93 36 7 4 6 61 41 74 2 73 92 46 69 100 87 53 37 90 58 71 20 2 50 1 26 78 83 62 53 65 79 7 66 7 5 61 67 2 40 93 57 65 4 79 90 4 75 81 62 8 30 32 81 96 73 5 20 73 69 21 27 69 8 93 57 57 49 72 19 62 64 9 75 4 49 39 64 62 58 39 69 47 2 23 44 99 81 62 41 50 1 7 48 1 55 6 1 6 84 18 21 40 17 84 16 22 50 97 8 68 64 64 30 44 7 67 45 27 12 78 96 89 12 39 61 52 37 72 44 77 91 39 32 70 50 97 95 97 10 26 85 66 53 62 63 62 24 96 86 10 2 59 69 58 28 20 57 100 95 56 15 27 50 6 1 77 31 22 70 50 3 75 60 3 64 96 44 83 35 2 23 7 70 71 5 52 43 46 92 71 15 22 13 79 73 97 21 83 25 72 2 9 54 83 16 28 79 88 27 1 94 28 94 32 33 89 78 23 76 58 40 64 22 68 44 68 33 21 71 90 46 64 26 47 4 57 11 61 60 32 67 81 93 55 8 99 59 81 77 16 77 31 35 98 35 94 77 45 60 96 96 35 35 9 1 36 34 75 48 52 5 19 12 21 19 28 23 75 44 45 5 51 82 13 37 91 21 30 11 39 31 2 34 50 37 68 99 57 94 53 59 15 6 89 75 21 26 84 49 93 74 38 33 39 41 95 1 97 52 80 7 84 18 83 15 87 43 56 38 4 75 97 62 8 34 10 20 69 22 47 33 44 32 93 15 66 22 54 16 4 96 86 70 64 41 45 54 86 91 25 43 81 25 43 80 2 61 18 66 14 54 60 89 2 61 51 95 44 26 87 34 96 16 23 16 76 66 37 3 74 65 49 66 14 6 3 100 3 66 72 81 35 39 13 3 13 66 37 44 42 7 44 36 4 76 92 56 36 63 50 3 29 59 22 75 10 41 11 14 18 99 62 87 72 24 15 23 33 82 30 44 23 24 12 84 50 67 11 24 29 42 56 4 62 26 42 11 52 18 25 37 29 50 12 32 75 73 97 3 85 4 76 70 81 1 11 40 29 87 77 98 21 49 5 56 99 86 37 82 96 50 65 97 83 38 45 51 69 35 27 35 60 42 4 16 65 49 49 36 63 8 48 35 88 36 100 98 17 15 13 37 90 65 97 51 30 18 52 59 20 80 80 65 14 56 95 65
698
75 88 92 95 57 57 92 17 78 82 74 37 91 14 47 72 10 16 83 8 45 65 70 93 87 94 91 19 47 61 10 11 35 30 6 52 83 82 50 88 10 61 29 68 61 58 3 79 83 50 56 17 42 54 74 43 25 57 67 48 88 28 22 13 1 41 41 22 23 41 47 72 65 44 73 15 13 53 14 18 29 73 77 47 31 56 35 91 83 3 84 96 58 13 45 2 85 86 71 65 46 75 15 25 32 35 73 61 50 93 99 25 25 30 94 3 88 32 94 20 53 27 16 15 31 6 33 74 23 36 58 94 97 7 77 30 62 98 72 90 74 81 58 3 51 23 47 48 35 60 47 92 35 56 35 59 71 79 89 9 99 50 5 47 32 72 36 25 55 33 50 93 77 57 79 16 8 23 100 41 99 11 70 83 92 45 31 58 49 31 71 52 79 68 1 96 2 5 15 8 13 24 79 38 16 35 56 40 83 7 76 92 38 71 62 63 1 57 12 50 8 38 5 4 44 99 67 84 58 64 23 39 56 48 36 53 27 77 50 40 7 73 69 74 62 64 16 86 18 81 28 97 4 37 1 48 19 27 26 53 36 91 6 26 60 60 81 51 17 24 9 43 25 89 16 71 20 13 85 43 14 64 58 24 90 60 24 33 13 15 4 49 28 100 56 51 43 38 48 37 63 24 23 85 87 34 73 43 65 61 48 45 39 67 100 45 14 18 75 60 66 13 91 77 71 84 58 96 58 99 94 62 29 32 5 87 88 79 70 29 48 97 12 79 35 59 57 87 34 33 40 24 39 11 12 16 97 49 50 38 54 20 51 35 64 66 80 68 13 64 48 30 68 29 32 56 3 69 41 95 70 77 18 39 77 5 27 94 57 39 31 95 25 54 34 7 18 68 54 19 24 84 10 37 21 45 4 11 31 40 93 41 57 14 40 98 61 85 35 81 23 68 74 54 21 7 7 89 29 26 34 62 41 9 83 33 16 73 60 79 42 66 73 78 95 88 72 44 64 99 27 87 19 70 63 55 77 23 61 39 95 28 39 13 55 35 71 65 93 43 38 97 31 71 62 21 27 11 76 42 88 86 46 26 85 47 28 63 59 37 41 9 80 21 33 19 64 77 91 34 63 84 65 16 49 7 21 98 45 95 37 65 17 52 62 21 78 89 53 1 1 45 47 68 91 37 34 49 53 37 56 65 43 23 60 66 34 35 26 15 23 19 64 38 89 20 64 76 89 74 65 3 53 36 30 70 99 18 15 80 3 17 58 97 32 25 59 9 68 100 45 82 23 10 53 3 45 13 18 96 99 53 9 35 67 20 49 81 48 82 56 51 59 29 15 60 1 81 21 1 33 79 47 99 15 37 47 53 90 24 99 91 21 39 54 62 53 33 9 12 50 77 43 57 10 100 27 75 80 100 38 9 42 77 16 81 100 71 28 69 10 49 94 26 12 73 27 41 86 79 13 16 63 42 66 7 60 69 60 17 47 45 99 30 24 55 26 70 21 59 41 52 82 66 13 44 27 54 60 21 48 91 21 72 94 80 22 78 81 23 86 69 61 56 42 12 76 91
616
22 50 12 51 13 65 76 76 79 69 10 99 66 11 11 34 91 24 67 92 2 22 78 61 64 54 87 24 45 97 35 63 50 92 86 53 53 63 2 82 44 11 52 2 44 33 3 94 76 2 35 85 21 72 8 60 47 69 91 73 85 65 18 56 48 24 1 94 30 14 87 91 73 10 25 17 53 63 73 97 7 61 35 65 57 3 90 23 36 9 88 21 35 7 26 93 68 32 5 92 58 25 86 15 20 56 20 12 96 17 11 51 63 72 22 49 12 15 80 5 11 30 53 63 40 30 15 60 23 85 36 21 59 31 59 62 85 39 14 92 11 85 42 10 67 47 27 11 79 19 35 39 64 32 48 52 41 81 91 57 63 86 41 4 45 33 15 12 50 11 97 21 9 3 55 33 9 68 33 21 42 37 76 64 47 8 18 14 31 49 66 10 71 88 66 29 68 40 9 42 74 96 22 73 15 91 80 63 3 89 76 74 6 58 99 18 45 87 31 39 99 95 60 38 71 9 19 34 97 66 52 27 82 41 34 31 67 44 58 19 92 96 66 48 55 34 80 18 95 21 66 3 42 82 71 78 18 89 89 69 56 87 94 28 31 43 39 14 84 71 94 14 95 86 78 74 52 9 32 99 20 65 48 48 71 96 78 18 66 11 18 73 8 42 93 87 48 67 44 29 46 10 2 6 36 13 46 43 93 92 94 2 19 56 72 42 57 58 96 72 15 90 66 66 82 31 53 27 53 26 44 21 50 83 19 25 41 100 48 30 50 91 32 96 47 94 62 53 3 36 44 88 38 40 13 22 100 48 68 28 66 36 1 45 28 99 88 64 79 9 63 9 53 53 52 51 2 48 73 21 23 27 75 65 40 63 73 80 46 33 49 31 15 80 99 36 34 83 52 79 25 21 1 55 12 21 73 76 14 86 34 89 23 3 81 51 64 8 99 51 57 21 17 81 2 49 90 10 99 90 61 11 25 21 45 89 33 4 28 91 65 12 44 48 63 16 29 76 98 88 46 79 83 1 48 88 29 87 6 91 48 90 90 41 18 1 63 46 10 11 5 69 71 57 56 69 9 62 7 22 93 38 96 75 62 95 74 32 14 64 60 97 19 34 17 15 90 83 90 62 60 20 30 35 32 40 5 49 65 73 97 65 15 1 22 71 91 63 46 46 66 8 33 1 60 41 19 42 13 98 20 48 58 9 29 62 43 3 37 6 61 32 22 64 15 31 61 97 89 1 17 87 45 21 51 94 35 81 62 83 58 100 12 76 78 28 86 47 92 1 91 54 4 81 12 44 90 76 9 36 41 52 68 46 19 46 34 68 68 12 82 12 43 24 56 15 88 28 55 43 33 23 85 9 50 67 63 93 15 50 27 87 80 57 46 63
646
40 96 1 43 16 79 88 46 81 64 52 82 56 94 30 17 79 38 2 100 82 70 40 9 62 81 11 75 37 28 40 11 66 87 30 4 48 82 82 97 92 83 71 39 25 23 70 97 13 61 59 70 48 24 35 92 23 34 88 91 35 28 3 92 16 98 98 51 30 86 78 61 7 86 23 79 86 8 39 87 30 55 16 14 8 46 4 81 25 56 25 11 66 76 70 100 78 3 75 66 27 2 61 49 56 66 42 100 96 76 84 60 1 23 96 13 88 72 67 16 5 79 64 88 84 46 37 42 20 84 32 61 92 41 37 93 38 28 67 13 75 11 33 71 51 8 88 32 44 56 94 22 82 73 78 69 68 34 40 97 93 43 49 3 6 49 31 24 49 58 95 25 94 47 21 82 79 38 12 76 89 91 97 49 10 39 60 70 21 20 5 79 86 95 23 4 88 59 76 63 64 56 10 61 84 78 71 97 55 44 35 7 44 50 78 43 91 100 26 39 72 68 25 33 86 85 52 54 79 92 99 46 2 15 23 25 64 73 76 47 55 15 40 86 65 56 96 64 18 75 58 37 9 97 32 30 50 62 22 14 14 45 53 75 83 68 97 3 84 66 11 12 40 10 30 23 47 44 42 7 36 72 95 5 5 80 81 68 48 54 4 35 68 59 83 100 44 63 83 8 39 32 20 66 93 83 7 49 17 30 96 21 56 6 12 31 40 69 22 73 94 16 76 50 64 92 36 20 10 78 37 39 63 83 39 18 94 28 97 95 8 22 78 46 4 31 43 43 63 33 70 62 49 95 38 56 49 81 9 65 98 65 76 6 6 9 18 53 13 42 84 77 30 54 26 45 33 54 37 87 90 97 94 50 59 69 82 62 31 30 15 27 29 63 60 57 45 16 48 34 73 47 89 31 35 41 31 50 12 41 30 100 82 12 27 21 1 31 83 3 36 35 17 85 7 50 15 29 98 44 95 49 1 97 21 98 71 68 12 29 12 58 9 41 79 46 94 11 65 74 45 64 16 8 62 74 19 84 38 25 90 2 94 35 66 91 68 65 89 28 54 94 35 78 25 25 71 30 19 63 66 10 17 49 93 62 93 20 64 39 75 60 87 4 69 78 59 60 77 98 78 95 39 29 27 65 45 99 94 12 83 7 23 48 29 46 23 58 10 37 64 21 84 74 13 22 62 82 35 61 42 61 76 74 48 12 11 69 66 49 60 86 91 4 52 39 91 73 54 30 41 90 81 92 90 73 50 91 65 63 48 35 89 41 53 72 95 99 12 59 26 80 62 91 78 21 29 22 86 58 37 80 29 21 70 99 77 91 88 45 5 23 20 83 32 2 77 82 91 15 56 46 34 73 45 86 30 14 43 61 8 83 59 6 12 71 98 51 50 15 54 72 69 5 84 45 52 89 53 39 2 19 4 98 95 97 54 50 10 63 18 6 32 21 35 15
672
13 8 38 12 31 99 19 59 70 88 56 59 38 36 24 23 89 9 37 27 74 31 9 27 69 68 97 92 72 72 83 60 100 40 30 68 93 54 72 72 10 82 4 99 93 19 41 16 28 87 24 96 24 41 50 44 97 73 99 88 89 46 65 36 38 98 74 57 38 81 84 86 20 21 99 66 53 1 91 35 36 78 1 4 93 37 2 64 25 6 63 55 59 33 13 36 52 78 73 46 92 7 32 92 80 55 92 9 81 95 38 94 66 46 49 18 9 95 1 37 16 21 84 43 22 15 20 49 63 64 33 21 72 45 82 85 70 84 84 60 25 12 82 56 31 47 94 24 82 19 100 37 27 16 23 40 76 79 66 22 47 59 73 20 29 71 30 25 15 95 98 18 45 46 4 100 23 6 81 84 65 40 57 72 51 63 55 79 51 88 47 19 77 2 61 84 79 5 5 72 47 13 28 35 51 2 78 10 45 62 47 31 8 41 25 1 79 75 27 68 78 20 94 22 32 78 68 100 66 37 70 76 71 19 16 70 70 54 31 75 4 47 57 60 87 81 98 91 58 49 3 15 91 66 83 7 1 97 86 95 20 86 96 11 27 54 25 40 67 50 62 37 41 11 100 99 50 16 97 15 67 26 34 79 79 88 87 4 25 14 47 29 30 84 27 94 95 43 71 54 35 62 93 53 54 1 63 13 67 22 71 99 92 1 13 65 33 2 57 77 73 21 1 83 49 68 59 74 78 35 24 78 25 90 3 86 88 51 13 20 64 36 3 93 76 96 37 44 74 20 77 63 89 9 92 10 5 94 51 90 53 75 30 25 48 53 7 29 56 4 38 31 4 100 34 37 22 13 45 45 16 5 58 11 56 68 42 77 11 87 86 94 11 80 86 88 42 28 17 100 55 65 33 66 21 21 51 17 19 41 29 65 5 3 80 3 16 34 51 92 3 49 3 25 69 69 15 97 10 31 48 20 90 98 60 65 27 76 84 31 21 20 20 2 5 10 72 83 37 38 55 36 87 2 66 75 78 63 33 36 80 29 43 47 2 67 80 8 49 70 54 4 13 89 81 71 76 50 75 23 60 47 91 50 11 25 12 91 91 48 27 93 74 39 37 50 90 97 60 78 58 71 65 60 2 9 51 4 38 63 51 18 91 39 60 38 45 6 40 95 17 18 63 54 59 35 37 77 96 53 69 61 89 75 44 50 24 66 11 33 25 81 70 50 58 89 7 28 75 66 26 25 53 3 91 25 78 6 79 34 77 30 80 5 100 23 70 59 92 75 31 40 4 43 11 19 71 79 72 67 70 60 37 8 83 27 74 21 60 52 5 40 85 20 26 4 2 99 42 85 100 26 33 74 96 60 92 67 83 45 54 61 58 62 14 67 77 53 9 100 90 10 60 55 88 13 81 65 42 82 20 77 83 56 73 89 55 38 34 15 73 35 91 20 71 10 51 43 83 50 82 60 64 75 7 40 81 5 69 5 22 38 49 46 78 74 19 94 67 9 28 62
811
56 77 74 36 11 92 74 78 31 29 4 85 93 2 33 37 87 12 3 55 46 25 14 61 89 32 54 17 18 92 16 22 67 68 81 2 32 100 86 23 71 54 15 72 18 8 58 85 31 17 4 46 84 53 23 72 90 81 25 72 26 41 47 2 47 86 64 94 69 90 90 35 41 78 73 93 47 91 12 57 95 92 97 31 82 66 62 100 64 54 59 19 58 24 84 63 87 87 97 42 40 9 79 49 28 51 78 84 19 30 37 54 100 18 95 48 83 14 5 62 97 38 18 79 70 67 1 92 14 31 41 92 17 75 8 54 57 43 82 45 5 68 21 42 69 75 84 33 2 61 60 10 99 28 98 45 88 3 72 63 28 12 26 14 47 52 99 8 55 23 33 39 65 7 17 100 63 9 17 43 29 92 63 78 44 7 96 62 69 83 64 82 17 100 86 85 63 69 30 74 87 70 60 43 98 1 22 59 82 33 59 65 23 42 63 4 41 52 54 78 8 22 23 97 27 45 61 83 26 76 4 59 76 78 78 48 99 6 62 58 59 10 46 72 9 88 64 72 17 43 97 32 43 10 36 8 67 89 11 19 68 53 34 70 26 4 64 86 72 23 16 83 58 88 58 70 4 14 20 27 66 93 1 90 86 4 81 71 70 95 71 59 75 22 95 97 42 51 1 32 70 66 44 64 25 46 70 54 43 26 64 97 8 81 20 47 99 43 53 49 46 67 64 7 29 13 97 20 71 82 59 42 24 38 60 40 71 23 70 24 83 85 39 79 75 48 63 35 55 45 37 76 45 14 56 25 47 31 43 15 72 86 49 4 76 68 20 3 6 76 22 92 11 83 85 47 42 51 30 39 15 70 76 64 36 26 2 75 74 80 17 60 42 14 33 34 53 37 94 15 66 82 38 14 16 97 68 45 50 33 81 20 86 41 87 84 66 60 78 68 54 27 51 75 30 64 99 97 43 55 21 30 43 32 66 76 28 94 47 45 68 71 88 79 97 62 70 100 97 68 84 62 48 24 59 85 54 17 4 17 39 3 16 36 68 61 55 79 72 63 98 97 51 48 9 48 70 22 56 63 78 85 16 1 9 7 83 84 11 62 54 31 73 5 84 52 67 58 58 21 75 11 37 11 74 25 57 100 79 18 25 86 73 89 82 66 81 68 57 33 89 79 4 22 76 70 51 47 94 87 66 8 59 22 18 66 66 78 49 79 35 76 22 7 48 13 50 88 31 49 86 83 41 45 83 84 81 2 79 93 42 57 94 7 7 20 50 24 78 46 37 55 31 29 18 14 11 12 16 23 13 73 33 54 86 31 86 45 5 96 37 82 16 95 24 28 65 9 38 19 74 38 7 4 57 19 24 7 63 65 57 96 88 16 72 44 67 14 7 58 73 69 56 70 44 20 36 19 97 66 61 53 41 77 11 81 8 98 24 31 48 1 30 15 57 62 62 25 57 52 72 38 47 49 84 46 40 88 8 86 43 30 52 73 8 18 50 36 41 15 22 34 18 46 4 67 50 70 39 86 89 13 7 88 92 58 62 69 92 26 44 84 3 91 34 35 36 13 70 80 99 90 68 92 45 43 51 30 81 38 89 12 97 56 20 20 90 90 93 36 63 100 44 91 29 100 37 14 31 7 29 19 58 24 20 40 26 83 55 3 36 57 63 14 76 64 50 82 46 9 19 7 90 77 52 83 31 22 44 81 28 51 5 77 53 4 6 93 32 7 39 93 90 23 48 37 71 29 43 6 56 63 15 92 12 46 99 71 98 63 24 21 66 43 19 28 78 24 23 27 10 73 36 72 81 47 43 11 11 54 90
592
87 37 70 97 60 34 2 51 38 97 38 55 45 64 60 55 61 3 65 47 45 30 63 12 7 92 72 40 13 3 16 43 42 82 72 44 69 100 10 30 64 38 36 56 88 6 28 94 6 76 82 90 27 7 18 46 3 25 86 87 46 75 39 65 86 35 36 83 34 23 52 53 57 71 19 11 96 38 1 82 62 17 81 26 8 4 14 44 48 9 44 3 60 58 4 67 93 56 9 17 69 52 62 71 11 2 39 97 3 92 9 53 100 70 54 92 71 80 62 91 86 24 4 49 64 90 7 48 25 78 64 68 11 76 1 89 57 36 21 12 99 3 10 27 44 52 38 96 42 46 94 93 36 5 44 38 6 37 41 66 64 98 30 71 46 86 11 80 82 100 66 49 65 76 47 34 18 42 17 62 71 76 92 89 16 39 12 63 59 77 84 67 68 81 18 58 9 29 92 18 17 33 93 34 89 41 78 75 1 82 41 42 79 82 65 22 71 54 64 13 74 64 43 16 98 34 59 65 73 78 40 5 22 80 72 93 65 4 75 18 30 48 47 69 14 63 22 84 28 62 85 7 55 45 61 54 4 48 15 57 41 38 94 84 86 74 70 86 58 22 24 31 95 66 85 20 46 52 78 81 17 76 99 69 6 53 98 38 78 78 32 35 11 53 58 3 64 32 19 72 32 49 84 16 77 20 70 5 1 34 27 79 39 54 55 10 13 30 9 16 71 85 94 16 11 46 55 98 5 95 63 18 89 7 44 19 1 32 74 21 84 57 52 51 100 25 1 93 74 17 84 46 75 53 48 10 19 2 22 100 43 44 2 27 74 6 81 54 11 66 75 34 36 60 36 45 63 7 1 64 2 86 20 2 65 85 36 56 42 56 65 10 47 11 35 43 67 22 100 55 23 4 46 55 7 82 29 27 39 88 74 14 100 24 36 14 86 72 52 87 12 47 28 47 57 29 41 88 6 24 81 84 5 71 55 79 73 95 82 83 34 83 17 73 69 15 5 61 96 87 22 91 80 68 96 50 16 94 75 55 16 62 57 45 55 85 89 39 4 70 77 85 56 84 44 11 96 47 73 92 48 25 13 62 82 17 66 42 6 87 73 20 71 94 18 72 20 38 23 55 62 28 31 59 79 57 31 49 39 35 75 70 70 63 10 6 40 97 4 40 86 79 93 76 50 79 8 81 85 59 26 55 56 21 41 95 87 6 29 16 50 22 40 59 6 89 46 76 23 56 53 57 82 1 70 15 90 7 3 60 80 39 14 94 24 49 7 90 67 74 98 18 24 59 55 35 58 8 15 98 64 21 14 74 97 95 66 68 54 97 58 27
571
65 36 42 97 54 52 25 48 6 16 78 48 58 27 96 7 39 28 23 14 68 53 70 18 79 61 17 29 8 97 73 20 20 47 94 45 50 82 92 93 23 86 14 5 63 61 37 10 56 65 18 56 82 93 93 77 82 32 83 3 20 51 69 25 50 45 53 89 33 10 21 12 36 34 49 31 33 54 45 85 85 88 72 96 67 66 33 26 76 40 35 75 89 73 41 17 24 44 77 26 76 97 7 2 61 75 95 96 50 96 37 90 39 62 13 14 100 73 28 87 11 39 27 80 70 38 95 4 30 4 17 24 97 31 84 37 95 76 84 64 98 84 69 78 4 20 45 52 29 5 36 5 68 95 98 12 83 15 7 5 46 28 29 74 14 10 91 27 3 51 85 26 2 27 38 2 73 91 60 76 76 69 15 88 93 87 84 86 3 25 59 25 58 27 40 58 4 54 98 58 15 69 94 48 74 6 59 9 99 99 15 85 55 36 66 21 41 92 56 86 41 13 84 45 76 16 85 63 32 76 26 33 86 45 10 88 13 40 30 62 52 2 73 13 95 20 86 95 78 20 59 44 52 14 30 77 32 57 81 34 13 70 76 59 59 77 68 25 47 1 9 68 95 71 2 38 63 19 80 49 59 54 63 41 67 74 80 23 49 46 8 35 75 85 65 44 50 40 38 54 19 54 76 41 23 10 22 29 84 55 75 98 5 66 72 38 85 92 84 42 44 66 22 83 73 1 19 70 90 4 58 15 1 73 66 87 9 69 72 91 11 91 32 49 11 43 68 21 41 91 57 79 44 22 6 87 3 98 6 71 71 18 3 37 12 49 49 82 11 11 82 68 71 82 60 9 60 34 84 30 16 92 82 24 24 12 82 46 20 23 67 30 51 9 42 14 99 53 36 58 95 32 32 65 20 51 28 20 91 81 98 47 57 75 37 8 34 44 51 56 70 81 5 21 73 17 30 58 72 22 86 4 11 6 87 84 81 71 17 58 46 6 92 14 36 26 55 44 27 39 86 70 73 53 91 39 8 64 43 66 35 1 63 52 52 42 56 32 80 62 7 58 26 29 84 69 96 38 68 15 31 20 49 18 75 91 94 63 39 67 86 16 67 19 90 79 60 83 15 70 87 89 50 23 21 91 34 67 42 55 19 79 9 50 24 95 3 7 81 23 14 49 10 72 4 48 56 48 30 78 2 18 44 90 75 98 86 43 27 23 63 60 62 60 72 87 22 71 9 100 47 66 69 55 96 52 96 92 73 82 14 83 90 64 23 18 41 17 19 49 1
726
39 83 5 88 1 29 3 93 69 30 29 64 64 19 79 19 32 55 43 20 92 83 46 28 11 5 89 74 29 9 7 15 84 89 43 49 65 29 40 14 31 11 84 39 64 26 33 70 72 45 82 84 84 68 64 3 47 72 19 66 85 14 38 4 8 74 54 27 8 32 42 40 91 56 100 20 23 72 70 63 27 13 86 32 93 25 54 98 40 47 33 98 15 59 73 56 34 34 57 86 34 16 56 20 39 21 50 54 86 86 8 44 16 12 50 89 25 32 69 8 85 2 67 2 31 46 41 25 70 82 45 89 15 85 51 10 50 28 84 20 68 20 75 15 31 52 42 9 28 45 36 99 63 39 78 19 94 6 45 1 24 23 88 22 44 62 5 47 42 18 95 58 93 77 99 16 26 4 58 51 18 49 33 36 95 67 74 58 45 65 99 31 33 30 63 8 92 12 86 95 50 7 82 8 49 68 42 38 71 75 22 29 54 12 92 100 81 52 31 23 87 64 16 65 38 45 59 63 65 73 76 14 49 79 59 91 2 77 12 99 18 58 97 1 38 55 71 9 91 99 69 75 10 82 84 6 72 56 99 74 39 38 39 61 75 15 25 72 71 95 26 78 100 95 31 38 75 96 90 77 19 21 58 90 67 17 95 72 66 85 68 21 53 53 17 10 59 74 88 30 18 16 4 13 10 75 42 71 28 57 9 85 71 51 34 17 36 69 63 90 13 31 18 61 42 67 85 45 59 15 46 59 98 11 68 78 24 44 6 9 82 68 48 32 46 30 50 89 21 14 3 95 69 98 95 78 28 34 92 20 24 80 74 19 40 57 15 78 14 70 52 64 31 18 52 17 68 36 56 23 75 42 75 65 16 22 5 53 30 11 100 25 37 5 58 85 51 39 92 7 87 8 62 83 20 29 67 53 16 22 44 7 69 96 16 93 78 88 99 53 46 34 53 20 78 45 35 93 47 55 54 94 89 49 30 7 2 92 49 5 73 67 69 72 45 29 31 81 38 67 98 24 17 82 26 24 74 56 31 8 34 88 19 100 45 89 97 53 17 90 42 74 49 81 35 70 64 58 5 48 3 69 74 44 4 11 66 40 74 56 37 4 47 47 60 44 28 51 67 45 33 43 8 60 50 79 42 2 16 66 26 87 43 54 71 25 86 78 96 70 35 96 70 53 13 76 51 100 73 65 97 91 8 57 10 43 72 82 68 97 44 48 12 21 50 9 13 93 24 37 8 37 82 33 92 73 33 59 50 34 76 40 41 2 91 74 43 22 35 11 62 25 52 81 4 90 67 25 92 27 13 73 83 43 25 83 65 1 65 36 55 83 23 24 2 29 60 61 17 100 4 6 38 9 100 60 12 49 28 90 10 36 39 7 87 53 1 61 78 86 62 74 97 98 64 90 44 15 55 93 60 85 19 85 22 49 98 31 1 98 91 28 69 48 32 99 27 88 88 76 4 21 96 43 34 81 70 71 37 66 63 99 57 73 58 64 43 73 16 32 80 54 48 18 36 100 31 33 74 1 10 53 92 19 2 33 18 92 94 66 10 78 82 27 32 6 7 97 87 85 51 96 6 8 72 43 74 37 37 6 70 97 11 1 91 73 66 40 65 44 99 71 29 86 14 19
664
25 5 41 90 62 15 31 2 65 19 88 31 10 85 82 15 20 7 61 87 44 67 36 86 3 51 27 34 88 12 13 39 53 16 34 4 43 81 37 7 55 45 47 98 56 73 39 35 5 83 95 66 73 35 68 27 51 35 66 43 32 92 61 1 66 41 21 31 52 90 13 42 59 53 76 17 5 80 53 24 16 43 42 35 76 65 47 40 42 91 29 9 99 49 14 28 32 39 63 20 99 18 12 88 100 25 100 18 70 95 13 58 36 67 58 79 62 26 66 60 77 66 32 10 49 77 89 34 31 76 53 31 47 26 96 61 31 84 81 37 48 33 4 23 83 37 98 20 76 70 17 72 94 75 85 46 71 92 83 22 67 79 59 8 80 2 94 23 15 34 82 78 89 55 97 27 90 51 59 66 77 59 41 28 47 67 81 59 64 27 49 84 21 74 24 5 32 60 32 13 76 55 22 2 78 85 34 55 91 12 35 1 40 45 97 35 9 12 1 41 24 72 62 49 84 42 15 99 15 58 68 22 42 14 74 30 88 42 88 99 34 35 32 45 28 64 63 99 92 3 13 24 78 26 26 55 46 71 78 18 72 31 67 72 94 45 64 27 87 76 18 10 16 79 60 47 67 86 38 11 8 52 47 42 82 20 55 54 20 96 24 91 61 48 42 6 90 24 30 5 69 11 45 99 93 54 1 90 12 17 53 80 11 22 58 50 94 34 85 93 2 17 30 75 72 89 61 33 45 97 18 62 24 19 90 60 27 17 35 48 35 97 48 74 78 67 92 20 48 87 6 26 99 93 84 23 99 66 99 83 11 56 86 73 87 11 69 58 71 84 76 75 30 62 100 64 40 50 83 17 68 65 52 50 93 94 91 100 33 66 50 11 17 31 12 98 11 60 14 71 46 92 25 75 8 7 71 59 71 97 65 58 96 71 47 62 97 80 69 13 11 26 100 40 26 2 78 46 74 28 85 6 38 47 87 27 57 26 80 32 27 59 92 13 97 57 72 26 32 60 54 66 9 16 86 31 82 34 90 70 18 96 36 43 26 43 69 8 65 44 36 62 84 2 34 79 14 69 77 81 39 78 32 12 47 48 16 66 31 89 61 35 61 12 78 59 59 87 85 26 43 31 2 15 31 62 44 20 49 64 55 81 52 16 14 66 41 57 77 100 34 89 11 91 55 7 90 71 84 33 93 17 53 2 39 66 28 65 42 26 74 99 90 90 5 69 25 54 92 67 79 31 27 82 33 81 97 20 29 56 38 29 80 36 54 48 75 29 65 40 79 42 1 88 92 42 17 91 3 29 42 63 68 33 88 2 66 14 7 63 35 88 36 54 17 100 25 24 78 54 69 96 76 40 83 65 94 48 86 52 45 37 21 97 76 45 15 71 19 40 20 36 92 87 89 54 2 19 95 16 64 68 82 12 2 95 85 90 91 35 12 16 39 87 8 53 55 43 92 12 57 77 62 94 45 62 80 27 32 33 54 55 94 91
636
54 35 50 33 98 63 86 90 35 33 36 59 58 7 87 91 16 61 5 88 96 88 82 45 59 61 62 3 72 20 25 13 58 59 87 67 15 97 9 94 67 73 93 46 31 47 55 12 36 39 19 89 70 42 10 53 81 74 79 3 75 52 23 65 57 53 9 27 73 100 9 82 6 7 33 59 42 26 2 24 83 56 31 37 91 11 78 43 63 21 1 58 87 71 90 50 59 38 15 20 65 26 81 25 44 29 25 60 87 25 89 83 29 35 29 42 84 62 37 72 30 72 25 71 32 87 95 55 96 65 76 8 26 95 32 30 70 93 74 50 74 97 96 87 6 12 23 93 23 63 72 81 54 73 44 39 10 59 59 66 95 99 63 4 23 63 30 53 59 2 11 32 32 49 26 94 19 4 81 68 17 62 86 57 93 84 22 47 31 68 49 17 26 29 14 46 18 42 47 46 1 83 66 36 15 64 75 28 72 1 2 62 79 77 56 93 9 30 90 57 63 2 33 42 29 63 98 78 2 30 83 74 8 86 81 76 100 87 44 31 75 93 44 76 14 41 20 100 48 56 58 22 95 19 55 66 92 53 88 2 33 30 35 94 55 59 24 33 87 78 31 61 51 47 75 97 33 60 41 89 24 60 42 92 74 92 37 74 16 31 66 67 22 56 87 59 8 1 87 39 94 52 55 26 81 96 14 66 22 60 47 15 29 7 40 77 62 80 1 90 80 15 16 97 34 30 92 69 23 83 34 17 55 54 51 76 86 88 29 93 81 30 24 77 17 37 93 42 26 80 82 76 97 77 89 99 83 78 35 2 95 51 74 11 65 75 28 95 12 22 52 4 54 36 100 86 66 48 36 2 54 33 94 6 6 30 19 77 4 48 45 79 100 45 28 100 88 62 57 32 86 6 45 3 57 66 25 62 20 16 33 65 60 18 47 89 7 79 56 10 5 77 54 95 1 31 14 18 91 96 90 59 42 90 4 7 46 12 33 96 13 12 41 98 91 23 36 77 26 48 62 86 39 32 84 20 44 73 48 94 18 55 20 13 17 8 7 81 91 4 40 74 68 74 3 14 47 87 79 66 14 69 21 3 6 88 26 97 74 50 71 20 13 52 4 83 55 79 72 35 1 83 80 57 21 29 4 35 97 76 44 1 86 23 100 58 68 5 95 7 6 31 50 8 86 61 44 76 20 45 86 92 60 23 70 50 33 70 57 24 85 35 65 58 1 99 90 84 89 35 23 72 100 29 80 15 23 70 15 70 67 20 35 2 26 48 16 1 62 52 71 17 95 85 70 74 5 11 84 64 46 65 82 56 84 35 15 45 69 4 81 75 67 85 1 11 17 81 93 61 19 72 48 34 14 46 63 26 34 73 46 73 20 18 91 24 53 91 98 95 11 64 41 10 95 23 49 3 10 54 31 60 3 77 85 84
823
42 94 100 45 27 61 91 9 1 30 71 53 56 81 7 32 45 35 95 39 4 26 46 20 2 51 19 35 42 11 98 60 2 55 82 40 73 55 55 47 63 24 52 74 4 46 98 92 43 62 57 85 56 57 89 65 17 9 9 26 21 14 3 53 92 23 13 61 58 65 11 4 87 78 81 99 41 36 7 58 14 96 96 56 28 50 71 60 37 91 26 84 20 57 81 26 21 48 22 20 56 84 3 46 86 82 19 24 70 85 21 46 59 27 32 89 92 2 50 82 78 53 87 58 59 90 24 93 42 91 25 7 89 95 37 100 88 61 22 33 97 45 45 23 5 1 87 41 45 26 8 100 51 1 19 44 89 94 20 15 70 58 76 28 78 42 100 10 47 6 60 49 61 38 43 98 78 2 31 43 49 83 7 53 37 35 75 62 86 19 49 73 16 19 42 48 75 49 24 83 42 51 11 24 30 52 70 39 4 86 67 62 8 46 20 86 43 74 8 51 100 98 26 7 70 13 97 30 43 90 19 68 35 3 6 99 28 77 77 89 70 23 22 28 28 86 16 99 23 40 77 42 27 14 75 94 24 94 23 15 58 43 41 88 62 57 54 62 46 53 36 6 26 43 48 17 82 89 2 69 16 88 5 8 11 57 69 57 82 18 18 37 54 99 21 3 10 70 8 6 37 31 68 81 34 69 83 1 89 86 49 77 64 30 33 86 9 37 62 2 71 36 84 83 45 5 3 76 84 13 36 48 14 26 64 57 29 63 89 27 9 89 37 70 65 47 16 59 87 43 50 30 57 15 23 76 7 38 71 87 28 53 23 77 92 64 60 42 38 4 54 34 6 25 30 27 60 10 51 38 75 97 73 67 15 95 74 54 54 50 33 68 82 70 54 93 54 59 66 57 79 18 70 21 3 48 34 70 30 32 84 65 54 10 28 6 31 52 17 48 88 75 87 40 77 89 94 77 6 13 46 32 5 57 68 76 50 62 73 92 30 37 69 36 63 68 86 79 59 17 16 12 44 75 71 74 94 96 60 84 65 36 70 47 9 9 24 87 49 70 89 74 37 56 46 82 95 5 65 70 73 25 97 21 75 1 84 81 1 21 38 1 49 56 95 6 57 27 14 20 62 49 51 53 82 82 40 50 40 2 78 25 21 18 10 33 30 97 79 76 66 15 33 4 38 30 15 75 62 14 14 75 67 36 75 82 53 40 93 86 98 54 38 74 48 92 48 56 39 97 11 83 63 18 16 70 98 90 26 9 26 92 80 84 41 79 71 80 44 26 8 59 75 16 19 84 74 85 2 13 56 54 17 72 18 31 17 16 31 74 21 42 52 1 39 48 34 99 33 38 38 63 31 87 63 16 76 6 81 83 38 2 78 46 44 69 45 83 16 22 85 71 70 84 95 54 87 13 27 91 43 57 93 39 27 54 74 63 87 40 89 56 31 50 15 51 60 92 16 87 55 61 6 92 58 28 1 39 65 35 94 41 61 96 72 49 86 8 6 80 99 16 53 13 15 79 83 26 24 83 39 80 16 39 100 65 31 38 93 22 64 44 69 19 96 15 64 24 28 20 7 16 40 37 1 62 67 43 68 96 82 74 68 5 6 61 92 51 13 40 44 68 98 93 35 5 76 80 91 29 13 2 39 72 1 76 87 57 50 2 32 87 85 18 99 26 95 38 36 48 76 87 36 26 12 52 18 26 60 21 13 3 30 85 51 71 3 49 52 93 11 67 78 26 78 94 35 46 8 64 74 54 30 100 25 5 27 3 44 85 4 90 33 18 89 16 24 65 83 66 83 43 20 100 95 55 19 42 99 25 31 32 26 54 50 71 59 4 97 17 99 42 88
793
36 40 76 83 14 64 71 21 63 23 78 10 10 34 93 60 37 18 82 85 39 84 40 84 39 12 46 25 30 63 96 61 29 21 52 100 77 100 7 72 2 91 77 53 95 41 79 93 72 42 94 61 23 54 21 45 94 92 29 48 19 77 37 28 49 43 9 51 85 50 42 45 63 33 43 91 90 40 56 18 82 65 78 10 36 87 17 50 90 96 25 33 9 44 9 88 46 37 22 87 38 49 87 32 74 77 22 72 82 83 34 8 44 56 94 95 34 5 10 64 100 15 34 40 99 59 30 83 42 33 6 100 45 70 14 34 81 12 20 27 9 52 77 1 20 54 54 7 55 28 83 25 34 89 1 45 25 28 19 81 57 66 17 29 85 8 26 63 35 17 25 64 18 63 44 54 60 68 14 40 56 18 40 68 32 88 14 86 28 63 60 5 17 79 97 68 20 21 65 48 75 83 11 31 73 54 43 62 3 13 23 92 82 72 83 41 70 78 30 26 14 67 34 74 5 78 86 65 40 47 88 39 28 4 81 38 99 1 61 92 56 31 63 24 71 5 27 45 55 44 8 27 64 52 68 32 14 33 63 10 70 54 78 78 73 62 96 99 33 57 26 25 30 49 40 86 1 59 61 21 57 16 73 45 62 53 21 5 73 70 76 55 98 97 49 68 42 66 86 22 32 29 31 30 21 6 10 65 47 29 71 39 16 2 11 37 3 90 31 57 35 44 64 75 47 70 70 61 1 10 32 36 38 92 28 28 61 17 69 87 12 89 70 10 95 83 97 92 13 81 76 82 90 56 32 30 9 30 62 92 73 79 27 76 88 84 83 19 48 30 70 96 91 74 38 35 77 59 49 7 83 73 7 49 82 32 24 81 16 13 69 30 78 14 49 83 56 26 21 68 82 1 55 48 37 42 29 96 42 72 40 83 52 21 29 23 91 99 2 56 41 89 4 92 70 72 59 52 95 22 79 88 43 17 44 53 15 10 21 4 88 10 85 64 36 84 2 43 100 25 94 63 48 54 18 6 58 52 81 26 32 32 24 93 5 10 70 40 29 50 6 28 21 46 60 86 57 57 56 88 26 59 14 36 21 86 19 98 58 58 78 96 34 66 3 100 20 27 24 47 57 43 56 37 9 4 41 53 40 59 51 94 82 62 55 75 8 74 2 11 74 58 41 20 1 54 10 41 87 1 80 54 21 87 29 23 23 12 51 31 70 79 53 35 100 10 88 6 93 16 19 66 36 91 10 15 14 73 63 24 18 14 7 5 30 81 47 58 3 85 72 91 89 61 16 65 36 62 33 9 40 100 50 11 43 69 89 96 36 54 40 86 25 37 14 81 18 66 20 96 50 91 34 30 60 70 15 89 97 100 36 76 10 90 81 69 65 72 44 4 80 30 4 37 41 21 71 87 58 49 25 16 93 37 11 29 28 54 75 77 75 87 10 52 65 44 42 19 97 70 21 85 62 100 67 48 56 40 42 61 67 35 60 13 11 36 95 45 95 16 46 34 69 65 19 91 95 96 77 6 88 37 67 80 15 12 38 71 40 72 24 58 24 15 42 4 91 11 6 98 25 72 96 92 26 15 53 67 86 39 94 98 3 34 85 35 96 64 44 31 13 64 21 62 1 45 71 50 83 1 3 25 24 66 84 43 32 95 11 84 94 71 12 92 16 67 61 22 38 64 33 18 26 40 2 65 21 86 69 49 17 13 68 43 32 18 40 57 31 32 27 80 97 21 65 93 46 5 50 59 72 89 58 91 38 31 63 29 87 44 4 85 37
954
4 90 97 34 14 29 89 97 36 20 40 89 4 15 37 6 59 18 79 42 99 78 100 16 45 38 13 84 4 12 92 15 58 60 20 30 68 26 84 16 97 19 68 21 49 33 91 85 76 68 85 61 93 9 37 81 34 11 91 4 11 6 40 21 19 90 81 53 56 31 51 40 56 65 64 55 12 10 14 34 38 29 31 93 16 37 56 6 41 62 77 10 78 75 47 15 17 63 72 94 33 86 31 46 63 74 43 43 12 12 68 51 59 10 89 27 22 46 67 68 18 55 29 96 21 3 45 42 48 50 74 29 69 36 45 6 20 37 54 98 21 33 57 94 82 75 60 61 12 21 14 70 95 36 30 7 82 45 77 10 93 56 88 86 37 14 6 15 63 2 48 92 14 56 61 30 55 97 83 46 86 25 71 89 87 68 96 80 100 24 55 95 65 100 21 49 73 100 60 63 85 93 19 42 28 51 2 21 74 91 32 31 4 11 37 69 9 90 54 23 15 87 24 45 95 38 64 32 39 99 93 40 63 49 44 68 69 34 11 64 61 28 59 6 54 50 69 93 41 61 80 16 51 31 57 93 63 31 43 34 36 16 37 72 1 88 33 92 2 71 88 98 45 18 66 82 85 14 33 11 41 85 49 90 25 14 66 51 27 59 73 79 57 3 57 58 37 66 44 44 44 24 36 20 25 42 42 2 12 89 5 64 12 70 10 71 5 25 18 94 16 35 60 8 99 20 46 67 52 35 21 45 16 19 21 69 14 73 30 100 90 1 12 24 76 69 56 98 90 11 98 82 62 3 38 21 30 36 7 69 15 3 46 61 3 100 57 26 2 30 73 91 9 63 12 47 84 67 98 41 5 96 65 3 12 47 21 65 35 24 85 61 72 56 80 73 69 43 33 83 32 25 2 81 87 4 58 76 45 46 70 63 15 51 30 57 59 86 98 46 62 83 30 14 23 56 2 51 57 5 22 91 98 10 35 32 83 39 50 12 93 19 48 45 96 9 92 21 76 20 48 29 94 25 81 47 97 49 74 50 13 35 69 2 59 48 58 56 78 50 11 75 7 48 70 56 32 64 84 55 89 63 8 95 39 25 96 45 63 85 60 63 26 67 37 87 58 50 50 54 23 79 38 71 86 28 71 44 65 22 95 66 8 33 2 6 89 90 41 64 84 49 83 73 36 10 85 87 79 44 60 22 99 76 61 5 84 44 80 8 50 40 34 56 3 18 79 69 81 67 15 35 86 5 5 93 75 71 51 90 62 53 2 2 87 56 46 40 6 88 24 16 65 10 36 75 23 12 89 76 20 9 88 62 49 59 8 8 64 94 97 36 42 93 16 51 23 65 11 48 75 79 61 35 87 46 49 3 72 68 21 72 89 54 82 27 38 34 26 20 4 74 92 82 37 41 10 14 14 39 24 80 42 53 51 48 51 60 28 42 48 49 21 49 16 22 81 68 19 14 44 69 47 100 26 37 45 13 87 38 17 94 71 99 54 77 55 10 52 1 16 97 63 52 23 10 73 95 47 68 95 67 56 75 89 32 25 42 74 2 36 4 88 57 18 73 4 46 61 62 45 26 38 15 84 51 4 64 56 60 69 42 41 56 77 20 15 76 3 19 38 24 65 51 22 37 53 85 100 91 43 2 28 29 4 6 18 47 53 11 24 92 89 56 14 71 6 67 14 4 12 69 2 95 23 79 46 11 54 17 77 14 55 71 55 84 27 16 29 23 1 18 15 82 25 22 6 25 94 43 24 74 58 100 28 72 48 44 34 60 17 34 84 1 63 64 37 96 86 99 22 88 51 41 78 77 89 8 69 77 35 66 36 30 98 84 56 19 88 98 35 18 8 60 91 47 36 18 65 55 34 9 18 10 96 21 21 61 10 82 75 19 74 97 26 13 67 23 92 43 39 12 28 17 72 63 54 1 11 19 37 30 13 83 50 72 74 17 97 99 33 44 43 71 90 81 13 40 14 25 56 87 10 91 41 78 55 51 64 1 60 65 58 6 99 71 15 83 23 42 5 66 47 58 83 21 24 73 60 19 52 92 85 70 40 43 63 85 56 68 31 74 28 89 80 63 58 18 40 16 65 88 73 47 96 91 37 6 81 48 6 27 28 4 23 64 95 71 76 69 100 62 29 9
935
3 78 36 98 81 94 96 43 87 56 86 78 35 6 58 31 99 45 100 55 21 24 29 92 59 55 11 92 86 12 78 47 19 55 8 84 26 93 56 93 50 27 51 4 97 38 18 29 78 48 97 33 35 68 41 25 77 79 46 20 42 40 23 65 98 17 98 77 5 67 27 78 24 97 62 31 55 37 76 61 17 90 31 40 85 40 77 77 29 57 60 47 70 44 67 36 56 42 88 25 26 89 6 44 80 35 10 97 92 61 59 16 78 94 28 97 64 62 100 52 45 99 26 9 25 21 96 68 39 60 86 92 5 65 67 43 93 60 23 12 69 34 18 25 3 2 74 82 50 27 98 54 62 51 13 1 88 13 99 39 33 32 77 97 88 72 78 47 57 24 5 7 74 68 28 75 37 74 17 3 61 88 15 73 89 9 97 67 40 10 90 12 15 6 92 7 47 24 49 84 35 87 64 58 92 6 85 16 42 26 85 69 24 3 76 22 20 61 29 63 35 14 32 87 48 66 73 25 84 94 84 87 20 4 92 48 99 55 51 4 50 51 84 50 99 84 81 15 85 42 4 79 99 29 36 52 70 98 19 61 91 81 49 9 29 57 88 88 63 61 52 56 9 34 90 65 51 52 80 83 92 67 86 10 59 32 80 93 28 50 7 40 34 44 14 44 53 17 85 20 75 7 22 25 29 23 24 69 30 21 44 69 14 57 2 70 99 49 12 79 25 11 67 68 8 75 78 39 46 11 87 44 74 60 58 68 92 74 62 82 30 54 52 18 3 41 13 67 29 98 45 27 2 35 23 41 84 87 80 46 47 92 71 81 52 86 9 90 94 100 21 72 51 21 5 79 85 11 73 59 71 67 56 61 88 49 46 89 69 69 96 78 45 29 33 98 68 70 84 63 20 89 12 63 61 95 43 84 86 66 12 21 72 87 69 40 1 95 41 87 25 99 15 66 76 69 43 34 88 68 69 85 39 18 78 67 96 98 86 26 35 57 55 100 60 38 25 100 83 89 33 15 3 1 60 87 12 17 58 65 22 65 29 7 49 82 57 49 13 70 55 26 99 87 78 5 84 57 87 44 41 36 73 88 82 75 30 96 65 27 81 77 82 67 9 66 88 4 85 29 21 72 61 60 37 50 20 78 60 21 60 13 18 72 43 25 20 35 14 2 51 11 14 49 95 64 17 14 25 26 63 27 25 58 16 2 37 94 81 20 39 92 93 17 80 59 33 30 19 1 7 27 58 61 39 13 64 26 14 16 6 34 27 1 66 96 8 89 94 29 88 42 39 2 48 71 54 80 75 23 98 81 41 20 53 66 46 12 36 13 29 51 59 9 67 78 72 42 85 99 83 74 56 72 44 30 67 41 70 81 15 68 23 59 11 90 92 12 73 83 9 2 77 87 56 60 30 84 35 30 64 40 4 54 7 46 23 84 85 65 17 94 42 14 36 3 19 98 17 28 33 22 8 54 68 1 56 48 17 69 52 98 88 4 68 31 71 14 89 100 85 59 67 71 100 20 66 3 42 96 99 30 64 8 89 28 32 72 27 25 88 79 7 56 64 95 70 42 33 36 13 66 1 50 17 98 67 32 77 85 71 21 27 100 23 78 9 62 16 79 31 48 79 16 55 19 2 26 13 20 2 57 13 61 16 8 31 45 41 49 5 16 53 78 69 61 18 29 15 39 74 81 39 6 50 43 86 38 97 60 97 75 90 49 16 47 62 100 52 34 23 32 59 66 93 82 69 2 20 47 47 10 9 35 81 17 97 32 24 76 75 16 23 88 19 6 97 23 64 11 79 99 63 100 1 38 43 43 95 57 51 88 55 18 77 29 38 30 40 87 44 24 16 28 48 69 66 82 13 21 16 53 77 100 76 63 37 77 4 15 38 37 96 9 35 71 30 88 18 72 28 8 52 22 3 50 49 55 27 52 59 8 6 19 74 1 69 44 79 98 10 21 55 81 32 52 74 44 72 56 63 49 93 22 98 75 14 71 30 97 2 91 71 87 81 35 68 67 34 70 71 87 73 96 74 30 84 1 60 82 33 14 38 48 79 57 17 55 65 22 27 98 83 29 50 99 75 80 94 66 11 75 21 22 99
574
60 37 92 2 89 33 17 4 3 15 18 23 77 54 38 19 40 66 18 49 35 59 57 13 38 11 77 7 3 33 28 44 54 38 33 96 72 66 89 57 97 15 100 39 81 11 47 49 74 90 92 56 71 68 72 57 6 81 64 74 32 73 11 55 34 25 99 40 33 6 2 16 45 72 60 42 3 44 96 53 29 88 77 42 68 73 91 23 45 54 28 29 65 81 95 89 13 56 83 38 82 97 54 92 91 74 88 48 66 93 42 77 87 94 62 34 5 88 12 39 99 25 10 63 57 48 70 32 34 42 59 91 82 36 36 34 57 82 55 17 35 8 15 23 4 96 10 60 3 78 100 67 28 80 58 43 76 9 54 18 54 28 72 31 27 63 61 62 91 4 63 18 19 74 67 94 13 56 80 37 52 13 7 34 52 91 18 85 20 61 7 64 53 4 41 66 59 71 20 20 10 37 91 27 99 19 69 93 86 20 3 92 8 4 20 73 41 16 75 97 35 55 45 52 18 58 18 29 44 73 1 93 41 23 93 53 52 50 50 24 78 28 66 66 36 63 74 13 37 55 49 47 33 51 76 39 10 4 51 33 9 6 86 24 5 51 69 95 1 12 43 20 75 62 33 69 86 46 91 100 24 87 36 70 47 31 48 42 12 54 26 9 13 2 69 47 87 79 33 83 63 81 17 32 53 42 18 32 25 80 55 58 88 6 68 85 1 5 11 50 19 92 36 8 90 88 80 62 74 36 4 47 80 28 14 14 23 47 46 93 80 42 80 58 31 90 36 83 26 13 68 7 29 93 97 66 83 62 10 90 11 78 27 64 11 38 67 74 31 85 27 71 33 61 79 41 41 20 82 77 76 9 56 10 3 10 25 81 44 94 10 91 63 6 79 53 9 89 95 10 15 51 14 8 14 70 76 76 73 8 100 20 75 76 88 75 86 89 29 62 9 15 53 32 88 62 54 22 24 96 75 12 9 44 57 23 23 51 55 73 40 31 56 100 31 45 36 57 12 75 29 1 13 36 88 8 6 3 53 79 3 76 47 82 59 74 64 92 40 17 24 5 68 76 85 13 32 29 81 95 66 37 80 23 91 15 18 68 3 5 66 71 99 94 19 44 61 41 9 31 92 7 82 24 71 31 11 39 10 100 93 80 87 50 20 98 91 14 95 64 28 47 38 84 29 50 86 34 86 92 15 65 46 99 61 54 18 86 83 32 10 86 85 79 1 82 21 81 66 5 66 89 59 24 52 47 95 95 13 31 32 61 75 5 56 29 33 80 87 85 8 35 42 26
846
48 47 96 51 34 2 91 85 14 37 13 74 92 66 9 16 61 20 63 58 74 56 91 100 28 73 30 18 82 29 54 17 70 45 34 69 37 78 46 87 47 59 50 97 7 26 51 76 66 59 43 90 14 56 48 5 72 76 77 71 56 39 25 51 62 27 95 58 40 37 15 21 71 43 99 14 89 66 5 33 51 60 91 38 61 52 91 77 16 74 41 85 69 50 94 70 77 77 48 86 94 26 48 77 59 80 40 22 7 18 22 52 43 30 72 15 28 41 63 100 22 97 7 62 28 12 34 81 59 31 44 25 94 47 62 66 81 67 28 64 42 80 49 3 95 10 89 24 42 98 72 67 14 22 2 36 22 7 68 70 11 100 72 78 8 4 14 81 23 65 42 4 14 8 25 16 89 10 54 16 69 89 84 43 62 8 71 93 74 22 26 44 62 26 64 36 76 53 5 49 64 30 98 7 100 53 58 98 2 23 62 84 66 19 77 97 20 49 33 41 99 92 58 79 5 45 14 79 28 29 2 47 58 47 46 1 51 11 4 29 74 55 97 70 16 8 93 77 38 3 62 17 24 98 98 70 44 42 81 34 52 87 77 59 5 19 78 100 41 13 14 51 2 59 94 6 14 79 33 36 33 52 33 67 18 97 39 95 100 31 65 66 84 1 5 5 1 32 22 96 80 93 38 50 100 63 14 83 26 28 94 43 85 5 91 46 75 41 78 61 83 72 37 19 96 81 4 45 1 26 31 51 85 50 38 56 13 64 12 47 20 69 80 92 72 13 86 55 67 22 76 20 12 23 53 24 52 30 71 12 31 84 43 97 31 83 98 35 14 6 62 68 32 85 77 23 37 28 25 67 89 88 88 36 26 59 22 91 45 84 97 86 84 87 97 2 76 68 69 1 27 19 79 4 28 85 40 22 57 20 71 95 64 25 51 88 47 34 14 67 81 4 83 53 96 19 68 25 46 14 91 94 34 13 100 48 98 36 75 64 98 52 38 26 85 12 80 87 62 6 51 53 99 85 32 96 36 30 95 83 98 83 40 36 3 55 70 20 25 22 37 16 78 5 81 35 9 22 24 98 50 73 23 94 34 19 26 44 84 84 4 58 47 52 4 63 42 33 41 100 65 88 27 47 59 99 49 65 64 41 99 5 67 4 71 79 60 14 97 3 17 71 84 50 32 58 25 6 79 76 75 49 16 93 1 92 70 22 37 51 89 43 91 9 55 65 24 5 15 59 14 72 41 43 42 50 36 70 78 45 23 85 25 46 92 89 65 80 71 99 30 21 79 92 51 26 8 50 38 67 11 49 60 74 69 2 26 82 48 40 86 50 10 37 25 66 56 12 68 97 31 6 98 44 14 76 10 59 43 58 12 52 68 85 53 29 69 20 31 41 73 25 34 48 46 16 36 36 71 52 63 34 18 40 11 93 45 55 42 42 2 36 33 42 78 99 14 64 23 36 36 83 63 16 69 40 78 19 84 98 25 80 37 77 100 42 24 77 62 31 89 74 43 65 66 19 51 17 85 75 90 10 22 51 16 82 64 96 96 70 86 56 54 15 52 48 64 39 7 48 54 37 37 85 10 74 75 19 72 12 60 11 45 96 51 38 26 25 65 43 60 8 2 32 94 57 50 22 88 24 70 91 18 51 96 1 41 59 43 46 68 71 40 40 46 44 33 26 55 64 9 32 21 74 97 76 78 62 79 96 98 4 13 9 68 52 51 65 72 52 8 5 36 89 87 20 50 83 23 74 65 84 16 89 90 46 45 22 27 59 47 71 47 45 69 44 3 72 27 46 20 58 13 11 44 68 86 48 4 41 86 18 23 61 12 33 47 43 20 86 73 81 90 13 100 5 23 48 65 94 28 79 17 34 32 64 90 67 88 64 37 33 61 82 68 60
921
56 8 13 98 69 94 31 37 25 27 81 18 12 95 21 92 36 66 11 67 79 32 41 37 53 78 97 81 73 12 48 71 16 81 65 2 21 88 59 61 38 82 55 83 47 48 24 79 94 78 45 4 80 62 7 76 82 96 14 21 44 74 48 64 41 42 15 38 98 21 79 23 49 69 78 16 68 35 27 94 2 22 43 67 43 66 64 76 5 2 32 2 22 5 8 94 30 42 9 20 68 61 89 49 17 59 9 94 98 41 74 22 44 6 3 41 72 9 92 25 10 60 29 17 66 58 3 6 40 74 53 35 29 39 19 44 15 16 15 58 5 99 69 79 89 28 59 63 75 55 63 98 12 48 90 47 88 26 87 55 33 79 17 57 71 19 4 22 47 27 5 79 36 82 41 68 78 63 5 94 70 10 29 92 78 67 28 17 94 30 75 69 20 65 45 4 81 88 90 29 2 20 35 47 95 59 90 54 98 39 3 77 6 10 31 34 31 2 25 26 30 53 43 20 29 8 85 55 60 46 81 93 59 88 68 40 4 21 5 43 18 82 82 66 43 78 6 87 59 40 65 25 33 39 65 69 75 64 10 56 64 67 16 11 87 48 41 11 15 88 47 11 98 78 2 86 23 68 88 73 23 76 85 2 87 64 2 37 91 73 40 42 99 13 72 28 46 54 12 48 30 91 20 51 36 71 6 1 42 68 11 28 61 85 80 2 70 63 29 35 64 41 15 22 40 94 5 50 21 17 54 93 45 58 29 66 1 77 70 16 52 27 89 38 23 40 31 33 53 28 55 20 33 39 49 86 90 10 54 24 91 53 60 82 42 34 58 48 2 36 65 36 41 27 52 80 80 83 23 54 38 87 36 13 97 6 59 74 67 24 42 56 35 95 18 52 98 15 85 70 28 5 15 19 93 64 69 8 60 55 69 79 9 86 3 5 33 3 2 89 12 88 67 7 75 36 42 2 48 38 2 97 72 28 77 41 80 87 18 6 22 57 61 44 81 97 75 83 28 84 23 22 65 40 72 54 51 16 81 11 19 4 36 36 6 84 3 7 15 50 98 65 72 31 91 43 49 19 10 65 75 77 92 93 21 86 22 44 26 90 32 99 34 97 45 68 16 78 13 84 72 93 59 83 84 79 59 87 40 23 94 71 61 54 19 89 25 26 37 40 8 42 78 25 29 28 92 8 61 76 96 60 38 11 52 52 4 91 16 64 32 47 100 99 19 31 61 11 49 92 18 42 77 73 21 18 6 60 90 8 22 37 70 72 16 61 52 11 7 18 2 30 32 58 80 84 32 33 62 43 21 86 18 85 52 71 3 62 4 89 81 24 33 55 39 1 27 73 2 30 48 57 28 56 51 50 44 75 74 19 83 10 24 61 18 53 49 20 3 78 74 75 15 42 39 83 3 47 2 57 32 51 95 97 58 32 44 8 77 24 49 70 28 7 14 84 11 84 33 38 77 93 60 34 52 95 100 55 94 5 2 4 22 71 42 7 24 54 23 6 15 61 6 55 21 39 94 69 74 22 99 32 99 76 51 80 60 18 81 2 71 4 47 5 71 93 66 48 61 65 74 24 36 63 20 56 94 41 1 55 35 88 79 20 63 49 24 11 43 13 41 96 30 96 36 73 5 33 89 69 27 10 12 91 40 84 38 63 59 38 52 57 14 55 10 1 54 77 62 9 30 64 99 9 55 89 20 70 69 90 20 18 42 42 20 15 37 88 37 85 54 24 90 52 66 32 37 11 53 90 92 88 77 1 13 23 47 80 11 69 21 35 22 48 78 6 29 82 77 28 35 95 30 37 11 70 36 39 44 92 96 7 59 11 53 71 97 46 77 82 10 70 33 9 27 70 43 69 3 1 42 56 98 11 89 36 82 76 63 27 99 47 9 4 99 81 73 86 43 63 81 78 61 20 2 52 65 16 24 60 66 7 6 34 22 40 50 99 15 82 72 20 58 34 6 68 2 30 22 97 80 16 6 65 94 48 36 64 98 34 75 78 19 79 38 74 84 25 65 12 58 79 77 7 36 75 21 8 86 1 24 30 83 96 25 72 100 90 85 69 78
511
33 73 90 78 92 9 73 10 22 38 47 53 38 31 82 2 97 96 35 49 35 56 25 97 2 67 2 28 4 35 63 93 40 88 46 26 81 52 66 79 36 69 27 95 52 7 8 19 93 3 88 40 7 70 17 33 46 35 23 79 68 68 62 15 60 12 20 60 65 12 100 44 65 90 24 16 27 25 26 73 54 73 18 96 34 23 43 10 32 66 81 45 83 78 10 25 84 44 71 81 56 37 60 27 39 15 46 96 75 26 43 70 91 55 66 61 20 61 48 66 88 23 58 5 66 88 41 65 95 92 47 17 15 72 84 10 85 80 25 48 63 84 25 2 59 68 43 89 95 51 18 50 90 3 43 93 57 54 85 72 68 51 2 7 16 19 100 43 21 6 46 66 37 86 45 35 78 90 36 93 60 90 5 13 15 2 68 39 19 64 89 11 55 7 87 9 28 5 45 36 78 75 20 70 100 43 88 30 48 28 23 59 72 9 37 78 46 73 47 67 21 3 73 82 11 75 13 71 69 66 13 27 40 91 9 5 37 55 53 20 59 85 85 46 14 45 82 78 49 55 65 89 89 99 41 70 60 55 13 53 68 41 12 80 5 92 40 40 48 96 69 46 28 89 48 77 76 67 41 20 83 47 16 12 65 52 39 39 92 59 65 10 59 24 60 46 90 33 45 74 28 86 30 26 82 33 87 23 75 66 71 74 35 66 76 34 100 28 9 50 21 2 65 80 75 72 96 26 14 82 90 69 12 37 77 60 49 93 55 38 75 67 80 68 49 78 84 58 16 39 27 4 30 9 58 86 95 12 43 47 4 63 35 95 71 64 50 92 93 18 54 99 98 18 28 85 15 12 90 29 94 78 9 29 39 14 23 42 49 54 63 27 8 43 100 59 4 84 73 24 5 14 75 88 74 91 5 48 81 34 91 100 32 56 6 90 45 76 12 32 13 20 35 67 74 79 15 71 68 73 68 36 31 16 49 90 63 89 89 32 87 38 28 40 96 35 95 10 78 99 55 98 90 90 13 55 30 82 69 90 41 40 89 55 55 7 5 75 58 12 12 30 52 39 61 40 70 54 24 53 51 86 10 83 34 91 34 97 94 6 39 35 53 74 75 25 49 75 54 78 78 39 55 57 62 54 35 45 75 33 97
941
15 32 55 72 48 22 26 32 67 96 33 2 79 15 50 73 86 36 26 57 86 46 8 15 61 75 16 49 42 92 23 20 90 8 24 52 35 73 49 75 56 25 69 39 77 53 86 18 7 95 39 54 10 46 32 4 3 21 58 15 38 51 89 88 40 92 50 68 9 98 60 5 34 40 38 9 86 1 61 7 63 78 95 11 85 11 15 68 52 93 73 95 13 9 47 60 46 60 7 98 1 81 5 48 31 78 44 90 4 83 99 74 3 62 9 79 77 82 81 31 44 85 73 56 27 88 36 74 100 95 80 84 100 33 97 77 50 95 66 88 20 73 5 35 16 26 15 43 4 17 60 33 1 40 78 97 43 89 93 97 96 10 56 78 56 20 15 12 9 51 91 28 82 32 94 35 70 43 1 88 12 10 20 22 72 44 59 27 18 51 57 30 20 38 30 57 39 55 42 87 19 82 62 47 19 30 1 85 99 6 11 15 70 40 68 5 31 74 21 64 44 90 16 96 16 9 72 1 80 87 55 36 36 18 92 39 91 13 7 49 50 9 70 82 5 43 69 55 16 21 84 58 50 72 67 61 57 70 26 43 76 14 24 40 48 68 24 95 36 2 34 7 41 21 31 45 69 96 93 81 60 34 86 10 67 2 5 11 62 16 10 8 26 16 7 97 26 55 45 8 2 53 5 51 64 39 23 90 42 71 61 15 56 27 84 15 70 15 60 35 43 9 33 55 9 42 82 58 87 72 70 35 45 48 12 64 68 81 94 45 35 33 40 84 52 21 41 26 83 24 96 97 65 6 33 43 53 29 42 93 55 27 74 86 87 49 53 83 39 94 27 95 5 2 18 30 61 66 86 96 78 26 93 57 31 4 17 64 94 23 79 52 52 3 28 43 9 74 9 12 35 26 10 57 34 82 27 43 94 27 86 59 19 79 20 88 85 78 17 98 40 48 34 69 6 13 71 43 97 74 95 35 65 29 88 45 69 46 30 31 46 44 100 48 39 55 25 25 50 34 43 99 96 37 56 67 6 64 14 94 5 13 76 16 30 28 52 64 59 48 85 44 99 51 9 33 95 35 98 59 100 93 94 82 29 35 86 61 23 91 76 14 8 24 57 80 27 33 86 50 5 12 81 29 62 96 38 96 17 66 83 10 27 92 43 82 41 52 22 97 44 38 98 92 73 94 19 8 4 47 71 50 34 59 88 30 23 77 51 79 22 50 76 28 4 39 100 89 51 87 71 36 29 30 47 75 55 9 94 32 39 88 16 18 93 10 67 98 12 18 26 95 98 83 43 38 12 20 96 81 96 36 32 37 7 20 43 84 57 84 50 58 17 94 52 48 89 51 84 33 78 64 65 63 61 39 69 42 51 19 84 76 59 54 7 58 75 40 2 58 20 88 98 93 89 61 65 33 64 26 74 1 100 66 34 85 15 61 37 48 51 16 100 36 91 25 38 59 79 79 2 92 26 44 45 13 30 67 58 24 67 67 44 36 44 87 46 87 46 48 52 3 65 5 72 42 79 64 35 21 53 94 11 98 36 18 69 7 93 78 33 48 43 91 45 12 9 28 89 68 90 81 60 17 57 24 17 73 90 65 52 72 88 89 83 100 45 12 51 10 26 78 60 27 67 73 6 87 49 31 91 56 53 11 77 90 72 98 79 39 100 32 5 76 49 52 2 2 43 40 27 84 42 82 44 74 47 17 75 92 34 89 43 72 89 33 14 92 86 81 55 31 94 72 41 15 53 62 68 44 65 68 77 10 61 57 40 46 35 76 21 54 98 39 31 77 60 50 26 39 87 62 32 48 76 75 25 93 95 3 63 30 32 98 13 65 67 73 16 77 8 28 72 44 61 4 24 84 73 36 89 3 21 91 7 87 55 29 72 25 41 63 5 87 40 39 59 32 97 29 42 79 24 98 26 52 83 97 18 85 82 8 99 34 86 70 75 90 3 61 20 87 6 17 3 84 9 46 36 26 41 68 97 78 10 7 65 71 53 22 15 98 56 63 79 37 15 33 49 42 31 60 46 89 11 65 16 39 48 91 89 17 15 77 70 60 16 96 5 13 58 85 12 70 64 84 9 1 90 64 28 61 11 81 99 91 66 43 80 26 9
649
4 86 45 34 91 49 46 42 38 29 2 13 73 7 91 15 72 1 74 5 7 61 34 77 21 15 4 22 39 79 6 81 54 95 19 25 65 49 7 40 75 88 2 62 41 35 97 10 34 97 30 3 90 87 86 6 22 87 77 60 84 71 46 98 19 15 87 60 84 100 4 60 74 57 88 9 28 12 65 76 14 3 9 42 91 92 51 62 52 78 48 81 25 15 79 89 13 91 60 22 84 32 75 78 88 58 81 28 76 70 66 4 83 82 8 63 33 28 41 42 10 69 59 87 9 70 6 41 7 97 50 20 16 82 20 62 54 28 86 48 46 72 35 46 64 68 89 39 53 15 77 34 92 24 79 93 38 71 87 90 95 2 82 68 58 14 25 98 49 61 66 27 4 18 100 2 20 26 81 86 16 50 77 5 41 92 71 8 4 61 58 64 76 52 65 12 81 92 60 46 90 78 29 58 58 90 24 44 68 74 74 56 62 38 25 51 76 30 46 58 99 47 63 56 71 5 92 65 31 27 24 25 22 46 43 10 45 40 84 12 64 1 16 10 43 76 70 68 60 1 34 64 71 82 65 96 55 74 95 74 13 76 14 77 32 84 79 14 44 78 18 30 2 22 24 60 37 11 55 61 9 24 83 39 53 84 1 68 99 97 35 38 77 60 75 19 81 35 75 71 86 55 63 27 3 39 25 92 79 74 52 62 95 90 3 62 73 36 6 12 79 59 10 56 69 8 74 84 76 18 95 79 31 84 36 52 33 55 61 55 61 99 41 37 83 62 22 96 91 37 73 17 94 61 2 6 57 84 84 7 99 73 11 29 57 42 21 55 49 97 54 86 98 63 2 16 53 38 19 29 88 40 74 56 7 93 55 10 16 19 46 65 44 47 16 43 51 3 79 49 38 91 28 13 78 4 21 97 98 15 47 22 65 19 70 33 74 29 88 64 93 27 89 6 14 97 77 90 86 28 33 70 9 45 21 74 60 89 73 31 76 57 100 25 8 64 1 97 4 100 29 26 16 86 91 97 60 13 19 10 86 92 63 9 11 54 91 33 14 65 59 72 80 75 51 29 46 15 36 77 8 98 91 89 61 5 44 2 11 27 14 54 78 61 22 82 92 98 90 28 26 38 55 60 29 76 89 96 5 54 72 38 21 11 62 37 11 90 93 58 8 57 9 30 40 27 91 32 21 89 19 29 98 55 70 76 17 79 93 40 36 78 18 74 89 77 32 45 60 52 39 8 61 61 9 35 4 7 81 16 78 93 15 61 4 91 76 1 64 46 52 92 35 73 84 16 56 89 27 45 99 47 33 47 8 44 27 33 29 7 54 82 34 24 60 14 50 8 68 20 17 77 24 83 44 52 41 95 41 56 33 76 76 69 49 92 48 43 30 21 9 20 82 18 24 48 76 89 32 2 31 45 23 5 98 10 53 3 98 4 91 90 30 45 77 49 32 81 33
991
73 100 21 33 11 86 50 30 63 52 70 12 79 99 81 88 34 28 1 47 58 40 32 22 4 8 64 66 82 27 17 84 96 14 21 76 81 45 67 76 54 72 20 72 11 96 28 84 56 51 67 35 47 14 20 4 70 84 26 90 70 22 61 12 2 10 45 38 40 3 88 31 72 96 1 40 29 68 60 37 9 61 46 83 3 88 93 98 55 42 89 72 31 60 19 1 84 56 57 15 60 88 24 75 72 43 30 18 45 31 66 57 33 82 49 21 74 93 16 3 72 67 90 40 66 72 94 47 93 15 96 51 73 43 35 53 79 39 46 2 93 76 41 86 26 57 53 67 14 35 70 84 72 81 52 43 9 90 65 3 13 64 67 45 19 96 36 18 98 79 14 58 71 29 24 8 77 17 86 8 8 88 11 18 58 94 2 91 92 2 94 36 82 68 10 57 90 85 15 29 98 69 62 28 55 20 51 47 94 88 49 4 21 5 91 56 54 40 37 5 33 68 23 91 40 79 29 18 25 18 34 82 26 18 31 80 4 87 69 60 11 9 92 22 16 11 18 68 15 22 48 81 1 71 54 6 34 15 61 72 74 98 3 12 66 74 69 8 32 45 21 40 60 42 46 29 25 87 57 58 45 58 3 37 6 14 99 85 55 33 54 40 23 95 6 90 4 33 32 62 87 36 2 11 92 62 55 82 55 37 42 87 35 5 38 72 3 25 28 76 15 58 4 55 84 64 59 48 58 79 8 69 82 33 81 24 33 13 34 96 19 26 58 51 37 87 79 26 32 46 27 28 10 40 77 85 8 78 23 16 42 3 85 63 64 39 28 53 77 44 31 44 11 60 58 43 73 28 63 27 17 5 5 21 8 25 25 19 9 65 68 47 53 53 40 24 29 34 17 48 58 46 42 41 53 26 55 41 61 86 98 52 33 90 39 8 53 49 74 84 30 6 3 77 67 91 88 65 19 37 17 78 98 25 100 35 70 17 98 66 34 64 23 58 10 66 74 65 68 17 1 76 29 41 16 30 45 62 3 26 9 81 53 76 30 7 48 19 12 47 78 4 63 45 91 100 40 77 18 79 6 82 85 83 26 30 56 4 17 90 80 30 19 62 91 82 21 72 76 70 26 75 48 77 68 76 72 36 65 39 60 3 22 60 13 20 96 27 71 14 52 42 29 52 14 80 17 38 95 76 55 28 81 47 4 10 68 74 27 51 58 18 16 87 71 10 57 18 6 99 42 14 82 99 4 45 57 91 29 3 5 60 17 48 13 38 24 37 34 51 51 93 27 2 63 43 60 46 30 73 57 9 55 37 44 25 15 16 90 53 52 7 70 69 16 25 98 97 9 64 92 93 75 88 17 13 13 73 66 70 34 72 29 21 45 92 92 16 13 2 69 49 15 87 96 71 38 18 41 60 27 51 11 20 10 14 70 94 87 92 83 17 21 53 70 3 21 29 17 40 75 93 18 62 47 99 2 52 94 55 4 25 40 83 94 74 88 29 10 75 60 24 24 29 33 99 26 22 89 3 99 37 61 56 26 1 97 47 66 85 50 86 34 5 58 27 77 96 39 1 35 75 67 63 42 89 87 17 3 63 66 52 31 34 7 78 13 87 47 100 50 3 57 54 25 66 64 3 21 97 49 74 45 13 71 100 20 22 87 21 23 72 95 3 44 23 40 43 43 91 95 32 79 73 35 56 49 11 53 13 28 76 74 88 68 16 3 9 87 98 16 25 16 46 78 46 91 13 75 7 23 72 37 68 22 40 97 50 96 9 95 17 71 83 7 81 95 28 31 24 75 86 10 12 84 83 76 25 52 45 52 82 95 42 76 24 34 36 34 48 11 16 71 64 36 95 4 2 52 85 93 90 17 39 67 48 33 75 43 87 70 8 83 61 35 68 30 98 3 89 38 61 78 7 55 51 24 83 65 5 28 69 95 13 64 13 75 12 27 71 54 80 7 73 23 79 2 4 4 93 44 80 22 15 37 42 34 97 80 99 86 15 47 10 1 10 12 81 64 61 40 99 29 54 67 6 18 58 91 45 1 61 29 99 42 31 31 64 6 99 40 71 93 8 100 67 51 15 30 20 81 14 1 19 28 70 27 80 65 87 13 47 63 95 99 56 17 5 28 36 97 28 17 75 99 7 8 52 59 56 1 36 50 100 11 41 12 47 58 100 5 59 81 99 80 44 83 16 66 55 6 8 74 67 55 11 76 77 8 29 52
698
15 28 63 68 97 33 84 90 27 64 98 99 52 59 7 65 73 39 12 8 77 13 19 27 63 54 4 25 94 85 3 53 54 53 26 53 55 88 2 60 85 90 84 83 48 86 31 39 35 7 97 52 27 84 45 74 18 13 40 73 41 26 16 48 36 29 10 8 22 98 22 12 87 26 93 85 38 95 45 3 73 63 38 73 76 93 37 48 53 50 13 60 96 15 1 52 3 26 59 76 76 44 43 36 93 70 25 5 53 17 100 15 5 56 96 95 28 89 91 76 39 98 91 9 25 39 45 18 23 70 36 23 42 43 96 15 64 43 17 45 1 51 82 96 78 18 5 48 53 98 7 68 1 86 82 22 51 25 70 61 87 85 58 96 1 70 52 15 36 32 92 24 22 20 48 83 66 69 16 21 64 81 84 62 32 82 69 58 18 89 11 90 12 99 29 55 47 36 22 88 33 64 41 41 22 78 84 90 34 91 2 32 46 18 8 100 93 87 68 14 84 42 3 2 31 47 55 9 41 18 18 77 61 25 40 64 25 53 51 12 3 29 44 7 71 59 94 40 82 70 32 91 88 88 4 56 75 24 10 12 73 16 41 22 17 86 3 91 79 22 82 22 79 100 70 42 26 7 85 40 49 95 48 52 40 54 81 10 27 4 80 69 36 55 69 32 63 97 29 16 89 66 27 78 1 24 95 24 28 20 100 67 29 12 30 98 99 85 41 42 67 100 82 100 12 80 27 21 17 65 82 13 90 39 28 71 62 54 29 78 32 47 39 98 30 40 2 47 19 55 70 66 26 18 79 36 37 5 64 4 47 2 31 35 1 22 63 23 79 81 50 44 93 52 82 25 7 44 28 58 37 33 32 65 35 5 62 43 4 51 86 83 51 55 17 27 45 15 39 10 37 38 92 12 19 90 13 64 99 76 27 78 76 65 12 98 47 17 42 89 62 65 52 82 83 33 68 48 95 21 97 54 29 21 36 45 31 88 81 59 29 100 98 89 95 63 84 70 90 95 54 7 72 36 84 11 56 84 51 34 18 66 10 99 42 41 94 4 77 75 77 9 81 66 14 9 24 37 2 40 11 40 89 99 65 69 67 46 12 27 41 95 16 8 16 54 82 39 99 41 14 92 57 43 88 25 86 95 57 3 65 88 92 94 65 77 54 9 14 18 19 78 22 26 26 83 14 73 27 70 37 61 31 65 78 58 42 54 47 61 96 13 3 60 42 18 97 65 86 91 9 54 8 9 36 68 8 1 66 70 68 17 66 25 2 51 34 100 95 61 87 5 3 9 20 17 12 64 23 8 60 40 99 35 57 7 84 87 32 62 72 57 30 100 79 44 55 2 95 52 50 100 23 38 12 47 73 90 94 58 4 13 52 7 92 47 43 86 11 66 35 4 5 26 48 81 95 50 91 3 26 91 33 33 95 87 1 54 14 51 31 51 69 45 51 22 16 53 99 92 96 5 96 42 72 64 88 5 87 98 37 5 16 35 89 85 89 60 22 2 25 15 9 51 56 61 71 5 61 84 64 50 90 8 44 83 56 96 63 81 15 97 52 34 60 67 98 91
710
75 58 22 33 25 23 24 45 52 37 30 25 38 84 89 52 59 28 93 33 23 25 52 32 100 59 84 19 28 38 83 16 84 8 26 67 79 9 4 91 7 40 31 21 24 31 29 14 28 76 87 86 10 7 77 70 67 13 75 14 74 35 61 68 82 6 47 18 79 1 55 65 7 92 55 88 72 82 77 100 27 31 26 100 34 93 46 47 52 98 17 89 93 51 30 37 22 45 21 43 64 29 30 1 28 85 18 58 84 70 19 20 42 32 28 9 4 62 88 13 65 62 66 65 39 31 65 91 81 17 55 56 6 1 48 72 2 86 57 61 97 2 26 4 92 19 87 59 3 18 53 25 15 40 100 92 69 23 78 81 24 8 41 8 38 16 62 77 49 79 49 31 10 29 4 25 58 80 29 13 2 25 27 84 49 22 95 89 87 84 30 35 46 6 98 2 34 19 6 8 21 3 10 54 79 100 59 31 99 56 99 78 87 48 61 41 75 95 60 88 24 56 53 8 25 58 100 22 85 18 99 56 48 13 51 52 94 75 47 84 1 19 65 51 42 87 21 89 98 59 60 85 96 63 98 60 37 35 60 86 91 90 88 65 89 23 2 16 74 3 77 90 85 46 20 51 99 34 54 98 89 75 78 49 83 84 13 23 6 95 97 10 63 91 9 89 49 45 59 84 43 31 45 78 51 61 50 82 74 64 90 34 76 81 84 2 8 54 3 33 14 24 6 47 64 90 45 77 28 52 64 74 31 39 57 44 87 41 85 87 32 7 50 80 95 8 14 12 67 8 22 69 19 26 28 47 82 47 99 9 99 95 27 74 14 57 34 13 66 30 90 91 100 89 76 78 17 46 35 82 11 64 25 97 58 32 18 22 19 18 56 7 48 39 89 37 9 90 31 8 44 86 39 80 87 47 96 5 93 93 12 24 43 72 98 76 34 23 91 39 17 26 84 41 98 82 58 36 93 24 46 36 54 92 95 58 29 6 56 48 98 51 27 10 78 81 61 49 79 75 8 49 76 10 24 15 69 73 12 3 79 2 92 66 43 19 11 70 32 20 10 81 56 52 61 50 4 91 31 52 71 20 13 10 88 21 73 35 33 46 88 20 64 96 57 39 77 34 50 78 28 67 64 100 79 83 57 50 46 81 22 25 69 97 27 82 58 50 56 81 88 18 77 55 20 13 34 28 69 10 5 67 98 44 71 88 61 66 54 68 60 26 54 100 2 43 57 65 24 54 99 33 75 66 69 9 14 11 71 86 4 23 97 14 93 51 87 62 18 74 2 90 100 13 41 3 35 93 32 86 59 87 62 85 49 56 45 70 19 100 94 72 28 5 84 89 91 92 94 97 35 10 48 99 82 57 18 50 84 54 37 40 1 3 73 41 97 55 56 70 64 25 72 97 70 77 98 47 74 24 81 23 41 57 100 57 22 92 46 3 81 76 70 88 85 51 23 95 2 57 83 93 50 84 24 90 67 90 72 91 80 14 27 21 38 40 84 93 63 93 33 28 55 89 10 66 66 5 63 45 36 76 55 40 32 68 1 95 74 25 48 83 50 91 91 68 24 22 13 90 92 39 47 71 11 71 15 1 72 83
892
77 70 98 87 27 63 81 96 58 29 95 57 75 63 85 7 14 49 84 12 13 93 53 33 27 38 43 48 24 58 63 76 17 83 85 30 17 72 17 54 13 55 19 51 64 39 5 30 92 51 43 45 1 6 32 20 52 37 61 74 76 73 11 63 100 48 98 41 39 60 31 77 9 67 39 94 99 30 21 48 2 19 56 53 9 3 60 13 69 34 74 38 2 12 53 61 37 90 78 22 84 85 65 99 54 96 46 56 81 52 69 12 4 10 14 88 13 78 70 24 74 79 9 86 90 18 41 14 75 39 8 47 24 61 71 68 14 59 92 2 46 80 57 62 45 37 20 1 28 74 23 16 52 21 53 97 98 18 10 58 94 98 60 44 49 32 68 49 97 88 31 69 69 50 9 72 19 43 62 57 44 35 24 27 75 51 91 80 22 6 69 97 12 77 68 55 65 33 5 80 81 65 74 76 9 96 72 46 3 29 44 90 21 2 72 31 14 98 3 13 8 100 16 39 94 51 14 34 80 10 3 66 70 72 22 79 59 57 31 34 4 33 10 8 70 75 79 24 59 43 30 79 60 92 43 95 89 52 20 29 26 85 11 30 68 20 48 89 33 8 36 97 66 5 54 14 78 82 80 42 66 39 28 70 75 92 94 48 17 12 10 67 76 97 87 21 32 42 3 21 90 2 99 93 25 37 72 51 55 94 35 65 71 8 55 13 54 79 80 78 58 100 95 66 40 56 42 53 4 42 100 7 52 20 53 45 49 16 14 43 38 58 56 49 84 3 33 46 16 38 98 71 50 70 33 20 50 15 51 80 61 30 43 85 84 54 22 34 31 30 88 13 20 42 84 32 92 21 48 99 76 24 9 86 14 4 87 57 13 51 33 46 18 9 7 56 13 74 76 56 93 27 52 40 66 28 25 46 16 39 53 70 68 10 14 67 10 71 100 72 99 91 52 98 88 8 66 66 58 55 39 2 87 5 85 48 4 49 27 39 40 75 20 28 23 25 72 11 70 73 63 6 64 99 97 98 5 2 44 20 4 92 75 43 57 7 84 74 45 9 25 94 58 85 31 75 72 44 61 62 28 57 68 83 78 75 15 30 67 33 96 88 40 43 56 71 79 61 8 47 89 29 3 97 52 90 28 22 12 91 45 36 36 33 9 95 100 76 57 49 40 36 54 89 43 33 44 75 60 96 82 55 23 94 82 4 46 60 50 66 96 73 93 32 32 74 88 37 48 4 47 2 18 97 35 52 46 92 44 49 78 55 26 97 97 64 86 2 36 3 38 87 61 61 36 5 45 23 53 35 81 37 56 19 59 99 33 13 48 60 23 81 66 49 88 91 47 30 43 30 76 45 36 32 48 62 66 57 69 11 99 25 9 18 24 64 11 53 38 60 50 10 3 74 75 25 100 18 40 26 11 25 92 53 28 10 11 85 99 85 28 1 24 20 74 94 22 90 74 59 70 3 100 68 91 71 47 45 62 70 77 4 17 35 76 21 89 65 63 15 87 11 10 61 23 94 3 19 5 44 36 59 2 71 58 15 52 56 37 33 72 30 36 42 38 10 94 16 12 87 32 85 14 91 34 68 2 38 27 53 55 69 48 88 74 69 41 28 35 31 34 51 87 67 77 73 61 75 13 58 10 57 1 78 73 56 19 27 55 64 58 29 34 35 45 95 78 72 60 82 7 85 84 80 55 87 52 8 88 54 4 72 84 59 53 25 38 89 65 98 99 100 74 3 11 71 43 41 41 88 43 21 47 48 84 94 33 98 14 78 74 10 14 49 52 37 39 84 48 30 14 30 7 99 79 65 82 40 17 30 62 50 92 26 68 29 93 94 27 39 99 58 84 24 46 99 35 7 36 27 24 2 88 24 28 93 79 45 62 77 43 61 14 66 31 94 14 1 93 14 55 27 91 66 18 34 8 90 74 48 50 56 26 65 74 19 92 24 78 24 55 25 81 77 5 48 25 30 87 37 14 87 22 24 42 58 19 73 42 85 56 7
761
92 4 28 3 93 7 1 44 71 32 66 50 96 36 23 72 18 14 35 92 33 6 26 68 7 89 88 100 33 55 56 57 24 99 20 88 18 99 7 61 60 43 48 52 43 67 4 34 29 23 19 41 23 94 55 65 52 49 57 44 91 80 21 79 56 99 54 91 58 96 96 53 74 3 70 84 57 2 76 92 23 87 16 9 45 48 37 34 72 67 13 37 71 95 43 89 42 19 19 20 35 97 53 6 57 44 57 95 84 6 53 51 43 52 73 84 41 81 70 47 31 36 48 90 21 81 33 97 88 26 56 98 87 89 62 92 74 55 94 67 81 13 91 26 71 50 25 20 39 25 7 86 63 42 33 68 21 47 36 11 63 85 64 67 69 68 36 45 10 4 96 61 18 25 42 15 73 66 59 15 26 84 25 54 90 36 73 84 69 91 79 21 3 9 84 18 97 24 68 48 63 51 16 7 69 95 98 42 97 81 15 98 87 3 85 40 38 95 73 19 11 90 39 53 93 82 99 76 82 37 80 99 8 68 1 89 76 26 35 3 4 1 87 34 27 45 29 57 29 54 31 3 43 61 54 51 19 1 86 91 34 29 44 57 4 87 60 33 66 43 27 53 36 37 4 43 98 88 68 11 87 89 21 71 100 43 68 65 91 49 21 16 82 93 1 1 70 55 75 34 83 35 18 12 69 82 87 72 41 99 30 10 22 13 61 67 54 21 27 78 87 17 12 59 45 13 66 63 74 81 26 97 32 78 94 90 5 44 38 22 70 14 43 32 8 29 67 56 76 69 34 83 44 95 9 56 100 57 28 25 80 92 73 98 95 86 63 74 21 22 77 23 81 85 22 44 89 97 39 44 90 75 64 8 79 50 21 47 18 64 70 50 97 9 19 34 1 31 75 81 44 20 71 46 71 15 43 85 20 5 52 37 86 21 87 91 48 25 8 73 45 82 49 39 31 32 10 17 30 37 16 89 96 55 99 39 69 63 60 22 62 91 15 9 23 78 49 27 28 45 69 61 73 23 30 68 40 43 51 71 97 39 9 88 83 27 84 1 55 84 59 22 98 45 28 16 84 32 80 40 94 97 61 93 59 30 69 79 57 48 92 44 26 93 75 60 15 22 85 91 18 15 36 89 48 53 90 16 21 67 21 78 47 82 82 100 66 45 67 71 50 56 66 55 63 33 76 61 32 48 64 20 7 14 72 27 8 93 67 61 100 41 19 64 14 17 29 36 19 52 76 95 13 57 60 81 81 94 26 33 17 82 25 92 47 96 53 31 42 34 73 47 43 51 18 32 92 79 24 90 99 34 1 97 3 5 87 81 73 53 58 76 3 33 55 65 71 10 26 24 73 70 98 4 37 87 21 92 32 58 66 18 18 45 85 99 89 72 24 9 56 41 94 43 92 99 54 74 39 98 48 69 6 53 41 27 64 85 36 62 33 55 55 64 12 59 78 52 14 65 79 17 40 5 7 75 8 61 37 54 98 18 50 85 45 14 59 37 46 74 42 37 37 67 58 9 14 22 29 42 24 37 46 17 8 52 93 96 86 10 53 9 14 70 21 74 72 31 6 76 36 19 51 27 23 11 87 60 93 72 31 60 66 76 60 31 43 97 92 66 77 29 88 65 96 90 46 90 20 80 96 74 12 6 5 5 46 39 85 7 33 98 4 72 16 92 15 76 51 86 34 61 42 87 16 13 78 1 56 23 8
575
44 99 39 6 77 10 95 9 24 89 57 70 55 81 18 1 57 18 85 57 20 86 50 40 39 13 89 36 82 17 43 39 92 89 64 74 98 21 93 22 1 87 15 67 11 22 16 44 75 8 15 65 94 76 20 4 43 29 84 8 50 76 61 80 69 41 59 77 2 72 89 77 79 16 7 60 72 41 79 43 27 53 24 66 56 1 64 41 10 20 7 70 54 56 78 54 45 57 100 69 74 64 57 34 11 13 41 38 15 41 80 62 43 23 83 31 12 45 58 76 48 67 93 71 19 73 87 76 82 4 49 39 81 52 89 6 35 33 65 25 79 45 5 81 19 96 36 34 42 99 59 79 60 85 73 27 69 31 24 61 33 13 12 46 39 80 76 24 33 25 77 1 25 66 49 47 80 57 33 15 57 8 6 98 55 52 61 61 60 11 1 34 11 24 20 8 35 15 68 5 66 10 88 90 88 49 68 12 14 2 11 47 26 28 22 38 94 83 56 83 50 58 65 61 45 56 24 100 4 59 98 13 11 47 95 64 94 37 28 45 13 73 18 58 12 56 42 7 75 28 88 3 67 24 27 5 85 100 12 42 40 20 43 62 36 24 97 95 98 67 55 10 97 15 21 52 73 73 81 67 45 49 4 95 2 23 41 26 10 69 18 86 32 34 84 74 60 31 28 6 64 88 85 64 70 35 68 59 100 84 64 96 41 68 16 25 59 99 43 82 56 77 16 13 27 46 25 25 29 29 60 12 63 31 38 20 6 7 22 32 45 84 44 28 86 52 99 42 72 39 64 30 83 20 40 96 99 27 75 52 84 100 30 35 55 53 82 88 94 61 33 5 9 52 25 53 90 10 95 67 11 99 55 64 81 73 16 86 50 77 8 73 3 6 52 26 74 2 76 63 93 25 67 17 22 35 99 86 68 86 11 53 9 90 61 83 73 68 100 10 84 96 13 21 86 29 96 10 25 7 52 44 87 50 49 29 30 37 99 54 88 22 92 26 72 14 85 84 4 95 88 79 88 9 25 2 55 35 64 2 38 57 18 99 22 13 16 24 4 32 91 69 1 81 26 16 2 70 26 7 90 63 27 97 55 64 16 63 77 49 70 43 73 55 56 98 61 49 79 26 88 69 91 24 92 67 99 35 31 45 17 3 95 47 56 2 24 49 51 97 96 81 64 96 63 37 63 28 48 9 5 1 87 35 82 100 28 7 98 56 68 2 83 72 48 37 31 92 50 89 99 35 68 4 28 11 15 36 97 98 76 29 97 25 79 71 83 32 85 75 30 32 90 40 57
505
51 59 84 16 13 41 68 68 35 13 66 9 38 50 38 22 81 18 86 88 76 2 82 20 58 29 10 16 63 37 17 18 32 80 19 5 78 78 71 98 43 47 87 58 51 92 39 16 13 57 74 18 27 19 93 7 64 98 40 91 46 52 7 4 78 65 22 12 60 59 85 41 13 37 8 63 1 59 81 15 28 60 42 21 98 62 100 9 26 54 25 67 37 39 44 92 28 52 8 94 99 13 38 100 20 62 2 52 2 83 62 20 17 58 22 16 21 61 65 17 62 57 19 50 28 34 4 44 81 3 49 87 23 74 5 53 54 46 100 7 63 63 4 28 43 96 76 34 90 28 28 36 52 46 28 80 86 8 9 66 28 31 11 41 47 79 45 5 58 56 51 97 43 4 10 91 36 64 29 44 76 43 45 75 19 84 14 67 41 65 84 37 16 85 1 81 71 54 28 84 51 43 52 48 17 75 36 60 32 11 5 20 88 86 45 86 55 12 80 92 47 90 68 20 39 69 55 61 30 71 50 62 95 97 95 91 99 36 100 34 76 45 34 18 19 48 44 65 78 100 61 22 56 56 39 44 68 88 49 94 42 51 4 17 63 26 53 19 72 96 67 25 97 44 41 2 82 65 91 4 79 8 83 58 17 93 95 96 11 13 96 10 8 1 97 31 2 14 46 25 47 27 73 60 70 48 72 42 30 2 66 99 60 32 31 11 57 21 95 36 82 37 15 63 82 74 30 52 11 46 59 77 34 18 5 4 63 77 39 31 26 12 27 32 58 57 80 90 3 26 3 80 68 12 99 56 56 18 3 3 71 78 13 96 88 74 19 22 46 90 84 59 51 31 25 21 75 1 100 48 78 92 50 74 50 63 15 8 41 36 97 92 96 46 65 11 2 94 83 98 19 90 76 45 51 4 47 25 27 17 78 97 88 54 71 61 99 14 61 96 68 94 93 75 78 1 62 36 74 18 41 25 100 33 2 79 26 29 27 66 87 19 14 55 52 18 40 88 52 81 89 58 43 10 23 37 53 97 14 13 42 1 95 58 93 49 44 28 100 71 13 25 3 21 11 26 18 26 14 83 84 94 33 57 57 86 26 86 83 95 6 98 13 1 94 54 57 99 28 9 55 73 35 38 97
