144011: 1
253243: 1
294063: 1
459085: 1
603531: 1
727247: 1
867733: 1
888600: 1
1087896: 1
1202326: 1
1210454: 1
1211468: 1
1222680: 1
1423163: 1
1578715: 1
1625798: 1
1748670: 1
1819123: 1
1861036: 1
2062300: 1
2432873: 1
2437302: 1
2738754: 1
2794930: 1
3160887: 1
3195426: 1
3329825: 1
3412267: 1
3472435: 1
3541483: 1
3603949: 1
3634068: 1
3668499: 1
3808792: 1
4050358: 1
4199881: 1
4239280: 1
4319678: 1
4377396: 1
4436586: 1
4486599: 1
4574523: 1
4583619: 1
4844175: 1
4849491: 1
4917164: 1
4935650: 1
5195803: 1
5256141: 1
5357545: 1
5399649: 1
5453895: 1
5536602: 1
5557615: 1
5850082: 1
5907670: 1
5935905: 1
6009531: 1
6081806: 1
6170264: 1
6280435: 1
6357481: 1
6394925: 1
6491672: 1
6537628: 1
6540075: 1
6561948: 1
6671658: 1
6925007: 1
6997995: 1
7031331: 1
7097848: 1
7299074: 1
7362582: 1
7383726: 1
7587990: 1
7614321: 1
7682638: 1
7788497: 1
7852651: 1
7927852: 1
7978520: 1
7983405: 1
8046036: 1
8149351: 1
8324775: 1
8506306: 1
8512754: 1
8834100: 1
8862304: 1
8890718: 1
9242431: 1
9316944: 1
9397920: 1
9497859: 1
9545854: 1
9576638: 1
9594669: 1
9750480: 1
9757157: 1
9769358: 1
9796624: 1
9884438: 1
9954118: 1
10033958: 1
10091290: 1
10373144: 1
10524349: 1
10566077: 1
10592031: 1
10827617: 1
10869821: 1
10886762: 1
10908485: 1
10996583: 1
11096340: 1
11199782: 1
11252844: 1
11328458: 1
11847857: 1
12001083: 1
12039900: 1
12187836: 1
12417412: 1
12417431: 1
12502909: 1
12518655: 1
12528610: 1
12630565: 1
12693237: 1
12708152: 1
12770398: 1
12785328: 1
13299478: 1
13303896: 1
13453363: 1
13554060: 1
13557399: 1
13566207: 1
13769602: 1
13819551: 1
14113535: 1
14500495: 1
14504871: 1
14547203: 1
14583202: 1
14591298: 1
14669873: 1
14756952: 1
14768741: 1
14835479: 1
14839070: 1
14892359: 1
15147407: 1
15175786: 1
15256952: 1
15286244: 1
15450040: 1
15728897: 1
15745633: 1
15810871: 1
15813197: 1
15934747: 1
16068762: 1
16190774: 1
16235996: 1
16329788: 1
16446327: 1
16450985: 1
16488892: 1
16490869: 1
16598238: 1
16790412: 1
16864409: 1
16984607: 1
16995481: 1
17192438: 1
17193883: 1
17278192: 1
17326888: 1
17369015: 1
17489713: 1
17544097: 1
17562348: 1
17617773: 1
17745840: 1
17791913: 1
17895587: 1
17946507: 1
17950124: 1
17961139: 1
17978030: 1
17994955: 1
18023177: 1
18073727: 1
18104669: 1
18111027: 1
18120915: 1
18182925: 1
18410240: 1
18487863: 1
18553019: 1
18780857: 1
18948557: 1
19132181: 1
19149666: 1
19322047: 1
19337663: 1
19378843: 1
19398842: 1
19496504: 1
19558141: 1
19665267: 1
19689567: 1
19782766: 1
19871668: 1
19912627: 1
19936154: 1
20023625: 1
20162891: 1
20194413: 1
20206632: 1
20248240: 1
20270106: 1
20287492: 1
20390778: 1
20674756: 1
20754118: 1
20896073: 1
20922527: 1
20988086: 1
21002561: 1
21184167: 1
21237251: 1
21443011: 1
21521965: 1
21638130: 1
21667233: 1
21739305: 1
21844294: 1
21935590: 1
22022378: 1
22034613: 1
22035853: 1
22047087: 1
22066389: 1
22170723: 1
22235888: 1
22238712: 1
22293718: 1
22441311: 1
22623761: 1
22725421: 1
22768519: 1
23278640: 1
23420214: 1
23454814: 1
23510924: 1
23658058: 1
23676008: 1
23679174: 1
23803353: 1
23920061: 1
24067127: 1
24126179: 1
24188067: 1
24189985: 1
24211751: 1
24291610: 1
24297788: 1
24391807: 1
24456486: 1
24678267: 1
24818339: 1
24909076: 1
24993759: 1
25082346: 1
25186709: 1
25200637: 1
25334260: 1
25446793: 1
25489439: 1
25555693: 1
25876856: 1
25939512: 1
25945506: 1
26177750: 1
26222506: 1
26237631: 1
26253714: 1
26269746: 1
26290807: 1
26345686: 1
26793776: 1
26805923: 1
27034431: 1
27140692: 1
27156396: 1
27273322: 1
27301104: 1
27407226: 1
27621810: 1
27738858: 1
27758190: 1
27809582: 1
27891071: 1
27933614: 1
27966987: 1
27982362: 1
28006576: 1
28033922: 1
28237460: 1
28570558: 1
28765953: 1
28903797: 1
28981754: 1
29183477: 1
29233831: 1
29238700: 1
29313048: 1
29343429: 1
29472981: 1
29477991: 1
29685480: 1
29690548: 1
29828224: 1
29857014: 1
29913927: 1
30079995: 1
30136355: 1
30226226: 1
30582260: 1
30601923: 1
30633699: 1
30686363: 1
30788235: 1
30915787: 1
31126489: 1
31224980: 1
31252743: 1
31313428: 1
31483271: 1
31549566: 1
32141711: 1
32192068: 1
32196945: 1
32321783: 1
32344887: 1
32458781: 1
32529271: 1
32580593: 1
32642977: 1
32666614: 1
32688561: 1
33000804: 1
33033356: 1
33097713: 1
33162878: 1
33163506: 1
33198618: 1
33294753: 1
33340895: 1
33419502: 1
33447058: 1
33509858: 1
33576068: 1
33662566: 1
33810995: 1
33821034: 1
33995773: 1
34120020: 1
34249705: 1
34352955: 1
34421662: 1
34768765: 1
34807480: 1
34837463: 1
34903814: 1
34913285: 1
35248553: 1
35450053: 1
35463286: 1
35468377: 1
35763091: 1
35934613: 1
35959621: 1
36204459: 1
36432431: 1
36470228: 1
36763812: 1
36871761: 1
36952486: 1
37091551: 1
37242934: 1
37248688: 1
37249015: 1
37336358: 1
37392467: 1
37401784: 1
37426754: 1
37472739: 1
37509870: 1
37565028: 1
37756851: 1
37812322: 1
38004235: 1
38113556: 1
38202694: 1
38549226: 1
38653513: 1
38675584: 1
38736682: 1
38849022: 1
38865198: 1
38980829: 1
39095942: 1
39219694: 1
39236758: 1
39288710: 1
39303287: 1
39305463: 1
39311961: 1
39450762: 1
39628097: 1
39640636: 1
39722285: 1
39748129: 1
40004844: 1
40092497: 1
40128692: 1
40135241: 1
40136204: 1
40145790: 1
40197092: 1
40324148: 1
40611415: 1
40686179: 1
40954767: 1
41040882: 1
41177183: 1
41227600: 1
41364914: 1
41616689: 1
41632903: 1
41652415: 1
41679662: 1
41743503: 1
41995612: 1
42035834: 1
42173811: 1
42203876: 1
42224070: 1
42259275: 1
42322095: 1
42336713: 1
42583887: 1
42663190: 1
42858116: 1
42894589: 1
42974260: 1
43043894: 1
43053685: 1
43149316: 1
43162931: 1
43998569: 1
44026000: 1
44051453: 1
44155368: 1
44259989: 1
44273747: 1
44280143: 1
44618201: 1
44887178: 1
44948300: 1
44956155: 1
44979486: 1
45069633: 1
45243294: 1
45283855: 1
45286766: 1
45448737: 1
45466715: 1
45467069: 1
45480866: 1
45496920: 1
45559215: 1
45740350: 1
45877143: 1
45995712: 1
46040846: 1
46138844: 1
46218222: 1
46302151: 1
46352945: 1
46525684: 1
46549670: 1
46679939: 1
46729505: 1
46887909: 1
47055944: 1
47103860: 1
47143201: 1
47406269: 1
47442816: 1
47728136: 1
47810890: 1
47817074: 1
47893021: 1
48044681: 1
48107739: 1
48131221: 1
48150503: 1
48167645: 1
48269198: 1
48292624: 1
48379061: 1
48989025: 1
49069342: 1
49111394: 1
49395691: 1
49466905: 1
49469212: 1
49544305: 1
49549968: 1
49884343: 1
50102229: 1
50132860: 1
50134588: 1
50205800: 1
50208819: 1
50303874: 1
50527040: 1
50690936: 1
50839522: 1
50945210: 1
51007256: 1
51243950: 1
51304384: 1
51361845: 1
51391568: 1
51661969: 1
51796233: 1
51841030: 1
52057118: 1
52081180: 1
52117369: 1
52286955: 1
52297257: 1
52297492: 1
52559157: 1
52630148: 1
52645464: 1
52778527: 1
52922433: 1
52941385: 1
52975738: 1
53277018: 1
53425800: 1
53467651: 1
53590371: 1
53702857: 1
53808833: 1
53945468: 1
54178587: 1
54242713: 1
54365631: 1
54725944: 1
54775443: 1
54938133: 1
55220531: 1
55386685: 1
55413685: 1
55467642: 1
55498083: 1
55537163: 1
55597192: 1
55617134: 1
55622654: 1
55764780: 1
55941406: 1
55983011: 1
56008641: 1
56086447: 1
56105645: 1
56154523: 1
56207626: 1
56207741: 1
56366050: 1
56451451: 1
56491115: 1
56577282: 1
56579948: 1
56661806: 1
56741240: 1
56785426: 1
56821764: 1
56857440: 1
56935672: 1
57229798: 1
57230472: 1
57272251: 1
57302930: 1
57405464: 1
57605950: 1
57730123: 1
57815751: 1
57924256: 1
58078936: 1
58100809: 1
58183317: 1
58185895: 1
58295915: 1
58487227: 1
58580235: 1
58585453: 1
58684682: 1
58827423: 1
58881684: 1
58974635: 1
59107116: 1
59115995: 1
59222752: 1
59338995: 1
59541924: 1
59563690: 1
59731869: 1
59977153: 1
60003306: 1
60025595: 1
60046859: 1
60057307: 1
60140328: 1
60189856: 1
60255275: 1
60635266: 1
60639893: 1
60645940: 1
60686762: 1
60904064: 1
61097152: 1
61138921: 1
61160423: 1
61251211: 1
61398878: 1
61472582: 1
61660053: 1
61781944: 1
61803343: 1
61940897: 1
62140076: 1
62166906: 1
62213701: 1
62233351: 1
62495198: 1
62526527: 1
62562395: 1
62632390: 1
62654922: 1
62748938: 1
62863952: 1
62869014: 1
62956038: 1
63002113: 1
63008204: 1
63041821: 1
63350333: 1
63402552: 1
63608245: 1
63644140: 1
63653558: 1
63700865: 1
63736433: 1
64017319: 1
64041090: 1
64099371: 1
64100227: 1
64277034: 1
64577917: 1
64679630: 1
64732601: 1
64845645: 1
64848879: 1
64945181: 1
65012490: 1
65125479: 1
65245851: 1
65478409: 1
65489892: 1
65524642: 1
65651306: 1
65685184: 1
65724004: 1
65780328: 1
65841448: 1
65859050: 1
65911777: 1
66052827: 1
66054202: 1
66370422: 1
66413982: 1
66431046: 1
66544839: 1
66774613: 1
66826484: 1
66979963: 1
67025113: 1
67106713: 1
67153955: 1
67182273: 1
67302022: 1
67308231: 1
67429139: 1
67504416: 1
67632134: 1
67697600: 1
67717519: 1
67742708: 1
67845384: 1
68014355: 1
68420822: 1
68553722: 1
68766806: 1
68886339: 1
68957311: 1
69028580: 1
69303881: 1
69508076: 1
69517243: 1
69586018: 1
69608824: 1
69700622: 1
69936197: 1
69962020: 1
70027687: 1
70042397: 1
70260895: 1
70264578: 1
70669211: 1
70779656: 1
70902931: 1
70923972: 1
71100087: 1
71209893: 1
71237737: 1
71553206: 1
71613664: 1
71926655: 1
71949231: 1
72006507: 1
72065415: 1
72331526: 1
72359381: 1
72368334: 1
72526293: 1
72609019: 1
72691715: 1
72785599: 1
73039915: 1
73206365: 1
73255053: 1
73277313: 1
73358013: 1
73582872: 1
73611121: 1
73614266: 1
73671231: 1
73681767: 1
73791308: 1
73838802: 1
74221935: 1
74318877: 1
74377135: 1
74379101: 1
74385272: 1
74499974: 1
74631550: 1
74656715: 1
74662963: 1
75053308: 1
75135252: 1
75249611: 1
75377218: 1
75460386: 1
75485128: 1
75622462: 1
75701418: 1
75899308: 1
75983202: 1
76089002: 1
76507693: 1
76612405: 1
76742885: 1
76806145: 1
77117774: 1
77161013: 1
77218634: 1
77392216: 1
77461469: 1
77543654: 1
77636242: 1
77751332: 1
77778728: 1
77894725: 1
78111140: 1
78123570: 1
78293113: 1
78438733: 1
78487047: 1
78508829: 1
78517679: 1
78787006: 1
79067545: 1
79123756: 1
79138856: 1
79193499: 1
79235307: 1
79258151: 1
79393590: 1
79400355: 1
79417910: 1
79511688: 1
79688096: 1
79772622: 1
79869882: 1
79943742: 1
80065270: 1
80230015: 1
80264903: 1
80271120: 1
80356267: 1
80398882: 1
80662657: 1
80773882: 1
80831929: 1
80835262: 1
80847355: 1
80877239: 1
80915257: 1
80949114: 1
80987062: 1
81255763: 1
81265436: 1
81441037: 1
81459411: 1
81486287: 1
81564595: 1
81591797: 1
81608537: 1
81630578: 1
81690848: 1
81714201: 1
81753476: 1
81817225: 1
81904975: 1
82006960: 1
82098956: 1
82124212: 1
82187780: 1
82288535: 1
82318749: 1
82352976: 1
82487542: 1
82529528: 1
82588501: 1
82588539: 1
82609272: 1
82781784: 1
82814079: 1
82832658: 1
82960272: 1
82976776: 1
82994992: 1
83085778: 1
83165745: 1
83198361: 1
83294665: 1
83434408: 1
83438558: 1
83506952: 1
83571803: 1
83827252: 1
83957051: 1
84106289: 1
84121209: 1
84242278: 1
84586401: 1
84970281: 1
85082476: 1
85120495: 1
85223938: 1
85256243: 1
85269493: 1
85274137: 1
85299073: 1
85342140: 1
85579500: 1
85730903: 1
85747699: 1
85808952: 1
85869206: 1
86066780: 1
86068937: 1
86130722: 1
86134928: 1
86190158: 1
86194361: 1
86285439: 1
86496676: 1
86518299: 1
86789399: 1
86789781: 1
86984712: 1
87043221: 1
87265099: 1
87275688: 1
87338676: 1
87397559: 1
87419733: 1
87440694: 1
87474657: 1
87640758: 1
87654202: 1
87737746: 1
87846982: 1
87996243: 1
88068337: 1
88079144: 1
88158594: 1
88325366: 1
88441604: 1
88458711: 1
88494259: 1
88538877: 1
88614954: 1
88662668: 1
88711592: 1
88737967: 1
88820595: 1
89008390: 1
89272669: 1
89313923: 1
89347970: 1
89453208: 1
89497761: 1
89891680: 1
89911547: 1
90070474: 1
90124881: 1
90268944: 1
90313132: 1
90468118: 1
90497471: 1
90777066: 1
90899938: 1
90966380: 1
90999555: 1
91092888: 1
91093191: 1
91325156: 1
91332105: 1
91413711: 1
91553887: 1
91782940: 1
91786658: 1
91812401: 1
92160492: 1
92319785: 1
92463589: 1
92809884: 1
92917916: 1
92922343: 1
92946680: 1
93059527: 1
93075245: 1
93243763: 1
93269702: 1
93362322: 1
93377404: 1
93538916: 1
93703723: 1
93717109: 1
93867378: 1
94078271: 1
94213826: 1
94231679: 1
94300887: 1
94405175: 1
94606022: 1
94702369: 1
94758938: 1
94759451: 1
94938559: 1
95087445: 1
95215979: 1
95227866: 1
95268664: 1
95326324: 1
95617269: 1
95715655: 1
95716137: 1
95727674: 1
95810273: 1
95900916: 1
96044014: 1
96056585: 1
96099029: 1
96149747: 1
96162242: 1
96189007: 1
96274282: 1
96558824: 1
96699097: 1
96719273: 1
96757307: 1
96782152: 1
96797688: 1
97042788: 1
97046920: 1
97577051: 1
97713892: 1
97985454: 1
97990746: 1
97997855: 1
98059796: 1
98150887: 1
98268495: 1
98270254: 1
98298448: 1
98375728: 1
98413580: 1
98543646: 1
98554608: 1
98607086: 1
98686664: 1
98749578: 1
98918679: 1
99009896: 1
99068827: 1
99080749: 1
99089200: 1
99231763: 1
99282674: 1
99378833: 1
99399080: 1
99429895: 1
99619524: 1
99633047: 1
99748309: 1
100106924: 1
100128458: 1
100137913: 1
100164444: 1
100223098: 1
100385290: 1
100649692: 1
100683314: 1
100766749: 1
100814557: 1
101234198: 1
101239474: 1
101250030: 1
101281333: 1
101340639: 1
101402161: 1
101569266: 1
101713262: 1
101787523: 1
101807683: 1
101843797: 1
101857678: 1
101880604: 1
101948854: 1
102049082: 1
102171853: 1
102291159: 1
102352580: 1
102363917: 1
102484797: 1
102596943: 1
102892693: 1
102954388: 1
102964525: 1
103034256: 1
103066153: 1
103154685: 1
103169629: 1
103235171: 1
103390995: 1
103608161: 1
103666439: 1
103681743: 1
103909447: 1
103944867: 1
104094166: 1
104165792: 1
104236873: 1
104610012: 1
104825835: 1
104882031: 1
105056245: 1
105056807: 1
105100649: 1
105216438: 1
105262472: 1
105273796: 1
105542406: 1
105785661: 1
105813445: 1
105926598: 1
105993905: 1
106031186: 1
106338513: 1
106525864: 1
106537216: 1
106620676: 1
106814223: 1
106856089: 1
106954677: 1
107018121: 1
107035421: 1
107087521: 1
107155788: 1
107321618: 1
107339619: 1
107341685: 1
107375079: 1
107393028: 1
107418090: 1
107702249: 1
107878079: 1
107906782: 1
108312941: 1
108395925: 1
108500327: 1
108503518: 1
108504654: 1
108565387: 1
108601773: 1
108632316: 1
108772069: 1
109074636: 1
109102307: 1
109173393: 1
109176994: 1
109193874: 1
109338886: 1
109417349: 1
109607430: 1
109748093: 1
109759734: 1
110154638: 1
110183601: 1
110314662: 1
110357689: 1
110542612: 1
110906803: 1
110912894: 1
111166307: 1
111312646: 1
111348349: 1
111385372: 1
111390714: 1
111522033: 1
111545939: 1
111668344: 1
111717651: 1
112080476: 1
112102989: 1
112119758: 1
112285252: 1
112334350: 1
112372524: 1
112482611: 1
112560802: 1
112562057: 1
112856030: 1
112863506: 1
112902282: 1
113122945: 1
113280343: 1
113280505: 1
113349015: 1
113360273: 1
113544359: 1
113629814: 1
113666597: 1
113736337: 1
113760908: 1
113769597: 1
113822494: 1
113839321: 1
113903220: 1
113951712: 1
113965165: 1
113972793: 1
114013966: 1
114019951: 1
114059646: 1
114630699: 1
114890193: 1
114974501: 1
115173992: 1
115198126: 1
115380150: 1
115487796: 1
115652543: 1
115691313: 1
115697588: 1
115914050: 1
115999956: 1
116076007: 1
116118997: 1
116165667: 1
116259317: 1
116330115: 1
116416476: 1
116478935: 1
116491710: 1
116528789: 1
116733609: 1
117093008: 1
117308081: 1
117612346: 1
117765212: 1
118367019: 1
118367312: 1
118405261: 1
118553231: 1
118608199: 1
118635182: 1
118736013: 1
118786543: 1
118799894: 1
118844238: 1
118879105: 1
118996093: 1
119102271: 1
119195476: 1
119209818: 1
119236301: 1
119248112: 1
119265141: 1
119420944: 1
119501814: 1
119565638: 1
119571857: 1
119617831: 1
119692280: 1
119815529: 1
119830273: 1
119922831: 1
120036371: 1
120194357: 1
120231341: 1
120256723: 1
120290562: 1
120356772: 1
120361647: 1
120495138: 1
120533146: 1
120563444: 1
120739040: 1
120773926: 1
120809336: 1
120814354: 1
120950674: 1
120981949: 1
121399317: 1
121457687: 1
121474915: 1
121546941: 1
121572213: 1
121585535: 1
121618474: 1
121761140: 1
121766120: 1
121783074: 1
121866888: 1
121932945: 1
122068298: 1
122179074: 1
122192403: 1
122343320: 1
122463992: 1
122582284: 1
122781085: 1
122801487: 1
122841641: 1
122848841: 1
122956793: 1
123006413: 1
123037972: 1
123173263: 1
123245962: 1
123536331: 1
123672815: 1
123720078: 1
123807023: 1
123872433: 1
123885625: 1
123999726: 1
124011780: 1
124241666: 1
124304821: 1
124364391: 1
124466393: 1
124581573: 1
124608749: 1
124750570: 1
124750911: 1
124777751: 1
124996307: 1
125013390: 1
125039164: 1
125062916: 1
125099153: 1
125153403: 1
125282817: 1
125316669: 1
125396324: 1
125554077: 1
125595881: 1
125630084: 1
125637810: 1
125683749: 1
125779638: 1
125890398: 1
126009518: 1
126041627: 1
126094629: 1
126096667: 1
126121148: 1
126246613: 1
126280431: 1
126411097: 1
126418278: 1
126626353: 1
126679326: 1
127036257: 1
127321417: 1
127343717: 1
127541613: 1
127662926: 1
127708317: 1
127789620: 1
128010522: 1
128079476: 1
128179696: 1
128266349: 1
128273256: 1
128337779: 1
128666465: 1
128753184: 1
128876670: 1
129030855: 1
129100386: 1
129180216: 1
129259178: 1
129454231: 1
129533316: 1
129562350: 1
129606656: 1
129752296: 1
129773176: 1
129879821: 1
130022072: 1
130064245: 1
130168861: 1
130417878: 1
130494485: 1
130520120: 1
130543512: 1
130625329: 1
130642103: 1
130712635: 1
130827292: 1
130981428: 1
131100580: 1
131650195: 1
131795324: 1
131931196: 1
132004331: 1
132008783: 1
132026976: 1
132047623: 1
132230205: 1
132267840: 1
132292543: 1
132424014: 1
132497987: 1
132543121: 1
132580912: 1
132601681: 1
132661857: 1
132715556: 1
132724962: 1
132739680: 1
132770799: 1
132842782: 1
132890080: 1
132920650: 1
133076928: 1
133112246: 1
133227929: 1
133279307: 1
133316788: 1
133404405: 1
133406906: 1
133801777: 1
133836213: 1
133906270: 1
133928092: 1
134144006: 1
134196552: 1
134364983: 1
134481204: 1
134567972: 1
134580726: 1
134584129: 1
134632623: 1
134662996: 1
134768248: 1
134868131: 1
135020853: 1
135088413: 1
135172022: 1
135218020: 1
135263348: 1
135266611: 1
135305050: 1
135481496: 1
135502741: 1
135537517: 1
135563770: 1
135685113: 1
135747100: 1
135766895: 1
135781462: 1
135845439: 1
135899219: 1
135912337: 1
136111908: 1
136131291: 1
136455822: 1
136519500: 1
136638700: 1
136662750: 1
136716905: 1
136855204: 1
137001911: 1
137051499: 1
137053079: 1
137146335: 1
137573062: 1
137651142: 1
137700346: 1
137834352: 1
138368331: 1
138630495: 1
138681666: 1
138716331: 1
138831089: 1
138921080: 1
138940666: 1
139012349: 1
139048473: 1
139131108: 1
139189902: 1
139311307: 1
139509058: 1
139542201: 1
139632335: 1
139739473: 1
139777095: 1
140006292: 1
140065171: 1
140328681: 1
140411595: 1
140457896: 1
140489917: 1
140704553: 1
140763625: 1
140768414: 1
140809410: 1
140854492: 1
141106427: 1
141318325: 1
141592135: 1
141751101: 1
141911796: 1
141963956: 1
142079167: 1
142138765: 1
142216968: 1
142220784: 1
142419931: 1
142466700: 1
142925190: 1
143103719: 1
143216416: 1
143304318: 1
143447382: 1
143633565: 1
143651967: 1
143867329: 1
143888327: 1
144031057: 1
144037527: 1
144096177: 1
144229922: 1
144291106: 1
144427936: 1
144483923: 1
144661928: 1
144710993: 1
144772788: 1
145132634: 1
145325559: 1
145378847: 1
145386463: 1
145433902: 1
145606641: 1
145744216: 1
145761746: 1
145827256: 1
145861248: 1
145987560: 1
146002504: 1
146076469: 1
146184875: 1
146228296: 1
146321182: 1
146418866: 1
146469185: 1
146493871: 1
146541586: 1
146550600: 1
146623407: 1
146638373: 1
146648658: 1
146723593: 1
147260364: 1
147585243: 1
147649895: 1
147829917: 1
147850379: 1
147898291: 1
147912157: 1
148203212: 1
148384972: 1
148498638: 1
148852621: 1
149185567: 1
149226529: 1
149370973: 1
149498080: 1
149575537: 1
149795792: 1
149956953: 1
149965117: 1
150216609: 1
150372579: 1
150422958: 1
150425848: 1
150626637: 1
150672896: 1
150734538: 1
150756349: 1
150794508: 1
150804960: 1
150827102: 1
150920073: 1
151035871: 1
151287869: 1
151437745: 1
151473455: 1
151480642: 1
151491474: 1
151645243: 1
151689674: 1
151715086: 1
151719455: 1
152047183: 1
152194844: 1
152460910: 1
152727823: 1
152822903: 1
152823549: 1
152869739: 1
153105580: 1
153127154: 1
153188333: 1
153261486: 1
153262584: 1
153309885: 1
153472955: 1
153576340: 1
153769344: 1
153946046: 1
154003395: 1
154115649: 1
154135884: 1
154314555: 1
154483695: 1
154532795: 1
154537604: 1
154603489: 1
154715126: 1
154746745: 1
154864820: 1
154922138: 1
155010964: 1
155159429: 1
155282356: 1
155304818: 1
155382136: 1
155392957: 1
155421291: 1
155571809: 1
155580241: 1
155602188: 1
155801659: 1
155885137: 1
155984158: 1
156058724: 1
156566153: 1
156608468: 1
156661814: 1
156737139: 1
156807782: 1
156811257: 1
156846911: 1
157026736: 1
157084043: 1
157128651: 1
157184429: 1
157236689: 1
157355950: 1
157497606: 1
157533312: 1
157539269: 1
157568964: 1
157934154: 1
158170990: 1
158294454: 1
158383786: 1
158407139: 1
158651324: 1
158843470: 1
158888771: 1
158915723: 1
158958986: 1
159021295: 1
159022217: 1
159233478: 1
159300388: 1
159377143: 1
159390922: 1
159451873: 1
159479945: 1
159494599: 1
159570462: 1
159612785: 1
159778206: 1
160118919: 1
160124347: 1
160137333: 1
160193346: 1
160238717: 1
160307079: 1
160380892: 1
160499136: 1
160548623: 1
160566242: 1
160716283: 1
160741475: 1
160751552: 1
160755735: 1
160903218: 1
161018881: 1
161036416: 1
161166483: 1
161273469: 1
161335585: 1
161539889: 1
161649794: 1
161737443: 1
161883255: 1
161905038: 1
162012548: 1
162020092: 1
162059109: 1
162088994: 1
162383337: 1
162522122: 1
162686594: 1
162773788: 1
162783131: 1
163077430: 1
163243825: 1
163280468: 1
163309173: 1
163461265: 1
163633619: 1
163740278: 1
163824311: 1
163834323: 1
163945377: 1
164062477: 1
164274705: 1
164383052: 1
164393261: 1
164496473: 1
164647773: 1
164664433: 1
164705614: 1
164909743: 1
165030443: 1
165129489: 1
165283968: 1
165338057: 1
165459272: 1
165603658: 1
165603776: 1
165642307: 1
165720695: 1
165874136: 1
166033820: 1
166174718: 1
166252118: 1
166349076: 1
166364711: 1
166385801: 1
166467560: 1
166480707: 1
166521265: 1
166570541: 1
166809745: 1
167046496: 1
167076896: 1
167289874: 1
167350427: 1
167477004: 1
167564353: 1
167752871: 1
167861587: 1
167862070: 1
167885046: 1
167946027: 1
167973071: 1
168065984: 1
168684271: 1
168783797: 1
168916869: 1
168920407: 1
169035200: 1
169105708: 1
169182441: 1
169342450: 1
169406485: 1
169481334: 1
169512306: 1
169519993: 1
169600852: 1
169634662: 1
169637609: 1
169662504: 1
169667428: 1
169721709: 1
169785587: 1
169834159: 1
169977389: 1
169993324: 1
170020532: 1
170209560: 1
170217822: 1
170283865: 1
170482456: 1
170616231: 1
170658139: 1
170673681: 1
170756827: 1
170808818: 1
170897357: 1
170981753: 1
171021592: 1
171038998: 1
171084844: 1
171371886: 1
171424647: 1
171445283: 1
171597278: 1
171665219: 1
171743896: 1
171775151: 1
171909623: 1
171953385: 1
171967635: 1
172100116: 1
172109215: 1
172198466: 1
172237924: 1
172288272: 1
172306956: 1
172733359: 1
172741909: 1
172795481: 1
172818591: 1
172827750: 1
172914983: 1
172938080: 1
173004926: 1
173144556: 1
173169577: 1
173212475: 1
173348601: 1
173696120: 1
173779604: 1
173797112: 1
173849086: 1
174411790: 1
174557377: 1
174625034: 1
174643518: 1
174754165: 1
174763549: 1
174843446: 1
175070716: 1
175102660: 1
175368092: 1
175396814: 1
175551834: 1
175679172: 1
175707541: 1
176014229: 1
176053254: 1
176105060: 1
176221332: 1
176237637: 1
176303641: 1
176365545: 1
176481833: 1
176602590: 1
176692988: 1
176840881: 1
176878953: 1
176903635: 1
176923589: 1
176986973: 1
177051191: 1
177129255: 1
177168250: 1
177183884: 1
177190344: 1
177384296: 1
177766177: 1
177775474: 1
177862978: 1
177923447: 1
177951760: 1
177963830: 1
178034001: 1
178133992: 1
178247646: 1
178556406: 1
178734980: 1
178818741: 1
178856199: 1
178966673: 1
179197543: 1
179374877: 1
179377803: 1
179419417: 1
179486355: 1
179753210: 1
179802016: 1
179816732: 1
179831691: 1
179887795: 1
180008837: 1
180182204: 1
180353386: 1
180386783: 1
180812145: 1
180887964: 1
180922003: 1
180923886: 1
180931087: 1
181001391: 1
181046040: 1
181218358: 1
181226963: 1
181235666: 1
181396624: 1
181477364: 1
181495383: 1
181522464: 1
181634869: 1
181756039: 1
181863515: 1
181887564: 1
182073511: 1
182189614: 1
182483218: 1
182683367: 1
182770410: 1
182814663: 1
182828960: 1
182955543: 1
183362994: 1
183378155: 1
183647807: 1
183740187: 1
183750670: 1
183803184: 1
183929335: 1
183968052: 1
183976054: 1
184024438: 1
184837544: 1
184858379: 1
184862358: 1
184880372: 1
184911971: 1
185208095: 1
185277690: 1
185335736: 1
185413486: 1
185512377: 1
185521555: 1
185598453: 1
185602624: 1
185714200: 1
186046254: 1
186051628: 1
186087762: 1
186098118: 1
186210695: 1
186401246: 1
186420777: 1
186444914: 1
186447532: 1
186583323: 1
186602480: 1
186630044: 1
186835684: 1
187016318: 1
187095808: 1
187115029: 1
187297227: 1
187304095: 1
187332220: 1
187353037: 1
187519533: 1
187592723: 1
187645078: 1
187684547: 1
188017014: 1
188026606: 1
188104419: 1
188178059: 1
188241399: 1
188282218: 1
188316599: 1
188635366: 1
188831088: 1
188910040: 1
188914237: 1
189253792: 1
189266816: 1
189271655: 1
189301307: 1
189305514: 1
189336808: 1
189385121: 1
189442967: 1
189461906: 1
189619552: 1
189625985: 1
189659853: 1
189883219: 1
190017615: 1
190169023: 1
190208393: 1
190208880: 1
190269410: 1
190365845: 1
190678682: 1
190682383: 1
190824773: 1
190882435: 1
191014607: 1
191221197: 1
191273683: 1
191310882: 1
191447854: 1
191510151: 1
191544444: 1
191556861: 1
191601340: 1
191669601: 1
191733686: 1
191800883: 1
191898894: 1
192005030: 1
192099353: 1
192172752: 1
192547952: 1
192593315: 1
192617116: 1
192633312: 1
193113914: 1
193165473: 1
193203413: 1
193229577: 1
193283179: 1
193369688: 1
193478703: 1
193795999: 1
193969207: 1
194003887: 1
194048424: 1
194431753: 1
195046274: 1
195055682: 1
195178114: 1
195204956: 1
195219394: 1
195255057: 1
195406497: 1
195409180: 1
195471546: 1
195501271: 1
195672163: 1
195677609: 1
195786227: 1
196069984: 1
196131027: 1
196153763: 1
196283849: 1
196618119: 1
196697024: 1
196793182: 1
196950765: 1
197011450: 1
197063779: 1
197401399: 1
197659518: 1
197978214: 1
198004639: 1
198077109: 1
198083438: 1
198187902: 1
198214514: 1
198241162: 1
198428711: 1
198528138: 1
198570460: 1
198585341: 1
198705930: 1
198860193: 1
198864557: 1
198902905: 1
198919388: 1
199058752: 1
199069488: 1
199100370: 1
199135060: 1
199220744: 1
199400959: 1
199620480: 1
199631830: 1
199702676: 1
199918134: 1
200070679: 1
200316780: 1
200373677: 1
200865730: 1
200873204: 1
200886654: 1
201024854: 1
201254757: 1
201365509: 1
201397120: 1
201515900: 1
201601499: 1
201638730: 1
201737365: 1
201876745: 1
201916922: 1
201928888: 1
201944917: 1
202022532: 1
202385693: 1
202397805: 1
202452010: 1
202461408: 1
202479421: 1
202526479: 1
202679208: 1
202857284: 1
203086029: 1
203089844: 1
203315105: 1
203581174: 1
203591733: 1
203749236: 1
203861190: 1
203949438: 1
204034389: 1
204284389: 1
204919778: 1
205100308: 1
205441046: 1
205582912: 1
205619269: 1
205638914: 1
205707834: 1
205709567: 1
205720607: 1
205874966: 1
205948578: 1
206294962: 1
206344505: 1
206486374: 1
206880471: 1
207110179: 1
207399971: 1
207456426: 1
207740540: 1
207747822: 1
207793657: 1
207851136: 1
207953336: 1
208036206: 1
208118493: 1
208241319: 1
208350426: 1
208353053: 1
208380130: 1
208380697: 1
208406837: 1
208580994: 1
208612233: 1
208700945: 1
208825579: 1
208938880: 1
208997200: 1
209214798: 1
209269913: 1
209530312: 1
209590283: 1
209664780: 1
209682542: 1
209780823: 1
209875410: 1
209898116: 1
209936569: 1
210023410: 1
210099158: 1
210162971: 1
210180884: 1
210195937: 1
210231716: 1
210349000: 1
210523462: 1
210599923: 1
210624085: 1
211115092: 1
211367958: 1
211557493: 1
211658437: 1
211921884: 1
212002345: 1
212081270: 1
212155400: 1
212299847: 1
212382012: 1
212452472: 1
212713311: 1
212821244: 1
212948151: 1
212993065: 1
213201120: 1
213344707: 1
213432863: 1
213687907: 1
213733450: 1
214105553: 1
214215166: 1
214300109: 1
214395437: 1
214442851: 1
214518501: 1
214539128: 1
214572344: 1
214581364: 1
215420436: 1
215723675: 1
216098014: 1
216320670: 1
216421215: 1
216548715: 1
216724573: 1
216840477: 1
216852502: 1
216985769: 1
217018330: 1
217091206: 1
217141999: 1
217163441: 1
217173813: 1
217560446: 1
217610705: 1
217689158: 1
217775394: 1
217781764: 1
217798029: 1
217847191: 1
218087640: 1
218127776: 1
218199080: 1
218211642: 1
218241997: 1
218257885: 1
218333584: 1
218373705: 1
218515099: 1
218559141: 1
218575314: 1
218616660: 1
218793195: 1
218816007: 1
218971218: 1
219132153: 1
219160121: 1
219272963: 1
219288035: 1
219464123: 1
219534519: 1
219564468: 1
219660466: 1
219809972: 1
219884049: 1
219917784: 1
219924157: 1
220083712: 1
220608413: 1
220659737: 1
220702037: 1
220704112: 1
220914995: 1
221064701: 1
221073074: 1
221179662: 1
221209037: 1
221245014: 1
221263739: 1
221502689: 1
221643017: 1
221653545: 1
221830788: 1
222210212: 1
222392135: 1
222440058: 1
222526268: 1
222586457: 1
222634341: 1
222761356: 1
222837036: 1
222979456: 1
223003760: 1
223034904: 1
223140534: 1
223665081: 1
223748121: 1
223850205: 1
223960020: 1
223994757: 1
224116293: 1
224189485: 1
224374276: 1
224375297: 1
224382973: 1
224433000: 1
224485383: 1
224669365: 1
224697517: 1
224753769: 1
225134599: 1
225166283: 1
225250864: 1
225500901: 1
225506824: 1
225518190: 1
225571015: 1
225641787: 1
225795690: 1
225821853: 1
225986812: 1
226181690: 1
226215472: 1
226232224: 1
226290712: 1
226546090: 1
226601910: 1
226604447: 1
226622426: 1
226708717: 1
226771729: 1
226925071: 1
227096967: 1
227187968: 1
227203777: 1
227293934: 1
227432338: 1
227488463: 1
227492174: 1
227524163: 1
227555618: 1
227781378: 1
227782179: 1
228107473: 1
228111504: 1
228208626: 1
228278738: 1
228581432: 1
229150034: 1
229247983: 1
229309518: 1
229320183: 1
229394015: 1
229419889: 1
229435989: 1
229816340: 1
229903588: 1
229955236: 1
230015860: 1
230022447: 1
230039407: 1
230137273: 1
230230409: 1
230326262: 1
230388972: 1
230471856: 1
230626270: 1
230758597: 1
230774815: 1
230838401: 1
230916564: 1
231139026: 1
231240222: 1
231303532: 1
231580927: 1
231778757: 1
231805295: 1
231999866: 1
232229636: 1
232250824: 1
232253553: 1
232271023: 1
232368972: 1
232600550: 1
232676540: 1
232945416: 1
232981397: 1
233148634: 1
233392605: 1
233397989: 1
233536587: 1
233626366: 1
233747144: 1
233907403: 1
234182911: 1
234193683: 1
234347180: 1
234374875: 1
234392216: 1
234393477: 1
234794071: 1
234928675: 1
234943037: 1
235136377: 1
235181826: 1
235199374: 1
235244900: 1
235263692: 1
235424508: 1
235596153: 1
236141024: 1
236149589: 1
236201306: 1
236215202: 1
236617272: 1
236721531: 1
236747225: 1
236891767: 1
236981164: 1
236997025: 1
237301448: 1
237340068: 1
237470685: 1
237604062: 1
237642659: 1
237726892: 1
238113047: 1
238257836: 1
238294099: 1
238323240: 1
238344342: 1
239165361: 1
239344394: 1
239518459: 1
239546466: 1
239732198: 1
239787614: 1
239821937: 1
239823775: 1
239908223: 1
240069742: 1
240096189: 1
240165374: 1
240258510: 1
240466015: 1
240646474: 1
240657983: 1
240755288: 1
240897486: 1
240900604: 1
240929111: 1
240961614: 1
241200819: 1
241344527: 1
241484635: 1
241836519: 1
241847608: 1
241871304: 1
241887645: 1
241963962: 1
241969244: 1
242043393: 1
242073607: 1
242187490: 1
242204456: 1
242263709: 1
242267849: 1
242327784: 1
242434335: 1
242614786: 1
242732299: 1
242777938: 1
242816658: 1
242849834: 1
242854102: 1
242862522: 1
243156276: 1
243227907: 1
243252544: 1
243300697: 1
243364167: 1
243500663: 1
243511824: 1
243514984: 1
243554941: 1
243654342: 1
243677213: 1
243773461: 1
243876314: 1
243973879: 1
244003534: 1
244171659: 1
244256741: 1
244322894: 1
244349700: 1
244401645: 1
244450032: 1
244510210: 1
244517806: 1
244541311: 1
244572003: 1
244637410: 1
244660891: 1
244715370: 1
244806473: 1
244861398: 1
244901004: 1
244976462: 1
244989328: 1
245110647: 1
245179679: 1
245412844: 1
245517759: 1
245634386: 1
245890813: 1
245892166: 1
245929017: 1
246075383: 1
246079141: 1
246099090: 1
246102463: 1
246193431: 1
246264214: 1
246489751: 1
246651814: 1
246828136: 1
246875522: 1
246968694: 1
247142635: 1
247197912: 1
247326183: 1
247326276: 1
247552042: 1
247691931: 1
247899982: 1
248127325: 1
248128131: 1
248144207: 1
248470619: 1
248687909: 1
248913822: 1
248946633: 1
249182384: 1
249278402: 1
249509584: 1
249543224: 1
249732271: 1
249818567: 1
249889104: 1
250514546: 1
250553299: 1
250578287: 1
251017009: 1
251130750: 1
251151703: 1
251202910: 1
251231551: 1
251246756: 1
251249347: 1
251310583: 1
251506774: 1
251611870: 1
251615666: 1
251690059: 1
251780142: 1
251791516: 1
251961421: 1
251980405: 1
252010898: 1
252116390: 1
252196782: 1
252461907: 1
252640128: 1
252775041: 1
252844372: 1
252888102: 1
252907192: 1
253044136: 1
253310626: 1
253366729: 1
253451416: 1
253457985: 1
253479986: 1
253583532: 1
253623663: 1
253643022: 1
253903232: 1
253932437: 1
254029314: 1
254128043: 1
254170583: 1
254284866: 1
254311662: 1
254399210: 1
254518776: 1
254529506: 1
254670736: 1
254689589: 1
254975507: 1
254982756: 1
255021369: 1
255186609: 1
255192486: 1
255307445: 1
255431950: 1
255623167: 1
256065124: 1
256232654: 1
256236270: 1
256398760: 1
256425567: 1
256512241: 1
256539713: 1
256748016: 1
256859630: 1
256895849: 1
256992553: 1
257066187: 1
257437109: 1
257588787: 1
257617596: 1
257651030: 1
257697569: 1
257775441: 1
257967741: 1
257996098: 1
258102664: 1
258332771: 1
258339085: 1
258343346: 1
258448123: 1
258568109: 1
258634209: 1
258640919: 1
258713642: 1
258791024: 1
259257608: 1
259365507: 1
259425353: 1
259590078: 1
259601711: 1
259657785: 1
259686175: 1
259902482: 1
259935257: 1
259949280: 1
259951387: 1
260104571: 1
260109154: 1
260183958: 1
260292721: 1
260548411: 1
260669817: 1
260727174: 1
260774308: 1
260987168: 1
261256508: 1
261301230: 1
261327366: 1
261471291: 1
261513851: 1
261533295: 1
261543468: 1
261647859: 1
261842032: 1
261895231: 1
262155234: 1
262217538: 1
262285038: 1
262310462: 1
262396131: 1
262955135: 1
262968009: 1
262971743: 1
263021987: 1
263050102: 1
263168256: 1
263247183: 1
263317393: 1
263914857: 1
263926564: 1
263960602: 1
263969366: 1
264000723: 1
264137188: 1
264175276: 1
264380579: 1
264662483: 1
264668036: 1
264673519: 1
264736599: 1
264787201: 1
264922302: 1
264984079: 1
265052686: 1
265355456: 1
265397147: 1
265397261: 1
265426089: 1
265538509: 1
265664886: 1
265750089: 1
265758977: 1
265842598: 1
265862116: 1
266011924: 1
266190013: 1
266289294: 1
266444776: 1
266579312: 1
266601758: 1
266713780: 1
266714587: 1
266850243: 1
266949695: 1
267357290: 1
267403803: 1
267558509: 1
267913755: 1
267988864: 1
268018669: 1
268220673: 1
268283971: 1
268291571: 1
268373635: 1
268457253: 1
268656123: 1
268685054: 1
268742852: 1
268757404: 1
268768685: 1
268871881: 1
268934059: 1
268970557: 1
268995339: 1
269150744: 1
269225377: 1
269352300: 1
269452832: 1
269492584: 1
269776920: 1
269786883: 1
269915533: 1
269947445: 1
269998973: 1
270033571: 1
270122640: 1
270154993: 1
270179828: 1
270330970: 1
270495438: 1
270609799: 1
270629414: 1
271007824: 1
271026234: 1
271290615: 1
271351327: 1
271360931: 1
271440575: 1
271540627: 1
271541887: 1
271810357: 1
271810774: 1
271853741: 1
272022603: 1
272170593: 1
272340062: 1
272458285: 1
272473322: 1
272532165: 1
272532890: 1
272575435: 1
272656460: 1
272767659: 1
272831059: 1
272864466: 1
272982918: 1
272984641: 1
273791132: 1
273860519: 1
273992643: 1
274277271: 1
274320784: 1
274323578: 1
274392670: 1
274466587: 1
274499347: 1
274552492: 1
274592032: 1
274692118: 1
274818594: 1
274843652: 1
274871774: 1
274877207: 1
275045228: 1
275259125: 1
275269739: 1
275286129: 1
275453061: 1
275694883: 1
275723310: 1
275741024: 1
275991013: 1
276090579: 1
276223790: 1
276309350: 1
276394650: 1
276415326: 1
276446371: 1
276840190: 1
276854310: 1
276906228: 1
277325588: 1
277676844: 1
277838120: 1
277907179: 1
278029253: 1
278048726: 1
278061536: 1
278141311: 1
278171833: 1
278337473: 1
278338044: 1
278520853: 1
278535781: 1
278595965: 1
278628758: 1
278995387: 1
279039978: 1
279066415: 1
279109567: 1
279232508: 1
279232937: 1
279268276: 1
279489640: 1
279586148: 1
279667556: 1
279897756: 1
279949729: 1
280019514: 1
280112678: 1
280237767: 1
280279728: 1
280339531: 1
280356801: 1
280374729: 1
280375280: 1
280422563: 1
280427148: 1
280557525: 1
280570941: 1
280624475: 1
281117521: 1
281211097: 1
281228179: 1
281430878: 1
281507802: 1
281636449: 1
281638980: 1
281789629: 1
281878757: 1
282012351: 1
282238087: 1
282244158: 1
282401073: 1
282493939: 1
282515178: 1
282665392: 1
282694777: 1
282717534: 1
282802025: 1
282953320: 1
283021709: 1
283087104: 1
283181392: 1
283288525: 1
283420719: 1
283459433: 1
283577763: 1
283648471: 1
283734783: 1
283803295: 1
284072283: 1
284724669: 1
284739277: 1
284744453: 1
284768880: 1
284857432: 1
284906003: 1
285054107: 1
285111160: 1
285180367: 1
285191119: 1
285538049: 1
285579611: 1
285634307: 1
285869378: 1
286331797: 1
286339014: 1
286377741: 1
286544354: 1
286602330: 1
286816567: 1
286946187: 1
287071485: 1
287360920: 1
287378692: 1
287506354: 1
287551235: 1
287600556: 1
287660532: 1
287853800: 1
287868598: 1
287919933: 1
287991933: 1
288086007: 1
288309250: 1
288460072: 1
288501208: 1
288565068: 1
288735351: 1
288756126: 1
288877294: 1
288954544: 1
289069646: 1
289146634: 1
289510923: 1
289534477: 1
289735236: 1
289769725: 1
290090117: 1
290485742: 1
290746043: 1
290789046: 1
290818913: 1
290819838: 1
291064971: 1
291089323: 1
291141524: 1
291263493: 1
291416778: 1
291439072: 1
292062961: 1
292090829: 1
292234522: 1
292400203: 1
292826839: 1
292980482: 1
293180629: 1
293308678: 1
293339795: 1
293430796: 1
293507934: 1
293663586: 1
293691650: 1
293705341: 1
293750272: 1
293866655: 1
293959465: 1
294075530: 1
294092495: 1
294095405: 1
294154286: 1
294192397: 1
294197768: 1
294285434: 1
294382017: 1
294767922: 1
294931369: 1
295176001: 1
295245331: 1
295297183: 1
295782407: 1
296292252: 1
296320809: 1
296337199: 1
296468856: 1
296562667: 1
296595273: 1
296675935: 1
296814356: 1
296880919: 1
297029608: 1
297432152: 1
297623407: 1
297671140: 1
297674267: 1
297756335: 1
297788099: 1
297826832: 1
297845767: 1
297879395: 1
298095912: 1
298145372: 1
298261383: 1
298301567: 1
298329216: 1
298353095: 1
298451588: 1
298475423: 1
298522782: 1
298532372: 1
298540790: 1
298739790: 1
298822327: 1
298827187: 1
298836052: 1
298878541: 1
299231389: 1
299231773: 1
299234514: 1
299267440: 1
299385770: 1
299444957: 1
299490598: 1
299507099: 1
299570581: 1
299684647: 1
299765041: 1
299886201: 1
299887391: 1
300005608: 1
300048340: 1
300102065: 1
300187820: 1
300209132: 1
300341744: 1
300356051: 1
300552329: 1
300717555: 1
300726389: 1
300792347: 1
300830213: 1
300900542: 1
300956007: 1
300975983: 1
301112180: 1
301158412: 1
301161553: 1
301442085: 1
301486627: 1
301602105: 1
301714930: 1
301838207: 1
301923799: 1
302011388: 1
302053300: 1
302075532: 1
302075771: 1
302162003: 1
302232132: 1
302349580: 1
302474897: 1
302643204: 1
302809436: 1
302814900: 1
302852230: 1
303059880: 1
303270171: 1
303336814: 1
303466029: 1
303784719: 1
303823128: 1
304083292: 1
304292372: 1
304310894: 1
304433007: 1
304474942: 1
304657507: 1
304700407: 1
304780024: 1
304784305: 1
304785367: 1
304799161: 1
304927968: 1
304997283: 1
305291398: 1
305378101: 1
305498399: 1
305579575: 1
305602726: 1
305658458: 1
305762342: 1
305842161: 1
305937829: 1
306081666: 1
306119146: 1
306178440: 1
306201148: 1
306251068: 1
306293492: 1
306334952: 1
306340235: 1
306406853: 1
306678446: 1
306716077: 1
306780391: 1
306871482: 1
306993310: 1
307013180: 1
307147947: 1
307254159: 1
307322485: 1
307746306: 1
307821846: 1
307853508: 1
307908870: 1
307928356: 1
307949121: 1
308127676: 1
308269546: 1
308338973: 1
308541826: 1
308699431: 1
308962486: 1
309043386: 1
309148124: 1
309363300: 1
309501225: 1
309563873: 1
309670559: 1
309690885: 1
309733506: 1
309797073: 1
309828220: 1
310135213: 1
310276046: 1
310284429: 1
310301599: 1
310541076: 1
310758132: 1
310942846: 1
311054442: 1
311109263: 1
311144206: 1
311534686: 1
311597663: 1
312002452: 1
312031705: 1
312269381: 1
312611205: 1
312643945: 1
312650464: 1
312857694: 1
312876993: 1
312908346: 1
313052812: 1
313149401: 1
313272039: 1
313510928: 1
313721713: 1
313806957: 1
313964468: 1
314323434: 1
314702490: 1
314733278: 1
314812244: 1
314859001: 1
314862408: 1
314868190: 1
315011647: 1
315150567: 1
315423149: 1
315423936: 1
315596584: 1
315677190: 1
315880261: 1
315935396: 1
316138578: 1
316167980: 1
316262007: 1
316507051: 1
316511030: 1
316542209: 1
316590642: 1
316647277: 1
316771149: 1
316826723: 1
316908479: 1
316967683: 1
316979588: 1
317098390: 1
317145616: 1
317254349: 1
317266773: 1
317286425: 1
317365490: 1
317393464: 1
317439021: 1
317450294: 1
317556887: 1
317589403: 1
317600228: 1
317650966: 1
317675085: 1
317693467: 1
317740155: 1
317756083: 1
317863828: 1
317922871: 1
317975402: 1
318039950: 1
318091780: 1
318347831: 1
318386082: 1
318438958: 1
318468504: 1
318707201: 1
318761253: 1
319178986: 1
319488846: 1
319571824: 1
319814830: 1
319952089: 1
320033493: 1
320076437: 1
320113820: 1
320268484: 1
320345288: 1
320374848: 1
320405381: 1
320515154: 1
320596437: 1
320607680: 1
320652256: 1
320664588: 1
320806793: 1
320831946: 1
320970181: 1
321125443: 1
321202448: 1
321287690: 1
321333615: 1
321471174: 1
321528668: 1
321531485: 1
321605794: 1
321641905: 1
321676862: 1
321771758: 1
321808626: 1
321832484: 1
321936024: 1
321999602: 1
322199805: 1
322525114: 1
322672657: 1
322791926: 1
322843485: 1
323022581: 1
323170531: 1
323178605: 1
323200455: 1
323382412: 1
323419061: 1
323438114: 1
323464961: 1
323489275: 1
323603455: 1
323923473: 1
324049772: 1
324591337: 1
324594728: 1
324667877: 1
324831091: 1
324854029: 1
324869375: 1
324912035: 1
325005342: 1
325313741: 1
325425796: 1
325468437: 1
325543284: 1
325641835: 1
325898490: 1
326024639: 1
326179700: 1
326195931: 1
326232478: 1
326541026: 1
326581068: 1
326697446: 1
326827858: 1
326850294: 1
327118565: 1
327212796: 1
327314806: 1
327417779: 1
327434349: 1
327545091: 1
327555859: 1
327636625: 1
327791340: 1
327868245: 1
327920116: 1
328121039: 1
328177979: 1
328182866: 1
328403793: 1
328424499: 1
328468515: 1
328911817: 1
329049911: 1
329074699: 1
329137506: 1
329138429: 1
329224355: 1
329292557: 1
329317996: 1
329504086: 1
329507034: 1
329698335: 1
329828998: 1
329880840: 1
330064546: 1
330171800: 1
330212443: 1
330274629: 1
330331008: 1
330355422: 1
330371623: 1
330375420: 1
330479976: 1
330629442: 1
330766943: 1
330825887: 1
331038480: 1
331134361: 1
331165725: 1
331202202: 1
331438329: 1
331454511: 1
331471727: 1
331582318: 1
331591417: 1
331627606: 1
331736957: 1
331768957: 1
331842057: 1
331865276: 1
332042146: 1
332084145: 1
332177976: 1
332465179: 1
332481781: 1
332646873: 1
332743679: 1
332833026: 1
332897960: 1
332968158: 1
332980056: 1
333026113: 1
333288284: 1
333344479: 1
333512923: 1
333516035: 1
333537315: 1
333572468: 1
333654966: 1
333766028: 1
333911172: 1
333958824: 1
334347540: 1
334439938: 1
334754236: 1
335001205: 1
335067015: 1
335138030: 1
335169340: 1
335335019: 1
335371757: 1
335502787: 1
335655181: 1
335702098: 1
335724038: 1
335745744: 1
336018278: 1
336062311: 1
336156041: 1
336177797: 1
336538958: 1
336808436: 1
337095090: 1
337106645: 1
337143713: 1
337315712: 1
337374446: 1
337385375: 1
337401718: 1
337492772: 1
337556869: 1
337757830: 1
337773126: 1
337799194: 1
337836677: 1
337973196: 1
338061189: 1
338195924: 1
338363101: 1
338376994: 1
338460189: 1
338561408: 1
338571129: 1
338822123: 1
338845922: 1
338971982: 1
339101010: 1
339173559: 1
339417043: 1
339424105: 1
339698458: 1
339752638: 1
339876763: 1
340016482: 1
340247031: 1
340256003: 1
340294964: 1
340449791: 1
340466956: 1
340612287: 1
340646849: 1
340773757: 1
340802959: 1
340834626: 1
340972681: 1
341122687: 1
341389901: 1
341507921: 1
341579977: 1
341654259: 1
341802045: 1
341906401: 1
342296313: 1
342489320: 1
342691059: 1
342793006: 1
342808529: 1
342834514: 1
343044534: 1
343221264: 1
343500170: 1
343502446: 1
343559081: 1
343577412: 1
343635975: 1
344135058: 1
344187752: 1
344254395: 1
344683531: 1
344905781: 1
344958985: 1
344972648: 1
345210210: 1
345308150: 1
345355759: 1
346051249: 1
346057051: 1
346063790: 1
346144316: 1
346312847: 1
346319583: 1
346425878: 1
346552283: 1
346609447: 1
346702975: 1
346793352: 1
346851190: 1
346918203: 1
347002301: 1
347174345: 1
347233090: 1
347315750: 1
347431665: 1
347721544: 1
347829832: 1
347907538: 1
348064416: 1
348173429: 1
348264994: 1
348290142: 1
348293187: 1
348490349: 1
348492426: 1
348538360: 1
348638601: 1
348830901: 1
348915101: 1
348945926: 1
349165668: 1
349306804: 1
349503965: 1
349569466: 1
350219356: 1
350258357: 1
350293791: 1
350297562: 1
350421857: 1
350437635: 1
350477115: 1
350501728: 1
350570988: 1
350598280: 1
350775882: 1
350785964: 1
350924998: 1
350957420: 1
351005400: 1
351049908: 1
351056302: 1
351122164: 1
351423850: 1
351539721: 1
351541647: 1
351569415: 1
351622160: 1
351706916: 1
351792318: 1
351830926: 1
351832154: 1
351902182: 1
352007946: 1
352153834: 1
352179208: 1
352232175: 1
352334647: 1
352342914: 1
352345828: 1
352435681: 1
352549183: 1
352690705: 1
352712697: 1
352713118: 1
352739597: 1
352799588: 1
352956842: 1
353155066: 1
353454801: 1
353463216: 1
353545639: 1
354373589: 1
354430299: 1
354452689: 1
354465311: 1
354591797: 1
354637777: 1
354644276: 1
354795524: 1
354799412: 1
354820322: 1
354886357: 1
354909361: 1
354973945: 1
355315718: 1
355329408: 1
355500511: 1
355537484: 1
355602686: 1
355729192: 1
355761609: 1
355875708: 1
355910185: 1
355939292: 1
355975929: 1
356114724: 1
356151660: 1
356340026: 1
356352774: 1
356488856: 1
356508134: 1
356510528: 1
356580180: 1
356677679: 1
357043473: 1
357181648: 1
357189581: 1
357323511: 1
357347552: 1
357449684: 1
357568459: 1
357662080: 1
357949043: 1
358040502: 1
358078581: 1
358193156: 1
358464521: 1
358474804: 1
358580978: 1
358911165: 1
358965302: 1
359067367: 1
359257390: 1
359508277: 1
359535191: 1
359603854: 1
359701158: 1
359707159: 1
359951528: 1
359958206: 1
360013085: 1
360073567: 1
360475737: 1
360506461: 1
360607098: 1
360617777: 1
360688540: 1
360949868: 1
361458044: 1
361526461: 1
361575093: 1
361590461: 1
361604439: 1
361783849: 1
361907433: 1
362056802: 1
362155665: 1
362202970: 1
362245380: 1
362298332: 1
362473460: 1
362629783: 1
362683092: 1
362748147: 1
362824134: 1
363047068: 1
363135406: 1
363359434: 1
363430101: 1
363471866: 1
363551917: 1
363590448: 1
363598099: 1
363724914: 1
363795860: 1
364258267: 1
364343668: 1
364501572: 1
364741509: 1
364882686: 1
364967081: 1
365083047: 1
365215958: 1
365267960: 1
365296779: 1
365331235: 1
365479567: 1
365577481: 1
365598793: 1
365703198: 1
365728366: 1
365793911: 1
365860260: 1
365868909: 1
365869657: 1
366055419: 1
366107824: 1
366135272: 1
366255583: 1
366349203: 1
366353136: 1
366385175: 1
366410150: 1
366664003: 1
366853873: 1
366888038: 1
366895407: 1
367124150: 1
367127389: 1
367138734: 1
367331660: 1
367398226: 1
367534598: 1
367707398: 1
367925653: 1
368009315: 1
368036432: 1
368221850: 1
368346413: 1
368402946: 1
368492011: 1
368557894: 1
368616653: 1
368939295: 1
369057715: 1
369146409: 1
369200119: 1
369210807: 1
369275879: 1
369485616: 1
369514943: 1
369559770: 1
369607110: 1
369713641: 1
370352528: 1
370394045: 1
370476521: 1
370578798: 1
370606399: 1
370614247: 1
370621645: 1
370641420: 1
370669189: 1
370671932: 1
370700535: 1
370708000: 1
370868056: 1
370875352: 1
371088446: 1
371244668: 1
371322437: 1
371457399: 1
371525916: 1
371549123: 1
371689653: 1
371728151: 1
371800858: 1
372009793: 1
372095485: 1
372159753: 1
372298100: 1
372328390: 1
372418749: 1
372489955: 1
372690341: 1
372802193: 1
372804791: 1
373001556: 1
373066937: 1
373165667: 1
373186168: 1
373220449: 1
373289450: 1
373456705: 1
373533851: 1
373537858: 1
373642850: 1
373658868: 1
373673566: 1
373700541: 1
373881958: 1
373899381: 1
374365163: 1
374370325: 1
374401996: 1
374547945: 1
374613923: 1
374766873: 1
374787727: 1
374868474: 1
375023739: 1
375069464: 1
375144444: 1
375303964: 1
375584632: 1
375598314: 1
375612028: 1
375701256: 1
375853700: 1
375887295: 1
375887417: 1
375921289: 1
376117078: 1
376265504: 1
376278202: 1
376485125: 1
376596148: 1
376705131: 1
376727101: 1
376791229: 1
376877552: 1
376977799: 1
377157227: 1
377299852: 1
377332102: 1
377343395: 1
377376578: 1
377589108: 1
377624479: 1
377841008: 1
378001579: 1
378015326: 1
378077070: 1
378209001: 1
378293837: 1
378359472: 1
378372678: 1
379016897: 1
379027064: 1
379117139: 1
379155768: 1
379237621: 1
379305712: 1
379535198: 1
379730848: 1
379753366: 1
379846976: 1
379995482: 1
380033593: 1
380300261: 1
380375469: 1
380416158: 1
380525243: 1
380587743: 1
380623244: 1
380813200: 1
380908540: 1
380987946: 1
381127585: 1
381270068: 1
381307731: 1
381401949: 1
381493505: 1
381611201: 1
381729648: 1
381888435: 1
381908019: 1
381950316: 1
382134119: 1
382536806: 1
382584368: 1
382626795: 1
382729385: 1
382820296: 1
382849940: 1
383006099: 1
383071861: 1
383076625: 1
383083073: 1
383096434: 1
383462440: 1
383540291: 1
383564233: 1
383732042: 1
383900462: 1
383943073: 1
384006381: 1
384110390: 1
384132301: 1
384206432: 1
384243996: 1
384264083: 1
384459902: 1
384542969: 1
384551107: 1
384576089: 1
384602703: 1
384668172: 1
384694866: 1
384873996: 1
385069908: 1
385306027: 1
385316578: 1
385502471: 1
385709086: 1
385753446: 1
386144523: 1
386346830: 1
386366653: 1
386380538: 1
386448911: 1
386639921: 1
386786284: 1
387041896: 1
387097049: 1
387267155: 1
387268177: 1
387349237: 1
387388961: 1
387493559: 1
387794336: 1
387861192: 1
387895922: 1
387933930: 1
388095943: 1
388250675: 1
388267829: 1
388315405: 1
388361415: 1
388426463: 1
388428521: 1
388762949: 1
388793297: 1
388854023: 1
388912320: 1
388937223: 1
389291664: 1
389467136: 1
389545532: 1
389588037: 1
389770507: 1
389787901: 1
390149643: 1
390254060: 1
390324161: 1
390504104: 1
390651969: 1
390906967: 1
390983943: 1
391177409: 1
391364994: 1
391379942: 1
391394331: 1
391986310: 1
392014399: 1
392046993: 1
392134251: 1
392268316: 1
392376210: 1
392484303: 1
392575265: 1
392601676: 1
392673598: 1
392734402: 1
392745490: 1
392789450: 1
392852467: 1
392951523: 1
393108199: 1
393208497: 1
393399112: 1
393418217: 1
393541941: 1
393587608: 1
393783204: 1
393962153: 1
394367337: 1
394438664: 1
394463655: 1
394510107: 1
394548861: 1
394569355: 1
394602532: 1
394632939: 1
394778823: 1
394853717: 1
394943506: 1
394976754: 1
395051553: 1
395131791: 1
395161213: 1
395236338: 1
395324131: 1
395448145: 1
395514868: 1
395568547: 1
395657971: 1
395752680: 1
395885138: 1
395911920: 1
395953742: 1
396106526: 1
396205467: 1
396318183: 1
396451132: 1
396670120: 1
397138888: 1
397161926: 1
397215147: 1
397441109: 1
397556346: 1
397612461: 1
397695765: 1
397696363: 1
397720742: 1
397780546: 1
398141894: 1
398160471: 1
398186020: 1
398236710: 1
398245506: 1
398428913: 1
398526022: 1
398630147: 1
398863937: 1
398897862: 1
399047199: 1
399352232: 1
399367008: 1
399391493: 1
399451041: 1
399465367: 1
399505313: 1
399633717: 1
399725911: 1
399902485: 1
399992000: 1
400099252: 1
400175808: 1
400232764: 1
400312349: 1
400454543: 1
400595728: 1
400716805: 1
400753358: 1
400898982: 1
401089903: 1
401182244: 1
401228852: 1
401244972: 1
401246010: 1
401410070: 1
401441743: 1
401519080: 1
401524073: 1
401593049: 1
401657014: 1
401708441: 1
401994928: 1
402008214: 1
402145702: 1
402172781: 1
402240538: 1
402338368: 1
402347962: 1
402457337: 1
402463450: 1
402611424: 1
402617080: 1
402624659: 1
402639022: 1
402743379: 1
402802614: 1
402843474: 1
402884960: 1
402978193: 1
403253797: 1
403283824: 1
403421462: 1
403459583: 1
403472323: 1
403579192: 1
403702309: 1
403772956: 1
403839630: 1
403841466: 1
404110905: 1
404132947: 1
404356808: 1
404584037: 1
404619365: 1
404651841: 1
404704105: 1
404797339: 1
404853604: 1
404892197: 1
404986129: 1
405145905: 1
405185712: 1
405226191: 1
405229076: 1
405308853: 1
405342129: 1
405401771: 1
405509813: 1
405590555: 1
405656469: 1
405693572: 1
405717435: 1
405931947: 1
406035773: 1
406136289: 1
406146933: 1
406220388: 1
406240136: 1
406241893: 1
406255409: 1
406427267: 1
406435117: 1
406452223: 1
406502249: 1
406535642: 1
406650876: 1
406728812: 1
406831137: 1
406880151: 1
407048728: 1
407145803: 1
407187020: 1
407320653: 1
407322900: 1
407349361: 1
407379321: 1
407477966: 1
407505785: 1
407772197: 1
407793536: 1
407846684: 1
407943453: 1
408075756: 1
408125038: 1
408146811: 1
408203050: 1
408271798: 1
408290147: 1
408322271: 1
408436842: 1
408558499: 1
408566776: 1
408754217: 1
408767660: 1
409148144: 1
409187278: 1
409481106: 1
409626631: 1
409772209: 1
410240170: 1
410314165: 1
410416034: 1
410662722: 1
410737264: 1
410742883: 1
410787149: 1
410820811: 1
410834706: 1
410985901: 1
411007672: 1
411034459: 1
411094450: 1
411125341: 1
411189523: 1
411301459: 1
411462346: 1
411639631: 1
411709860: 1
411866175: 1
412286466: 1
412299607: 1
412460508: 1
412463355: 1
412710367: 1
412727055: 1
412742794: 1
412804076: 1
412836126: 1
412841652: 1
412853627: 1
412864393: 1
412981361: 1
413212189: 1
413688361: 1
413772408: 1
413872579: 1
413983473: 1
414017057: 1
414138468: 1
414296353: 1
414546978: 1
414797606: 1
414935503: 1
414943277: 1
415057330: 1
415074717: 1
415392271: 1
415492491: 1
415560295: 1
415691722: 1
415804045: 1
415881042: 1
415920810: 1
415937533: 1
416116132: 1
416436136: 1
416475464: 1
416501189: 1
416594768: 1
416642283: 1
416642285: 1
416792642: 1
416933646: 1
417472954: 1
417527466: 1
417556881: 1
417589567: 1
417703296: 1
417747868: 1
417926701: 1
418240425: 1
418275625: 1
418304748: 1
418627465: 1
418780845: 1
419000036: 1
419026386: 1
419178482: 1
419235664: 1
419268060: 1
419401353: 1
419545866: 1
419606361: 1
419628543: 1
419642171: 1
419998305: 1
420131197: 1
420131587: 1
420209355: 1
420309893: 1
420377577: 1
420740434: 1
420750950: 1
420843614: 1
420859152: 1
421049753: 1
421176053: 1
421249360: 1
421264188: 1
421290362: 1
421407513: 1
421442034: 1
421454650: 1
421465752: 1
421505873: 1
421596015: 1
421663354: 1
421926629: 1
421987467: 1
422056691: 1
422088545: 1
422178273: 1
422212602: 1
422253789: 1
422675717: 1
422709947: 1
422786346: 1
422810931: 1
422902887: 1
423108132: 1
423173349: 1
423219755: 1
423245617: 1
423380228: 1
423405591: 1
423438476: 1
423477201: 1
423566341: 1
423750157: 1
423864159: 1
423882898: 1
423979368: 1
423985805: 1
424028005: 1
424241952: 1
424452264: 1
424553858: 1
424630345: 1
424825215: 1
424858955: 1
425088875: 1
425498979: 1
425524145: 1
425548338: 1
425573768: 1
425583875: 1
425676752: 1
425774636: 1
425782103: 1
425803422: 1
425828247: 1
425870018: 1
425949058: 1
425986832: 1
426042488: 1
426322355: 1
426420645: 1
426583570: 1
426832505: 1
426867216: 1
426874095: 1
426978419: 1
427279614: 1
427404725: 1
427585997: 1
427621296: 1
427691426: 1
428066969: 1
428109502: 1
428188125: 1
428256538: 1
428281824: 1
428344775: 1
428379494: 1
428447480: 1
428468051: 1
428481081: 1
428567126: 1
428661177: 1
428680248: 1
428878472: 1
428954677: 1
429051850: 1
429100258: 1
429207889: 1
429222005: 1
429446984: 1
429457712: 1
429552157: 1
429823792: 1
429845213: 1
430001833: 1
430049708: 1
430067631: 1
430136712: 1
430160501: 1
430194613: 1
430203013: 1
430328557: 1
430442603: 1
430515546: 1
430555967: 1
430572889: 1
430685905: 1
430753553: 1
430872441: 1
430967459: 1
430971225: 1
431071658: 1
431112850: 1
431140734: 1
431147703: 1
431149416: 1
431174937: 1
431200661: 1
431222546: 1
431493252: 1
431574427: 1
431576920: 1
431640145: 1
431668885: 1
431877450: 1
431898919: 1
432049112: 1
432077930: 1
432260973: 1
432335920: 1
432376271: 1
432410576: 1
432467750: 1
432487907: 1
432495059: 1
432522424: 1
432607795: 1
432889946: 1
432903541: 1
432983628: 1
433003759: 1
433098280: 1
433102057: 1
433232872: 1
433422631: 1
433571547: 1
433584544: 1
433756002: 1
433896603: 1
433907649: 1
434057715: 1
434366446: 1
434406475: 1
434485112: 1
434513220: 1
434519505: 1
434739797: 1
434779335: 1
434836866: 1
434842269: 1
434881083: 1
434913576: 1
434918426: 1
435059615: 1
435735983: 1
435772414: 1
435941070: 1
435984000: 1
435993842: 1
436048115: 1
436126212: 1
436284893: 1
436293908: 1
436460778: 1
436514424: 1
436588343: 1
436736992: 1
436782428: 1
436787171: 1
436894451: 1
436968495: 1
437119179: 1
437160317: 1
437265579: 1
437294854: 1
437323163: 1
437398445: 1
437527106: 1
437532683: 1
437665174: 1
437800657: 1
437825365: 1
437841058: 1
437931812: 1
438055693: 1
438175724: 1
438189822: 1
438278567: 1
438360238: 1
438404480: 1
438434676: 1
438655692: 1
438745823: 1
438962418: 1
438963993: 1
439010113: 1
439056528: 1
439070001: 1
439199462: 1
439209331: 1
439346622: 1
439461500: 1
439508294: 1
440018901: 1
440216393: 1
440263856: 1
440342996: 1
440393871: 1
440518363: 1
440790731: 1
440888063: 1
440962199: 1
440970895: 1
441023201: 1
441057504: 1
441067898: 1
441080558: 1
441157737: 1
441172986: 1
441342530: 1
441357424: 1
441445459: 1
441469112: 1
441514320: 1
441550180: 1
441686894: 1
441720447: 1
441736996: 1
441749183: 1
441877121: 1
441882391: 1
441891484: 1
441905280: 1
442016208: 1
442082667: 1
442090426: 1
442385207: 1
442508825: 1
442585310: 1
442617130: 1
442688243: 1
442871036: 1
443223076: 1
443671993: 1
443734069: 1
443816516: 1
443908607: 1
444086471: 1
444137812: 1
444144815: 1
444335867: 1
444607669: 1
444623011: 1
444745592: 1
444908803: 1
445086770: 1
445194655: 1
445295611: 1
445483959: 1
445500944: 1
445629588: 1
445658020: 1
445670314: 1
445708102: 1
445795550: 1
446090500: 1
446198275: 1
446453739: 1
446462501: 1
446477061: 1
446587782: 1
446764067: 1
446785193: 1
446933030: 1
446982027: 1
447001780: 1
447059847: 1
447107358: 1
447219824: 1
447278279: 1
447295401: 1
447438694: 1
447444476: 1
447511893: 1
447598631: 1
447753431: 1
447779792: 1
447973348: 1
447998950: 1
448095592: 1
448192066: 1
448233814: 1
448360033: 1
448381809: 1
448694654: 1
448890732: 1
448927679: 1
449041387: 1
449118228: 1
449202865: 1
449314034: 1
449322609: 1
449802784: 1
449909659: 1
449956739: 1
450095226: 1
450323322: 1
450432471: 1
450832816: 1
450965328: 1
450973364: 1
451019215: 1
451030307: 1
451212214: 1
451290350: 1
451341352: 1
451427426: 1
451579593: 1
451684433: 1
451701705: 1
451857138: 1
452078080: 1
452217889: 1
452296321: 1
452379353: 1
452512546: 1
452678080: 1
452710489: 1
452723206: 1
452870630: 1
452873185: 1
452897574: 1
452978808: 1
453041918: 1
453052444: 1
453103043: 1
453106482: 1
453453685: 1
453558861: 1
453602358: 1
453653949: 1
453690077: 1
453705480: 1
453761851: 1
453866944: 1
453993819: 1
454270661: 1
454311913: 1
454629118: 1
454975932: 1
455135346: 1
455161646: 1
455174687: 1
455239975: 1
455338265: 1
455415563: 1
455457603: 1
455560846: 1
455570112: 1
455741853: 1
455755149: 1
455775814: 1
455883959: 1
455926675: 1
455994286: 1
456016787: 1
456142795: 1
456216712: 1
456277973: 1
456303510: 1
456331143: 1
456344021: 1
456358116: 1
456370507: 1
456406570: 1
456527968: 1
456785697: 1
456964236: 1
457005458: 1
457008713: 1
457044109: 1
457094127: 1
457146531: 1
457173474: 1
457208829: 1
457460403: 1
457539309: 1
457625420: 1
457884332: 1
458042177: 1
458370138: 1
458389297: 1
458541963: 1
458811983: 1
458938858: 1
458939561: 1
458993362: 1
459044307: 1
459060376: 1
459121934: 1
459209725: 1
459343304: 1
459495646: 1
459505430: 1
459633200: 1
459756196: 1
459983644: 1
459991148: 1
460129763: 1
460212771: 1
460278898: 1
460281035: 1
460321963: 1
460515206: 1
460519173: 1
460614325: 1
460713432: 1
460786537: 1
460917737: 1
461132033: 1
461146189: 1
461197799: 1
461461608: 1
461696116: 1
461816325: 1
462006774: 1
462185782: 1
462250449: 1
462288144: 1
462353152: 1
462362157: 1
462379865: 1
462421749: 1
462704176: 1
462968682: 1
462999232: 1
463011368: 1
463067895: 1
463365003: 1
463560003: 1
463770771: 1
463805439: 1
463842589: 1
463881222: 1
463964901: 1
464009905: 1
464033283: 1
464240954: 1
464306634: 1
464309111: 1
464514416: 1
464724282: 1
464827115: 1
465035097: 1
465093366: 1
465188439: 1
465208187: 1
465345595: 1
465347525: 1
465387105: 1
465483100: 1
465518857: 1
465653968: 1
465721992: 1
465829288: 1
465893040: 1
466017039: 1
466043525: 1
466299315: 1
466333794: 1
466431731: 1
466543566: 1
466714318: 1
467013971: 1
467154202: 1
467292280: 1
467295624: 1
467328724: 1
467346260: 1
467356909: 1
467591030: 1
467595374: 1
467784954: 1
467805287: 1
467837437: 1
468036886: 1
468147826: 1
468294644: 1
468392429: 1
468397366: 1
468439111: 1
468483282: 1
468518362: 1
468545999: 1
468560279: 1
468706266: 1
468713692: 1
468788529: 1
468940985: 1
468965139: 1
469023304: 1
469162642: 1
469195050: 1
469461096: 1
469697005: 1
469755168: 1
469787031: 1
469812638: 1
469830382: 1
469837746: 1
469932098: 1
469954851: 1
469955936: 1
470086043: 1
470288691: 1
470344344: 1
470462023: 1
470477598: 1
470609174: 1
470732936: 1
471037003: 1
471041044: 1
471165637: 1
471222484: 1
471423460: 1
471433080: 1
471825579: 1
471832094: 1
471952283: 1
471987589: 1
472319135: 1
472331360: 1
472334423: 1
472411495: 1
472663111: 1
472740927: 1
472976925: 1
473004802: 1
473035027: 1
473131564: 1
473193946: 1
473218938: 1
473257401: 1
473406115: 1
473408484: 1
473518021: 1
473634112: 1
473688244: 1
473688938: 1
473704135: 1
473782654: 1
473857524: 1
473861910: 1
474082475: 1
474166700: 1
474364447: 1
474421150: 1
474525600: 1
474633764: 1
474674918: 1
474689439: 1
474701270: 1
474705805: 1
474725596: 1
474853410: 1
474970820: 1
475042248: 1
475062290: 1
475104404: 1
475162855: 1
475396726: 1
475522809: 1
475569957: 1
475666824: 1
475915521: 1
475979490: 1
475980225: 1
476220270: 1
476392573: 1
476493800: 1
476528902: 1
476561073: 1
476563481: 1
476623161: 1
476631523: 1
476636171: 1
476675385: 1
476694216: 1
476810145: 1
477015069: 1
477275193: 1
477385283: 1
477577125: 1
477878025: 1
478148636: 1
478196076: 1
478204047: 1
478264884: 1
478284197: 1
478291248: 1
478396420: 1
478565584: 1
478579057: 1
478615210: 1
478758118: 1
478777110: 1
478806764: 1
479271112: 1
479278956: 1
479308350: 1
479369997: 1
479433317: 1
479963337: 1
480135071: 1
480294414: 1
480351382: 1
480386534: 1
480606683: 1
480637604: 1
480688220: 1
480799650: 1
480897654: 1
481058726: 1
481248959: 1
481249952: 1
481330390: 1
481380670: 1
481391542: 1
481406565: 1
481730614: 1
481850339: 1
482127072: 1
482273282: 1
482339218: 1
482446171: 1
482635321: 1
482642356: 1
482652127: 1
482827008: 1
483099678: 1
483253294: 1
483448589: 1
483693609: 1
483711411: 1
484095664: 1
484230333: 1
484287844: 1
484344422: 1
484400594: 1
484702766: 1
484841820: 1
485012835: 1
485025716: 1
485033126: 1
485034382: 1
485037277: 1
485135747: 1
485139815: 1
485198673: 1
485291478: 1
485386352: 1
485450330: 1
485462399: 1
485499609: 1
485539353: 1
485925985: 1
485968013: 1
486171247: 1
486217131: 1
486257326: 1
486269660: 1
486278164: 1
486286479: 1
486481374: 1
486598455: 1
486621587: 1
486790103: 1
486820007: 1
486958311: 1
486964662: 1
487063799: 1
487084813: 1
487088224: 1
487145189: 1
487152815: 1
487184680: 1
487224494: 1
487293607: 1
487384786: 1
487404041: 1
487404720: 1
487716586: 1
487746637: 1
487910359: 1
488001481: 1
488427499: 1
488572090: 1
488737163: 1
488886524: 1
489418227: 1
489437934: 1
489463704: 1
489467458: 1
489469574: 1
489729226: 1
489888950: 1
489897141: 1
489973684: 1
489990078: 1
489995604: 1
490005647: 1
490052510: 1
490115390: 1
490171538: 1
490247614: 1
490408391: 1
490459552: 1
490576703: 1
490652657: 1
490659557: 1
490713811: 1
490808144: 1
490825512: 1
490826382: 1
490917840: 1
491028404: 1
491587853: 1
491788935: 1
491859648: 1
491988130: 1
492017627: 1
492050987: 1
492072918: 1
492294800: 1
492342325: 1
492572057: 1
492590891: 1
492713157: 1
492954921: 1
493046639: 1
493561983: 1
493621430: 1
493660083: 1
493810077: 1
493824863: 1
493918934: 1
494014924: 1
494254688: 1
494589546: 1
494632910: 1
494692941: 1
494837563: 1
494949046: 1
494949277: 1
495014244: 1
495052986: 1
495191288: 1
495245025: 1
495457548: 1
495483816: 1
495591679: 1
495596888: 1
495686694: 1
495702601: 1
495729591: 1
495774695: 1
495793996: 1
495816007: 1
495904746: 1
496048840: 1
496055136: 1
496114091: 1
496172972: 1
496223249: 1
496303884: 1
496558385: 1
496734703: 1
496766429: 1
496770845: 1
496932048: 1
497149455: 1
497257530: 1
497386106: 1
497615830: 1
497879225: 1
497901428: 1
497921888: 1
497925888: 1
498157554: 1
498294639: 1
498480002: 1
498557440: 1
498671415: 1
498726035: 1
498757111: 1
498806520: 1
498868067: 1
498872664: 1
498974869: 1
498977621: 1
499031391: 1
499182137: 1
499766044: 1
499781800: 1
499848507: 1
499848701: 1
499854074: 1
499854180: 1
500156215: 1
500204383: 1
500528490: 1
500599905: 1
500733658: 1
500752094: 1
500761031: 1
500853610: 1
501038389: 1
501075059: 1
501114775: 1
501133484: 1
501194810: 1
501260716: 1
501314262: 1
501593935: 1
501928072: 1
501960033: 1
501982940: 1
502054212: 1
502079594: 1
502149085: 1
502161827: 1
502197425: 1
502296862: 1
502520371: 1
502714212: 1
503010679: 1
503054182: 1
503110572: 1
503130225: 1
503148584: 1
503288781: 1
503300131: 1
503422715: 1
503498866: 1
503740049: 1
503906492: 1
503926573: 1
504010884: 1
504155722: 1
504291851: 1
504348040: 1
504540827: 1
504579008: 1
504614348: 1
504698890: 1
504800601: 1
504824758: 1
504831040: 1
504883539: 1
504943910: 1
505005836: 1
505053881: 1
505102241: 1
505188132: 1
505484683: 1
505919895: 1
505930893: 1
505935467: 1
505991858: 1
506116343: 1
506158940: 1
506263233: 1
506377530: 1
506632826: 1
506648764: 1
506687228: 1
506754080: 1
506772370: 1
506782794: 1
506837335: 1
506981950: 1
507363643: 1
507363798: 1
507437240: 1
507480646: 1
507485464: 1
507494285: 1
507741680: 1
507749733: 1
507832434: 1
508148022: 1
508420963: 1
508436427: 1
508533709: 1
508576108: 1
508593954: 1
508615515: 1
508635612: 1
508781348: 1
508835945: 1
508887987: 1
509071274: 1
509087576: 1
509174075: 1
509549144: 1
509583512: 1
509708051: 1
509729234: 1
509790830: 1
509955086: 1
510047167: 1
510311774: 1
510322248: 1
510490468: 1
510514648: 1
510520249: 1
510535407: 1
510594598: 1
510771498: 1
510864795: 1
511120904: 1
511132843: 1
511352590: 1
511367938: 1
511481334: 1
511508514: 1
511564011: 1
511599454: 1
511725500: 1
511832801: 1
511874024: 1
511912116: 1
511917885: 1
512145344: 1
512350865: 1
512389590: 1
512426951: 1
512541602: 1
512700247: 1
512733945: 1
512763115: 1
512834303: 1
512912850: 1
512923487: 1
512999496: 1
513028427: 1
513083716: 1
513208085: 1
513264692: 1
513527695: 1
513594728: 1
513784738: 1
513935587: 1
514291153: 1
514627988: 1
514660964: 1
514685541: 1
514693428: 1
514722853: 1
514815549: 1
515259157: 1
515259519: 1
515302417: 1
515405571: 1
515410768: 1
515757727: 1
515789579: 1
515951678: 1
515951894: 1
515961947: 1
515993700: 1
516003297: 1
516097672: 1
516288248: 1
516299118: 1
516408584: 1
516456869: 1
516858882: 1
517095706: 1
517156531: 1
517240383: 1
517363466: 1
517406593: 1
517523883: 1
517563248: 1
517656317: 1
517744742: 1
517779052: 1
518066317: 1
518067313: 1
518148998: 1
518149667: 1
518199695: 1
518251199: 1
518478669: 1
518484805: 1
518499765: 1
518677968: 1
518742057: 1
518820585: 1
518997473: 1
519052876: 1
519505908: 1
519631743: 1
519793063: 1
519863738: 1
520045286: 1
520055979: 1
520210938: 1
520268369: 1
520273858: 1
520353208: 1
520386364: 1
520475128: 1
520494490: 1
520586575: 1
520712531: 1
520996918: 1
521169019: 1
521251989: 1
521313237: 1
521360312: 1
521400799: 1
521580321: 1
522011290: 1
522045978: 1
522149412: 1
522365118: 1
522475831: 1
522476329: 1
522658829: 1
522739645: 1
522761886: 1
522853599: 1
523029622: 1
523149858: 1
523176326: 1
523243117: 1
523294052: 1
523329941: 1
523436818: 1
523568714: 1
523687713: 1
523710615: 1
523758858: 1
523782464: 1
523896086: 1
523989037: 1
524055443: 1
524228624: 1
524266246: 1
524400778: 1
524418210: 1
524538687: 1
525069619: 1
525668938: 1
525849491: 1
525921344: 1
525948971: 1
526086882: 1
526450829: 1
526525256: 1
526629355: 1
526665883: 1
526747628: 1
526774906: 1
526885805: 1
526965670: 1
527026249: 1
527069680: 1
527123104: 1
527159662: 1
527170010: 1
527216727: 1
527254576: 1
527506345: 1
527541143: 1
527543445: 1
527786635: 1
527895103: 1
528053516: 1
528129489: 1
528312553: 1
528369503: 1
528469832: 1
528491002: 1
528530329: 1
528576233: 1
528623820: 1
528823196: 1
528829147: 1
528914871: 1
529177824: 1
529301709: 1
529444700: 1
529462541: 1
529549952: 1
529646601: 1
529722299: 1
529738757: 1
529753745: 1
529823470: 1
529905287: 1
529995629: 1
530224812: 1
530307393: 1
530368801: 1
530421592: 1
530544101: 1
530611279: 1
530669150: 1
530854424: 1
530905832: 1
530911701: 1
531115411: 1
531171890: 1
531340603: 1
531374961: 1
531667366: 1
531911114: 1
531997970: 1
532017796: 1
532076240: 1
532175065: 1
532309626: 1
532364857: 1
532418521: 1
532473493: 1
532572766: 1
532700711: 1
532726309: 1
532833279: 1
532983646: 1
533020557: 1
533080998: 1
533154598: 1
533309548: 1
533599306: 1
533625089: 1
533876479: 1
533974513: 1
534034378: 1
534490612: 1
534494742: 1
534533367: 1
535018624: 1
535095505: 1
535150675: 1
535442236: 1
535476424: 1
535492902: 1
535630559: 1
535876664: 1
535978023: 1
536171232: 1
536179025: 1
536215401: 1
536260793: 1
536341268: 1
536592760: 1
536634857: 1
536668408: 1
536820680: 1
536975488: 1
537187053: 1
537302111: 1
537370195: 1
537384883: 1
537554457: 1
537787588: 1
537956289: 1
537958158: 1
538370513: 1
538383927: 1
538594080: 1
538906462: 1
539032908: 1
539267774: 1
539638641: 1
539658540: 1
539691580: 1
540168439: 1
540170382: 1
540625329: 1
540671929: 1
540705782: 1
540775555: 1
540855834: 1
540913692: 1
540987595: 1
541032778: 1
541093732: 1
541318365: 1
541482765: 1
541491126: 1
542118217: 1
542158492: 1
542186811: 1
542330794: 1
542426369: 1
542545688: 1
542633852: 1
543019003: 1
543047644: 1
543072477: 1
543087955: 1
543232090: 1
543330966: 1
543512669: 1
543576193: 1
544234585: 1
544245813: 1
544454221: 1
544470203: 1
544608665: 1
544646602: 1
544784807: 1
544841850: 1
545009710: 1
545110880: 1
545614166: 1
545625220: 1
545927850: 1
546118614: 1
546207083: 1
546231612: 1
546281331: 1
546465879: 1
546614544: 1
546648583: 1
546815656: 1
546833749: 1
547107271: 1
547143993: 1
547703243: 1
547717598: 1
547936759: 1
547959342: 1
548370183: 1
548571027: 1
548598480: 1
548704850: 1
548930425: 1
548946065: 1
549042368: 1
549050114: 1
549087879: 1
549105038: 1
549162782: 1
549261877: 1
549309363: 1
549424421: 1
549469212: 1
549703060: 1
549853264: 1
550099407: 1
550182461: 1
550189215: 1
550364695: 1
550409500: 1
550422327: 1
550507084: 1
550727013: 1
550797586: 1
550807750: 1
550882274: 1
550926529: 1
551145407: 1
551249758: 1
551285192: 1
551306732: 1
551345712: 1
551458452: 1
551468504: 1
551546773: 1
551664607: 1
551672553: 1
551737635: 1
552033221: 1
552056383: 1
552077233: 1
552243610: 1
552429537: 1
552431844: 1
552711487: 1
552712892: 1
552714677: 1
552826689: 1
552851529: 1
553146849: 1
553154564: 1
553356821: 1
553372136: 1
553479126: 1
553552390: 1
553679314: 1
553756124: 1
553786505: 1
553927041: 1
554152846: 1
554350750: 1
554379425: 1
554391021: 1
554407627: 1
554467076: 1
554641223: 1
554658581: 1
554902164: 1
554917443: 1
554980778: 1
555070346: 1
555160264: 1
555235646: 1
555546184: 1
555613693: 1
555766635: 1
555847836: 1
555878111: 1
555914858: 1
556011673: 1
556037701: 1
556233295: 1
556307590: 1
556424763: 1
556442102: 1
556486336: 1
556548125: 1
556773958: 1
556820644: 1
556963236: 1
557062001: 1
557277071: 1
557340826: 1
557539563: 1
557688337: 1
557754337: 1
557897377: 1
558125842: 1
558397015: 1
558567787: 1
558589459: 1
558688103: 1
558747374: 1
558778989: 1
558819953: 1
558887292: 1
559000583: 1
559125638: 1
559318414: 1
559327575: 1
559372714: 1
559592744: 1
559609410: 1
559628651: 1
559737538: 1
559839541: 1
559910743: 1
560081290: 1
560123880: 1
560456377: 1
560612737: 1
560619356: 1
560632918: 1
560702671: 1
560794905: 1
560899069: 1
561370193: 1
561401763: 1
561425299: 1
561606315: 1
561746331: 1
561900276: 1
561912924: 1
561926940: 1
562001735: 1
562060644: 1
562143363: 1
562319458: 1
562540887: 1
562570103: 1
562749516: 1
562797711: 1
562836288: 1
562988679: 1
563145807: 1
563216460: 1
563276776: 1
563325888: 1
563476838: 1
563596788: 1
563679389: 1
563742551: 1
563940393: 1
563945305: 1
563953490: 1
564002248: 1
564026899: 1
564070856: 1
564222608: 1
564334092: 1
564642426: 1
564675926: 1
564687828: 1
564816430: 1
564962039: 1
564987779: 1
565203254: 1
565282221: 1
565454033: 1
565785576: 1
565803179: 1
565951709: 1
566040611: 1
566055745: 1
566060982: 1
566113213: 1
566155516: 1
566190094: 1
566278614: 1
566587702: 1
566684236: 1
566969169: 1
567088601: 1
567272684: 1
567329838: 1
567333267: 1
567672087: 1
567773689: 1
567778781: 1
567952979: 1
568067998: 1
568224042: 1
568420298: 1
568548919: 1
568697345: 1
568794126: 1
568872262: 1
568972422: 1
569058720: 1
569113904: 1
569314957: 1
569357804: 1
569429373: 1
569447533: 1
569584708: 1
569688168: 1
569692825: 1
569761557: 1
570072561: 1
570239307: 1
570323938: 1
570339365: 1
570462009: 1
570469675: 1
570512827: 1
570589243: 1
570709517: 1
570777017: 1
570897910: 1
570912829: 1
570942663: 1
570990428: 1
571067341: 1
571070697: 1
571082174: 1
571112854: 1
571202620: 1
571324005: 1
571352574: 1
571542227: 1
571607793: 1
571611684: 1
571644418: 1
571664193: 1
571918830: 1
572021969: 1
572036425: 1
572083008: 1
572117941: 1
572130218: 1
572143916: 1
572206532: 1
572248403: 1
572255698: 1
572312668: 1
572395711: 1
572424305: 1
572460254: 1
572494763: 1
572553339: 1
572594185: 1
572748535: 1
572784256: 1
572796571: 1
573090626: 1
573151121: 1
573238101: 1
573239971: 1
573250175: 1
573251491: 1
573305060: 1
573431094: 1
573468221: 1
573486220: 1
573500310: 1
573536555: 1
573553693: 1
573602457: 1
573660841: 1
573697962: 1
573798794: 1
573867647: 1
573877852: 1
573937527: 1
573958474: 1
573962406: 1
574110412: 1
574136956: 1
574137081: 1
574182158: 1
574218427: 1
574361756: 1
574643084: 1
574718867: 1
574744477: 1
574775412: 1
574777267: 1
574924882: 1
574981156: 1
575064042: 1
575076281: 1
575091406: 1
575318578: 1
575337433: 1
575385832: 1
575394485: 1
575550857: 1
575553270: 1
575732554: 1
575749815: 1
575924864: 1
576287639: 1
576414267: 1
576422660: 1
576425270: 1
576469363: 1
576477546: 1
576597393: 1
576631095: 1
576634193: 1
576676609: 1
576821493: 1
576828547: 1
576976515: 1
577187718: 1
577217444: 1
577297147: 1
577419522: 1
577587807: 1
577642617: 1
577839025: 1
577941139: 1
578011740: 1
578202864: 1
578353066: 1
578411930: 1
578483590: 1
578487738: 1
578511098: 1
578740137: 1
578775030: 1
578784250: 1
578848540: 1
578899539: 1
579068227: 1
579108344: 1
579149560: 1
579520085: 1
579531478: 1
579583791: 1
579892108: 1
579954211: 1
580004935: 1
580027086: 1
580136854: 1
580554537: 1
580609925: 1
580690763: 1
581172034: 1
581290031: 1
581313928: 1
581352589: 1
581432461: 1
581490181: 1
581544532: 1
581638635: 1
581684354: 1
581706546: 1
581820494: 1
581903781: 1
581949657: 1
582051398: 1
582086495: 1
582110683: 1
582212436: 1
582251857: 1
582277476: 1
582582238: 1
582624238: 1
582649649: 1
582913247: 1
583035919: 1
583116870: 1
583121529: 1
583123748: 1
583242407: 1
583305613: 1
583308825: 1
583461123: 1
583478796: 1
583611994: 1
583824083: 1
584003004: 1
584118739: 1
584491801: 1
584569432: 1
584755779: 1
584981837: 1
585091402: 1
585094659: 1
585141847: 1
585165643: 1
585509907: 1
585518357: 1
585776798: 1
585792209: 1
585854911: 1
585859433: 1
585998480: 1
586222953: 1
586240797: 1
586478742: 1
586509797: 1
586525790: 1
586558054: 1
586568748: 1
586615018: 1
586709006: 1
587142467: 1
587160371: 1
587194844: 1
587262561: 1
587280027: 1
587283632: 1
587313744: 1
587327510: 1
587337785: 1
587356405: 1
587362059: 1
587372922: 1
587394820: 1
587502048: 1
587670327: 1
587767426: 1
587878511: 1
587895201: 1
588167169: 1
588234992: 1
588272444: 1
588327502: 1
588614047: 1
588674562: 1
588686331: 1
588707905: 1
588764395: 1
589097471: 1
589208808: 1
589336549: 1
589558809: 1
589608288: 1
589622666: 1
589716835: 1
589722917: 1
589761592: 1
589789066: 1
589866012: 1
589926379: 1
590160484: 1
590373700: 1
590521738: 1
590584768: 1
590625423: 1
590645124: 1
590768336: 1
590919677: 1
590983985: 1
591005171: 1
591071540: 1
591220584: 1
591358809: 1
591625528: 1
591638083: 1
591718163: 1
591843773: 1
591873099: 1
591921037: 1
592001812: 1
592022084: 1
592219929: 1
592337050: 1
592375003: 1
592475675: 1
592500138: 1
592720716: 1
592801200: 1
592994111: 1
592996652: 1
593138210: 1
593340453: 1
593418765: 1
593532585: 1
593909024: 1
594163142: 1
594200152: 1
594248516: 1
594273926: 1
594463988: 1
594498439: 1
594637962: 1
594730887: 1
594878427: 1
594944646: 1
595005516: 1
595021369: 1
595090719: 1
595323046: 1
595430002: 1
595482353: 1
595494542: 1
595712760: 1
595772916: 1
595803764: 1
596245565: 1
596251133: 1
596378086: 1
596453418: 1
596729925: 1
596855998: 1
596916818: 1
597016328: 1
597334012: 1
597373682: 1
597454238: 1
597560373: 1
597566235: 1
597680432: 1
597741159: 1
597755112: 1
597756192: 1
597759884: 1
597813645: 1
597825405: 1
597828142: 1
597937104: 1
598028569: 1
598035634: 1
598059172: 1
598059345: 1
598074998: 1
598272219: 1
598324803: 1
598494648: 1
598897356: 1
598993782: 1
599200049: 1
599206463: 1
599590529: 1
599676071: 1
599797859: 1
599817806: 1
599852603: 1
599951258: 1
600257377: 1
600342969: 1
600354442: 1
600468334: 1
600510138: 1
600803809: 1
600896394: 1
601003824: 1
601151309: 1
601206515: 1
601283310: 1
601293371: 1
601316658: 1
601501785: 1
601577270: 1
601642537: 1
601680206: 1
601688776: 1
601783251: 1
601885409: 1
601948562: 1
602020857: 1
602050281: 1
602265381: 1
602553352: 1
602555722: 1
602728189: 1
602771820: 1
602817263: 1
602922439: 1
603110626: 1
603239218: 1
603257405: 1
603285647: 1
603407236: 1
603521031: 1
603707538: 1
603716004: 1
603996321: 1
604019759: 1
604179350: 1
604306749: 1
604513223: 1
604528916: 1
604529621: 1
604559099: 1
604577752: 1
604614106: 1
604627035: 1
604864354: 1
604934039: 1
605284162: 1
605344868: 1
605378030: 1
605435526: 1
605439892: 1
605474627: 1
605649472: 1
606005478: 1
606011968: 1
606299945: 1
606315325: 1
606419612: 1
606499003: 1
606613497: 1
606627568: 1
606647088: 1
606787558: 1
606793417: 1
606924541: 1
606976238: 1
607394273: 1
607417587: 1
607628721: 1
607737689: 1
607960949: 1
607983657: 1
608070599: 1
608091405: 1
608471314: 1
608536060: 1
608605416: 1
608989024: 1
609240524: 1
609289084: 1
609354369: 1
609406464: 1
609445601: 1
609594836: 1
609716878: 1
609749942: 1
610258048: 1
610265591: 1
610285472: 1
610355025: 1
610526999: 1
610759705: 1
610910880: 1
611019615: 1
611044697: 1
611059120: 1
611413602: 1
611584884: 1
611836434: 1
611970373: 1
611970878: 1
611997511: 1
612018951: 1
612256572: 1
612427625: 1
612566510: 1
612687292: 1
612694624: 1
612975942: 1
613050076: 1
613120216: 1
613283896: 1
613681267: 1
613737820: 1
614140688: 1
614164724: 1
614165018: 1
614476967: 1
614850887: 1
614853916: 1
614875437: 1
614924333: 1
614969753: 1
615064816: 1
615139862: 1
615299250: 1
615416540: 1
615468879: 1
615482580: 1
615672874: 1
615717270: 1
615754042: 1
615868825: 1
616173907: 1
616280639: 1
616316073: 1
616396337: 1
616447981: 1
616699831: 1
616907992: 1
616973697: 1
616999918: 1
617108646: 1
617112985: 1
617129272: 1
617304541: 1
617486858: 1
617542413: 1
617607564: 1
617657950: 1
617832520: 1
617904736: 1
618103844: 1
618193887: 1
618377629: 1
618492984: 1
618600365: 1
619132755: 1
619197226: 1
619295877: 1
619315264: 1
619427632: 1
619535576: 1
619539542: 1
619626969: 1
619693948: 1
619945686: 1
619997080: 1
620302720: 1
620317624: 1
620346463: 1
620399253: 1
620600229: 1
620883936: 1
620916357: 1
621082926: 1
621102418: 1
621235571: 1
621292886: 1
621297322: 1
621342642: 1
621589904: 1
621813666: 1
621839888: 1
621889550: 1
621932501: 1
621959814: 1
622024994: 1
622048608: 1
622192986: 1
622246680: 1
622283616: 1
622308203: 1
622375810: 1
622387345: 1
622796839: 1
622817838: 1
622850296: 1
622962988: 1
623373646: 1
623405250: 1
623439636: 1
623578734: 1
623714758: 1
623938534: 1
624086599: 1
624108530: 1
624236886: 1
624366984: 1
624478820: 1
624674540: 1
624760642: 1
624805993: 1
624926463: 1
625066602: 1
625098440: 1
625604508: 1
625658151: 1
625700751: 1
625769674: 1
625779745: 1
625878212: 1
626056331: 1
626093610: 1
626178609: 1
626222526: 1
626335249: 1
626493572: 1
626532726: 1
627254910: 1
627402549: 1
627413688: 1
627557676: 1
627610857: 1
628103894: 1
628136733: 1
628197066: 1
628404733: 1
628413896: 1
628722086: 1
628937275: 1
629035383: 1
629052377: 1
629068378: 1
629157855: 1
629182398: 1
629185371: 1
629211882: 1
629247723: 1
629437063: 1
629483706: 1
629494893: 1
629630057: 1
629735051: 1
630175260: 1
630412541: 1
630878390: 1
630998294: 1
631002373: 1
631059774: 1
631256464: 1
631415179: 1
631439472: 1
631683900: 1
631697630: 1
631732837: 1
631948654: 1
632040903: 1
632062432: 1
632155172: 1
632324182: 1
632386723: 1
632527738: 1
632574547: 1
632715820: 1
632734689: 1
632930676: 1
632943376: 1
633014475: 1
633114615: 1
633166210: 1
633207203: 1
633263522: 1
633437408: 1
633802859: 1
634426340: 1
634458961: 1
634496184: 1
634597389: 1
634649202: 1
634669456: 1
634732874: 1
634911981: 1
634980754: 1
635075083: 1
635379439: 1
635421931: 1
635518316: 1
635663023: 1
635757655: 1
635986628: 1
636055469: 1
636102899: 1
636299729: 1
636404117: 1
636435433: 1
636571894: 1
636620493: 1
636689877: 1
636701474: 1
636822689: 1
636987380: 1
637089080: 1
637150000: 1
637264268: 1
637285749: 1
637428979: 1
637555740: 1
637586029: 1
637662186: 1
637770425: 1
637806913: 1
637837039: 1
637892416: 1
638071737: 1
638084579: 1
638377135: 1
638535952: 1
638561430: 1
638584787: 1
638643570: 1
638681891: 1
638727222: 1
638727224: 1
638826847: 1
639071347: 1
639083745: 1
639203321: 1
639240820: 1
639428446: 1
639507441: 1
639544038: 1
639600264: 1
639662139: 1
639714176: 1
639851415: 1
639895802: 1
639961012: 1
640037300: 1
640085992: 1
640107466: 1
640437168: 1
640537599: 1
640741610: 1
640765760: 1
641266451: 1
641283784: 1
641304419: 1
641327921: 1
641376226: 1
641437536: 1
641637417: 1
641674224: 1
641715023: 1
641722023: 1
641760954: 1
641904430: 1
641981594: 1
642048542: 1
642063305: 1
642129041: 1
642238598: 1
642439333: 1
642444615: 1
642593538: 1
642869020: 1
642942564: 1
643126415: 1
643137916: 1
643321956: 1
643420473: 1
643424611: 1
643527142: 1
643825915: 1
643917346: 1
644087200: 1
644124466: 1
644298846: 1
644477499: 1
644481298: 1
644511988: 1
644573891: 1
644607915: 1
644663515: 1
644936937: 1
645215569: 1
645356698: 1
645393239: 1
645506800: 1
645566044: 1
645623190: 1
645751777: 1
645752637: 1
645780172: 1
645795000: 1
645825417: 1
645996718: 1
646100260: 1
646145834: 1
646639175: 1
646733338: 1
646767026: 1
646775116: 1
646892767: 1
646956369: 1
647082268: 1
647162458: 1
647314823: 1
647344599: 1
647482609: 1
647632302: 1
647690063: 1
647765809: 1
647786770: 1
647940659: 1
647981026: 1
648028116: 1
648227821: 1
648283000: 1
648393999: 1
648574766: 1
648685606: 1
648722011: 1
648773353: 1
648931730: 1
649001288: 1
649177401: 1
649304251: 1
649488764: 1
649510170: 1
649752770: 1
649764954: 1
650029317: 1
650077762: 1
650098306: 1
650187042: 1
650263138: 1
650314732: 1
650382757: 1
650404318: 1
650501554: 1
650747033: 1
650915188: 1
651058488: 1
651096648: 1
651144539: 1
651151715: 1
651224932: 1
651231117: 1
651237191: 1
651260275: 1
651609245: 1
651788789: 1
651788979: 1
651794520: 1
651808509: 1
651918065: 1
651937580: 1
651997858: 1
652139160: 1
652191068: 1
652240268: 1
652255946: 1
652276105: 1
652382285: 1
652545055: 1
652632084: 1
652658305: 1
652685833: 1
652693828: 1
652716352: 1
652743532: 1
652877380: 1
652940242: 1
652947147: 1
653295094: 1
653381920: 1
653421930: 1
653456358: 1
653498422: 1
653502802: 1
653605973: 1
653609787: 1
653922563: 1
653970028: 1
654076419: 1
654134607: 1
654197254: 1
654206248: 1
654330884: 1
654441297: 1
654458924: 1
654563673: 1
654664829: 1
654674525: 1
654791473: 1
654823557: 1
654848096: 1
654878713: 1
654945606: 1
654965915: 1
655105642: 1
655158969: 1
655181286: 1
655217282: 1
655411158: 1
655463336: 1
655488319: 1
655535634: 1
655579489: 1
655609607: 1
655761189: 1
656090316: 1
656116666: 1
656246939: 1
656270533: 1
656283233: 1
656344851: 1
656535693: 1
656549335: 1
656878589: 1
656992796: 1
657003005: 1
657007800: 1
657158008: 1
657247804: 1
657296656: 1
657398721: 1
657406071: 1
657659432: 1
657745373: 1
657773791: 1
657778439: 1
657805936: 1
657827406: 1
657840918: 1
657910761: 1
658040873: 1
658100961: 1
658224205: 1
658538991: 1
658596656: 1
658667107: 1
658693422: 1
658697835: 1
658900664: 1
658900772: 1
658922727: 1
659068136: 1
659104872: 1
659260197: 1
659276201: 1
659313594: 1
659331564: 1
659409637: 1
659501357: 1
659671793: 1
659672443: 1
659673294: 1
659694999: 1
659744160: 1
659836323: 1
659934087: 1
659978657: 1
660045235: 1
660216732: 1
660224007: 1
660241234: 1
660248081: 1
660466079: 1
660473338: 1
660483869: 1
660484820: 1
660580578: 1
660906008: 1
661144890: 1
661257145: 1
661371223: 1
661513430: 1
661709085: 1
661751378: 1
661773555: 1
661866285: 1
661970963: 1
662170521: 1
662376601: 1
662596477: 1
662602320: 1
662646991: 1
662682444: 1
662748920: 1
662860834: 1
663038723: 1
663161965: 1
663346252: 1
663502139: 1
663659218: 1
663811991: 1
663844674: 1
663901206: 1
664175238: 1
664190118: 1
664218738: 1
664272517: 1
664384660: 1
664388887: 1
664435898: 1
664466432: 1
664615543: 1
664634508: 1
664662996: 1
664732273: 1
664756615: 1
665214829: 1
665249660: 1
665458037: 1
665506481: 1
665560678: 1
665644054: 1
665671703: 1
665682139: 1
665686984: 1
665699334: 1
666149823: 1
666289351: 1
666511472: 1
666652919: 1
666715742: 1
666812128: 1
666856222: 1
666916672: 1
666981000: 1
667099823: 1
667134905: 1
667136451: 1
667275269: 1
667330887: 1
667360511: 1
667430250: 1
667568033: 1
667611763: 1
667706944: 1
667721468: 1
667724764: 1
667745147: 1
667924563: 1
668034549: 1
668077297: 1
668112656: 1
668193067: 1
668298138: 1
668423409: 1
668443245: 1
668459288: 1
668674599: 1
668792145: 1
668901162: 1
668957178: 1
669103151: 1
669131902: 1
669255965: 1
669285720: 1
669329083: 1
669399876: 1
669451344: 1
669494311: 1
669516760: 1
669697142: 1
669734317: 1
669796376: 1
669812888: 1
669900733: 1
669975164: 1
669991908: 1
670005048: 1
670104598: 1
670114911: 1
670155228: 1
670374473: 1
670421808: 1
670431253: 1
670477881: 1
670693131: 1
670727116: 1
670755539: 1
670778696: 1
670861373: 1
670989356: 1
671151343: 1
671155815: 1
671724449: 1
671726322: 1
671949497: 1
672044209: 1
672067357: 1
672129640: 1
672269667: 1
672288005: 1
672306649: 1
672327359: 1
672369336: 1
672423579: 1
672450884: 1
672535700: 1
672579667: 1
672591639: 1
672600832: 1
672609631: 1
672924351: 1
672972450: 1
673057739: 1
673141792: 1
673270359: 1
673483080: 1
673792833: 1
673804362: 1
673826904: 1
674052315: 1
674145621: 1
674318517: 1
674465346: 1
674508596: 1
674523932: 1
674562853: 1
674570551: 1
674677987: 1
675111869: 1
675135304: 1
675138214: 1
675325779: 1
675534126: 1
675688990: 1
675691534: 1
675916250: 1
675946838: 1
676181528: 1
676269137: 1
676419019: 1
676442999: 1
676594090: 1
676692594: 1
676888875: 1
676916759: 1
677006139: 1
677033067: 1
677042949: 1
677157863: 1
677160224: 1
677206480: 1
677345429: 1
677364918: 1
677762749: 1
677785327: 1
677848153: 1
677922238: 1
677996260: 1
678085983: 1
678304916: 1
678331651: 1
678376362: 1
678438614: 1
678474906: 1
678543898: 1
678619547: 1
678694911: 1
678716220: 1
678717912: 1
678798865: 1
678805947: 1
679036356: 1
679103352: 1
679214425: 1
679243996: 1
679372936: 1
679406643: 1
679424366: 1
679763318: 1
679801940: 1
679918020: 1
679987041: 1
680280010: 1
680315831: 1
680335166: 1
680365217: 1
680366855: 1
680527019: 1
680767726: 1
680787455: 1
680831024: 1
680861577: 1
680966887: 1
681010179: 1
681170022: 1
681220757: 1
681561738: 1
681691961: 1
681752527: 1
681944202: 1
681948062: 1
681972712: 1
682495611: 1
682719440: 1
683170969: 1
683255285: 1
683336178: 1
683377570: 1
683443995: 1
683459659: 1
683497042: 1
683620067: 1
683659131: 1
684032343: 1
684061268: 1
684286477: 1
684313584: 1
684389982: 1
684493376: 1
684537173: 1
684616029: 1
684835982: 1
684896025: 1
684945269: 1
685013302: 1
685034031: 1
685074777: 1
685121972: 1
685235506: 1
685322545: 1
685374937: 1
685417049: 1
685429406: 1
685430752: 1
685457476: 1
685566404: 1
685791876: 1
685916391: 1
685944898: 1
685977854: 1
686110996: 1
686146066: 1
686193947: 1
686333361: 1
686377178: 1
686783132: 1
686879166: 1
686923211: 1
686941220: 1
686954171: 1
686996322: 1
687030254: 1
687111037: 1
687186587: 1
687254058: 1
687325984: 1
687329288: 1
687374744: 1
687399456: 1
687460616: 1
687687357: 1
687818866: 1
687839431: 1
687942433: 1
688113762: 1
688271815: 1
688293964: 1
688359378: 1
688470320: 1
688535542: 1
688817505: 1
688912413: 1
688971622: 1
688993243: 1
688996850: 1
689065571: 1
689301054: 1
689406324: 1
689421200: 1
689531923: 1
689648146: 1
689980362: 1
690098926: 1
690118210: 1
690228415: 1
690237345: 1
690248201: 1
690411163: 1
690504054: 1
690580260: 1
690738948: 1
690854711: 1
690923044: 1
690939902: 1
691042607: 1
691068485: 1
691104445: 1
691315065: 1
691470165: 1
691520535: 1
691646371: 1
691717317: 1
691902450: 1
691919336: 1
692120080: 1
692148494: 1
692210220: 1
692260980: 1
692712558: 1
692800619: 1
692862485: 1
692892041: 1
693062192: 1
693062360: 1
693211696: 1
693333005: 1
693444799: 1
693532180: 1
693690073: 1
693800073: 1
693855013: 1
693924924: 1
694021512: 1
694147339: 1
694151526: 1
694196676: 1
694510362: 1
694564077: 1
694676168: 1
694684587: 1
695004545: 1
695080563: 1
695480023: 1
695480294: 1
695618810: 1
695620999: 1
695715453: 1
695879672: 1
695998762: 1
696154599: 1
696297440: 1
696433071: 1
696569968: 1
696662088: 1
696672945: 1
696759256: 1
696845792: 1
697048254: 1
697067641: 1
697126201: 1
697254244: 1
697485211: 1
697497504: 1
697986969: 1
698033128: 1
698105546: 1
698349208: 1
698483973: 1
698621013: 1
698671262: 1
698695327: 1
698845487: 1
698873405: 1
698927362: 1
699026105: 1
699089873: 1
699259016: 1
699334797: 1
699351848: 1
699417242: 1
699591688: 1
699619129: 1
699644387: 1
699693585: 1
699822017: 1
700377289: 1
700436490: 1
700438705: 1
700589288: 1
700656397: 1
700665775: 1
700765207: 1
700909445: 1
700997934: 1
701038520: 1
701317637: 1
701338325: 1
701515197: 1
701650132: 1
701673308: 1
701732369: 1
701882020: 1
702036355: 1
702096904: 1
702107291: 1
702113132: 1
702333075: 1
702378093: 1
702416661: 1
702426012: 1
702460421: 1
702636730: 1
702649116: 1
702680579: 1
702691025: 1
702701233: 1
702710488: 1
702751473: 1
703195718: 1
703258988: 1
703280530: 1
703280718: 1
703336468: 1
703575118: 1
703580197: 1
703607993: 1
703799887: 1
703817766: 1
703856488: 1
703983335: 1
704029041: 1
704080839: 1
704158323: 1
704435569: 1
704945106: 1
704984793: 1
705073437: 1
705136789: 1
705204109: 1
705301400: 1
705316346: 1
705340793: 1
705386298: 1
705682568: 1
705774469: 1
705788874: 1
706031417: 1
706151644: 1
706179783: 1
706346535: 1
706406970: 1
706417908: 1
706580296: 1
706887277: 1
706903585: 1
706967036: 1
707001590: 1
707446857: 1
707655048: 1
707850100: 1
707916465: 1
707961076: 1
708043519: 1
708088368: 1
708102455: 1
708477603: 1
708509039: 1
708619187: 1
708812614: 1
708921745: 1
708987131: 1
709027561: 1
709240126: 1
709256009: 1
709267206: 1
709313893: 1
709342438: 1
709596726: 1
709623961: 1
709671531: 1
709704777: 1
709874139: 1
709892531: 1
709953573: 1
710146885: 1
710209184: 1
710439663: 1
710614852: 1
711025305: 1
711430932: 1
711667263: 1
711678905: 1
711746440: 1
711750379: 1
711970901: 1
711975677: 1
711999345: 1
712039487: 1
712311124: 1
712351111: 1
712428722: 1
712571787: 1
712601103: 1
712639984: 1
712706487: 1
712773045: 1
712981757: 1
713120453: 1
713128637: 1
713281505: 1
713426480: 1
713679491: 1
713707501: 1
713823362: 1
713848605: 1
713866540: 1
713886436: 1
713918313: 1
714116307: 1
714122088: 1
714333846: 1
714384441: 1
714404970: 1
714436209: 1
714448610: 1
714478717: 1
714689458: 1
714691959: 1
714815098: 1
714894498: 1
714909740: 1
714927995: 1
715014319: 1
715128519: 1
715198253: 1
715219671: 1
715229353: 1
715232011: 1
715304464: 1
715330426: 1
715388147: 1
715456279: 1
715500606: 1
715502922: 1
715512357: 1
715653411: 1
715723839: 1
715830224: 1
715963068: 1
716121404: 1
716129468: 1
716413779: 1
716650292: 1
716683591: 1
716722974: 1
716755544: 1
716820498: 1
716955137: 1
717497666: 1
717514950: 1
717580123: 1
717598066: 1
717702221: 1
718109622: 1
718540723: 1
718561198: 1
718684115: 1
719057986: 1
719169979: 1
719183070: 1
719205552: 1
719451622: 1
719518051: 1
719575913: 1
719591814: 1
719671068: 1
719704214: 1
719704714: 1
719706226: 1
719875627: 1
719908905: 1
719933719: 1
720054921: 1
720117188: 1
720288671: 1
720464910: 1
720665138: 1
720706360: 1
720718140: 1
720756219: 1
720837230: 1
720955765: 1
721149394: 1
721393959: 1
721429189: 1
721533085: 1
721737983: 1
721811135: 1
721916655: 1
722014213: 1
722217624: 1
722223033: 1
722376212: 1
722427029: 1
722433496: 1
722481053: 1
722640430: 1
722648668: 1
722768691: 1
722799073: 1
722963491: 1
722993873: 1
723098140: 1
723236762: 1
723262030: 1
723273653: 1
723299867: 1
723394298: 1
723458800: 1
723592367: 1
723692845: 1
723904355: 1
724163875: 1
724325977: 1
724466816: 1
724551013: 1
724575740: 1
724875259: 1
724908001: 1
724969931: 1
725121777: 1
725178339: 1
725305080: 1
725322446: 1
725372114: 1
725496469: 1
725555709: 1
725586337: 1
725656328: 1
725665977: 1
725748861: 1
725893328: 1
725923854: 1
726031225: 1
726220684: 1
726336183: 1
726381964: 1
726399561: 1
726432972: 1
726461337: 1
726462822: 1
726571098: 1
726666496: 1
726682095: 1
726959307: 1
727045490: 1
727220941: 1
727226093: 1
727324391: 1
727491382: 1
727532262: 1
727623923: 1
727642485: 1
727656717: 1
727767800: 1
727871945: 1
727923527: 1
728241857: 1
728310383: 1
728322661: 1
728366286: 1
728370985: 1
728470577: 1
728485275: 1
728708264: 1
728752426: 1
728819266: 1
728830878: 1
728891597: 1
729051973: 1
729097751: 1
729219511: 1
729250689: 1
729292355: 1
729367875: 1
729535431: 1
729554302: 1
729630005: 1
729653868: 1
729722435: 1
729842396: 1
729852503: 1
730176411: 1
730509677: 1
730543681: 1
730571642: 1
730674679: 1
730803723: 1
730887428: 1
730888800: 1
730900876: 1
730952269: 1
730969036: 1
731088919: 1
731302161: 1
731312319: 1
731365668: 1
731420501: 1
731917952: 1
731992505: 1
731995891: 1
732013425: 1
732051499: 1
732256633: 1
732320071: 1
732321367: 1
732484068: 1
732514500: 1
732646022: 1
732759557: 1
732820896: 1
732936533: 1
732957023: 1
733017887: 1
733027593: 1
733420725: 1
733427886: 1
733526910: 1
733730947: 1
733800736: 1
733978525: 1
734105893: 1
734236686: 1
734250519: 1
734508042: 1
734583836: 1
734656879: 1
734950657: 1
735022056: 1
735027296: 1
735212144: 1
735238186: 1
735300982: 1
735379887: 1
735458735: 1
735467149: 1
735538152: 1
735681655: 1
735703683: 1
735832401: 1
735849913: 1
735851627: 1
735860795: 1
735896903: 1
735910449: 1
736030860: 1
736234042: 1
736308554: 1
736548032: 1
736666453: 1
736836978: 1
737089706: 1
737215908: 1
737297683: 1
737419179: 1
737570823: 1
737759818: 1
737903021: 1
738137809: 1
738225873: 1
738371809: 1
738549134: 1
738686567: 1
738792886: 1
738814447: 1
738840358: 1
739226852: 1
739252654: 1
739277391: 1
739507170: 1
739652610: 1
739671673: 1
739684966: 1
739728739: 1
739804970: 1
739837697: 1
739945548: 1
740074255: 1
740076672: 1
740119468: 1
740143904: 1
740250189: 1
740285792: 1
740289798: 1
740306043: 1
740508241: 1
740676996: 1
740691225: 1
740710241: 1
740739102: 1
740830727: 1
741032303: 1
741129453: 1
741424228: 1
741438792: 1
741490304: 1
741680781: 1
741745029: 1
741784766: 1
741876216: 1
741942430: 1
741962488: 1
742021180: 1
742281693: 1
742390305: 1
742541567: 1
742554182: 1
742630297: 1
742716180: 1
742875225: 1
742954737: 1
743129311: 1
743330573: 1
743365230: 1
743365918: 1
743563923: 1
743589767: 1
743685241: 1
743768095: 1
743814935: 1
743887774: 1
743892923: 1
743917290: 1
743961783: 1
744126174: 1
744190107: 1
744301709: 1
744366207: 1
744719543: 1
744739404: 1
744745911: 1
744825754: 1
744982461: 1
745182547: 1
745328613: 1
745421755: 1
745462544: 1
745484644: 1
745487962: 1
745522407: 1
745592343: 1
745988349: 1
746017744: 1
746162403: 1
746423306: 1
746440144: 1
746513285: 1
746570723: 1
746672036: 1
746880024: 1
747005584: 1
747098014: 1
747130081: 1
747224756: 1
747247437: 1
747292407: 1
747328914: 1
747408116: 1
747450195: 1
747500345: 1
747582562: 1
747761795: 1
747844060: 1
748057761: 1
748174763: 1
748445515: 1
748504967: 1
748678158: 1
748792011: 1
748820204: 1
748894016: 1
748919425: 1
749028526: 1
749094615: 1
749103891: 1
749120040: 1
749382788: 1
749445649: 1
749589052: 1
749719815: 1
749766025: 1
749778841: 1
749785125: 1
749822618: 1
749826723: 1
749836139: 1
749997623: 1
750043662: 1
750224133: 1
750237569: 1
750368319: 1
750379918: 1
750502116: 1
750507830: 1
750563444: 1
750733590: 1
750795010: 1
750842080: 1
750937335: 1
751035127: 1
751119469: 1
751260098: 1
751383199: 1
751560796: 1
751575985: 1
751600786: 1
751630712: 1
751674813: 1
751692557: 1
751824637: 1
751893983: 1
752028169: 1
752125791: 1
752151554: 1
752315530: 1
752315627: 1
752348706: 1
752374102: 1
752414465: 1
752454328: 1
752649410: 1
752660780: 1
752714677: 1
752738455: 1
752747547: 1
752911172: 1
753004033: 1
753039394: 1
753092408: 1
753166372: 1
753257537: 1
753346801: 1
753386707: 1
753529149: 1
753724119: 1
753774367: 1
753814284: 1
753876179: 1
753924933: 1
754028182: 1
754076587: 1
754165948: 1
754288764: 1
754306361: 1
754355887: 1
754516683: 1
754520547: 1
754620269: 1
754672997: 1
754692007: 1
754716485: 1
754740010: 1
755280856: 1
755399727: 1
755588944: 1
755591392: 1
755617462: 1
755828506: 1
755912897: 1
756021428: 1
756074108: 1
756085379: 1
756114017: 1
756125916: 1
756168878: 1
756358522: 1
756380259: 1
756386494: 1
756399572: 1
756557225: 1
756641495: 1
756675166: 1
756777962: 1
756882936: 1
756900257: 1
757070621: 1
757216576: 1
757219420: 1
757255744: 1
757618865: 1
757750171: 1
757771783: 1
757872944: 1
758090733: 1
758194353: 1
758268096: 1
758328324: 1
758344047: 1
758570741: 1
758768460: 1
759007673: 1
759096533: 1
759115098: 1
759122618: 1
759184541: 1
759357730: 1
759711922: 1
759731015: 1
760321369: 1
760389340: 1
760526427: 1
760744788: 1
760765893: 1
760859531: 1
761018537: 1
761035006: 1
761275512: 1
761411590: 1
761602918: 1
761766811: 1
762172475: 1
762237437: 1
762293622: 1
762403424: 1
762481404: 1
762713682: 1
762997833: 1
763203579: 1
763223474: 1
763364354: 1
763427303: 1
763458811: 1
763523849: 1
763544091: 1
763557456: 1
763610316: 1
763631519: 1
763705582: 1
763800681: 1
763857728: 1
764063072: 1
764313645: 1
764385462: 1
764468695: 1
764678431: 1
764707094: 1
764995112: 1
765158107: 1
765170628: 1
765425406: 1
765484929: 1
765519853: 1
765610137: 1
765677780: 1
765746869: 1
765781419: 1
765787154: 1
765951591: 1
765995040: 1
766016779: 1
766196488: 1
766249452: 1
766271741: 1
766367307: 1
766484529: 1
766484775: 1
766547218: 1
766551250: 1
766591066: 1
766626329: 1
766883020: 1
766991941: 1
767000487: 1
767054967: 1
767065279: 1
767409038: 1
767616930: 1
767621073: 1
767722751: 1
767844946: 1
768362023: 1
768488477: 1
768519085: 1
768695262: 1
768702728: 1
768749551: 1
768888365: 1
768923792: 1
769085515: 1
769109834: 1
769145568: 1
769191249: 1
769439802: 1
769648017: 1
769684802: 1
769727195: 1
769816035: 1
769838620: 1
769965917: 1
770056957: 1
770087215: 1
770151789: 1
770196151: 1
770205150: 1
770262353: 1
770353232: 1
770496173: 1
770628100: 1
770769651: 1
770783218: 1
770815158: 1
770835469: 1
770852611: 1
770905451: 1
770928002: 1
771118268: 1
771118391: 1
771127047: 1
771291810: 1
771317240: 1
771510983: 1
771559302: 1
771598976: 1
771691026: 1
771930274: 1
771942347: 1
771965945: 1
772007208: 1
772087534: 1
772111744: 1
772416467: 1
772456951: 1
772570652: 1
772642614: 1
772777579: 1
772805577: 1
773018830: 1
773270526: 1
773285570: 1
773347105: 1
773691336: 1
773734534: 1
773905559: 1
773915144: 1
773977150: 1
774010819: 1
774108165: 1
774201149: 1
774268646: 1
774309154: 1
774384384: 1
774465532: 1
774687044: 1
774730179: 1
774890614: 1
774903161: 1
775017476: 1
775062325: 1
775085435: 1
775098934: 1
775167498: 1
775175528: 1
775228329: 1
775429305: 1
775614517: 1
775656051: 1
776072493: 1
776400143: 1
776462207: 1
776577698: 1
776768765: 1
776777680: 1
776811254: 1
776818341: 1
776830529: 1
776947075: 1
777078579: 1
777141108: 1
777225472: 1
777301440: 1
777315716: 1
777339484: 1
777400932: 1
777497300: 1
777604777: 1
777687519: 1
777716731: 1
778129804: 1
778211923: 1
778360722: 1
778422064: 1
778554866: 1
778600893: 1
778670587: 1
778670821: 1
778735592: 1
778845942: 1
778891349: 1
778957914: 1
779022955: 1
779077566: 1
779121246: 1
779181546: 1
779225972: 1
779261647: 1
779555722: 1
779589617: 1
779681832: 1
779726110: 1
779795113: 1
779865401: 1
780244425: 1
780250532: 1
780496026: 1
780533770: 1
780538620: 1
780572804: 1
780737924: 1
780785522: 1
780880852: 1
780890059: 1
780980845: 1
781026760: 1
781156336: 1
781282404: 1
781417636: 1
781444689: 1
781666758: 1
781799227: 1
781850364: 1
782029110: 1
782076712: 1
782146458: 1
782213862: 1
782309136: 1
782314227: 1
782390691: 1
782404938: 1
782479290: 1
782494821: 1
782789679: 1
783133633: 1
783161716: 1
783226192: 1
783293772: 1
783314685: 1
783340504: 1
783346798: 1
783393720: 1
783402708: 1
783433110: 1
783538455: 1
783688652: 1
784088596: 1
784178615: 1
784180102: 1
784354633: 1
784397503: 1
784440325: 1
784455570: 1
784545549: 1
784613069: 1
784761226: 1
784874450: 1
784919299: 1
785022121: 1
785042143: 1
785220455: 1
785304255: 1
785305626: 1
785439728: 1
785549751: 1
785574374: 1
785625355: 1
785659210: 1
785823052: 1
786023819: 1
786073742: 1
786155473: 1
786388585: 1
786451809: 1
786650907: 1
786776690: 1
786820380: 1
787020344: 1
787068134: 1
787077754: 1
787105805: 1
787260515: 1
787424703: 1
787739847: 1
788034523: 1
788054029: 1
788055596: 1
788102532: 1
788157330: 1
788344222: 1
788410510: 1
788535466: 1
788701714: 1
788762283: 1
788780069: 1
788844992: 1
789094224: 1
789282060: 1
789367295: 1
789421114: 1
789477544: 1
789901173: 1
789907702: 1
790049830: 1
790111191: 1
790161100: 1
790178404: 1
790555578: 1
790736003: 1
790765732: 1
791075111: 1
791168495: 1
791182039: 1
791203145: 1
791356821: 1
791448004: 1
791507418: 1
791572421: 1
791662710: 1
792054032: 1
792056408: 1
792289890: 1
792315401: 1
792471990: 1
792515822: 1
792517725: 1
792565924: 1
792679211: 1
792703126: 1
792811441: 1
792837817: 1
793024332: 1
793040110: 1
793244704: 1
793300213: 1
793330480: 1
793468577: 1
793500818: 1
793515094: 1
793552893: 1
793612666: 1
793802979: 1
793977011: 1
794134739: 1
794185733: 1
794340860: 1
794403741: 1
794479018: 1
794750407: 1
794824027: 1
794950499: 1
794986265: 1
795112044: 1
795294884: 1
795476279: 1
795607057: 1
795625393: 1
795752914: 1
795918829: 1
796037418: 1
796103718: 1
796247480: 1
796362606: 1
796578378: 1
796694225: 1
796716880: 1
796880168: 1
796943511: 1
796966455: 1
796974521: 1
797075219: 1
797191233: 1
797235795: 1
797374710: 1
797403664: 1
797522487: 1
797544802: 1
797608739: 1
797698592: 1
797842762: 1
797916610: 1
797948502: 1
797967762: 1
798072268: 1
798074828: 1
798113589: 1
798319377: 1
798354926: 1
798483983: 1
798485958: 1
798594623: 1
798608128: 1
798725688: 1
798739306: 1
798855452: 1
799090848: 1
799214979: 1
799276778: 1
799381782: 1
799396218: 1
799614857: 1
799650891: 1
799662554: 1
799785532: 1
799813963: 1
799821669: 1
799860137: 1
799997766: 1
800086439: 1
800134518: 1
800297572: 1
800305021: 1
800312508: 1
800323593: 1
800389144: 1
800489782: 1
800509992: 1
800517829: 1
800549397: 1
800569023: 1
800618567: 1
800991163: 1
801010181: 1
801048124: 1
801131786: 1
801229372: 1
801235758: 1
801286835: 1
801403255: 1
801560874: 1
801689395: 1
801695526: 1
801741496: 1
801840993: 1
801900008: 1
802169694: 1
802336599: 1
802438973: 1
802445749: 1
802474306: 1
802496739: 1
802549837: 1
802569086: 1
802619125: 1
802794900: 1
802946218: 1
803004154: 1
803004929: 1
803069653: 1
803190263: 1
803371023: 1
803584315: 1
803746167: 1
803861572: 1
803990592: 1
804056784: 1
804166287: 1
804404185: 1
804570850: 1
804721607: 1
804748374: 1
804778103: 1
804821954: 1
804954667: 1
805392264: 1
805415526: 1
805577702: 1
805763253: 1
805827534: 1
805870297: 1
806125127: 1
806215470: 1
806234771: 1
806310878: 1
806315763: 1
806326073: 1
806329873: 1
806357270: 1
806449243: 1
806751777: 1
806763720: 1
807025696: 1
807097312: 1
807113668: 1
807124567: 1
807165249: 1
807360384: 1
807512089: 1
807581041: 1
807684684: 1
807883418: 1
808000431: 1
808112382: 1
808159712: 1
808202786: 1
808267641: 1
808345742: 1
808429212: 1
808433905: 1
808524581: 1
808567056: 1
808584195: 1
808723317: 1
808796246: 1
808902468: 1
809079090: 1
809149141: 1
809258634: 1
809401746: 1
809402323: 1
809428731: 1
809501574: 1
809536771: 1
809552530: 1
809559288: 1
809611033: 1
809668421: 1
809719384: 1
809740472: 1
809816544: 1
809876431: 1
810006504: 1
810136408: 1
810178642: 1
810331002: 1
810363770: 1
810418486: 1
810627533: 1
810726856: 1
810764591: 1
810834272: 1
811003589: 1
811100488: 1
811142040: 1
811285917: 1
811302531: 1
811616414: 1
811653813: 1
811919907: 1
811949002: 1
811984861: 1
812064731: 1
812356073: 1
812457295: 1
812496713: 1
812578592: 1
812632099: 1
812646934: 1
812699788: 1
812933345: 1
813144699: 1
813167424: 1
813538863: 1
813684453: 1
813861362: 1
814000297: 1
814050432: 1
814296263: 1
814338859: 1
814409452: 1
814599192: 1
814890141: 1
814909343: 1
814957595: 1
814959906: 1
814985523: 1
814986753: 1
815016464: 1
815108782: 1
815246109: 1
815446865: 1
815500538: 1
815617429: 1
815665492: 1
815680063: 1
815740806: 1
815883947: 1
815905649: 1
816064244: 1
816092393: 1
816118674: 1
816514904: 1
816515591: 1
816653827: 1
816725515: 1
816769859: 1
816811831: 1
817082671: 1
817169268: 1
817287706: 1
817316716: 1
817339476: 1
817374984: 1
817444496: 1
817477633: 1
817548416: 1
817586622: 1
817773683: 1
817805054: 1
817889821: 1
818041313: 1
818086898: 1
818278254: 1
818429575: 1
818514668: 1
818516658: 1
818667623: 1
818683079: 1
818884670: 1
818946178: 1
818961452: 1
819019880: 1
819072755: 1
819101282: 1
819140522: 1
819190932: 1
819265542: 1
819284496: 1
819322905: 1
819347516: 1
819375903: 1
819562032: 1
819614284: 1
819761547: 1
819940822: 1
820038943: 1
820061533: 1
820363446: 1
820370325: 1
820379862: 1
820436876: 1
820494865: 1
820632536: 1
820681295: 1
820781269: 1
821014223: 1
821039963: 1
821227557: 1
821261001: 1
821324815: 1
821348325: 1
821361985: 1
821397507: 1
821476650: 1
821525067: 1
821571834: 1
822089960: 1
822149013: 1
822228142: 1
822312679: 1
822380063: 1
822437854: 1
822731064: 1
822812472: 1
822894240: 1
823092482: 1
823315293: 1
823704393: 1
823728945: 1
823755465: 1
823841749: 1
823863528: 1
823882572: 1
824005589: 1
824085970: 1
824098893: 1
824255575: 1
824324776: 1
824335203: 1
824685127: 1
824741054: 1
824762498: 1
824770253: 1
824932032: 1
824951769: 1
825163833: 1
825558683: 1
825693101: 1
825962138: 1
826118146: 1
826183571: 1
826192046: 1
826335658: 1
826428356: 1
826530892: 1
826934811: 1
826993609: 1
827269618: 1
827302978: 1
827401765: 1
827504051: 1
827641616: 1
827718129: 1
827883259: 1
827921385: 1
827971875: 1
827988787: 1
828036332: 1
828166104: 1
828257518: 1
828284926: 1
828358575: 1
828389072: 1
828398398: 1
828471076: 1
828485880: 1
828546798: 1
828686525: 1
828693412: 1
828795535: 1
829036407: 1
829084408: 1
829230455: 1
829353390: 1
829378555: 1
829465335: 1
829626623: 1
829633932: 1
829689368: 1
829714076: 1
829935929: 1
830078928: 1
830345927: 1
830361867: 1
830496257: 1
830527512: 1
830712946: 1
830753107: 1
830857307: 1
830996540: 1
831154667: 1
831202414: 1
831347660: 1
831408757: 1
831420923: 1
831523457: 1
831545454: 1
831605727: 1
831609990: 1
831832982: 1
832022856: 1
832523075: 1
832685652: 1
832773796: 1
832820069: 1
832830650: 1
832880482: 1
832915543: 1
832922818: 1
832933005: 1
833000078: 1
833276209: 1
833354977: 1
833445351: 1
833445601: 1
833754964: 1
833860967: 1
833899640: 1
834121223: 1
834387817: 1
834492921: 1
834538019: 1
834863868: 1
834904071: 1
834915382: 1
835350293: 1
835423830: 1
835526959: 1
835546105: 1
835675129: 1
835911207: 1
836281755: 1
836350700: 1
836488223: 1
836626869: 1
836635458: 1
836667536: 1
836763850: 1
836804136: 1
836847881: 1
836870449: 1
837039680: 1
837226596: 1
837256227: 1
837511207: 1
837579268: 1
837675176: 1
837683221: 1
837697874: 1
837787396: 1
837828460: 1
837907848: 1
838236384: 1
838258873: 1
838278182: 1
838354767: 1
838476555: 1
838506201: 1
838691153: 1
838729568: 1
838804619: 1
839129611: 1
839383972: 1
839436725: 1
839685987: 1
839720952: 1
839727316: 1
839755584: 1
839823535: 1
839846329: 1
839902096: 1
840001120: 1
840072150: 1
840315461: 1
840390655: 1
840446221: 1
840586433: 1
840653047: 1
841005133: 1
841195049: 1
841261105: 1
841370539: 1
841505007: 1
841541377: 1
842077094: 1
842340230: 1
842345010: 1
842597185: 1
842695465: 1
842809641: 1
842813678: 1
842861359: 1
843374446: 1
843391616: 1
843444959: 1
843483675: 1
843497211: 1
843649028: 1
843826349: 1
844063314: 1
844108127: 1
844173305: 1
844176904: 1
844461177: 1
844706160: 1
844752665: 1
844775006: 1
845013528: 1
845175616: 1
845308339: 1
845315018: 1
845365131: 1
845384763: 1
845412340: 1
845427437: 1
845446561: 1
845466298: 1
845681928: 1
845792526: 1
845801330: 1
845820719: 1
845848396: 1
845885927: 1
845918889: 1
846095783: 1
846225244: 1
846526720: 1
846697824: 1
846766998: 1
846861623: 1
846875378: 1
846887046: 1
846966674: 1
847039826: 1
847473206: 1
847521744: 1
847620341: 1
847620608: 1
848108096: 1
848172535: 1
848332324: 1
848633415: 1
848947148: 1
848982892: 1
849405755: 1
849505898: 1
849530886: 1
849679804: 1
849779468: 1
849820644: 1
849982553: 1
849993563: 1
850139430: 1
850229546: 1
850378664: 1
850378935: 1
850566884: 1
850593719: 1
850615512: 1
850814789: 1
850869855: 1
850910941: 1
851082706: 1
851149417: 1
851180728: 1
851248092: 1
851366858: 1
851471775: 1
851519840: 1
851534881: 1
851770954: 1
852130803: 1
852434441: 1
852444726: 1
852629846: 1
852686383: 1
852769849: 1
852797064: 1
852915987: 1
853049154: 1
853065241: 1
853072413: 1
853244366: 1
853427935: 1
853843794: 1
853857050: 1
853871210: 1
853923092: 1
853939986: 1
853964826: 1
853980881: 1
854076192: 1
854143563: 1
854153151: 1
854246504: 1
854328655: 1
854458097: 1
854461666: 1
854529493: 1
854580064: 1
854630173: 1
854787081: 1
854825569: 1
854975954: 1
854994362: 1
855009559: 1
855055317: 1
855185841: 1
855212829: 1
855300886: 1
855834966: 1
855890916: 1
855936617: 1
856025914: 1
856164623: 1
856299795: 1
856400114: 1
856549802: 1
856575733: 1
856678880: 1
856683860: 1
856738783: 1
856833325: 1
857012341: 1
857182214: 1
857398613: 1
857807525: 1
857811157: 1
858003387: 1
858165938: 1
858241193: 1
858282233: 1
858326554: 1
858369133: 1
858392656: 1
858549298: 1
858590638: 1
858681745: 1
858823997: 1
859035770: 1
859247476: 1
859460988: 1
859496982: 1
859497860: 1
859516150: 1
859590804: 1
859626005: 1
859671338: 1
859701929: 1
859959882: 1
860020900: 1
860049728: 1
860068700: 1
860297343: 1
860355969: 1
860395104: 1
860440746: 1
860598744: 1
860732807: 1
860854782: 1
860885831: 1
860892417: 1
860914471: 1
861015930: 1
861125023: 1
861129616: 1
861222987: 1
861225754: 1
861442866: 1
861496904: 1
861554583: 1
861635682: 1
861637554: 1
861671498: 1
861680505: 1
861727846: 1
861946575: 1
862093736: 1
862214963: 1
862280973: 1
862348323: 1
862378004: 1
862408869: 1
862421359: 1
862512915: 1
862559902: 1
862753472: 1
862825134: 1
862932008: 1
862960432: 1
862976243: 1
862996875: 1
863077918: 1
863079952: 1
863095173: 1
863104502: 1
863360387: 1
863583069: 1
863763243: 1
863837059: 1
863904941: 1
863991796: 1
863994803: 1
864049375: 1
864231162: 1
864243786: 1
864253357: 1
864401462: 1
864429042: 1
864449330: 1
864549165: 1
864635974: 1
864704760: 1
864768912: 1
864918426: 1
864944946: 1
864964978: 1
865038918: 1
865050936: 1
865058119: 1
865102340: 1
865312422: 1
865360429: 1
865376513: 1
865455525: 1
865476826: 1
865653859: 1
865664815: 1
865706862: 1
865740776: 1
865819329: 1
865959649: 1
865991846: 1
866125248: 1
866229521: 1
866258587: 1
866355610: 1
866409505: 1
866633973: 1
866912952: 1
867078384: 1
867172778: 1
867186976: 1
867237125: 1
867260759: 1
867361076: 1
867453691: 1
867472715: 1
867545764: 1
867687777: 1
867716971: 1
868012492: 1
868080079: 1
868114385: 1
868192047: 1
868436731: 1
868527895: 1
869025875: 1
869172562: 1
869355818: 1
869357678: 1
869465847: 1
869474624: 1
869504561: 1
869510574: 1
869611472: 1
869664899: 1
869751469: 1
869957074: 1
870187590: 1
870259073: 1
870328447: 1
870516882: 1
870571591: 1
870576808: 1
870787432: 1
870795242: 1
870908926: 1
870960803: 1
871008783: 1
871013903: 1
871235645: 1
871343895: 1
871431953: 1
871441000: 1
871577412: 1
871630792: 1
871660481: 1
871677817: 1
871692729: 1
871761942: 1
871849230: 1
871868333: 1
872001146: 1
872049798: 1
872180712: 1
872211361: 1
872225763: 1
872279151: 1
872359885: 1
872404986: 1
872508321: 1
872721838: 1
872730646: 1
872959860: 1
873036217: 1
873121707: 1
873185586: 1
873406455: 1
873455975: 1
873660191: 1
873695930: 1
873805008: 1
874017051: 1
874048145: 1
874196674: 1
874229428: 1
874299665: 1
874445892: 1
874671821: 1
874680818: 1
874818936: 1
874916207: 1
875253272: 1
875402084: 1
875534242: 1
875560795: 1
875651087: 1
875688536: 1
875827829: 1
876223646: 1
876344620: 1
876576462: 1
876688592: 1
876746933: 1
876901625: 1
877251252: 1
877363271: 1
877452896: 1
877620660: 1
877667002: 1
877689674: 1
877791460: 1
877876718: 1
877897520: 1
877913286: 1
877940475: 1
878254117: 1
878356887: 1
878373814: 1
878385556: 1
878501522: 1
878607507: 1
878663473: 1
878866831: 1
878929982: 1
879006335: 1
879027826: 1
879276241: 1
879288777: 1
879340475: 1
879434824: 1
879459815: 1
879460272: 1
879476763: 1
879514684: 1
879568444: 1
879570587: 1
879752980: 1
879754444: 1
879821173: 1
879859215: 1
879898777: 1
880155222: 1
880168521: 1
880189038: 1
880203642: 1
880207956: 1
880219850: 1
880227431: 1
880255210: 1
880262763: 1
880414347: 1
880470906: 1
880518509: 1
880605093: 1
880776837: 1
880780020: 1
880983519: 1
881024126: 1
881270430: 1
881271180: 1
881377837: 1
881491223: 1
881618610: 1
881639712: 1
881746297: 1
881915311: 1
882000159: 1
882010957: 1
882012943: 1
882023917: 1
882086827: 1
882089999: 1
882106291: 1
882228594: 1
882291407: 1
882406870: 1
882494071: 1
882506909: 1
882532401: 1
882637271: 1
882642260: 1
882689710: 1
882780440: 1
882896643: 1
883016245: 1
883508734: 1
883827866: 1
884077464: 1
884090645: 1
884283889: 1
884319543: 1
884413459: 1
884432457: 1
884559204: 1
884564743: 1
884668809: 1
884898951: 1
884910305: 1
885346592: 1
885690918: 1
885696671: 1
885959257: 1
885986245: 1
886173997: 1
886366751: 1
886414806: 1
886685674: 1
886721438: 1
886899859: 1
886939068: 1
886967110: 1
886998649: 1
886999864: 1
887018728: 1
887090019: 1
887093401: 1
887231796: 1
887511683: 1
887878713: 1
887933644: 1
888369343: 1
888554760: 1
888658504: 1
888686806: 1
889079697: 1
889105677: 1
889252226: 1
889323210: 1
889445795: 1
889465570: 1
889536081: 1
889647762: 1
889796975: 1
889934539: 1
890020986: 1
890026536: 1
890155736: 1
890231955: 1
890286270: 1
890319505: 1
890561145: 1
890594998: 1
890694435: 1
890942258: 1
891014001: 1
891180268: 1
891312989: 1
891329613: 1
891425947: 1
891548320: 1
891584571: 1
891663584: 1
891774776: 1
891854654: 1
891895693: 1
891965484: 1
891969687: 1
892151203: 1
892220157: 1
892327012: 1
892460431: 1
892484283: 1
892599381: 1
892611462: 1
892736398: 1
892813964: 1
893124620: 1
893151627: 1
893162147: 1
893214323: 1
893432808: 1
893607223: 1
893908257: 1
894157804: 1
894180880: 1
894200851: 1
894275060: 1
894305308: 1
894315101: 1
894333411: 1
894362430: 1
894485853: 1
894504926: 1
894639522: 1
894648604: 1
894653186: 1
894725009: 1
894778961: 1
894925300: 1
895033256: 1
895271982: 1
895508313: 1
896154116: 1
896256245: 1
896301032: 1
896399714: 1
896716823: 1
896736600: 1
896754731: 1
896901546: 1
897159578: 1
897236047: 1
897334045: 1
897576083: 1
897724918: 1
897774766: 1
897840406: 1
897874047: 1
898033663: 1
898340286: 1
898474117: 1
898490179: 1
898528021: 1
898627642: 1
898705092: 1
898818305: 1
899130872: 1
899136262: 1
899145881: 1
899169107: 1
899428500: 1
899623319: 1
899732801: 1
899815202: 1
899873025: 1
900117398: 1
900295288: 1
900309161: 1
900418739: 1
900474190: 1
900568505: 1
900767165: 1
900812997: 1
900840488: 1
900843613: 1
900846457: 1
900937876: 1
901150141: 1
901201761: 1
901598609: 1
901619265: 1
901709869: 1
901831697: 1
901856408: 1
901936246: 1
902249384: 1
902378423: 1
902435077: 1
902516912: 1
902682429: 1
902694637: 1
902717393: 1
902731327: 1
902759418: 1
902814233: 1
902848204: 1
902964231: 1
903181733: 1
903240753: 1
903305604: 1
903534407: 1
903586939: 1
903614242: 1
903922311: 1
903959967: 1
904195660: 1
904200824: 1
904429407: 1
904432843: 1
904511340: 1
904623409: 1
904687907: 1
904719039: 1
904767980: 1
905100977: 1
905238241: 1
905271060: 1
905826235: 1
905965580: 1
905977344: 1
906046380: 1
906459782: 1
906463172: 1
906662684: 1
906672681: 1
906693392: 1
906796582: 1
906822587: 1
907085949: 1
907309461: 1
907553659: 1
907659368: 1
907660536: 1
907722279: 1
907877507: 1
907948096: 1
908008179: 1
908012531: 1
908017337: 1
908154252: 1
908304650: 1
908321922: 1
908361878: 1
908504458: 1
908624428: 1
908708167: 1
908833721: 1
908875829: 1
908901047: 1
909096196: 1
909121001: 1
909188841: 1
909248711: 1
909765236: 1
909856578: 1
909866957: 1
909915630: 1
910103296: 1
910120150: 1
910230984: 1
910289777: 1
910339013: 1
910386220: 1
910491075: 1
910624523: 1
910764354: 1
910780174: 1
910805970: 1
910868895: 1
910884761: 1
910924048: 1
911020032: 1
911152574: 1
911251322: 1
911421531: 1
911438468: 1
911447932: 1
911515113: 1
911614368: 1
911665965: 1
911812257: 1
911852119: 1
911888009: 1
912124696: 1
912126811: 1
912274371: 1
912285245: 1
912354565: 1
912825398: 1
912940648: 1
912989305: 1
913062799: 1
913108803: 1
913294448: 1
913358907: 1
913608119: 1
913923365: 1
914136719: 1
914155503: 1
914240093: 1
914252299: 1
914256767: 1
914301310: 1
914425449: 1
914448309: 1
914489879: 1
914527427: 1
914619270: 1
914646969: 1
914840423: 1
914912478: 1
914993806: 1
915034193: 1
915213204: 1
915222686: 1
915296069: 1
915491153: 1
915506104: 1
915650009: 1
916290367: 1
916471096: 1
916876620: 1
916954988: 1
916981406: 1
917042091: 1
917234990: 1
917271327: 1
917372704: 1
917428217: 1
917444386: 1
917444980: 1
917508446: 1
917756667: 1
917952781: 1
917972208: 1
918095560: 1
918209976: 1
918259730: 1
918605875: 1
918655519: 1
918763398: 1
918766525: 1
919003156: 1
919189173: 1
919220928: 1
919467541: 1
919550133: 1
919617904: 1
919642833: 1
919656989: 1
919808703: 1
919844360: 1
919908012: 1
919954080: 1
919985445: 1
920158700: 1
920174060: 1
920228380: 1
920351768: 1
920463977: 1
920570495: 1
920975210: 1
921017955: 1
921074274: 1
921243232: 1
921273596: 1
921305189: 1
921533386: 1
921536016: 1
921690745: 1
921701015: 1
921815927: 1
921932655: 1
921977054: 1
922057770: 1
922229812: 1
922472011: 1
922623246: 1
922636827: 1
922697637: 1
922805866: 1
922918955: 1
922941438: 1
922985407: 1
923019402: 1
923025212: 1
923119655: 1
923313490: 1
923358919: 1
923422031: 1
923435780: 1
923501028: 1
923517524: 1
923730496: 1
923824647: 1
923904367: 1
924024058: 1
924197556: 1
924285277: 1
924477861: 1
924621118: 1
924761547: 1
924870489: 1
924876911: 1
924924534: 1
925008087: 1
925088072: 1
925108208: 1
925125300: 1
925245985: 1
925346818: 1
925367620: 1
925395662: 1
925455439: 1
925587451: 1
925653193: 1
925760054: 1
925772589: 1
926190869: 1
926262470: 1
926284188: 1
926385871: 1
926445771: 1
926458637: 1
926568116: 1
927070144: 1
927090236: 1
927169404: 1
927175566: 1
927364399: 1
927375844: 1
927446202: 1
927872175: 1
927886014: 1
927926975: 1
928019248: 1
928051908: 1
928193943: 1
928266108: 1
928283869: 1
928330528: 1
928398396: 1
928463266: 1
928534233: 1
928658569: 1
928700046: 1
928781448: 1
928837836: 1
928854834: 1
928959804: 1
928964470: 1
929113512: 1
929351836: 1
929404551: 1
929456801: 1
929602843: 1
929636008: 1
929871862: 1
930049609: 1
930179599: 1
930186110: 1
930224787: 1
930332558: 1
930335448: 1
930375227: 1
930412269: 1
930459758: 1
930465765: 1
930519453: 1
930583213: 1
930596491: 1
930746220: 1
930774200: 1
931065189: 1
931141544: 1
931174353: 1
931264772: 1
931454894: 1
931577993: 1
931682401: 1
931766357: 1
931970641: 1
931986928: 1
932062901: 1
932067449: 1
932296540: 1
932403374: 1
932419464: 1
932464112: 1
932587943: 1
932618275: 1
932699042: 1
932794742: 1
933074888: 1
933100176: 1
933161789: 1
933187206: 1
933326307: 1
933413974: 1
933675990: 1
933747431: 1
933767554: 1
933773497: 1
933777910: 1
933907431: 1
934040603: 1
934186484: 1
934209446: 1
934263234: 1
934316864: 1
934350496: 1
934365277: 1
934401766: 1
934504950: 1
934637700: 1
934788562: 1
934884573: 1
935199113: 1
935209856: 1
935227938: 1
935251287: 1
935285637: 1
935288049: 1
935322893: 1
935556500: 1
935562449: 1
935881026: 1
935935808: 1
936531750: 1
936545592: 1
936550034: 1
936711082: 1
936942335: 1
937042857: 1
937055103: 1
937080795: 1
937501797: 1
937641656: 1
937672284: 1
937680928: 1
937715793: 1
937765322: 1
937818809: 1
937823788: 1
937877830: 1
937914247: 1
938515526: 1
938664320: 1
938667124: 1
938797157: 1
938810733: 1
938837750: 1
939084006: 1
939241431: 1
939413751: 1
939431483: 1
939459725: 1
939512716: 1
939684843: 1
939744564: 1
939998299: 1
940078859: 1
940233588: 1
940350588: 1
940466196: 1
940826941: 1
940839130: 1
940891555: 1
940905056: 1
940964536: 1
941036418: 1
941141724: 1
941836028: 1
941922712: 1
942026576: 1
942061502: 1
942172234: 1
942254491: 1
942366401: 1
942393137: 1
942443176: 1
942910161: 1
943184748: 1
943225200: 1
943364263: 1
943510060: 1
943560277: 1
943562015: 1
943600107: 1
943618896: 1
943781600: 1
943820589: 1
943856351: 1
943906392: 1
943911479: 1
943946429: 1
943963568: 1
944139487: 1
944214421: 1
944253940: 1
944367506: 1
944478530: 1
944485345: 1
944642197: 1
944665456: 1
944856210: 1
944860060: 1
945169730: 1
945212062: 1
945307207: 1
945455158: 1
945519986: 1
945802804: 1
945994452: 1
946029931: 1
946114097: 1
946177808: 1
946192391: 1
946200137: 1
946272469: 1
946327184: 1
946456331: 1
946568770: 1
946647302: 1
946777349: 1
946785718: 1
946841430: 1
946848974: 1
946929200: 1
947012364: 1
947054759: 1
947116994: 1
947249621: 1
947393341: 1
947420786: 1
947433760: 1
947477240: 1
947519265: 1
947526852: 1
947544096: 1
947599641: 1
947632564: 1
947760688: 1
948102541: 1
948104179: 1
948143161: 1
948147289: 1
948267772: 1
948304629: 1
948545085: 1
948568316: 1
948578384: 1
948644459: 1
948728012: 1
948861510: 1
948892211: 1
948990466: 1
948995931: 1
949046478: 1
949201245: 1
949224602: 1
949289730: 1
949821260: 1
950109769: 1
950116773: 1
950223488: 1
950251698: 1
950256673: 1
950338901: 1
950528008: 1
950642136: 1
950875389: 1
950947226: 1
951031040: 1
951094194: 1
951218436: 1
951326315: 1
951434979: 1
951531065: 1
951567844: 1
951584246: 1
951661217: 1
951672424: 1
951891499: 1
951930169: 1
951973100: 1
952274565: 1
952286299: 1
952298008: 1
952356123: 1
952409962: 1
952450626: 1
952681213: 1
952826022: 1
952971613: 1
953098254: 1
953200624: 1
953397607: 1
953485598: 1
953543032: 1
953656260: 1
953800708: 1
953813804: 1
953849881: 1
953870078: 1
953944768: 1
954009547: 1
954407215: 1
954564578: 1
954667180: 1
954790053: 1
954900952: 1
954915415: 1
955074007: 1
955100391: 1
955353576: 1
955364807: 1
955419871: 1
955470668: 1
955473443: 1
955585072: 1
955964974: 1
956046856: 1
956177826: 1
956240607: 1
956251219: 1
956440577: 1
956509684: 1
956535517: 1
956731365: 1
956773927: 1
956886344: 1
956887807: 1
956889126: 1
957154929: 1
957183086: 1
957392929: 1
957438987: 1
957442380: 1
957536618: 1
957560020: 1
957576058: 1
957693776: 1
957795715: 1
958009199: 1
958312791: 1
958445248: 1
958467731: 1
958575583: 1
958582345: 1
958652992: 1
958654185: 1
958709060: 1
958819845: 1
958962205: 1
959030464: 1
959242788: 1
959421596: 1
959477461: 1
959488726: 1
959673245: 1
959749061: 1
959810476: 1
959826478: 1
960009507: 1
960274948: 1
960572976: 1
960710956: 1
960765548: 1
960838646: 1
960921475: 1
960966978: 1
961094404: 1
961109357: 1
961149613: 1
961202319: 1
961328907: 1
961352982: 1
961388460: 1
961390707: 1
961465616: 1
961473987: 1
961611497: 1
961642714: 1
961671531: 1
961724240: 1
961792659: 1
962105775: 1
962116952: 1
962160946: 1
962239971: 1
962264224: 1
962698014: 1
962899334: 1
962965473: 1
963016763: 1
963260975: 1
963367271: 1
963382127: 1
963447681: 1
963677631: 1
963679179: 1
963713571: 1
963755989: 1
963816188: 1
963960577: 1
964170254: 1
964352899: 1
964381182: 1
964508946: 1
964674704: 1
964847633: 1
964889102: 1
965030827: 1
965068839: 1
965337517: 1
965452940: 1
965583616: 1
965645786: 1
965721186: 1
966074068: 1
966080520: 1
966110900: 1
966163622: 1
966184583: 1
966310298: 1
966318276: 1
966333547: 1
966350822: 1
966569083: 1
966624639: 1
966671145: 1
966695568: 1
966792137: 1
966823342: 1
966885167: 1
966887794: 1
966890761: 1
966902970: 1
966942314: 1
967005759: 1
967101568: 1
967231876: 1
967294358: 1
967354797: 1
967563399: 1
967574940: 1
967713957: 1
967752599: 1
967825464: 1
967855246: 1
967882417: 1
968051795: 1
968072255: 1
968137485: 1
968232867: 1
968381706: 1
968530377: 1
968606537: 1
968623016: 1
968641164: 1
968754137: 1
968892861: 1
969006141: 1
969205831: 1
969245778: 1
969421753: 1
969593880: 1
969702108: 1
969708452: 1
969828698: 1
969925208: 1
970146176: 1
970251496: 1
970422054: 1
970486447: 1
970499806: 1
970551201: 1
970677158: 1
970694798: 1
970893414: 1
971023067: 1
971043285: 1
971065313: 1
971117368: 1
971324354: 1
971393254: 1
971415070: 1
971434423: 1
971565357: 1
971565501: 1
971769325: 1
971783005: 1
971836270: 1
971860264: 1
971925763: 1
971974952: 1
972118939: 1
972159055: 1
972352375: 1
972375926: 1
972589677: 1
972727715: 1
972817345: 1
972827938: 1
973103375: 1
973280153: 1
973345742: 1
973379563: 1
973603129: 1
973626438: 1
973680672: 1
973695334: 1
973726478: 1
973801144: 1
973820466: 1
973893964: 1
974099568: 1
974134286: 1
974157381: 1
974297625: 1
974321431: 1
974520874: 1
974625159: 1
975210541: 1
975333812: 1
975353889: 1
975358002: 1
975412483: 1
975508121: 1
975512010: 1
975833180: 1
975914083: 1
976040745: 1
976215163: 1
976320069: 1
976383923: 1
976416449: 1
976544862: 1
976624773: 1
976717233: 1
976794224: 1
976820371: 1
976849056: 1
976854759: 1
976977687: 1
977029291: 1
977083215: 1
977222682: 1
977228477: 1
977271067: 1
977414639: 1
977535592: 1
977545985: 1
977806285: 1
977820817: 1
977843851: 1
978090401: 1
978229267: 1
978340905: 1
978367384: 1
978415464: 1
978427497: 1
978452390: 1
978471744: 1
978687260: 1
978854103: 1
978923186: 1
978941208: 1
979012315: 1
979095880: 1
979333255: 1
979395226: 1
979436938: 1
979495660: 1
979718841: 1
979734376: 1
979756479: 1
979853267: 1
979878478: 1
980063145: 1
980231940: 1
980306099: 1
980315255: 1
980462940: 1
980564976: 1
980668420: 1
980669582: 1
980844069: 1
980934918: 1
981042069: 1
981058965: 1
981069878: 1
981185072: 1
981199631: 1
981452900: 1
981525240: 1
981532741: 1
982132181: 1
982152736: 1
982434045: 1
982456705: 1
982741234: 1
982936736: 1
982995914: 1
983051825: 1
983138251: 1
983282696: 1
983289810: 1
983640530: 1
983686964: 1
983696979: 1
983698919: 1
983778582: 1
983868711: 1
984011706: 1
984115241: 1
984120452: 1
984180952: 1
984286693: 1
984573433: 1
984783678: 1
984925125: 1
984980924: 1
985094240: 1
985174411: 1
985204634: 1
985264845: 1
985364424: 1
985456973: 1
985803556: 1
985874618: 1
985946905: 1
986069738: 1
986292465: 1
986544374: 1
986889313: 1
986906974: 1
986947494: 1
986964607: 1
987114965: 1
987179509: 1
987412420: 1
987417230: 1
987554922: 1
987765167: 1
988388158: 1
988450952: 1
988613129: 1
988683472: 1
988697828: 1
988781190: 1
988879986: 1
989074822: 1
989329523: 1
989381190: 1
989414361: 1
989457455: 1
989658538: 1
989712616: 1
989714081: 1
989732685: 1
989857672: 1
989994528: 1
990007878: 1
990264982: 1
990297292: 1
990313947: 1
990336109: 1
990345799: 1
990449119: 1
990563462: 1
991074871: 1
991120268: 1
991197185: 1
991266598: 1
991286490: 1
991371432: 1
991467315: 1
991543416: 1
991594297: 1
991667998: 1
991692959: 1
991878900: 1
991986353: 1
992171017: 1
992275868: 1
992350750: 1
992370102: 1
992469108: 1
992470327: 1
992480438: 1
992560467: 1
992624323: 1
992633761: 1
992780705: 1
992814052: 1
992824234: 1
993119003: 1
993185092: 1
993409650: 1
993659583: 1
993671534: 1
993704747: 1
993738221: 1
993866056: 1
993920204: 1
993993761: 1
994017106: 1
994021025: 1
994115281: 1
994254054: 1
994323672: 1
994346585: 1
994420833: 1
994478216: 1
994505506: 1
994509337: 1
994651206: 1
994726847: 1
994758338: 1
994795151: 1
994932255: 1
994945736: 1
995021041: 1
995095896: 1
995230271: 1
995282371: 1
995388060: 1
995563891: 1
995625349: 1
995630376: 1
995660293: 1
995661893: 1
995752520: 1
995787423: 1
995924585: 1
996059311: 1
996168306: 1
996299811: 1
996394871: 1
996423286: 1
996448386: 1
996527233: 1
996626317: 1
996628173: 1
996690946: 1
996734690: 1
996788109: 1
996920286: 1
997018904: 1
997020207: 1
997041700: 1
997147971: 1
997216112: 1
997393036: 1
997495151: 1
997507087: 1
997610186: 1
997656956: 1
997823894: 1
997986347: 1
998162734: 1
998204457: 1
998209144: 1
998309183: 1
998348613: 1
998430362: 1
998726701: 1
998772113: 1
998814823: 1
998935322: 1
998975792: 1
998990557: 1
999002971: 1
999015063: 1
999096781: 1
999206691: 1
999310226: 1
999506240: 1
999621952: 1
999645495: 1
999821660: 1
999839297: 1
999863405: 1
