100
1
52
223
43 76 69 9 27 89 44 22 23 9 2 7 46 37 45 47 91 26 61 31 46 63 69 97 27 38 75 66 83 12 33 14 74 8 53 65 52 32 23 13 88 39 50 15 59 17 53 90 84 30 35 50 95 31 92 49 42 7 22 31 75 83 69 24 65 95 82 59 43 46 31 62 68 13 62 41 92 54 32 79 94 67 8 15 84 39 74 6 70 9 99 16 42 96 2 81 29 93 42 51 35 79 30 78 55 54 36 22 33 11 16 31 59 11 8 30 78 81 91 92 89 95 54 10 10 96 42 42 81 2 35 54 48 87 83 71 72 69 65 56 4 24 59 93 56 76 95 87 8 46 81 37 29 35 65 14 47 50 1 13 38 40 35 49 1 48 34 55 92 92 52 65 42 47 91 47 98 37 65 4 94 74 32 24 26 46 62 3 55 53 64 65 30 71 95 31 98 20 30 65 44 56 37 77 60 76 60 7 73 68 10 17 94 29 32 100 52 24 13 40 35 22 50
830
10 61 14 89 23 89 1 49 59 38 81 85 35 45 40 62 29 98 67 41 75 3 84 72 28 66 79 50 52 41 26 4 100 21 78 47 59 5 11 18 82 89 90 56 63 27 62 72 29 58 65 87 33 21 28 59 72 76 35 87 53 57 35 23 12 35 61 87 61 70 91 98 69 6 45 74 39 62 90 26 53 55 75 43 99 44 72 31 4 95 56 46 74 56 56 39 75 29 7 85 46 70 56 61 62 6 32 57 71 48 7 93 80 68 82 50 43 9 28 54 42 64 32 89 62 60 13 12 33 64 64 69 6 18 26 84 60 67 67 89 98 6 93 10 23 71 65 41 61 61 20 98 30 22 86 98 70 66 94 73 68 64 61 55 88 27 4 54 78 46 28 93 65 52 54 34 49 47 6 74 77 86 69 85 19 57 6 69 39 28 69 71 29 40 87 28 12 52 1 34 62 66 80 54 85 63 64 58 72 47 30 27 93 22 40 63 1 7 32 100 34 60 89 99 48 63 93 14 67 17 6 77 10 44 42 88 26 25 53 54 3 72 8 75 4 14 91 79 21 21 88 77 88 11 73 14 82 35 33 21 54 14 69 39 12 87 36 29 75 11 79 85 98 69 46 14 61 86 93 43 55 91 87 1 46 25 86 95 42 95 77 77 15 73 69 33 58 41 2 6 91 59 69 68 34 6 29 16 21 5 62 52 76 72 67 4 22 91 50 65 78 91 89 99 94 64 18 24 49 63 100 58 22 69 81 72 87 42 49 34 68 96 26 37 37 77 92 45 95 65 90 43 29 25 41 97 6 89 58 87 68 78 22 44 98 50 61 13 2 45 93 47 66 92 26 72 85 83 33 23 12 81 65 69 75 64 1 92 89 87 18 61 94 96 31 84 50 77 100 9 30 51 40 25 4 4 12 85 58 63 21 13 47 77 13 63 62 75 57 82 97 62 16 55 9 47 49 7 54 43 51 51 33 56 87 5 14 25 24 11 1 97 62 6 58 40 25 62 18 72 83 83 97 55 20 40 12 47 90 75 10 23 59 20 51 33 16 34 26 96 96 1 65 30 46 99 20 50 35 56 28 78 12 57 78 27 14 59 84 97 70 38 48 1 82 41 51 48 55 12 34 80 57 77 93 18 82 72 26 14 100 65 19 43 64 11 100 72 11 50 10 2 55 51 13 52 63 24 71 66 51 69 33 11 96 31 50 49 45 30 95 12 75 27 87 87 77 85 11 96 100 55 24 53 23 95 100 81 33 70 51 77 21 48 17 24 74 2 96 64 10 88 83 57 28 15 84 88 4 28 79 75 94 35 18 85 78 78 31 95 19 63 69 97 42 28 39 54 3 5 44 31 97 60 54 71 29 5 16 55 30 86 35 87 33 79 5 39 10 32 16 62 66 26 67 14 38 15 51 77 70 87 5 36 18 24 19 49 7 45 4 8 5 78 38 84 19 67 33 60 7 59 20 2 100 19 74 35 37 16 100 36 3 8 26 34 20 76 98 10 81 45 28 82 23 23 42 49 32 2 5 82 12 25 41 81 59 1 8 69 39 43 12 83 71 87 9 69 26 66 10 88 61 2 55 8 41 31 10 45 78 43 10 10 98 28 38 54 78 10 28 1 15 90 11 67 96 13 23 25 40 2 95 62 79 29 6 47 11 86 66 32 44 9 19 51 78 14 50 61 54 57 45 91 50 1 10 43 63 77 93 56 77 53 18 37 99 4 82 93 67 44 55 60 90 19 69 32 32 71 55 43 84 22 18 53 85 22 91 67 95 58 30 74 3 1 1 79 93 21 59 98 41 63 65 15 64 35 45 31 62 64 40 13 26 98 27 47 42 17 96 18 89 81 47 46 35 1 25 52
307
69 37 6 57 52 74 43 62 21 87 31 34 12 15 7 86 4 63 99 36 89 98 68 74 55 80 68 63 59 59 38 49 45 42 15 23 15 48 96 44 87 19 6 69 55 32 45 79 70 18 47 58 36 79 80 53 56 80 71 38 15 68 47 26 49 47 64 100 27 69 77 65 75 77 97 86 24 82 55 11 79 30 62 54 74 2 82 76 4 78 19 83 39 21 63 39 28 7 12 36 50 30 4 81 88 19 28 39 97 21 16 33 7 30 41 99 97 93 25 87 79 100 66 58 5 10 77 74 87 34 41 70 32 26 88 30 27 12 88 65 78 13 2 28 89 55 39 55 17 89 59 52 24 44 36 21 100 33 4 69 31 25 99 78 80 19 2 45 44 86 37 24 77 34 26 64 24 13 82 66 23 93 43 19 43 56 85 35 77 28 84 27 13 44 65 35 67 4 69 100 23 59 36 29 7 52 19 18 42 86 50 20 12 64 47 16 51 50 21 74 32 26 71 18 73 74 64 90 40 28 39 100 2 6 99 98 45 28 13 74 74 98 79 91 4 53 75 24 63 77 41 64 80 71 19 75 26 35 5 28 13 88 17 56 93 100 11 32 10 58 19 62 84 16 46 95 44 4 52 23 11 83 92 98 98 12 40 56 36 80 17 27 84 31 31 45 49 24 100 72 71 95 80 57 43 69 58
810
16 84 51 47 82 32 42 25 28 42 40 5 55 41 71 18 12 49 47 98 97 19 53 62 10 90 36 96 61 84 5 5 100 65 17 95 1 45 6 70 29 96 40 28 32 32 2 21 81 20 5 87 82 100 75 24 3 8 72 28 74 89 38 31 23 97 43 88 92 21 27 96 10 60 20 3 34 39 88 28 94 28 84 96 53 7 99 99 58 65 61 67 38 81 7 45 84 40 27 53 90 68 63 50 64 57 8 72 67 83 8 14 80 58 19 74 42 35 95 50 70 81 78 28 57 22 18 65 39 25 34 1 88 93 53 84 52 95 70 48 65 93 40 68 21 48 98 76 7 68 50 27 44 100 31 36 100 4 84 59 4 14 87 82 55 20 31 50 64 44 56 51 56 60 20 6 82 8 8 32 72 47 28 76 29 19 69 87 47 72 38 80 53 67 34 14 75 11 77 57 8 62 86 27 86 28 10 7 68 57 15 7 49 53 20 2 36 83 83 90 3 28 61 61 8 70 12 22 31 36 65 61 68 50 92 63 3 81 60 37 39 76 34 83 15 88 90 85 76 70 64 72 79 73 31 29 41 94 15 79 50 98 90 97 38 75 45 25 52 18 6 45 43 79 3 64 62 42 37 93 99 33 25 13 65 60 9 70 89 36 81 14 38 99 2 54 58 47 17 28 54 91 35 72 7 98 65 76 85 32 1 36 38 86 34 85 52 57 59 31 43 69 85 58 36 20 71 82 47 89 26 27 60 5 69 26 67 49 4 63 37 63 81 34 70 28 41 78 48 72 17 95 66 3 63 10 13 37 85 15 68 82 4 95 89 82 99 27 61 51 50 7 26 11 34 6 32 46 61 47 78 34 58 78 8 33 26 17 62 18 87 100 31 75 3 15 23 38 53 44 19 65 61 91 32 94 31 60 58 5 100 78 57 35 25 77 55 43 56 69 71 32 80 90 35 57 44 29 78 38 67 21 70 2 59 10 30 23 52 31 88 57 85 30 99 60 61 90 38 71 72 38 85 23 17 11 86 46 29 17 94 45 41 79 69 87 90 63 29 94 47 100 26 2 2 37 72 30 37 19 63 8 30 4 60 27 47 25 63 20 61 36 89 41 32 20 91 86 51 74 64 18 51 62 96 3 50 53 33 15 13 49 76 95 6 38 34 74 42 6 71 66 10 41 20 39 95 40 28 3 34 100 30 80 58 95 17 54 41 91 47 85 34 38 39 51 65 24 13 45 58 19 14 99 3 50 78 41 76 26 15 6 71 43 93 46 68 48 9 61 93 91 91 28 93 99 58 31 69 12 79 11 66 35 57 100 89 36 80 57 1 66 76 31 78 90 85 13 84 81 53 81 70 95 81 31 77 67 81 60 90 38 31 24 82 77 9 38 65 67 24 93 57 54 75 95 21 85 44 63 61 6 78 60 43 15 94 7 69 46 45 44 98 75 40 85 25 97 61 14 27 65 85 22 64 90 98 56 79 47 96 70 47 98 42 74 85 13 52 17 95 5 54 64 36 65 56 64 56 6 9 70 11 70 93 4 15 63 46 26 4 95 98 86 61 6 6 31 69 84 46 16 50 62 67 63 79 91 1 3 58 87 63 67 11 60 71 58 79 49 89 63 40 52 88 35 29 85 91 61 80 70 74 83 73 31 58 21 50 92 29 22 84 92 53 41 4 69 14 32 66 43 97 98 93 62 13 29 79 52 22 44 92 3 96 90 21 83 72 47 88 22 93 13 86 80 58 6 74 4 75 34 28 20 89 44 72 20 6 49 18 97 4 89 96 64 42 25 62 66 8 69 69 51 42 92 87 52 56 26
324
77 91 14 18 54 32 15 37 27 59 89 14 95 76 91 10 36 2 33 55 14 42 55 72 58 94 11 68 58 35 10 16 28 21 59 75 94 15 21 41 77 32 6 10 71 6 84 19 49 91 84 33 21 42 36 67 34 14 78 4 55 65 3 89 14 19 15 75 29 22 51 14 29 86 81 28 95 50 99 94 21 84 18 61 41 9 46 45 30 4 79 34 25 37 35 64 37 20 70 91 66 76 13 77 58 89 82 91 24 34 37 15 25 93 69 91 26 20 71 39 42 12 69 33 70 20 27 20 37 76 44 36 56 30 8 56 27 42 71 59 9 18 54 89 5 50 41 64 55 22 97 63 39 51 91 91 60 41 84 29 4 23 89 4 32 81 4 53 91 45 84 18 54 97 96 1 10 53 86 12 75 54 75 2 19 48 67 10 84 87 40 11 98 3 5 13 42 100 91 8 19 26 19 11 78 67 85 57 95 28 23 41 44 11 73 8 36 29 67 37 72 22 44 46 53 53 73 42 71 12 27 15 85 81 34 23 38 65 73 52 33 32 95 13 74 20 87 13 78 66 54 13 83 22 47 60 96 67 67 71 6 56 74 7 20 91 98 11 25 27 92 20 24 92 79 87 82 76 55 15 29 9 12 21 34 22 53 33 59 41 32 79 22 75 62 22 67 12 58 68 9 3 59 50 81 75 57 20 51 31 97 25 100 76 8 1 87 19 13 2 37 25 77 45
959
9 18 48 49 64 14 22 71 88 21 44 39 23 47 16 6 31 64 10 32 31 63 97 65 16 19 35 60 25 15 39 29 49 3 13 31 47 26 10 89 30 65 69 37 53 51 48 62 63 22 81 39 92 87 98 2 5 82 90 66 33 89 97 46 54 92 64 58 29 13 88 23 17 29 94 38 2 19 46 27 69 41 45 36 79 38 27 98 76 39 54 86 49 70 17 90 15 89 42 99 78 2 82 62 59 49 62 6 96 99 65 41 79 73 74 53 90 93 28 32 91 82 97 20 31 9 96 20 57 15 73 6 22 24 71 59 56 85 51 52 62 36 36 43 56 79 96 73 24 26 46 29 40 74 8 30 68 96 7 57 37 68 50 28 24 86 11 95 9 27 95 66 96 16 24 96 52 29 74 97 78 6 5 8 56 46 28 54 55 82 66 91 42 29 9 27 66 57 65 50 66 52 80 90 83 10 91 44 49 66 46 11 36 2 23 67 98 41 60 16 22 57 90 47 29 70 18 57 46 3 75 99 29 69 53 28 75 15 9 41 26 74 70 48 52 99 89 33 74 19 75 84 67 83 88 55 62 23 9 12 18 42 58 86 26 19 12 83 76 82 12 87 37 12 27 80 61 66 96 16 55 92 65 67 92 83 98 98 78 40 64 44 84 23 24 97 31 26 86 93 49 17 83 73 90 81 70 53 51 52 69 66 68 92 24 82 79 35 83 55 100 65 75 61 27 27 54 21 31 20 5 94 71 90 49 13 80 25 93 66 27 61 56 64 47 38 80 5 3 14 28 77 41 65 21 61 70 24 65 50 33 59 21 37 16 1 5 79 50 1 3 50 53 61 30 50 78 56 59 37 37 39 12 68 31 64 60 76 50 59 11 44 25 86 49 72 43 79 28 81 75 15 73 16 11 58 94 7 59 60 11 76 91 66 13 97 18 33 4 13 61 37 76 81 95 77 67 63 16 44 85 78 26 26 26 41 59 23 2 15 34 92 87 66 54 51 25 40 85 99 37 92 64 13 46 82 98 2 9 91 19 21 29 1 72 59 29 38 45 16 54 71 67 46 14 35 73 10 35 42 75 95 7 3 81 80 68 85 2 4 71 87 25 17 96 77 48 69 4 56 3 98 27 97 16 53 43 39 13 97 78 1 51 45 83 9 53 70 43 88 26 32 81 61 45 71 27 77 60 59 1 3 92 68 36 66 22 87 69 95 86 90 73 15 20 71 74 16 64 28 48 68 82 92 44 44 87 66 14 11 57 42 28 59 45 46 62 79 7 27 72 40 46 62 57 35 23 78 38 37 66 94 81 31 90 36 44 5 24 66 93 10 51 14 22 94 23 51 47 27 20 76 92 80 98 6 79 45 95 44 37 46 32 18 88 43 64 25 97 23 77 88 64 2 26 67 56 75 49 92 28 30 38 82 28 39 17 88 25 99 8 69 67 42 18 37 53 69 59 31 51 39 82 52 56 50 41 71 10 91 89 68 17 38 5 37 43 63 53 87 78 49 90 99 40 79 79 33 58 35 16 53 64 53 25 93 99 82 2 14 89 20 13 48 57 38 4 50 97 44 76 83 52 38 54 3 2 34 29 61 47 57 97 2 9 34 90 54 36 59 20 45 45 28 33 29 72 45 22 3 49 92 26 15 64 93 45 29 93 25 91 19 17 94 29 61 98 9 61 95 75 7 69 45 39 80 1 54 53 62 88 42 64 91 69 31 47 1 77 76 16 29 75 86 37 19 57 39 97 33 31 4 73 85 8 16 25 37 12 23 24 78 94 43 56 1 52 5 13 85 3 47 22 80 58 14 82 21 33 58 26 74 5 1 18 55 98 86 88 56 74 32 21 15 18 20 23 31 92 98 14 82 63 17 97 68 23 78 31 37 58 34 18 98 92 18 38 11 6 9 99 31 1 91 9 16 18 76 15 87 99 12 92 52 17 93 55 89 80 50 55 94 6 8 35 36 87 33 93 28 82 56 58 58 77 94 41 75 13 44 42 35 52 60 83 6 76 50 100 15 85 12 57 37 22 30 89 59 95 22 10 15 27 43 18 34 20 95 35 6 8 52 40 97 42 97 63 8 15 86 74 11 42 45 8 75 69 32 98 79 54 56 17 67 51 42 92 66 10 32 51 64 87 44 24 85 54 53 93
142
63 61 20 29 72 12 39 21 52 42 74 71 83 58 15 43 34 98 79 77 50 97 99 44 9 62 24 4 9 64 37 19 75 23 46 9 99 92 59 95 23 69 46 24 89 56 19 28 89 5 85 94 21 2 79 21 55 96 67 25 31 21 73 37 55 81 32 14 86 100 55 29 92 30 56 84 3 91 75 44 7 64 8 11 90 38 7 49 42 82 83 46 74 52 19 48 28 66 92 83 82 72 93 67 22 37 64 4 32 83 9 44 100 47 28 79 21 41 93 92 76 85 5 68 50 69 31 69 29 73 36 71 38 80 78 26 98 20 46 34 7 22
936
87 78 14 99 32 46 26 48 49 77 70 52 76 44 20 44 36 18 8 27 50 16 12 69 27 15 36 17 42 43 58 7 25 38 27 63 26 92 85 39 25 47 66 54 2 93 42 98 31 44 75 17 65 22 89 66 22 86 90 74 47 22 81 58 84 34 74 15 58 92 77 30 4 9 49 32 59 55 87 92 100 20 12 100 28 68 98 78 97 67 84 83 41 92 71 12 37 61 56 86 39 27 24 92 38 21 92 13 89 92 72 61 93 34 83 27 22 100 43 43 41 45 54 61 13 56 65 68 79 98 93 68 24 67 77 95 88 13 29 100 10 33 24 5 92 69 24 50 85 40 24 48 26 7 92 39 85 71 96 1 4 85 92 63 62 48 82 18 16 46 98 91 92 33 65 81 58 78 60 95 96 59 53 65 66 80 43 7 87 24 62 21 92 80 85 94 95 31 77 70 77 75 68 51 68 34 90 44 31 85 4 9 92 76 24 43 100 40 86 33 6 35 2 74 21 56 1 26 79 16 16 85 51 30 78 30 57 95 39 90 23 39 95 70 71 44 24 77 87 50 80 27 42 4 53 14 96 13 6 57 26 85 25 65 6 82 73 38 13 54 22 56 28 37 70 95 88 86 91 82 75 73 8 31 46 44 11 62 68 32 86 22 90 9 61 44 48 62 46 63 86 78 55 3 68 70 79 19 79 81 61 64 92 11 24 49 78 87 43 72 37 40 16 44 64 92 46 58 98 32 77 28 21 1 93 16 95 7 6 8 5 40 79 95 98 55 24 32 4 68 6 79 59 36 16 44 25 12 18 42 50 38 50 80 36 77 12 72 24 28 57 34 32 13 45 17 43 58 43 21 44 42 4 32 89 49 18 78 67 78 59 64 9 55 16 79 40 97 46 40 90 58 16 42 37 73 43 39 75 34 80 74 88 48 61 77 42 46 86 1 75 17 64 87 68 52 77 86 42 24 88 69 78 8 87 53 15 72 48 6 31 74 7 89 68 75 57 75 100 80 1 52 98 86 39 64 55 41 42 26 19 48 9 16 21 14 64 76 32 29 50 97 5 72 32 59 55 57 13 9 36 68 8 50 41 62 35 63 79 77 43 3 89 51 48 79 58 10 39 90 21 33 65 97 81 86 35 96 78 73 70 23 7 83 67 69 47 11 72 97 31 82 28 92 47 16 72 30 7 43 9 27 51 42 81 54 88 47 41 76 91 69 88 38 44 83 75 90 13 3 20 67 48 75 62 46 1 85 98 27 25 17 19 28 32 86 56 10 92 82 75 66 66 56 68 30 1 55 87 6 40 63 28 48 59 24 19 93 28 54 47 3 61 40 17 64 90 57 59 41 47 59 14 37 92 26 11 81 29 28 83 91 15 27 100 4 18 49 82 60 2 64 21 90 23 91 36 31 76 24 35 50 1 27 89 75 58 63 83 72 90 57 15 18 15 63 67 16 84 78 7 82 48 88 9 20 88 31 65 98 40 90 48 24 84 56 99 69 46 3 18 4 77 83 28 41 19 37 29 89 85 56 72 53 31 26 65 1 65 93 72 55 81 93 1 37 46 61 7 75 31 16 67 44 91 49 87 66 94 68 87 91 39 7 58 37 22 25 33 71 14 93 92 25 18 22 68 10 54 14 78 79 84 79 82 4 36 42 98 86 56 19 33 47 60 63 84 89 15 44 66 65 25 54 28 9 35 1 48 14 75 22 34 30 18 28 44 70 66 89 23 32 46 70 13 68 6 47 32 31 6 41 9 23 33 67 90 14 48 34 49 76 47 63 39 52 64 36 22 26 94 32 46 74 25 48 50 71 50 36 45 80 95 13 1 60 59 46 57 99 3 59 61 66 28 35 91 99 18 6 78 83 18 64 24 76 27 44 18 35 36 66 85 6 63 57 46 1 67 4 81 25 27 4 96 23 5 42 86 83 20 3 54 97 88 60 32 78 46 27 68 51 24 11 10 97 38 55 2 54 46 51 5 65 4 2 48 100 35 59 32 20 64 10 43 2 82 57 97 81 24 23 42 84 64 3 49 21 9 18 4 61 67 79 6 33 26 41 53 10 93 32 37 89 53 59 53 10 40 43 39 10 50 84 55 9
667
32 60 72 69 41 78 99 76 51 99 40 51 95 58 21 98 86 82 84 35 10 24 72 8 10 61 33 49 83 60 32 34 2 68 12 55 21 11 96 84 82 98 87 71 63 70 21 20 80 76 2 61 75 91 55 85 100 40 58 14 7 71 74 43 70 94 1 53 16 45 84 41 63 23 62 46 76 31 31 71 98 82 15 28 37 22 40 23 80 59 37 21 55 62 67 6 30 17 93 5 61 92 85 31 95 91 86 4 83 74 55 89 77 57 38 47 86 13 60 34 51 30 39 63 18 44 89 27 25 63 25 82 69 38 56 55 30 11 65 94 91 53 98 8 34 49 54 92 45 86 69 1 92 86 94 18 83 95 1 91 48 73 85 36 93 23 23 38 48 80 82 29 27 67 73 56 61 81 77 15 38 36 15 26 53 77 94 62 86 24 64 52 9 65 27 41 6 60 83 5 41 31 92 62 78 49 96 9 91 90 98 63 100 12 12 3 84 85 83 89 18 93 15 39 95 73 72 83 25 37 4 44 3 29 82 41 70 31 19 10 15 41 48 6 5 32 83 13 62 55 33 26 43 90 50 3 5 71 11 59 42 95 76 4 82 54 28 75 58 82 4 74 53 88 29 6 14 32 72 24 75 98 20 1 72 97 18 76 68 18 66 83 54 35 10 82 37 28 4 80 32 87 56 54 85 88 98 52 64 46 73 96 15 67 13 82 40 27 81 97 72 89 100 73 6 38 24 46 1 67 53 29 26 87 46 54 93 9 23 30 58 87 11 5 41 52 2 78 89 39 10 57 64 85 42 59 26 68 14 12 34 33 58 29 45 20 43 17 63 50 64 35 47 45 90 30 85 59 51 80 70 85 58 79 67 62 44 69 19 40 25 58 54 63 42 18 96 63 19 89 55 81 44 92 35 31 45 29 28 12 87 71 82 18 39 41 8 14 49 17 80 75 31 29 39 15 99 89 93 33 6 80 12 10 41 10 17 82 48 31 71 50 38 34 8 62 45 75 60 74 65 75 79 84 88 56 82 27 95 15 6 14 73 15 59 80 35 28 67 44 24 77 68 6 21 99 60 2 43 40 57 39 93 9 25 72 91 26 63 87 61 61 48 57 10 60 44 66 39 20 80 2 60 93 2 56 33 81 70 82 80 89 55 42 60 41 27 31 69 79 25 98 85 31 53 96 15 81 70 75 77 7 29 60 42 65 54 84 98 12 85 50 38 89 16 49 88 66 63 80 17 19 43 80 75 57 67 54 2 18 16 85 54 44 48 59 75 84 8 90 57 68 89 17 44 49 42 82 39 16 70 4 81 94 73 24 92 48 30 11 11 93 73 92 45 63 71 52 62 75 28 5 13 18 65 56 47 60 88 92 70 38 36 71 6 76 11 43 50 55 57 99 54 2 98 19 59 90 30 34 63 94 39 85 98 40 55 41 63 7 15 90 81 97 90 91 2 45 29 93 30 61 59 83 68 33 46 24 63 63 87 74 42 33 99 67 73
905
57 30 31 49 6 53 65 65 50 46 72 86 59 95 42 30 44 38 11 92 22 31 99 43 21 86 95 52 25 10 18 83 81 94 92 3 61 31 64 11 11 25 75 26 32 81 72 71 27 74 77 91 20 36 50 6 97 54 13 61 88 70 81 25 54 24 62 47 44 23 47 75 5 91 89 96 84 86 71 71 99 1 68 5 23 100 47 78 4 67 9 52 77 69 85 71 13 34 41 47 55 59 62 76 18 95 5 75 56 94 23 99 75 43 63 61 55 66 11 93 96 73 26 61 75 38 44 69 50 25 78 11 94 55 43 2 31 69 50 14 21 31 57 52 92 33 83 47 70 71 25 1 86 67 97 47 28 53 87 84 33 89 57 5 3 47 96 60 47 65 73 39 20 99 100 69 13 90 50 33 69 96 99 25 91 24 9 87 23 75 38 52 32 14 3 31 7 19 64 50 71 85 33 98 77 40 49 9 16 38 2 16 48 51 37 89 78 53 90 70 22 32 53 12 93 73 36 8 6 68 2 33 87 34 22 63 9 9 40 89 65 13 65 31 26 5 1 3 37 84 60 19 79 84 46 58 14 4 22 12 8 66 80 23 81 77 76 43 68 14 16 77 87 87 28 54 77 79 51 42 90 96 91 71 18 57 24 59 41 10 62 61 47 68 12 45 10 11 6 48 42 96 30 31 23 41 90 90 47 44 9 24 12 40 69 13 23 87 100 85 15 3 63 91 7 35 27 23 93 45 50 93 43 78 6 96 30 24 33 56 27 2 79 3 1 36 47 8 90 38 100 93 14 100 55 40 82 100 24 91 70 13 57 75 40 68 28 87 3 93 60 38 14 29 38 25 44 93 8 38 42 41 29 98 45 91 74 73 19 7 67 68 55 54 81 29 58 50 32 79 59 1 56 44 49 45 60 58 83 66 28 66 41 36 88 52 82 74 100 50 22 62 68 22 76 72 57 55 84 43 90 26 5 30 58 96 70 74 36 11 53 8 91 27 9 58 64 16 10 18 36 49 55 88 42 19 97 47 8 27 43 66 75 7 42 71 59 1 63 50 16 70 65 96 81 46 34 19 63 5 88 15 71 66 50 75 96 42 39 91 30 87 93 31 82 92 10 87 82 92 14 89 73 83 61 67 33 18 64 59 27 57 8 37 55 75 30 4 92 21 98 49 56 15 70 65 59 46 33 93 41 51 3 50 66 95 48 65 77 1 35 69 9 5 4 24 33 17 39 56 51 20 80 95 97 13 75 56 53 3 56 64 3 54 64 50 73 95 98 8 85 68 64 32 88 64 62 72 76 71 60 39 100 3 78 81 42 44 66 17 4 79 62 51 37 65 63 1 64 84 67 93 8 89 94 95 14 80 50 31 74 73 38 82 71 87 59 40 98 97 67 21 25 43 27 76 84 44 80 5 78 19 26 15 26 77 67 86 64 91 78 1 26 33 73 71 44 41 70 8 86 55 51 26 75 9 97 30 100 90 24 100 39 62 29 90 95 5 32 54 50 58 70 58 85 21 34 35 58 54 41 51 78 71 92 58 88 96 33 88 74 16 92 21 66 29 71 11 57 32 7 71 12 77 9 51 80 89 99 92 63 75 52 41 55 61 89 69 5 96 99 55 96 12 99 18 7 24 88 90 85 13 19 34 37 8 87 17 27 75 78 52 54 82 66 77 19 38 42 4 37 30 15 36 34 49 36 38 58 15 82 3 67 36 13 33 27 57 74 61 61 71 69 89 10 21 77 31 32 91 69 23 73 89 64 89 8 12 1 46 33 87 54 19 49 27 2 35 81 61 97 18 44 13 85 8 38 82 33 11 26 53 65 61 54 84 13 40 44 72 59 11 49 86 100 82 75 3 21 98 36 73 66 72 84 39 55 54 39 12 97 86 79 81 18 72 79 99 99 45 100 90 31 5 40 9 76 20 11 70 23 12 84 84 86 62 60 30 7 6 66 13 87 44 36 66 96 30 92 77 20 66 17 23 49 88 63 93 54 6 81 76 85 60 34 43 5 30 20 53 62 96 19 45 5
120
56 59 83 37 73 75 40 7 1 54 1 32 53 77 39 1 92 95 59 25 88 66 64 72 4 47 55 14 71 18 18 67 48 5 19 14 93 16 92 75 1 98 45 19 78 39 86 89 45 64 79 56 55 97 80 90 66 19 47 31 32 76 82 26 78 19 86 25 38 24 67 80 16 71 2 79 55 12 25 27 32 67 30 66 56 81 89 74 12 98 31 41 92 98 79 40 34 7 18 80 72 6 98 53 9 72 96 46 8 74 84 21 31 27 85 25 44 80 16 61
698
71 63 42 64 91 12 35 11 11 70 92 80 17 20 79 28 26 59 17 56 40 62 11 80 47 26 54 17 52 9 72 8 88 96 27 84 71 26 37 51 60 59 76 60 100 43 67 73 51 44 90 16 21 10 21 78 94 37 3 25 76 50 13 24 37 73 51 31 52 54 2 67 75 81 89 39 100 1 34 15 9 26 70 63 34 97 55 81 82 73 69 79 23 60 22 100 6 34 3 5 17 4 56 41 48 42 83 59 62 51 50 70 62 67 58 11 98 100 17 76 50 92 52 14 37 75 70 68 35 44 69 96 78 55 74 76 29 30 35 15 44 22 17 69 40 61 38 3 87 71 38 69 41 27 63 77 6 11 86 23 81 90 53 68 25 78 63 21 66 80 54 99 32 64 68 7 29 21 13 23 77 98 85 32 29 95 83 49 2 29 86 5 96 35 37 59 28 59 70 50 52 23 35 25 32 28 70 95 13 57 44 64 59 55 77 4 95 17 41 88 96 71 67 34 18 20 58 73 66 74 74 80 87 46 4 54 64 94 10 63 16 89 1 43 65 83 47 26 56 61 25 24 95 45 9 86 61 31 37 50 39 83 100 2 29 85 16 92 31 23 2 99 54 97 89 60 71 4 40 17 3 28 33 23 24 16 84 57 93 8 42 93 91 75 20 54 75 43 56 51 26 86 8 55 62 58 13 26 63 8 70 90 90 2 21 47 77 60 48 40 11 16 11 16 47 76 29 67 64 56 96 30 99 94 86 32 43 42 9 50 85 74 37 33 8 40 65 4 32 57 44 91 17 88 71 62 90 7 6 90 15 73 5 73 21 44 78 80 76 76 39 42 20 100 11 63 100 33 65 90 16 12 3 34 58 91 75 77 3 8 45 86 10 25 60 20 65 12 78 84 16 37 87 69 22 44 62 94 82 72 61 47 36 13 45 26 74 12 37 51 2 61 51 78 81 68 84 3 81 32 6 22 38 19 49 7 93 85 71 54 34 48 67 35 38 56 74 100 99 78 68 47 13 51 99 85 37 60 87 26 52 31 45 63 24 97 66 5 4 53 49 99 12 48 7 85 74 29 76 7 80 91 16 83 39 66 64 77 23 62 43 8 13 82 97 2 50 97 15 24 15 89 14 86 5 33 38 5 58 60 17 100 45 52 95 67 94 70 77 67 68 23 97 55 73 13 75 79 91 89 80 51 42 70 53 52 72 26 51 80 37 77 41 77 18 73 11 50 82 98 46 77 81 32 13 52 41 43 13 54 3 50 37 55 20 9 89 87 88 65 30 65 38 4 6 52 33 56 52 68 98 69 65 21 62 75 27 33 41 30 86 63 24 63 59 31 19 27 84 57 20 90 67 77 44 8 45 50 7 35 93 54 94 11 42 21 66 44 90 85 28 70 3 65 14 4 52 16 3 26 25 74 52 23 72 15 54 57 53 3 55 66 45 40 37 5 79 87 55 4 90 32 41 63 44 53 17 73 1 68 33 38 100 5 71 51 50 14 6 16 20 62 96 26 20 83 12 92 37 31 82 18 62 88 21 88 51 83 48 39 44 16 45 61 95 54 57 47
695
80 53 43 53 37 54 13 90 8 90 80 79 76 19 84 70 80 24 9 33 64 3 68 95 75 11 10 98 45 72 51 53 4 67 34 86 33 62 89 42 64 59 9 12 44 15 93 20 40 44 74 94 55 27 85 79 36 71 46 52 45 40 73 88 96 40 67 21 79 97 100 33 34 49 59 18 59 81 63 87 75 28 79 1 91 49 11 34 92 7 81 13 58 33 84 70 22 35 99 54 32 51 38 100 95 94 20 14 83 91 25 82 70 30 64 41 7 65 64 8 59 49 81 74 4 62 69 39 43 8 56 5 14 100 50 51 67 41 36 80 67 64 28 77 67 85 38 71 92 45 63 30 39 89 97 97 78 78 87 49 13 70 67 36 82 63 44 45 34 88 67 92 99 64 48 20 33 99 59 41 36 19 18 79 39 8 79 64 4 65 54 77 24 99 54 72 41 42 26 60 24 13 93 4 100 95 98 12 32 97 2 86 86 46 48 14 64 68 93 31 73 39 17 100 42 17 82 80 27 39 69 24 9 17 36 44 15 46 75 68 91 73 20 71 12 33 67 11 95 12 50 18 99 15 79 71 53 58 81 4 18 62 79 86 2 13 6 63 89 80 1 61 11 85 39 80 86 97 5 10 1 30 56 28 65 1 32 75 46 27 3 28 99 42 63 65 65 93 46 58 91 7 82 80 22 70 25 4 32 48 76 43 35 33 32 96 40 39 72 9 19 22 27 31 40 90 36 42 100 31 48 67 53 34 81 8 2 89 17 51 53 63 66 96 95 38 73 87 5 33 74 46 49 44 74 28 11 58 99 99 2 30 26 63 95 22 65 18 53 95 56 64 52 26 65 26 70 7 9 77 39 70 53 27 76 7 12 90 84 79 93 73 72 99 60 53 50 31 84 21 82 3 40 21 49 91 83 8 51 94 2 66 29 69 53 86 2 88 8 14 36 5 30 46 11 74 79 100 44 73 7 28 85 99 65 80 91 20 68 58 30 70 49 74 68 49 96 76 1 80 78 63 99 64 70 76 20 65 88 40 30 31 4 62 80 100 9 5 69 93 89 90 54 5 91 76 51 12 15 66 16 97 43 17 67 97 4 80 29 87 98 56 37 47 68 12 13 1 60 34 92 17 76 87 50 50 21 84 76 20 99 21 50 6 41 7 9 2 45 38 89 58 55 44 29 38 36 91 6 80 77 89 50 1 86 16 52 50 23 60 23 84 67 93 32 56 60 1 22 70 2 65 38 84 10 90 77 70 11 15 40 35 44 24 23 17 67 5 29 61 4 69 99 46 11 68 6 86 79 37 20 43 3 61 33 77 53 38 93 69 9 32 49 81 6 41 53 93 16 42 100 97 51 39 15 80 75 24 41 40 8 62 29 49 87 37 56 74 63 14 78 75 1 49 89 27 72 94 34 14 39 52 6 25 13 44 100 6 44 48 24 58 24 33 83 38 84 6 34 91 93 19 59 87 42 28 70 70 87 75 69 28 57 26 87 22 53 43 88 21 72 96 47 73 70 52 59 54 62 31 76 57 74 45 5 37 12 17 95 25 5 50 85 91 11
195
99 1 83 53 37 75 26 43 55 46 69 96 42 70 41 35 8 7 57 83 59 20 27 68 31 99 7 26 59 96 33 52 48 89 16 35 4 47 85 20 99 98 30 86 6 24 73 87 72 66 57 26 31 32 63 79 81 71 78 29 42 17 37 68 55 48 6 57 42 61 54 54 64 87 73 37 42 97 50 34 51 69 55 38 63 73 45 69 42 32 29 74 83 22 21 67 59 11 35 45 62 5 77 45 31 53 3 53 57 32 41 57 78 30 83 29 68 65 7 79 4 40 66 97 91 95 90 92 74 31 100 70 9 43 26 20 57 39 28 43 42 24 19 50 85 97 75 65 60 72 58 17 3 52 64 80 14 88 53 8 13 71 90 27 57 3 83 97 74 59 43 49 10 99 76 100 26 93 89 38 46 84 71 40 46 83 22 90 30 45 48 95 3 44 76
283
16 7 78 46 56 54 75 25 77 44 95 79 35 14 4 27 41 83 70 23 90 14 29 57 19 65 79 64 99 58 38 29 91 66 68 80 59 54 82 85 100 80 96 64 31 10 56 66 78 46 95 36 7 24 56 81 49 56 56 99 31 60 100 13 39 32 29 40 79 55 44 81 23 21 40 97 54 55 33 5 62 71 8 27 39 78 60 87 37 95 73 30 29 33 16 20 75 14 6 75 79 36 93 32 42 99 75 4 39 31 68 92 99 41 71 89 1 54 100 20 9 12 60 55 29 16 75 70 12 43 70 21 82 2 77 63 87 82 11 29 65 89 84 45 15 8 68 76 97 73 24 59 21 18 81 18 3 79 72 70 46 29 25 40 55 6 97 80 7 38 84 15 98 34 74 87 4 44 46 43 77 88 52 65 43 90 72 21 75 4 20 51 85 97 51 85 93 76 54 48 97 43 3 17 100 75 10 7 66 88 74 87 96 98 28 2 45 43 4 67 71 62 53 79 89 29 43 79 96 38 44 71 82 84 33 46 22 63 98 58 10 100 50 2 81 48 9 23 52 24 25 96 35 39 97 32 8 7 73 31 43 26 20 19 6 2 68 32 68 58 15 48 4 87 53 75 40 71 84 18 25 28 41
433
53 10 51 47 22 79 85 76 13 85 32 99 91 41 23 34 56 14 26 58 35 39 55 94 63 14 48 97 86 24 3 50 70 83 80 46 70 75 29 25 69 49 45 86 13 83 87 22 30 86 92 66 25 78 53 46 19 1 96 30 64 14 68 94 13 63 96 21 26 100 93 87 23 64 87 12 9 10 14 63 44 8 63 4 98 29 41 11 15 61 33 70 63 85 10 12 7 13 24 80 70 55 21 48 32 28 64 42 40 19 6 81 83 2 37 47 95 80 77 85 77 6 41 80 43 30 99 72 85 21 84 44 10 19 12 83 13 91 71 39 13 28 48 75 42 82 1 50 22 99 9 36 49 37 8 44 3 27 40 84 6 66 69 3 4 71 4 2 57 10 68 65 98 43 57 78 62 89 65 38 42 17 23 87 89 16 83 60 46 18 38 70 68 66 7 24 92 62 40 17 62 14 41 55 83 21 66 99 50 9 92 45 28 84 68 60 29 40 34 71 74 74 89 37 69 20 97 63 72 79 52 71 16 30 29 87 14 29 70 62 3 99 55 100 42 76 78 5 85 5 17 65 20 9 100 32 72 81 45 74 73 29 13 15 87 57 71 93 95 62 62 59 6 26 30 38 39 58 42 98 5 78 93 76 98 11 59 86 7 52 8 81 98 85 61 32 30 61 41 55 91 90 54 88 21 89 74 77 51 3 4 24 1 40 75 100 42 47 78 68 96 25 76 59 62 64 78 49 55 98 46 91 18 74 11 36 46 82 5 29 65 48 50 51 12 39 46 65 84 56 96 85 63 80 65 19 96 54 28 53 80 31 58 69 45 40 72 36 31 90 20 66 55 25 16 100 18 30 76 94 81 11 39 24 34 91 85 36 80 84 32 90 40 32 17 100 41 19 22 20 80 56 47 5 77 27 18 91 89 59 17 20 75 78 98 96 39 76 15 36 47 77 84 42 60 99 60 2 12 2 33 77 38
301
28 59 62 58 2 94 5 63 68 41 100 9 25 16 25 97 36 17 43 60 50 34 91 87 99 93 8 77 22 69 71 85 67 54 61 47 69 50 74 87 41 78 94 28 49 31 100 64 31 50 59 17 69 16 84 27 79 13 60 50 60 97 9 9 59 49 50 18 8 44 9 3 57 37 46 4 27 100 78 90 95 87 14 34 19 77 80 74 91 74 13 31 20 56 74 7 97 12 15 94 32 36 44 76 50 39 63 51 66 94 17 57 84 72 49 90 53 82 5 79 98 33 78 71 82 78 69 90 21 6 91 20 48 48 42 31 6 76 18 36 60 88 28 78 10 75 12 7 89 20 35 27 29 5 17 19 37 1 37 92 16 39 7 82 63 22 33 81 71 84 41 18 38 61 92 50 36 95 12 54 50 5 43 81 61 95 62 63 93 68 83 31 13 75 44 49 69 18 86 77 72 5 26 73 58 92 85 57 50 73 42 16 80 18 80 64 71 62 93 96 4 25 59 78 91 87 72 10 4 73 2 81 19 15 21 50 24 5 54 44 26 10 23 76 96 74 4 65 62 63 18 52 29 99 44 90 68 65 45 38 93 44 58 97 41 94 60 30 79 83 1 66 47 58 71 90 80 67 65 15 83 94 46 86 83 56 60 75 48 92 81 65 42 78 25 36 89 16 32 19 39
645
73 23 90 57 35 3 14 89 85 10 14 19 2 41 27 63 61 8 97 32 93 4 21 53 100 53 66 44 36 96 26 58 24 1 11 83 13 51 81 82 27 12 72 44 66 95 29 4 42 68 1 51 42 39 20 74 52 27 21 90 26 87 73 47 91 67 17 36 26 95 98 88 88 24 71 52 45 94 79 24 87 17 60 9 30 64 51 24 34 27 82 11 88 35 93 4 4 73 5 2 18 24 68 72 19 84 27 2 91 14 2 93 18 35 29 68 73 42 50 83 16 9 13 35 52 23 29 42 4 79 62 74 16 16 65 80 51 11 73 40 62 87 69 18 34 19 98 39 94 99 35 91 22 69 89 90 15 4 66 74 74 44 60 81 8 66 65 36 68 12 88 14 20 47 85 42 53 40 27 38 98 8 47 95 96 70 60 10 50 56 58 47 46 47 85 33 66 84 16 58 65 31 27 30 8 81 82 66 71 8 78 24 33 7 95 74 9 53 30 79 94 28 64 35 54 54 80 89 68 95 65 63 60 68 81 92 67 1 23 85 4 18 74 63 67 87 79 50 60 56 69 21 95 67 12 63 96 64 95 14 5 85 58 18 23 15 94 52 69 12 13 59 91 68 38 63 27 1 55 31 7 38 89 8 71 84 91 68 76 87 33 54 61 2 93 62 48 81 37 40 64 78 73 33 27 43 30 99 62 7 98 24 87 99 53 25 61 73 84 61 1 76 4 83 14 2 28 71 90 8 2 24 53 43 49 89 52 30 85 23 14 82 83 32 77 2 95 61 35 75 4 37 9 100 93 7 70 86 83 14 10 75 31 57 36 70 83 95 65 61 80 44 87 98 13 79 99 17 62 70 31 28 59 18 94 3 91 78 96 28 14 97 40 97 18 77 38 94 12 93 87 96 42 96 44 90 1 60 11 60 10 30 3 90 25 11 39 19 26 52 73 75 16 62 74 31 9 29 18 67 61 89 9 50 10 74 34 62 93 18 23 36 5 83 75 39 59 41 11 36 53 5 15 69 76 49 66 24 83 10 70 93 87 83 41 78 54 57 29 70 100 26 70 68 26 10 33 30 64 39 35 19 60 48 50 61 53 6 44 42 65 15 2 34 57 13 65 53 28 51 60 17 38 57 57 90 12 50 55 100 37 29 47 96 39 100 33 96 91 90 71 25 4 73 71 34 81 18 17 12 1 73 40 28 86 3 45 87 98 4 94 1 84 43 97 62 84 82 51 63 4 56 32 73 64 7 6 69 80 75 52 48 43 29 89 100 98 84 14 1 56 68 79 50 90 62 51 53 80 87 62 53 63 35 29 56 32 69 41 29 65 99 14 83 11 25 52 43 41 32 97 77 43 48 86 11 40 1 70 55 17 66 36 88 50 62 68 40 72 18 53 64 2 56 85 23 41 86 73 17 46 37 82 80 83 77 96 74 71 54 2 32 33 71 1
41
75 66 19 42 5 77 22 100 69 81 19 75 2 97 68 10 24 66 21 73 86 89 38 75 91 47 87 100 48 85 52 87 17 47 19 36 48 51 68 93 51
174
79 42 57 100 38 61 45 71 27 58 17 32 3 76 12 1 9 41 72 26 30 63 34 74 55 83 38 40 63 63 75 62 6 24 85 74 85 10 89 16 4 88 94 56 52 92 49 24 43 36 67 78 34 12 23 3 23 93 60 91 7 84 63 29 55 79 63 82 89 74 4 19 88 96 30 81 57 24 69 95 75 58 75 61 56 38 29 82 80 62 54 9 1 50 15 61 2 36 11 80 12 9 72 19 22 45 31 45 42 60 5 73 30 54 12 31 91 67 67 93 44 30 30 72 41 45 2 50 21 53 53 84 79 36 10 79 94 93 44 66 30 33 51 30 71 34 97 17 72 96 29 24 93 74 51 22 56 17 58 39 38 74 67 92 20 35 19 61 39 89 66 72 56 49
471
84 47 37 13 85 64 3 95 78 14 21 22 98 61 24 13 70 72 74 95 17 53 5 76 68 25 31 42 39 68 47 84 21 56 53 66 74 16 80 88 53 5 99 44 38 78 30 43 95 39 60 4 9 53 82 62 43 39 46 90 47 62 79 95 51 63 77 78 55 90 76 69 33 99 47 97 45 64 83 68 39 40 39 33 98 66 55 5 93 43 42 31 15 44 90 64 50 98 96 50 71 49 48 71 97 37 7 79 23 82 29 24 97 33 67 6 37 47 89 77 73 88 49 2 12 60 37 92 67 41 20 90 25 54 24 86 12 63 40 2 10 29 44 22 2 80 52 63 94 54 12 41 62 64 7 33 44 85 66 64 19 96 8 40 55 83 7 54 71 2 99 98 16 68 72 15 25 96 41 57 62 24 32 33 9 92 69 74 83 69 53 84 81 88 31 60 66 42 49 7 14 27 13 90 13 46 75 58 26 3 53 97 72 47 19 34 72 67 26 74 90 25 75 74 51 18 8 6 47 16 96 21 31 66 10 62 48 49 57 72 5 3 15 88 91 35 94 24 71 1 16 77 53 40 89 71 80 34 48 43 98 2 34 2 23 46 42 70 12 36 83 29 28 42 98 98 90 53 3 12 20 87 9 69 64 92 3 62 73 37 26 69 42 15 72 39 14 93 7 23 86 12 65 76 84 89 28 43 59 34 1 87 97 99 96 54 31 8 41 12 53 48 79 99 58 41 51 76 27 66 100 94 21 34 70 87 53 63 88 10 92 16 27 78 100 90 8 86 15 30 19 31 10 14 10 9 66 31 6 38 40 74 97 47 98 39 43 99 73 83 38 69 65 84 95 11 17 23 52 6 77 83 62 48 21 51 65 53 13 25 46 4 14 46 7 20 95 1 1 93 28 8 97 16 19 45 90 64 40 52 77 65 16 37 46 42 86 81 85 40 73 87 93 52 58 66 89 95 50 92 58 93 43 90 60 80 85 70 4 46 63 33 55 6 69 1 44 75 34 40 84 84 42 10 39 12 3 6 46 76 66 48 94 22 80 57 23 73 28 47 79
502
23 4 85 91 93 26 8 1 100 24 13 41 32 24 12 48 87 100 96 40 53 41 30 69 40 85 23 96 55 25 8 87 8 60 66 49 74 22 33 37 60 83 91 33 38 59 65 43 95 89 70 83 81 1 33 79 65 55 89 86 41 84 50 73 60 53 95 33 5 17 2 28 24 64 73 77 31 66 69 92 31 7 57 45 25 57 57 70 45 99 45 12 60 51 50 50 54 89 98 95 36 58 57 100 98 3 28 100 32 89 80 10 26 11 19 70 69 46 75 36 88 75 76 80 46 52 14 19 45 37 26 38 8 31 36 94 21 34 78 96 93 39 74 14 59 27 97 72 54 12 47 81 92 72 70 26 85 92 94 51 83 95 3 82 18 99 81 13 28 70 21 96 61 30 40 29 7 98 22 78 66 95 11 40 99 33 41 5 19 83 46 48 62 57 73 51 39 48 100 27 54 86 1 17 19 39 21 83 7 61 51 19 88 11 2 5 23 60 67 16 81 95 83 84 44 45 88 20 70 81 40 15 83 97 72 9 90 97 17 83 23 96 37 70 1 62 88 37 81 27 57 25 43 80 14 28 49 29 51 50 54 16 26 17 11 31 36 37 55 54 50 81 45 5 31 82 48 15 92 49 39 46 62 77 68 77 84 47 48 13 32 59 69 60 96 5 39 20 72 16 33 49 63 6 50 53 22 47 75 34 52 31 45 64 83 76 40 12 22 71 94 31 60 30 54 64 67 73 33 90 56 57 78 18 26 23 60 2 88 43 89 45 11 70 40 42 46 61 80 51 71 100 57 89 18 89 50 13 6 3 45 56 48 10 9 69 78 28 92 7 64 77 70 17 14 83 76 36 53 2 56 66 53 12 88 49 5 100 22 23 60 41 52 62 44 22 93 89 51 17 1 11 96 21 2 28 98 90 8 26 3 6 7 99 37 53 20 69 45 73 96 91 76 59 72 21 2 61 14 78 1 57 67 45 26 11 82 98 47 69 86 62 40 74 81 17 81 69 7 58 98 23 61 41 65 80 48 96 94 80 25 95 11 54 13 36 78 23 33 74 4 42 1 77 24 6 38 48 75 56 21 84 94 89 54 80 28 3 43 96 40 52 57 30 11 77 98 34 95 92 99 18
883
20 81 82 14 20 4 23 82 81 40 15 61 52 50 77 24 72 61 81 74 95 42 74 94 21 69 25 88 10 2 15 99 45 89 91 93 90 43 69 65 56 57 49 11 39 11 63 6 14 19 76 86 25 30 63 48 94 92 53 73 10 33 64 83 49 90 59 29 96 45 79 10 38 81 29 83 29 84 30 4 99 38 73 69 89 49 63 98 29 53 31 81 83 42 45 40 31 44 6 56 37 19 44 14 64 48 85 17 93 98 54 3 68 25 99 82 29 27 12 1 70 14 80 31 40 11 22 27 43 8 57 46 40 99 8 54 60 54 26 28 8 34 68 56 55 73 7 9 94 24 51 78 32 41 60 88 30 29 87 67 28 76 28 65 90 32 65 30 62 3 65 38 64 21 90 98 17 49 83 6 19 11 81 34 10 67 36 1 18 25 81 81 4 34 6 76 3 96 69 92 44 68 88 15 44 43 55 64 69 61 52 52 68 94 97 67 90 25 32 65 40 23 27 1 5 6 30 61 49 53 93 55 86 28 96 11 24 49 11 48 73 17 68 78 7 83 22 45 68 76 16 58 16 69 13 98 96 83 25 3 75 47 78 99 19 19 82 52 64 10 65 71 63 64 3 34 1 75 78 51 69 54 5 74 81 82 75 36 84 6 34 21 90 100 65 33 38 71 90 14 62 48 58 77 87 20 81 96 20 91 39 27 54 52 85 20 58 66 74 3 87 88 8 48 47 85 21 53 31 58 70 49 24 16 4 91 13 65 98 27 38 13 79 17 53 26 11 92 84 62 64 85 87 36 96 23 85 83 71 95 51 71 80 17 98 31 61 3 95 95 39 4 60 93 12 33 67 97 73 41 14 58 90 16 20 84 80 50 81 49 62 24 16 33 83 3 51 65 23 37 42 95 33 70 98 73 34 60 14 94 38 98 90 68 95 28 64 23 67 35 43 22 14 45 66 3 61 48 18 75 59 26 40 56 57 24 44 90 97 22 36 39 5 28 67 69 2 60 100 25 91 9 13 93 29 49 8 1 23 1 75 90 59 84 89 85 57 77 61 21 8 10 97 86 1 88 57 84 3 9 20 74 90 90 15 91 100 59 38 11 73 82 18 76 24 19 69 80 82 11 74 29 1 9 68 22 67 100 29 66 53 51 18 65 2 53 84 78 10 42 74 3 45 36 24 61 54 34 60 96 6 67 74 36 68 43 26 48 48 12 32 8 86 22 7 18 7 22 90 51 63 6 28 4 37 46 9 82 58 90 69 42 30 58 34 75 78 41 43 63 86 42 19 19 29 26 38 38 3 16 51 46 100 63 72 95 63 58 45 8 42 90 44 70 82 91 6 42 2 29 26 18 89 16 18 65 31 44 62 28 86 33 41 60 13 23 32 54 4 20 34 23 24 18 87 62 86 35 37 91 96 78 34 59 77 13 97 36 78 20 13 48 28 9 47 70 73 75 36 55 26 22 64 92 6 79 55 90 43 6 71 65 5 26 45 57 3 91 85 29 45 52 41 41 60 3 11 9 79 12 26 19 36 19 61 52 42 50 36 79 4 41 31 16 61 55 38 88 61 79 90 7 65 93 46 17 12 40 15 33 86 97 97 38 80 90 52 28 88 10 53 87 35 19 65 87 30 52 40 79 90 24 85 78 65 59 95 45 15 20 76 23 50 43 99 46 24 80 7 38 94 64 17 41 22 89 49 11 60 18 24 66 77 37 77 90 31 47 15 59 85 50 5 9 83 84 64 27 30 51 72 41 51 12 67 71 64 97 59 68 99 77 55 64 9 46 65 26 65 10 95 98 29 71 85 23 23 33 9 67 9 15 99 91 49 55 56 83 61 37 50 26 6 10 2 52 66 15 67 11 69 94 4 33 91 67 19 9 21 78 22 75 64 52 51 100 43 99 87 59 83 66 83 21 31 81 57 15 90 67 95 75 76 5 5 58 46 79 46 59 98 95 89 96 2 76 38 10 7 99 41 28 65
256
11 28 34 98 86 2 15 32 69 69 24 98 85 52 68 80 16 71 48 93 34 62 56 86 25 33 63 78 30 57 20 6 53 88 98 72 11 6 49 85 31 6 62 36 23 60 65 35 21 58 93 94 14 44 44 36 19 34 42 3 7 8 48 7 35 80 44 28 96 54 30 95 52 32 59 66 19 29 46 88 64 13 37 36 76 2 46 45 22 26 92 73 27 4 89 21 17 87 30 23 31 92 59 21 12 97 78 86 55 52 84 24 32 24 69 73 33 3 42 98 23 82 11 54 57 14 77 96 5 20 36 81 66 14 52 86 43 18 74 3 41 50 29 29 13 51 73 43 41 42 10 45 75 20 48 15 15 64 66 68 97 20 56 83 32 83 79 32 74 4 25 69 32 61 35 93 55 96 46 1 64 32 44 84 73 17 76 95 13 91 35 99 95 27 80 52 29 79 85 75 26 94 5 71 10 86 78 63 3 87 94 36 32 2 98 98 74 18 92 36 75 88 52 14 18 54 80 49 36 6 96 63 26 9 42 6 27 73 17 17 5 96 8 47 13 69 49 97 26 38 89 79 20 21 56 83
146
29 27 15 95 25 76 6 4 73 26 64 59 42 7 55 93 9 4 76 13 61 46 23 57 90 61 36 75 55 20 9 36 50 87 3 14 67 58 69 35 75 92 27 5 10 18 91 85 30 80 30 94 52 42 53 38 33 28 15 66 70 95 83 61 95 42 86 95 78 22 49 53 78 83 72 14 68 30 38 27 29 55 99 5 63 65 54 62 6 23 99 85 61 73 1 52 92 99 10 87 96 51 51 12 3 42 69 40 81 46 91 64 86 74 95 89 15 31 4 40 94 14 49 36 84 11 14 66 83 50 89 100 44 98 9 60 88 83 55 22 82 12 79 69 17 98
141
50 98 97 74 11 90 91 1 22 17 15 58 35 63 31 63 4 15 3 30 55 7 68 49 27 50 30 12 74 83 24 48 63 97 95 35 14 66 83 32 10 21 72 28 75 35 60 40 14 66 76 50 68 20 41 75 40 45 75 2 39 20 81 20 22 74 98 29 90 2 76 63 58 14 10 18 75 1 73 7 48 62 48 39 16 62 70 53 4 5 17 60 15 42 6 94 29 18 47 81 87 43 8 69 61 63 32 68 93 76 73 6 8 10 36 41 98 58 79 46 67 89 97 71 71 72 37 61 12 56 53 81 1 32 93 43 28 37 35 97 90
347
97 47 60 28 15 96 75 65 22 10 93 50 66 93 16 96 74 53 25 27 66 82 80 32 63 60 39 74 83 25 64 1 18 91 97 15 30 98 39 15 90 31 66 11 68 13 62 7 50 91 48 25 66 61 45 52 53 53 46 19 96 58 20 69 5 89 77 19 35 15 66 16 91 3 19 1 96 49 6 76 71 46 65 94 61 2 45 84 82 79 44 21 4 64 84 5 41 34 9 89 59 90 75 18 51 25 73 86 94 28 54 8 45 52 53 52 23 82 35 17 85 75 62 11 26 68 61 39 60 20 78 83 43 80 16 83 65 2 82 28 81 44 62 15 100 32 87 98 96 49 45 46 13 39 89 97 72 96 36 50 54 66 35 64 87 7 20 96 48 69 55 81 89 69 56 63 33 11 66 7 71 34 56 9 31 51 89 46 55 88 14 52 8 3 45 25 51 5 94 30 51 10 85 74 76 92 13 75 45 28 19 77 67 87 78 78 36 30 32 75 99 99 88 55 7 83 16 33 60 76 87 3 25 36 10 11 16 70 83 35 34 74 78 16 73 17 20 69 84 32 51 18 2 47 83 96 41 52 69 25 91 77 36 49 99 62 86 42 74 18 63 85 18 56 9 11 20 79 68 50 69 8 84 94 100 55 90 21 44 12 8 3 44 18 11 99 71 67 61 78 70 84 86 19 2 59 46 83 99 62 81 30 92 73 81 77 68 8 5 66 7 79 6 92 11 37 72 85 42 58 27 90 27 71 81 89 63 80 47 33 18 41 39 14 27 44 98
755
15 39 97 74 53 85 9 24 85 37 69 84 73 17 29 12 70 25 61 81 2 23 62 77 84 41 15 7 29 100 61 3 93 50 53 54 53 56 61 26 37 79 88 44 82 52 5 89 90 8 24 7 55 87 1 12 6 93 67 68 28 22 56 98 53 24 86 50 100 50 87 22 97 71 46 23 86 87 64 98 82 18 35 82 6 93 86 14 59 14 11 99 33 92 14 83 4 64 94 71 2 34 100 94 44 91 85 50 19 59 49 14 42 25 4 16 59 58 31 30 88 27 73 39 50 20 34 35 67 32 51 9 55 25 77 15 79 84 38 56 72 31 33 2 86 73 49 11 56 89 3 84 54 8 33 5 79 99 45 55 12 86 13 81 75 23 5 29 88 63 88 85 90 3 69 28 90 41 35 43 82 42 57 55 85 9 13 49 57 61 36 98 30 88 90 78 2 5 22 52 14 53 90 92 19 22 50 14 82 87 79 94 89 93 14 33 1 45 88 68 53 36 48 59 7 84 83 94 2 6 70 32 89 95 28 35 17 5 27 100 37 53 51 4 19 4 22 8 78 5 67 76 54 94 97 54 37 30 87 88 12 99 10 43 59 41 15 87 33 45 63 36 65 28 70 2 72 69 91 79 37 9 69 59 46 77 87 6 97 6 21 53 10 81 73 92 19 38 56 5 71 7 69 27 21 49 71 51 100 87 32 14 89 80 45 73 18 9 45 93 21 98 72 6 80 20 66 53 60 67 7 15 17 53 96 44 44 51 45 68 21 15 1 60 52 89 44 45 68 65 83 81 67 76 47 72 40 32 81 21 72 91 20 84 39 27 76 51 15 28 67 48 71 44 16 13 36 92 66 16 20 9 64 6 45 65 7 48 49 16 34 90 38 57 6 85 73 37 65 55 10 93 85 79 54 43 53 48 35 50 25 95 67 82 48 44 54 84 49 33 77 13 19 1 24 28 39 78 92 87 21 50 36 62 8 92 40 31 76 37 19 93 32 69 71 59 43 83 81 92 29 22 25 22 92 64 46 71 19 87 95 42 90 18 28 20 12 30 21 22 48 56 79 46 98 82 7 9 62 1 34 77 4 10 99 91 49 89 48 76 94 41 33 87 19 18 86 50 82 54 98 80 48 91 73 95 82 30 9 1 41 73 63 1 11 51 14 31 78 6 85 75 100 48 58 98 34 5 85 7 38 73 28 99 51 32 68 78 14 76 36 84 23 5 1 29 73 99 81 45 6 95 58 21 89 23 76 23 87 14 23 94 59 76 79 1 46 36 85 83 65 87 22 25 26 19 41 55 92 96 88 34 10 48 12 80 53 84 25 99 21 58 35 10 89 90 80 69 83 67 4 79 86 15 14 90 79 97 86 19 6 49 90 100 38 16 31 10 45 47 29 20 61 37 2 47 87 78 74 62 97 10 72 2 86 43 56 44 57 30 18 55 33 2 42 65 62 30 12 74 12 94 1 13 5 93 50 93 28 22 5 20 91 52 40 70 28 58 10 61 83 97 44 72 18 15 15 36 82 82 33 53 93 19 4 51 83 23 81 42 9 73 38 39 76 29 63 24 70 96 41 46 1 72 53 13 30 26 11 97 6 28 40 19 19 14 76 88 48 14 73 56 92 41 88 59 50 58 33 13 97 68 5 5 99 67 62 70 27 80 41 24 84 74 80 4 3 33 38 35 74 28 81 83 23
820
63 84 97 14 6 83 94 94 60 17 26 44 28 98 97 57 96 18 11 29 32 32 41 72 56 71 41 85 30 95 81 67 23 80 26 42 32 4 98 67 55 44 97 5 88 40 63 29 81 92 57 9 12 66 86 33 80 51 60 6 37 99 19 2 21 44 62 8 49 14 63 19 19 32 43 63 12 30 59 25 50 58 34 78 12 37 47 15 35 48 31 6 89 67 87 48 96 71 93 2 80 71 98 33 38 89 78 29 33 16 24 32 7 55 86 17 68 38 31 54 61 4 66 4 48 25 8 61 41 2 48 17 15 17 4 87 17 69 85 34 52 82 22 70 99 63 17 63 73 66 49 91 98 6 44 86 56 10 14 87 15 63 14 27 8 17 83 39 65 30 83 4 85 45 27 26 86 26 51 59 41 65 65 98 77 82 18 79 36 43 84 8 79 90 22 59 70 22 19 48 36 18 27 44 37 48 41 60 49 59 39 25 83 74 67 51 15 4 59 38 33 1 48 38 21 69 57 53 9 27 75 43 58 67 55 4 95 12 82 66 37 48 2 81 69 39 78 98 94 19 32 55 91 87 24 98 59 50 41 35 15 75 17 42 92 11 90 27 85 97 20 35 66 37 7 71 96 6 6 64 49 99 74 16 86 6 36 100 69 81 17 61 24 37 97 17 90 50 37 10 86 98 63 56 12 85 16 84 93 61 48 34 27 64 4 88 37 6 80 70 5 65 95 99 75 81 98 67 49 46 36 17 66 27 10 99 35 22 56 34 57 4 97 65 71 59 92 32 42 98 85 55 20 10 11 39 33 75 78 56 55 35 52 56 7 82 71 15 15 30 34 91 3 77 79 87 86 49 55 23 74 86 69 81 20 74 48 74 39 44 82 58 9 21 30 88 89 7 78 30 21 32 90 46 80 62 12 64 33 53 44 86 10 60 14 68 62 7 73 42 77 17 49 45 68 23 97 87 21 92 52 40 18 39 46 60 6 46 66 17 84 8 6 61 30 10 21 20 69 14 60 54 80 84 24 100 21 4 29 17 45 13 33 74 85 8 65 96 49 41 45 91 93 13 78 41 38 68 43 4 1 95 82 63 58 13 42 67 77 85 32 81 37 52 5 31 22 51 50 36 84 24 75 93 9 66 41 1 91 50 84 71 34 77 78 47 10 18 70 30 61 20 59 63 70 82 1 21 35 99 52 40 5 59 50 75 44 12 6 65 41 58 46 60 60 20 93 70 35 78 67 72 82 76 56 15 79 64 6 5 86 58 22 79 70 25 84 91 38 48 91 57 54 89 78 77 100 12 40 23 76 8 71 83 94 42 52 86 83 85 25 19 30 8 61 20 34 77 13 43 56 4 16 12 99 87 58 16 91 61 76 88 89 72 63 16 15 42 94 50 43 87 97 43 55 88 20 17 72 57 99 60 74 17 53 69 22 92 85 13 12 48 18 21 5 78 86 9 72 47 11 97 21 80 93 13 67 89 16 32 93 62 2 94 27 45 74 57 57 6 66 89 7 51 38 43 36 79 31 32 100 65 99 68 38 50 69 80 53 8 27 51 63 77 92 92 13 53 77 33 79 56 93 46 86 13 54 7 12 79 33 68 69 96 72 83 72 91 94 28 37 90 73 28 15 51 76 12 78 89 82 13 52 45 25 3 68 51 61 35 98 72 21 46 66 89 80 87 8 43 21 76 41 26 21 9 70 82 66 4 17 87 96 69 9 74 90 66 13 52 18 49 27 90 45 20 36 74 30 43 57 71 67 97 54 88 40 25 74 85 74 48 48 25 68 78 58 41 11 22 79 87 100 61 46 27 55 11 71 11 56 4 86 18 73 83 31 55 56 98
589
61 95 68 95 88 80 92 35 6 60 7 95 97 30 5 92 80 13 99 43 15 10 22 6 97 26 15 11 63 35 72 36 99 24 20 16 21 16 12 36 6 2 81 85 20 97 96 13 34 10 13 69 8 73 5 6 6 31 3 7 19 99 91 80 51 91 93 86 51 58 26 95 71 18 51 41 31 32 52 18 31 14 43 7 54 27 100 50 82 34 81 10 61 70 91 87 15 24 79 79 16 3 53 2 7 10 87 67 78 35 56 53 94 74 88 86 45 9 60 23 74 5 17 49 96 59 66 29 50 36 97 70 92 59 77 99 14 96 85 73 97 85 19 20 37 68 22 40 35 39 56 84 29 76 14 97 99 75 22 83 29 46 40 55 85 96 68 36 77 64 67 94 80 83 70 43 71 40 6 97 49 89 27 75 12 69 97 65 32 60 24 38 4 9 27 58 21 3 98 47 32 45 6 7 61 92 3 63 27 100 75 49 64 15 21 84 81 97 44 68 51 16 54 36 95 70 33 46 7 58 70 61 43 52 11 31 82 66 30 88 89 60 86 68 75 75 72 3 21 55 31 68 52 7 83 8 69 38 22 40 67 17 7 50 79 81 29 13 28 78 62 30 17 29 70 75 73 14 77 69 57 16 28 57 26 29 27 9 79 45 68 10 54 33 19 6 32 6 78 83 83 10 43 83 37 53 10 75 62 58 44 87 15 97 67 89 87 22 58 82 43 75 98 74 2 19 76 75 34 5 21 25 66 62 42 80 90 52 49 62 100 65 59 25 4 52 37 78 83 60 68 22 60 46 90 53 38 31 22 81 90 67 53 99 85 66 39 1 8 96 41 46 89 61 17 68 96 43 19 95 58 72 60 18 64 50 5 38 27 54 92 97 21 29 27 59 29 5 80 4 96 90 59 32 1 30 37 31 74 42 4 80 65 5 82 27 31 75 39 79 27 47 52 85 91 38 22 97 16 56 53 40 91 5 2 44 47 28 63 82 90 2 80 65 32 74 18 49 11 40 17 31 36 71 15 64 42 72 30 53 40 81 97 9 16 77 46 79 38 45 77 68 11 56 5 67 96 36 62 44 79 71 32 33 34 11 31 64 81 2 74 24 89 33 26 5 56 61 78 85 28 70 68 100 51 31 32 69 55 49 84 95 47 22 48 52 16 46 92 22 91 23 39 42 11 50 57 47 65 53 96 18 66 68 70 82 14 88 99 63 30 72 55 93 31 65 48 82 41 38 97 51 16 8 22 85 13 22 67 34 15 50 13 76 96 53 36 92 49 6 93 32 63 24 99 87 65 55 38 73 29 39 61 89 83 71 49 32 4
352
99 40 58 15 97 46 75 68 37 40 69 68 20 54 48 72 64 38 87 21 21 47 26 87 89 39 74 62 59 50 91 49 54 40 40 61 63 57 50 39 29 52 37 67 42 45 50 65 29 34 50 45 52 76 16 64 16 80 45 81 71 43 84 49 5 52 98 23 5 29 6 38 44 55 19 48 21 73 91 30 97 12 17 97 29 83 47 71 50 51 27 98 74 87 9 61 98 79 48 92 70 6 64 26 56 73 85 64 34 32 11 62 18 49 86 20 8 48 33 75 25 84 16 51 35 15 69 35 43 6 41 55 91 19 90 53 79 59 76 23 17 71 35 71 8 61 88 11 58 32 78 32 3 80 73 88 37 77 64 12 91 81 75 95 94 47 33 8 36 24 95 86 33 28 31 42 91 39 76 11 17 4 95 83 34 65 100 63 14 64 8 16 42 9 50 96 73 15 8 30 78 49 33 77 54 55 97 87 21 60 94 53 6 40 93 38 58 74 92 96 87 64 46 52 84 91 90 84 91 13 30 38 33 10 13 82 21 62 29 12 96 78 89 1 16 11 77 35 70 50 17 64 46 17 4 42 19 44 31 62 79 14 21 67 38 65 20 85 67 94 62 59 68 38 87 51 65 22 81 76 96 43 53 24 23 63 57 41 88 84 99 70 91 43 33 8 49 2 53 40 76 66 98 11 36 99 89 96 25 26 20 28 10 50 42 48 63 63 4 85 39 82 18 87 95 48 73 99 81 36 88 91 30 36 79 33 4 55 76 79 66 57 94 95 76 61 58 55 100 73 55 32
25
93 99 47 33 66 62 55 20 32 47 6 48 100 23 77 17 66 94 2 29 77 22 60 75 96
989
91 17 41 64 23 95 62 85 16 71 30 4 36 50 42 11 15 34 21 94 81 95 90 37 24 52 17 14 6 84 25 15 33 41 66 99 29 59 99 19 68 64 43 68 40 13 14 34 95 62 92 91 56 23 21 72 28 100 27 8 43 46 14 12 67 28 100 61 98 89 82 60 18 79 66 25 38 58 51 88 99 58 50 48 34 99 62 38 48 8 56 89 31 77 60 84 67 41 45 96 57 7 30 57 72 85 25 77 4 52 58 96 40 26 69 47 93 70 100 96 26 31 48 19 35 63 65 92 62 75 49 6 51 40 39 81 50 12 67 42 16 63 45 10 81 66 28 88 52 37 3 38 53 66 62 92 3 72 17 57 97 36 100 62 30 62 83 7 24 3 35 93 43 9 46 77 35 37 64 52 14 24 97 56 95 11 51 13 37 12 35 59 72 60 19 10 59 45 84 36 27 83 13 24 63 5 66 64 16 95 26 26 12 17 80 84 92 68 63 87 83 21 96 100 57 5 40 30 27 6 89 89 43 26 86 62 65 38 26 61 58 12 94 34 33 78 85 75 47 3 37 63 20 70 66 4 48 74 80 82 95 69 10 58 26 36 44 14 17 21 76 65 63 16 62 64 6 43 35 86 15 81 61 50 98 65 39 91 49 87 68 97 99 50 66 72 48 66 79 79 74 55 22 4 96 85 27 25 2 7 50 10 96 66 60 20 20 80 80 8 48 19 97 57 53 34 32 47 69 40 75 66 39 3 9 42 40 21 25 76 67 8 39 27 53 70 89 11 80 78 69 10 35 95 63 43 34 44 25 69 28 39 98 19 97 87 70 95 45 80 62 94 10 61 50 94 96 23 93 71 72 7 98 54 88 78 98 22 72 83 51 19 85 27 26 74 59 44 66 23 49 60 5 19 42 52 54 27 23 11 47 95 10 34 32 82 48 50 15 62 44 47 82 77 24 24 100 21 46 6 34 65 47 13 88 53 6 57 42 60 24 94 20 81 40 94 26 97 52 19 78 29 16 15 62 26 19 26 78 54 28 46 55 28 24 37 27 41 3 69 68 45 7 18 49 16 95 3 12 86 24 57 90 7 93 95 6 6 12 87 54 58 95 87 66 13 42 47 88 2 18 39 59 35 38 30 5 81 12 2 87 100 66 28 17 82 34 26 31 79 74 90 99 45 20 35 53 1 34 44 75 91 68 30 78 83 95 85 80 81 45 1 69 58 8 61 85 83 56 26 98 82 50 81 24 66 35 33 96 9 35 100 69 27 21 69 91 16 75 38 2 96 35 7 38 19 62 40 56 53 24 15 55 59 59 31 34 98 46 75 29 57 60 25 64 65 98 34 76 7 90 69 24 93 55 98 35 9 55 74 95 91 31 3 21 5 85 73 13 21 4 25 100 23 85 5 56 99 24 85 31 11 59 82 9 7 75 97 58 31 3 75 6 42 16 76 13 99 19 63 37 74 88 74 72 1 3 100 96 85 4 18 95 51 50 60 91 51 64 74 42 20 75 77 28 2 19 41 77 50 41 15 100 67 75 13 23 39 52 18 97 40 71 16 82 13 20 11 97 90 94 86 61 75 21 97 3 24 91 90 80 4 88 23 72 81 88 28 89 82 87 81 60 63 12 31 82 87 51 3 51 83 21 1 27 4 86 22 3 56 64 83 61 28 19 45 74 85 50 77 36 64 38 78 26 92 40 1 98 34 9 2 28 14 9 24 38 99 12 29 49 81 49 20 54 40 15 94 90 46 85 26 87 37 87 59 44 12 53 58 16 58 39 11 7 15 65 59 32 66 14 87 3 83 39 99 13 9 5 59 43 12 50 37 15 97 10 62 87 27 92 70 43 38 16 35 26 1 42 90 60 38 65 28 11 52 80 12 51 49 97 32 39 39 37 48 65 97 6 18 40 94 65 43 53 46 66 23 15 52 18 12 80 98 35 1 81 36 44 89 9 19 74 61 67 40 6 80 70 84 73 52 74 83 94 19 63 3 47 25 69 89 13 18 87 95 23 89 86 90 92 6 56 40 58 55 21 35 83 39 12 65 76 62 27 34 88 88 70 24 18 67 31 81 55 92 35 94 23 35 56 93 89 1 6 92 75 88 91 40 93 84 27 37 65 37 47 6 24 53 79 16 15 52 80 15 72 66 2 32 44 54 24 95 67 39 86 83 56 40 15 74 71 48 1 7 65 30 10 48 97 99 27 64 74 48 96 20 30
264
20 7 80 29 99 14 11 64 77 60 58 12 57 83 12 88 98 46 29 32 26 31 58 10 98 68 35 90 4 31 95 54 60 7 20 68 64 89 45 13 65 54 18 69 70 26 60 99 91 19 56 11 17 43 7 80 9 69 15 27 94 81 14 55 69 33 21 68 74 44 46 93 72 82 75 14 81 39 14 52 83 21 42 19 37 83 29 52 59 100 78 65 70 75 6 37 18 30 30 4 98 91 63 51 90 79 18 32 15 23 51 97 49 49 12 57 60 25 79 15 30 8 33 23 77 16 77 37 19 90 71 56 88 67 94 20 37 6 74 7 58 2 90 30 75 83 48 14 26 98 19 74 47 92 36 85 48 25 38 66 64 28 85 1 92 38 73 26 21 37 58 46 97 45 13 29 82 85 88 94 43 48 67 29 80 83 10 60 19 66 42 95 67 17 59 8 65 11 52 69 28 41 57 76 25 50 70 63 14 38 18 14 89 32 68 1 27 36 11 18 10 93 6 36 5 61 63 36 29 36 40 83 15 69 76 27 48 66 26 48 12 67 47 86 73 27 85 57 83 27 63 86 59 13 51 49 25 27 16 68 62 59 89 72
370
24 44 94 74 94 82 77 82 68 17 91 39 27 92 83 66 32 88 1 30 23 56 36 81 78 20 87 50 27 6 75 86 15 63 60 33 86 45 55 69 50 5 6 67 2 59 64 24 81 34 79 88 100 95 49 51 38 98 45 93 42 75 35 13 53 77 7 21 91 76 55 96 27 76 55 32 33 28 47 59 30 83 76 79 59 31 85 70 27 82 38 16 12 11 53 76 95 43 57 2 11 50 53 30 54 45 51 20 51 18 46 66 39 21 17 33 38 72 18 26 35 30 11 47 44 100 38 64 77 24 33 63 15 100 30 11 8 95 16 19 12 17 54 82 6 90 55 33 34 85 56 3 10 77 90 54 6 90 91 71 24 14 26 38 50 41 3 82 65 89 6 17 9 60 8 39 43 85 37 88 32 29 81 44 24 40 38 53 76 1 96 25 32 56 51 49 3 52 81 59 92 80 23 29 67 23 80 47 7 71 4 57 12 40 16 35 68 85 33 44 75 8 21 17 69 81 54 68 6 95 10 24 73 3 90 93 11 22 23 28 64 42 18 54 28 37 91 77 4 76 2 71 91 55 41 94 7 40 61 28 81 86 40 81 63 74 4 34 4 24 53 20 63 10 46 45 12 1 100 55 33 74 48 5 59 29 98 31 98 73 63 84 80 8 30 36 77 43 31 1 87 76 87 51 38 75 46 28 100 25 14 71 100 13 47 15 77 28 13 36 30 78 67 68 2 61 31 48 38 79 30 99 50 72 53 40 58 55 17 72 9 66 1 47 29 96 39 94 27 41 98 98 27 17 66 56 3 91 66 56 59 29 63 43 52 69 72 82 98 34
444
86 80 11 7 81 24 3 99 17 81 56 30 54 7 42 62 63 76 7 80 70 39 1 81 63 46 2 45 51 41 12 93 54 13 14 44 62 78 36 22 44 74 56 100 64 28 5 48 78 51 31 95 60 97 34 45 40 64 72 17 92 51 39 69 31 54 4 17 60 99 77 67 71 9 52 19 15 63 15 6 66 84 91 59 88 19 19 30 28 87 65 48 20 29 20 40 30 75 46 8 38 49 75 69 53 48 70 2 36 29 17 31 18 14 80 75 23 68 15 55 90 92 6 32 53 55 35 2 10 23 41 98 38 92 14 31 36 99 91 56 11 24 9 77 53 72 45 62 72 15 37 8 19 90 46 14 100 2 62 47 53 51 17 51 47 59 35 20 61 70 21 73 51 72 18 14 26 30 96 57 87 3 4 7 31 93 85 2 28 46 13 32 39 78 43 42 74 60 4 17 81 52 1 98 95 71 5 9 62 67 3 37 27 45 54 45 71 34 44 95 92 17 31 70 86 36 97 69 38 39 2 95 3 42 98 4 84 65 22 68 70 24 70 43 22 90 28 55 1 47 59 57 51 40 3 92 86 87 62 74 13 53 89 38 58 81 53 3 50 47 69 65 48 66 55 94 70 64 70 29 77 92 27 90 40 17 91 16 40 27 12 100 86 9 98 73 10 34 83 21 8 37 5 100 3 85 72 86 84 5 55 44 3 22 35 26 50 70 57 6 74 48 61 75 4 55 4 19 48 74 55 63 2 53 68 88 7 22 79 51 6 56 37 43 8 26 78 39 16 68 78 15 80 22 81 7 23 96 17 46 38 87 9 62 64 28 14 46 57 31 52 77 83 38 29 93 80 48 54 72 26 95 71 89 32 22 12 60 88 43 58 45 72 96 14 9 90 23 69 8 10 70 5 70 79 69 48 33 11 60 47 3 68 78 56 91 10 70 81 53 86 26 36 6 82 25 87 79 42 19 40 20 25 65 55 2 38 24 85 70 15 76 90 96
590
54 16 46 26 27 62 22 61 90 66 16 75 7 80 61 46 52 91 64 27 79 78 91 9 37 74 45 82 25 39 83 35 78 63 94 26 36 51 40 74 36 96 58 23 5 41 59 55 32 32 43 11 52 29 47 85 84 3 55 24 30 52 41 56 23 7 46 12 53 73 16 46 11 89 86 67 48 79 27 2 23 8 62 33 41 49 53 1 52 74 57 32 3 3 86 45 42 37 28 30 6 13 28 62 54 97 100 51 29 40 45 53 66 2 31 93 42 94 7 42 37 12 64 63 3 70 29 79 95 5 65 18 13 76 73 32 53 35 57 44 28 81 48 30 18 90 34 14 40 75 94 59 4 11 15 94 8 17 84 38 100 72 56 27 84 93 34 51 53 14 97 60 22 27 75 3 79 19 60 69 51 20 100 93 17 69 62 45 6 80 62 44 50 7 98 50 36 16 34 59 87 37 2 54 77 21 8 48 71 87 12 16 53 57 40 70 84 20 58 81 75 99 80 13 98 47 13 36 20 57 6 98 79 28 100 61 41 43 7 32 88 50 35 70 89 90 5 30 17 7 50 63 13 71 55 22 47 79 67 91 30 46 56 35 54 50 83 68 79 95 21 25 68 5 68 14 57 70 60 39 87 63 92 35 21 41 58 23 76 59 57 40 34 66 84 43 64 67 74 13 4 10 91 35 90 32 11 9 88 39 64 13 96 47 68 67 59 52 34 29 21 64 94 99 51 63 38 94 84 68 14 19 60 73 16 85 56 51 26 59 41 63 57 30 13 63 10 93 36 63 44 49 48 55 65 98 73 70 57 23 63 48 95 68 41 88 23 6 78 87 44 11 18 37 34 2 97 14 50 45 47 81 48 45 7 62 65 13 13 77 5 89 22 35 87 20 90 27 83 10 59 92 49 89 73 74 76 56 70 51 9 36 39 78 66 39 19 19 56 34 45 16 73 21 82 44 74 65 4 71 58 42 92 97 48 92 8 48 26 95 26 37 83 89 95 89 92 48 34 100 91 77 17 77 91 44 55 30 19 28 36 80 95 1 97 2 75 74 40 43 24 67 13 74 9 77 85 46 53 77 69 22 46 18 19 88 31 89 85 70 56 29 85 3 11 33 97 13 17 15 73 97 32 88 47 23 42 19 60 26 89 44 96 50 31 42 43 3 98 57 65 33 5 29 20 80 49 47 59 83 6 76 79 41 25 15 2 58 74 68 78 39 48 29 60 33 41 58 39 16 28 74 29 57 57 88 35 34 45 50 70 73 99 25 28 97 29 12 21 83 96 80 84 81 65 92 20 62 16 8 12 2 82 48 77 12 6 39 70 28
607
36 52 87 87 67 42 61 7 36 88 34 69 73 9 45 33 70 5 85 1 40 78 68 7 28 40 68 50 71 100 49 92 24 75 27 32 79 63 7 98 31 57 45 94 44 93 1 85 68 51 2 30 34 41 52 19 44 5 35 40 25 46 88 16 28 70 76 84 11 58 69 99 75 62 61 88 75 69 78 63 89 91 54 59 34 99 17 4 46 33 95 34 95 15 6 32 40 34 54 67 65 44 8 16 96 86 21 11 100 17 25 15 76 39 14 1 58 25 14 35 1 35 15 32 53 4 49 98 48 65 39 1 43 99 45 53 84 97 15 63 85 70 36 53 49 100 73 18 9 43 12 33 78 71 63 19 45 40 4 33 53 38 82 80 50 67 75 85 40 10 65 16 18 61 57 82 68 18 38 18 43 96 53 24 75 26 22 44 30 76 24 79 62 1 79 62 99 92 25 85 64 33 95 22 18 94 50 95 8 80 54 29 32 17 41 6 56 100 36 74 71 93 9 85 79 14 87 45 10 4 14 9 7 18 81 59 14 11 8 93 74 36 9 5 12 26 57 54 51 33 28 76 90 68 47 42 43 57 61 61 45 40 66 78 34 51 10 41 74 68 64 80 87 65 98 91 53 92 55 7 29 100 40 60 53 93 54 95 16 98 37 23 30 86 10 99 99 91 71 26 37 21 99 40 78 57 21 45 6 43 5 59 32 14 47 61 96 50 25 61 57 50 97 65 81 35 37 89 96 78 48 36 51 95 69 49 77 50 72 86 79 10 35 41 62 68 89 65 10 16 82 5 80 14 69 53 27 94 68 6 4 80 35 21 5 13 88 44 83 7 75 77 69 25 38 79 40 97 48 92 4 62 11 96 43 57 86 90 56 28 78 59 43 25 67 17 44 78 23 100 30 83 60 54 31 3 29 81 22 93 6 5 78 7 96 96 35 66 14 100 50 38 58 66 37 76 92 76 47 3 51 99 68 78 21 20 11 94 97 46 37 7 47 68 25 6 56 60 63 68 69 88 3 38 65 15 21 59 94 29 96 96 83 65 50 85 79 80 100 79 6 45 30 62 21 53 77 13 95 11 16 13 68 14 40 83 72 85 35 74 59 76 3 89 95 86 48 39 19 57 10 81 87 21 99 21 39 18 79 79 6 50 75 7 42 11 73 18 10 94 24 15 98 71 89 80 80 41 40 29 2 85 5 14 70 93 63 1 57 1 57 85 96 57 30 9 81 53 83 49 54 40 20 2 29 35 10 60 12 24 68 74 49 4 25 7 56 65 61 6 8 5 14 37 41 82 67 9 1 67 57 54 45 67 31 89 41 65 61 94 27 84 30 21 32 56 87 72 40 56 58 90 39 7 27 3 18
315
7 52 98 77 19 3 10 43 38 13 64 80 83 41 69 86 91 69 35 47 91 33 95 41 55 17 48 54 60 58 88 98 85 11 20 54 38 76 20 100 44 49 100 46 99 70 81 38 65 85 15 23 27 20 42 73 60 57 36 92 52 6 94 34 99 54 82 43 29 36 23 80 20 53 82 14 85 85 43 61 48 45 80 27 45 84 78 89 44 81 31 14 55 82 99 66 64 99 64 81 31 97 10 33 18 69 63 1 4 21 67 44 49 65 30 21 16 80 84 3 29 17 93 80 10 67 85 47 46 37 27 1 47 17 40 16 88 23 70 3 61 69 28 64 42 36 87 25 74 12 72 97 93 63 76 6 85 53 69 73 31 45 83 51 3 31 44 3 98 82 80 18 82 69 97 17 51 11 73 84 69 48 31 4 83 60 3 76 26 23 80 18 68 53 64 79 15 92 60 8 28 68 72 4 8 99 72 57 88 64 68 59 76 96 56 40 48 75 27 96 4 21 42 83 58 74 9 86 7 7 2 44 39 84 35 5 93 89 80 57 85 8 99 20 100 63 46 94 69 33 79 79 54 14 38 35 6 52 100 39 78 42 44 6 47 38 75 55 61 27 27 64 71 44 16 25 41 98 8 72 60 82 54 85 71 29 29 78 29 47 64 84 40 83 1 88 68 17 82 52 7 7 46 67 6 28 80 98 79 26 14 44 21 57 25
144
64 44 93 21 78 98 63 27 1 85 61 16 75 29 59 97 89 72 36 96 26 23 70 81 8 43 13 65 6 31 60 45 98 98 32 35 70 15 95 32 19 91 34 20 97 59 81 50 69 80 85 84 39 36 99 1 20 28 17 92 2 55 98 26 93 30 11 67 15 9 52 7 19 2 8 20 71 20 39 43 57 82 47 9 66 72 33 22 27 79 14 9 8 64 47 11 44 34 45 47 69 14 56 6 22 32 62 4 64 10 50 70 84 47 10 22 9 96 15 14 35 18 39 51 32 92 7 76 38 30 9 86 2 60 25 17 67 57 87 66 9 81 48 81
769
5 66 85 92 78 91 48 39 21 84 84 33 51 14 96 87 84 80 93 62 86 68 20 95 86 94 26 61 92 54 57 71 28 79 97 22 80 39 74 5 48 46 66 30 83 53 38 30 67 63 37 49 30 1 98 71 23 31 23 28 29 46 70 90 100 84 94 92 21 3 72 48 66 36 40 46 47 26 46 8 10 72 14 16 55 96 65 14 88 14 70 46 26 99 98 90 41 86 6 77 21 58 80 74 3 70 85 7 48 11 32 63 73 20 47 63 56 95 72 96 27 35 5 52 73 45 89 64 84 12 29 86 32 34 1 2 93 32 39 58 36 58 21 64 11 28 26 69 40 82 77 54 93 78 76 7 58 44 72 30 96 86 33 81 89 35 54 25 60 74 14 53 77 72 18 88 23 12 89 73 82 83 50 89 15 17 30 93 18 83 74 69 37 93 97 44 58 79 48 25 93 65 30 95 43 15 90 10 55 18 90 75 49 10 22 69 19 19 72 95 66 83 87 68 91 11 43 90 18 76 62 31 67 88 26 90 11 19 57 45 58 55 63 85 73 89 90 53 69 95 70 63 55 45 12 77 64 6 8 100 37 69 83 28 50 69 88 76 14 50 95 43 95 38 24 34 43 15 50 82 40 93 59 38 73 27 5 17 27 91 100 50 71 69 84 17 48 4 17 67 96 56 64 96 40 4 58 74 43 92 100 62 70 100 85 10 20 13 27 99 4 2 97 70 67 71 93 72 27 93 54 11 9 24 94 23 82 27 26 70 60 31 51 11 32 10 18 91 45 55 51 60 82 95 44 20 37 87 45 88 67 65 93 57 90 59 40 1 47 51 79 82 73 72 71 55 61 4 15 77 46 42 26 53 44 50 100 60 57 28 13 50 92 56 1 81 64 10 37 53 46 92 31 81 3 74 68 23 42 66 28 66 96 72 53 40 48 71 52 13 51 99 32 13 56 75 18 100 15 91 59 21 24 62 25 70 15 20 47 91 60 21 12 66 31 37 72 44 18 27 71 49 100 32 44 41 53 46 31 70 14 46 42 51 89 12 31 22 27 64 78 49 76 48 73 95 27 16 50 89 6 91 99 86 87 27 63 76 76 46 97 9 75 46 34 93 60 37 71 21 32 86 83 71 37 76 83 32 96 74 16 54 8 9 30 93 4 63 36 12 75 16 49 17 37 9 67 94 59 13 78 16 34 85 69 24 23 6 45 22 100 17 34 73 45 47 33 22 87 100 62 27 28 39 80 99 91 18 31 63 9 1 98 87 71 98 55 49 91 88 3 86 85 38 87 93 98 31 88 15 43 49 43 33 50 96 6 9 54 22 34 64 10 91 6 3 91 73 88 99 46 38 76 82 63 60 65 10 89 28 77 35 13 2 90 97 39 56 95 21 20 26 85 63 55 55 83 9 100 99 7 28 57 74 83 41 27 7 93 40 37 100 59 65 95 21 43 64 17 90 87 29 76 63 54 15 6 46 89 66 52 52 80 54 98 53 2 67 12 50 36 17 63 48 68 82 81 14 80 100 38 75 42 4 59 97 20 2 16 97 79 4 72 68 2 36 43 13 69 12 25 58 18 70 42 37 64 46 79 86 39 33 98 85 99 98 32 36 37 54 93 37 98 87 3 98 57 61 50 86 46 40 16 29 31 16 87 52 77 64 47 90 24 52 90 99 36 98 49 32 11 80 41 91 89 86 82 9 26 63 2 63 28 31 51 100 4 46 53
192
50 23 86 12 67 89 73 75 26 18 78 66 86 58 39 6 18 1 89 93 86 1 22 62 21 5 13 45 44 80 63 32 39 57 82 85 39 43 22 76 4 85 32 58 30 17 51 51 34 70 32 35 50 7 25 41 11 58 93 91 45 92 70 77 71 63 91 97 35 62 33 30 64 25 32 25 10 3 38 69 37 70 93 87 13 65 33 86 56 52 68 48 93 98 78 84 39 95 36 76 63 14 80 50 28 26 23 79 65 45 25 86 93 14 48 39 1 34 76 70 8 8 63 19 68 32 63 88 88 52 78 64 8 72 58 51 78 26 47 79 91 63 98 85 50 97 83 37 16 29 79 51 47 40 30 48 78 94 26 13 92 12 22 32 74 91 70 27 76 28 66 19 95 59 87 5 62 71 40 51 61 58 63 52 74 64 90 21 6 35 4 58
781
67 54 23 85 82 18 43 33 92 15 18 30 13 44 98 46 3 31 51 27 17 51 56 63 77 82 88 48 42 69 66 48 21 90 83 17 26 36 11 92 19 3 63 46 45 25 96 98 50 88 71 76 32 69 23 88 42 17 84 66 12 59 64 74 12 87 59 68 32 37 23 1 80 28 9 77 30 77 82 57 66 54 79 91 42 24 54 38 49 65 8 14 64 85 78 1 12 10 16 28 47 81 60 28 96 61 98 84 23 63 6 19 53 6 31 28 80 93 62 5 69 61 92 51 26 80 76 13 56 25 82 19 43 10 30 2 86 99 94 76 26 65 60 95 58 74 67 17 100 39 36 95 33 65 84 100 37 38 31 64 62 59 68 35 43 35 100 93 44 66 54 23 23 55 1 45 90 70 23 48 99 11 33 93 92 3 90 94 42 42 14 2 16 84 92 10 43 76 17 92 29 31 43 19 99 80 88 100 78 59 95 37 52 6 8 59 95 58 67 21 67 91 25 23 44 22 28 90 28 3 31 75 11 21 3 70 52 3 26 66 67 69 55 26 14 85 3 83 34 37 45 38 57 29 71 98 89 48 36 41 91 9 63 59 80 62 7 46 50 95 78 33 34 67 35 87 52 65 45 42 2 100 42 84 33 3 91 51 63 65 55 37 97 3 79 54 50 59 26 51 85 28 77 88 89 88 81 6 6 43 16 90 30 16 89 37 11 68 16 16 48 56 84 60 16 40 45 78 47 21 1 22 31 80 32 18 35 59 58 40 67 42 72 12 68 88 69 12 55 64 2 56 94 53 38 10 42 82 45 99 100 81 39 21 50 14 73 22 85 80 58 43 73 80 25 14 51 1 28 32 10 23 29 33 37 18 1 13 45 57 60 66 92 53 33 88 80 55 71 47 78 85 83 45 71 12 65 80 40 77 7 93 39 27 46 24 79 28 18 66 11 38 3 93 4 89 43 43 82 61 92 82 22 38 89 38 68 38 88 24 21 30 79 28 47 67 57 2 20 62 96 99 39 100 28 45 67 72 23 25 90 50 82 64 99 81 29 95 10 51 62 8 60 83 50 41 19 43 27 66 81 46 47 76 58 44 94 17 57 53 38 58 58 48 45 62 68 27 57 52 45 12 57 71 67 37 54 16 18 90 96 32 69 85 16 52 55 52 35 79 41 5 75 4 38 15 47 97 78 21 54 11 46 52 45 33 8 70 55 24 34 17 74 76 53 43 15 56 68 61 50 59 36 84 39 15 100 52 32 6 86 77 60 41 76 26 45 5 16 7 90 74 25 22 92 52 41 73 43 13 66 98 66 11 14 94 36 94 5 94 75 73 50 77 75 26 84 58 76 20 7 31 58 29 28 63 83 99 29 26 94 37 39 63 21 27 16 40 85 14 17 34 58 87 80 52 36 66 3 32 85 51 54 48 36 77 87 11 38 64 94 57 14 44 79 59 32 21 93 91 21 77 2 46 68 28 64 81 48 11 52 41 45 64 7 58 19 82 28 13 45 9 84 82 62 35 28 12 31 44 76 92 49 81 71 40 58 59 66 52 66 69 31 44 25 52 10 22 93 78 36 98 38 16 23 35 35 37 45 18 9 13 63 26 97 2 82 47 1 42 8 35 60 36 16 86 50 46 85 6 32 97 47 90 36 92 31 15 7 49 2 58 64 85 81 68 43 43 94 41 46 53 78 88 97 88 81 82 29 75 47 72 51 41 86 12 62 12 34 93 56 76 2 21 29 75 9 84 39 44 97
322
4 95 5 3 54 65 8 41 77 22 95 69 32 59 10 67 4 82 51 64 71 79 26 5 47 96 64 99 10 56 57 23 17 57 88 58 91 19 3 95 53 19 70 79 51 51 43 52 83 81 35 41 5 46 59 67 22 74 30 30 58 37 51 62 36 76 95 12 22 41 98 17 6 75 3 79 34 9 39 47 27 49 63 82 88 69 64 11 20 21 53 49 99 48 81 79 87 7 87 91 33 25 16 8 33 17 86 45 76 12 97 46 37 6 85 23 74 48 99 27 61 83 47 30 42 26 49 96 10 7 2 33 93 17 30 48 88 73 10 84 36 38 68 23 58 69 23 19 84 37 40 40 32 18 50 95 6 59 93 83 30 21 14 67 50 33 7 60 50 57 45 50 31 65 66 30 21 68 27 13 41 13 67 93 65 8 70 85 42 95 90 85 77 66 62 49 17 24 6 49 48 59 8 41 47 48 45 24 6 28 12 25 73 34 13 94 8 74 25 54 63 98 84 99 86 66 27 84 5 52 54 70 11 94 38 78 2 68 14 51 79 24 35 2 100 7 63 32 56 51 60 27 75 59 68 41 55 93 72 58 42 88 80 49 85 71 86 25 65 29 36 96 42 60 13 46 7 34 84 80 3 14 29 34 93 76 88 50 54 43 68 62 81 60 11 50 21 7 94 78 34 77 45 13 19 80 96 99 60 50 5 86 7 97 19 78 67 68 33 50 34 59
739
47 40 71 67 21 34 46 72 52 13 15 32 87 90 63 87 53 25 32 98 95 99 86 77 15 2 58 32 74 37 47 89 51 57 75 64 31 33 35 85 75 36 64 18 95 95 91 5 19 13 70 18 75 99 11 41 49 61 65 90 86 15 98 26 18 27 94 97 33 11 34 27 80 11 77 45 32 37 53 47 78 26 54 63 89 59 55 99 94 91 79 74 61 46 48 21 34 16 82 61 34 96 77 84 58 46 22 83 93 90 33 22 42 47 90 67 71 8 82 3 74 63 20 7 24 33 10 99 85 88 12 50 33 45 18 82 32 4 21 41 39 13 44 34 37 15 72 14 14 91 15 34 9 31 100 100 96 20 21 98 10 52 42 94 78 70 93 51 81 10 61 16 63 85 94 70 32 87 14 60 17 26 56 83 23 22 60 25 41 53 13 14 92 97 49 63 91 35 91 60 59 69 5 18 46 36 87 45 27 100 39 28 56 90 92 46 83 90 20 65 52 66 91 80 77 86 42 77 36 50 31 55 99 34 82 17 14 83 46 36 39 47 80 62 73 14 36 22 68 82 53 3 28 84 83 44 86 16 13 30 54 88 60 88 72 79 45 23 71 46 77 54 47 10 21 10 21 76 3 10 62 5 62 92 57 73 100 59 64 14 25 78 52 41 24 7 8 12 32 15 57 29 70 13 63 99 61 60 63 79 5 100 12 71 74 97 20 10 65 87 87 54 62 83 100 75 92 20 79 67 20 13 98 28 16 52 29 84 40 97 40 75 36 23 11 41 61 5 82 87 19 79 2 92 48 53 33 14 41 49 23 45 30 71 51 42 18 16 12 57 14 75 57 89 5 16 66 66 13 71 46 13 23 39 23 38 90 11 38 71 54 68 77 54 81 54 5 77 73 27 11 31 95 68 40 14 61 38 75 17 36 95 58 57 8 22 52 16 94 95 66 52 88 50 88 18 19 34 61 50 68 7 65 75 27 49 85 51 37 29 94 93 17 17 76 36 76 15 82 51 94 36 99 31 54 72 32 1 63 38 17 79 71 72 61 36 48 1 43 36 89 57 12 11 56 28 27 45 96 21 92 20 7 91 37 96 64 83 59 62 96 96 27 100 76 18 98 56 36 2 43 26 79 31 93 86 52 1 72 5 100 80 88 98 69 49 65 33 20 86 54 79 93 59 10 39 77 66 59 51 50 89 53 69 67 64 92 60 1 87 48 92 67 96 5 2 72 58 88 87 59 85 11 5 1 99 63 84 71 92 7 66 45 58 42 4 96 70 73 61 26 44 54 11 99 37 81 16 28 13 78 92 58 8 35 22 1 48 88 51 31 43 59 36 34 20 81 49 4 42 47 65 23 70 53 4 21 10 81 91 32 52 51 4 36 41 55 90 80 69 81 20 20 61 31 86 54 82 54 39 32 98 66 98 52 68 85 46 13 64 87 18 95 64 97 65 13 34 76 31 87 81 24 28 20 22 70 7 83 47 26 37 97 55 48 93 29 83 90 13 54 61 18 66 40 18 100 4 99 92 43 71 74 73 68 24 49 7 94 30 37 43 82 24 82 26 48 16 75 11 78 2 100 10 4 54 74 47 75 65 42 18 28 53 20 48 91 68 83 78 30 5 67 95 84 25 95 2 13 70 98 37 97 47 13 85 94 21 86
120
54 68 83 63 6 41 52 71 100 26 30 73 35 74 76 97 44 67 53 94 64 32 98 98 43 98 44 59 73 75 26 33 56 97 93 57 31 30 7 92 52 24 71 43 42 3 51 51 60 44 85 51 36 93 25 16 65 81 30 19 15 98 15 51 52 52 58 8 49 70 4 31 97 96 77 70 39 54 76 90 91 84 4 80 100 77 3 27 40 31 69 3 57 33 89 67 2 99 68 8 35 57 95 21 59 96 80 97 87 17 49 27 73 61 10 86 44 94 51 55
167
29 89 23 53 13 27 7 50 66 57 41 41 27 82 82 74 64 47 23 26 48 65 73 51 89 46 50 71 27 55 89 99 49 88 4 8 17 40 46 38 18 3 96 98 40 79 62 58 93 18 31 22 67 49 13 84 67 61 34 46 66 38 13 30 93 86 6 96 84 10 53 29 9 17 81 77 16 96 27 99 53 48 81 40 13 61 39 66 19 8 99 42 62 46 29 75 30 24 5 6 95 51 55 80 62 47 23 61 38 13 75 97 33 72 3 61 100 32 68 80 82 13 92 62 17 54 94 8 70 63 24 47 51 83 23 3 97 52 100 20 68 53 25 79 42 57 33 59 63 24 52 48 78 34 89 98 43 19 20 70 97 20 6 59 27 4 87
666
41 39 10 53 52 26 61 5 12 61 94 21 10 49 35 29 44 71 85 53 32 72 19 95 63 32 73 76 67 20 61 29 44 40 35 93 31 93 48 66 34 74 61 49 63 69 71 11 48 43 23 96 53 82 75 50 85 55 2 51 83 39 35 2 20 15 22 94 99 1 34 89 67 4 19 44 87 39 64 65 84 97 51 81 76 89 37 100 76 48 65 68 59 44 28 39 24 82 27 25 31 35 31 22 36 74 61 81 47 28 73 36 92 85 25 11 51 37 73 79 5 10 7 2 16 45 43 27 48 10 93 46 15 55 91 53 82 74 90 54 90 16 17 31 56 19 86 24 29 87 88 18 82 62 48 15 60 51 56 7 24 63 21 94 53 49 74 92 27 24 53 75 99 91 41 57 34 71 1 21 52 37 73 40 16 15 92 16 47 10 20 11 98 72 39 68 80 5 6 85 33 22 45 59 92 12 9 91 16 55 55 40 73 53 35 50 48 46 40 81 2 36 69 77 17 36 28 83 76 54 11 57 61 77 60 45 31 41 79 24 28 16 7 95 81 38 11 67 91 97 71 25 76 57 78 3 26 68 14 94 71 58 42 95 94 80 45 73 99 45 26 100 92 44 19 1 41 30 47 3 86 69 83 18 12 15 50 34 17 100 20 57 45 84 82 86 96 12 63 6 71 99 71 87 98 45 23 62 45 45 89 60 62 11 26 99 53 63 18 33 84 92 12 34 17 44 24 40 56 28 28 91 67 56 4 67 59 40 70 32 49 12 96 18 82 16 81 89 50 36 86 13 50 15 76 83 91 15 84 54 2 11 42 10 45 48 24 14 4 95 74 47 27 7 5 37 28 66 97 65 24 3 34 76 54 75 59 84 71 49 75 27 83 16 15 81 70 90 59 42 69 36 48 1 58 81 29 18 36 95 27 65 70 64 49 97 26 63 60 98 15 2 16 82 8 69 22 78 20 21 82 72 99 3 38 23 45 89 55 22 66 5 88 59 41 76 25 40 42 22 66 85 43 67 23 15 21 57 1 46 37 56 55 24 55 77 54 4 3 44 23 14 61 47 93 38 72 40 73 41 16 71 15 68 29 22 94 15 44 14 37 18 6 67 97 98 96 78 91 12 26 66 50 51 78 76 47 57 2 63 27 94 39 26 26 84 47 51 5 39 17 54 22 85 85 38 89 38 88 44 88 8 6 75 85 9 64 46 86 21 57 89 51 99 41 82 30 36 89 3 38 24 62 16 96 8 24 95 56 16 2 14 41 91 92 50 8 4 6 7 72 89 77 51 8 73 26 5 75 50 97 32 49 97 42 90 57 60 28 41 9 59 25 40 9 8 54 14 24 4 73 65 50 98 36 46 48 69 62 46 29 84 25 20 29 95 77 63 89 41 27 51 74 91 8 98 67 18 51 11 53 76 90 85 90 80 75 72 6 98 9 74 5 67 90 88 17 30 33 82 37 50 96 13 34 16 52 52 89 42 72 94 47 81 5 12
509
43 11 63 33 60 74 29 12 84 53 38 12 11 64 70 39 71 60 68 2 20 51 27 23 35 53 28 86 95 21 41 23 95 62 98 19 10 12 18 55 87 2 89 48 86 39 64 64 78 42 20 26 98 29 65 3 17 99 10 96 26 20 86 76 78 97 16 72 97 15 69 32 48 80 89 67 94 50 4 49 82 97 90 75 19 47 59 82 29 53 86 65 33 99 11 61 49 89 42 54 15 4 61 84 32 14 15 89 38 31 17 69 99 70 13 97 64 48 76 82 59 68 91 99 72 41 76 26 21 49 67 50 66 47 14 27 19 60 43 88 52 28 25 11 71 39 10 16 15 93 14 11 44 66 3 35 16 37 18 97 27 26 18 79 97 69 64 66 98 54 31 67 58 86 44 40 87 42 22 52 28 68 88 36 24 49 95 54 4 78 77 41 58 40 8 36 60 11 96 39 100 81 61 1 86 68 90 44 87 42 60 62 46 21 88 8 43 94 12 97 66 67 42 92 49 97 42 71 70 46 53 90 1 43 7 9 76 24 70 66 58 67 100 97 85 15 75 88 36 42 12 69 39 75 45 91 72 13 33 8 64 4 51 62 23 53 92 67 87 13 48 67 26 39 63 30 100 11 45 15 79 62 41 16 19 20 46 96 38 61 33 100 73 83 22 58 11 73 5 59 39 19 75 88 91 49 11 90 72 53 47 79 12 100 88 25 27 12 44 93 14 47 16 29 21 89 45 22 37 40 57 33 23 14 32 51 85 59 96 36 12 77 75 53 98 22 45 31 98 55 8 16 14 50 44 24 93 79 42 56 61 34 99 97 2 85 91 17 82 81 3 87 49 64 39 34 76 57 43 4 48 99 73 83 79 2 87 84 46 52 60 98 72 100 100 43 27 80 99 52 97 95 24 46 97 24 58 39 21 61 77 63 17 2 17 89 82 54 85 43 34 91 95 60 22 27 45 24 18 61 91 89 47 20 79 88 58 87 99 9 93 17 52 46 57 76 9 58 25 58 37 47 39 81 2 88 75 29 59 38 20 44 73 47 29 91 58 30 83 7 37 23 80 53 92 34 92 35 95 81 53 87 32 70 41 14 72 42 23 54 68 91 62 35 71 29 30 61 8 28 98 4 70 88 97 45 44 50 19
63
39 93 35 22 14 84 4 52 52 3 94 30 4 72 18 71 76 32 71 56 65 53 41 43 13 69 19 93 31 18 37 74 83 9 60 85 34 78 45 100 2 53 47 57 88 88 58 40 21 24 78 41 40 6 7 2 68 21 17 74 6 6 67
675
45 50 6 85 97 85 7 42 12 32 28 74 56 78 81 63 96 33 65 66 38 99 53 79 75 97 60 43 85 91 69 19 57 22 4 64 80 12 79 68 69 41 82 59 4 67 34 94 82 32 56 33 5 95 24 59 53 86 16 75 51 32 9 38 77 72 40 96 94 37 67 74 38 81 91 8 24 18 13 78 63 81 91 35 35 16 31 46 86 43 58 66 96 51 30 38 92 43 29 11 1 23 27 12 24 8 48 80 62 62 38 81 82 18 89 84 73 14 93 100 59 29 18 51 35 7 98 49 68 27 95 37 38 53 77 14 35 25 66 92 100 64 25 39 85 2 16 35 72 82 87 100 13 7 27 95 44 74 74 73 62 27 94 52 42 62 53 53 57 91 95 70 88 71 48 93 70 2 10 27 28 68 15 99 74 11 86 3 10 22 94 67 17 81 33 32 68 33 53 6 62 30 54 10 66 11 21 32 74 99 53 88 4 80 25 33 24 18 49 36 91 35 66 15 92 48 31 60 95 21 22 81 24 98 55 91 77 33 8 2 66 84 8 20 86 77 23 3 61 10 79 39 31 2 64 76 79 2 21 69 26 79 80 82 89 65 1 87 47 56 42 13 40 82 2 94 8 85 61 80 32 91 24 62 97 68 93 7 14 28 46 2 40 3 32 78 33 57 79 55 43 45 82 72 58 48 50 86 65 94 99 79 17 12 57 99 16 93 10 63 78 66 56 74 28 90 35 2 72 32 57 47 60 81 35 74 17 16 75 4 45 83 20 54 1 46 17 55 100 33 41 17 43 52 32 69 6 6 61 91 86 44 65 37 23 47 10 16 98 19 100 26 8 67 12 79 79 22 99 59 81 83 23 79 47 23 78 42 77 37 28 25 38 13 13 83 26 2 12 94 9 53 80 9 9 49 6 89 35 18 26 99 1 62 18 67 14 84 26 97 26 39 6 63 96 82 26 74 85 16 32 17 74 91 100 37 89 49 40 19 70 99 73 26 98 99 55 59 17 64 24 42 92 14 34 15 17 100 46 39 80 67 84 34 44 70 92 54 63 73 51 47 58 61 55 24 7 74 19 30 44 100 49 81 60 79 73 80 25 88 27 70 90 74 30 52 27 13 76 2 88 86 37 5 87 6 23 37 27 59 12 68 87 83 72 52 52 53 61 90 5 9 72 26 24 97 53 19 68 98 34 99 35 25 96 84 47 72 59 69 6 41 88 10 98 1 98 35 79 91 47 75 27 18 19 86 76 21 79 27 92 5 63 3 28 9 49 32 71 90 74 1 66 62 78 14 43 20 86 62 46 81 7 25 29 96 42 28 32 20 25 1 73 41 39 6 81 4 76 2 17 69 47 35 50 79 44 12 93 27 56 25 100 44 21 85 31 8 39 92 56 47 75 92 88 96 85 57 19 44 23 27 38 91 87 75 76 40 54 31 3 14 68 28 13 94 14 9 38 87 73 72 20 72 15 26 84 36 78 51 88 39 30 70 59 58 24 55 48 1 25 14 83 91 12
269
32 30 6 35 67 73 6 96 90 86 48 43 43 79 61 1 89 2 86 9 84 6 22 38 6 88 86 47 68 21 55 56 65 51 14 1 76 9 49 55 32 14 20 93 83 20 83 49 72 64 29 100 25 89 91 44 38 66 90 61 41 86 5 31 83 17 95 88 1 91 23 49 90 86 87 16 54 87 78 55 47 19 72 19 29 72 70 56 75 83 17 95 31 39 30 1 71 77 28 60 54 21 70 4 48 10 27 27 16 67 39 61 87 26 55 58 85 88 78 73 99 59 24 83 49 28 45 51 8 15 20 23 55 19 16 89 5 22 72 26 92 74 100 54 85 60 62 12 79 24 79 93 87 82 94 94 42 40 57 95 9 69 8 80 50 40 27 2 40 64 88 6 95 28 4 26 76 7 19 50 5 53 25 30 13 69 80 55 81 71 38 6 64 39 87 4 93 61 28 31 84 17 40 12 8 17 29 44 58 57 30 50 20 29 56 53 75 84 95 72 84 63 30 85 91 81 96 100 91 55 54 52 62 95 51 69 40 18 85 15 88 22 47 6 62 30 95 99 77 82 42 64 34 27 28 32 6 71 48 17 84 97 17 32 93 60 81 47 67
758
61 85 83 25 49 65 1 13 10 41 14 76 68 6 57 30 18 62 80 53 16 89 6 8 96 70 45 37 43 90 61 2 58 9 48 17 79 68 10 55 99 5 44 91 58 22 90 72 78 53 59 62 1 11 96 77 85 72 73 45 39 81 34 15 34 71 6 39 85 86 33 11 48 10 59 94 87 87 62 51 31 75 92 41 61 62 13 7 66 62 25 34 40 5 17 91 97 28 3 13 81 85 93 69 44 29 30 86 42 26 98 55 28 2 96 85 78 41 38 16 88 11 75 83 94 48 95 3 87 19 91 35 65 75 77 19 12 75 38 11 3 63 18 100 15 33 100 18 54 65 28 98 85 27 68 20 63 20 54 58 61 32 3 89 47 18 92 10 31 78 85 27 86 64 100 66 100 100 3 18 57 70 28 62 14 79 22 56 95 34 1 33 79 25 70 55 50 26 17 65 50 88 88 37 43 82 9 89 64 86 58 26 44 30 86 70 45 71 21 12 68 18 5 72 62 49 2 60 95 17 49 16 61 32 77 79 97 6 96 58 65 3 16 17 64 92 18 15 25 58 20 16 55 13 74 7 52 15 45 61 97 46 20 97 1 68 41 96 67 71 84 4 18 26 52 12 83 84 58 78 62 54 93 78 59 79 9 53 5 94 51 10 81 87 75 54 82 39 35 94 37 33 31 74 96 16 26 73 95 2 3 42 11 2 59 85 87 84 94 43 36 44 81 16 99 4 86 38 60 21 83 7 57 30 37 60 72 53 22 28 81 25 18 41 75 40 11 88 30 54 76 93 24 65 74 46 38 17 78 48 74 71 9 23 52 64 40 59 53 62 93 81 1 56 31 16 50 51 52 76 50 98 25 55 63 85 37 83 3 3 3 29 49 46 69 53 22 99 50 66 10 57 85 19 75 72 87 57 88 9 41 25 16 50 40 27 31 67 3 9 65 60 37 54 57 85 26 29 97 47 1 42 92 32 22 99 12 35 2 84 5 80 13 20 62 20 37 96 10 13 8 95 89 90 71 73 14 17 6 61 55 1 63 40 22 67 20 42 68 60 81 33 17 63 82 70 40 28 61 57 37 91 10 5 32 75 59 13 66 79 39 26 13 27 65 25 38 35 46 63 21 40 63 43 92 42 48 96 15 2 47 11 20 98 94 36 25 70 1 39 98 100 96 13 22 12 35 79 2 52 14 81 45 72 39 58 86 60 100 92 92 35 48 19 27 51 22 83 46 4 65 84 73 45 21 73 29 19 40 67 52 69 73 73 77 71 97 10 98 88 11 11 54 31 28 74 62 54 51 99 92 82 97 17 39 59 13 39 78 59 26 38 94 45 61 96 89 64 3 8 4 32 73 4 4 23 41 17 92 41 97 72 48 14 85 94 8 34 97 72 99 47 42 41 81 4 62 43 25 81 55 45 88 30 9 86 49 40 100 27 79 15 99 26 74 88 31 22 55 74 87 80 49 37 41 56 93 40 37 86 32 83 37 41 78 52 46 60 27 44 15 33 99 18 76 18 20 84 11 63 34 31 92 90 20 83 99 5 47 63 45 19 32 63 97 42 31 34 16 70 39 7 19 26 63 4 97 92 79 22 53 76 18 83 25 52 48 68 95 25 17 97 88 7 89 2 79 72 68 4 8 46 41 5 26 4 29 23 82 29 81 86 71 12 31 34 95 83 44 95 47 89 62 62 26 82 45 66
523
72 52 27 38 65 91 65 67 96 18 42 56 11 25 33 24 43 47 39 94 10 73 86 56 98 29 49 100 92 38 1 46 29 87 47 1 11 43 32 31 61 11 87 52 2 79 96 16 77 82 39 58 27 54 56 13 29 98 38 23 79 11 72 84 18 34 31 38 90 73 18 22 35 63 4 42 52 74 96 72 85 7 63 99 33 27 98 17 13 45 46 32 22 37 11 10 49 78 45 43 83 68 48 36 92 37 4 85 23 53 89 16 58 3 78 35 12 12 99 81 49 22 85 35 83 37 73 73 82 42 80 80 19 77 5 85 94 58 44 27 42 77 23 63 64 76 28 1 87 2 34 51 32 4 8 65 38 35 15 74 58 31 25 79 2 47 29 23 3 91 86 90 76 100 87 85 40 2 87 5 12 73 16 55 33 47 58 50 19 19 4 82 28 19 54 37 68 58 85 34 95 45 31 90 75 82 17 33 60 47 48 82 56 45 45 52 62 37 2 44 16 6 8 89 39 24 43 86 59 17 36 68 23 70 73 79 18 40 54 7 87 93 1 30 28 22 45 56 57 66 30 46 3 57 61 75 95 66 40 72 62 58 78 97 35 56 26 8 70 10 34 80 35 100 20 13 36 27 42 33 49 79 95 26 64 69 21 37 51 29 3 94 72 92 64 8 46 26 77 77 25 45 53 92 9 66 90 30 78 93 85 92 17 77 84 43 55 56 80 28 49 74 16 42 40 38 30 12 93 67 39 48 5 72 24 25 32 18 27 87 80 37 61 19 67 77 2 66 2 40 36 57 82 10 13 79 82 24 5 77 93 30 11 43 98 31 67 50 80 41 9 2 22 74 27 63 8 81 18 39 96 97 5 18 11 76 56 40 58 55 94 21 10 33 37 61 12 91 94 28 86 29 36 79 42 55 10 50 22 85 77 43 48 54 10 9 82 65 20 34 41 56 6 79 37 25 38 87 68 6 53 38 49 19 56 36 7 19 94 98 23 88 7 65 36 81 93 57 33 3 95 94 94 11 94 63 58 41 2 62 72 60 85 89 37 92 16 13 64 91 62 13 45 4 88 83 77 52 73 100 37 1 61 96 6 14 85 32 16 20 69 44 6 52 31 23 80 9 76 10 90 62 2 31 47 89 21 59 32 96 97 37 55 66 90 49 5 58 39 4 88 38 97
494
69 46 96 66 80 60 67 10 63 36 3 53 14 17 4 24 56 74 75 61 30 29 55 55 5 3 69 96 37 76 74 18 41 41 72 31 51 65 19 35 67 44 30 57 2 37 9 53 66 81 22 57 81 35 9 84 16 67 1 73 28 5 99 46 26 38 2 46 14 37 32 22 19 13 62 67 20 37 28 54 60 53 69 43 90 12 42 46 24 34 49 26 38 31 40 68 5 92 47 1 94 83 64 32 78 49 39 71 18 64 28 20 2 95 24 22 4 11 72 75 23 84 9 17 92 41 77 3 18 75 56 12 99 18 45 49 68 57 27 81 49 62 68 62 7 70 21 85 67 2 31 32 77 16 33 30 94 50 2 93 18 98 46 88 61 97 79 17 65 37 100 47 94 46 33 5 86 20 46 96 35 39 99 76 42 74 30 64 2 51 95 86 92 22 81 70 11 41 43 28 60 73 95 44 15 2 63 20 82 93 11 61 91 9 59 47 8 91 96 47 100 67 49 53 21 64 1 95 62 67 86 79 42 20 2 8 43 1 26 67 100 42 56 10 3 50 15 14 74 3 96 17 89 32 82 58 91 6 26 42 69 31 40 43 47 80 80 83 88 92 43 66 73 82 45 51 99 52 94 89 53 37 50 70 65 90 15 60 29 70 26 65 42 100 88 70 2 3 69 68 14 82 38 93 24 45 84 17 99 25 30 64 62 74 15 16 87 60 67 24 59 79 64 48 30 31 71 63 52 68 42 54 97 3 28 19 10 15 15 23 17 71 75 73 24 36 5 67 74 75 33 48 99 14 66 24 100 15 81 91 70 17 3 92 2 50 16 41 27 49 29 82 28 11 82 83 72 94 55 65 67 5 3 57 72 42 87 91 27 22 36 85 36 1 40 87 70 65 42 98 75 86 63 99 88 69 68 7 69 36 74 17 51 76 29 88 99 100 21 62 82 70 29 10 8 14 7 82 23 60 55 35 71 1 12 37 24 78 13 52 52 6 65 84 14 10 60 81 94 11 31 80 48 22 10 42 94 69 30 2 9 91 46 59 31 21 96 79 27 88 70 25 45 34 81 41 70 53 97 14 99 19 56 40 92 19 41 45 57 89 75 81 54 89
959
67 40 54 10 68 41 35 12 89 83 1 8 54 13 24 23 42 3 66 64 71 30 14 67 22 44 27 39 6 56 58 37 22 14 27 28 85 46 73 11 9 52 79 6 65 52 34 100 24 19 87 44 51 65 27 71 38 90 14 6 69 31 46 87 41 97 46 46 41 36 29 21 83 76 49 71 95 89 1 48 46 33 83 100 76 81 34 58 55 38 86 17 13 36 38 95 24 8 42 34 31 28 27 61 66 84 50 51 1 47 75 91 68 16 55 83 95 42 8 40 15 17 12 51 99 22 5 62 58 41 12 53 22 80 75 71 36 26 100 94 55 98 12 23 26 20 70 13 69 43 35 42 88 4 7 31 98 24 45 78 98 100 94 30 36 90 98 23 94 38 16 99 77 70 7 2 21 95 9 80 20 38 77 81 51 69 37 21 62 100 17 71 90 9 9 67 33 42 14 13 11 98 79 30 17 54 48 13 89 17 65 83 88 44 60 80 80 86 78 100 63 57 79 61 26 32 88 37 22 76 19 32 37 15 74 94 96 34 83 22 18 79 62 20 27 94 80 43 22 64 22 16 28 21 87 10 70 97 86 95 94 68 14 28 17 20 43 27 54 45 16 96 81 29 75 76 99 21 91 86 89 77 3 82 51 5 86 35 99 28 61 77 96 90 14 49 65 85 79 51 71 82 46 44 19 1 13 91 67 96 23 97 85 96 47 38 6 52 54 20 75 87 96 96 21 5 100 54 17 37 59 27 67 36 46 98 90 82 20 44 73 12 38 97 31 35 41 68 4 79 63 67 49 1 87 29 68 36 68 44 14 29 79 99 100 5 60 85 31 83 96 48 97 90 90 75 34 23 62 97 42 61 61 94 36 34 42 23 93 70 74 87 1 72 28 18 56 89 60 6 92 67 1 49 52 17 55 96 22 55 88 64 22 66 32 50 53 29 75 67 38 53 16 36 100 29 5 47 87 90 21 38 24 99 95 98 88 67 60 61 11 2 13 97 30 5 16 32 60 14 29 10 72 62 33 96 58 11 14 68 21 60 14 13 10 14 42 65 20 62 20 6 73 29 73 34 55 33 14 24 47 7 43 45 31 22 95 64 80 14 98 54 16 34 84 17 55 18 12 58 92 30 5 61 21 96 59 28 72 14 44 9 99 77 55 29 11 56 28 28 88 97 99 56 82 79 97 19 65 59 11 66 62 38 7 56 77 31 52 17 34 60 54 11 14 15 60 5 10 13 89 3 44 32 64 67 58 83 76 52 12 8 32 93 53 91 57 52 74 100 48 70 57 24 66 97 8 98 20 47 95 36 67 31 94 4 53 70 67 42 33 85 48 66 77 40 81 2 92 76 49 26 74 11 76 19 61 27 24 1 72 64 100 56 66 3 65 55 30 49 70 60 99 59 8 3 56 51 60 68 79 81 13 32 65 64 48 58 44 6 96 11 2 78 97 8 39 81 89 84 65 75 72 87 72 8 30 29 12 77 9 26 98 61 100 41 62 5 75 59 65 62 83 13 67 55 85 47 88 27 7 12 38 73 4 57 48 43 8 23 4 70 76 71 1 4 27 67 66 86 67 14 83 72 98 44 9 79 35 79 34 87 94 56 43 92 63 74 90 22 9 81 100 86 53 45 57 89 57 20 49 55 29 9 50 25 86 6 33 49 17 11 16 61 90 75 46 28 1 92 34 73 39 60 90 2 81 85 55 60 78 30 96 8 95 65 74 91 12 96 11 35 26 5 73 67 11 14 63 40 3 49 4 5 30 53 84 83 58 62 84 20 23 47 15 82 7 54 20 81 13 5 12 78 22 61 18 2 16 59 51 39 23 79 40 40 67 79 22 1 6 39 27 97 78 32 65 86 48 86 44 54 72 45 87 76 30 30 92 25 75 62 28 16 17 61 21 71 30 87 32 93 32 74 52 8 83 19 70 95 1 72 99 100 67 71 70 48 93 61 47 2 90 9 65 83 44 82 7 87 74 34 40 7 15 73 61 23 22 25 55 91 55 56 48 44 5 47 76 17 31 7 64 92 42 92 39 23 72 21 96 72 94 14 7 21 61 59 56 14 37 64 62 78 14 25 26 66 69 66 67 19 61 68 3 7 26 1 17 89 39 98 78 8 92 12 86 58 88 50 71 56 8 39 38 70 71 83 27
529
24 50 94 9 64 40 32 62 32 44 4 35 6 85 1 86 22 1 34 37 72 1 67 8 38 11 62 87 90 32 33 69 57 83 77 100 68 65 16 55 31 16 97 55 29 93 28 47 84 49 43 97 98 58 66 66 84 42 88 65 20 64 53 25 41 65 42 46 66 17 75 50 42 15 43 91 9 30 52 76 89 20 4 44 21 59 6 22 56 54 99 23 24 10 71 4 100 32 69 34 100 72 10 47 87 71 24 12 96 50 35 88 11 42 67 76 93 31 65 93 16 74 9 26 89 69 59 90 43 94 77 24 91 5 72 67 1 10 88 79 85 98 58 2 37 14 78 97 16 42 19 25 24 11 41 26 46 97 98 18 50 98 34 2 12 3 73 96 23 86 83 80 84 2 99 67 85 77 100 1 7 51 49 82 44 49 100 18 33 1 78 3 16 59 29 97 46 74 84 68 40 70 66 74 35 58 57 54 63 62 40 2 67 27 25 24 22 91 48 99 3 28 21 45 36 24 87 60 97 82 4 58 88 70 69 31 69 88 30 30 100 60 29 25 32 91 53 14 7 53 62 12 29 59 17 88 5 20 98 82 30 7 72 43 72 65 53 64 46 24 34 93 71 98 5 51 14 53 17 91 68 86 13 74 28 76 39 70 26 48 9 74 5 65 55 5 52 52 66 45 17 76 37 16 36 54 45 26 28 22 81 82 92 44 4 60 11 35 7 3 20 76 71 36 5 99 79 12 60 39 47 22 16 29 80 81 80 93 8 70 21 53 71 53 35 66 62 21 19 82 85 3 62 61 96 82 41 9 91 54 16 80 78 38 62 81 84 68 60 48 17 46 62 74 6 61 63 48 83 53 2 29 37 1 38 89 78 81 11 1 15 13 88 6 74 25 3 12 81 58 100 41 60 78 6 33 57 27 29 98 1 93 58 77 69 37 59 89 16 34 57 97 74 60 9 32 57 8 100 40 11 81 81 58 16 51 77 28 12 89 54 99 82 1 49 7 78 30 89 29 87 45 16 58 97 80 4 30 40 69 21 64 10 69 70 20 85 24 9 100 19 79 27 44 45 51 53 70 54 76 90 4 8 50 72 16 71 54 36 94 91 36 8 2 14 28 53 15 93 21 71 66 66 38 8 60 89 62 100 43 8 69 57 39 64 100 43 4 4 81 88 68 49 97 82 1 90 36 57
888
36 43 82 63 31 4 44 43 82 97 70 95 41 46 55 35 63 95 63 42 55 8 84 29 34 39 65 70 75 19 79 69 64 68 67 9 66 2 65 47 69 9 37 83 91 73 16 42 43 8 89 4 25 99 95 68 25 91 90 49 75 38 74 84 27 100 100 5 62 85 92 54 41 51 31 55 38 12 93 43 53 35 48 17 81 54 8 24 78 26 80 31 69 77 71 85 49 3 52 9 36 77 37 35 52 86 81 57 53 35 30 34 50 95 25 43 56 87 73 71 15 91 36 13 62 91 11 94 82 74 29 32 43 59 46 89 95 41 77 33 60 80 11 55 43 33 2 87 20 50 86 6 94 82 54 59 58 79 80 39 60 22 35 27 36 60 58 84 20 80 48 25 35 51 47 52 16 32 53 71 60 97 5 55 64 41 31 64 94 83 40 86 52 63 88 81 35 45 73 91 17 10 89 69 88 92 59 47 60 61 36 39 77 74 17 71 51 70 53 14 21 81 59 81 72 77 50 28 70 9 35 19 37 54 7 38 98 56 46 12 17 18 30 72 8 58 3 21 81 19 47 98 21 21 15 65 32 24 16 38 39 98 42 95 64 68 75 53 18 6 36 31 5 32 3 34 61 25 18 24 75 76 61 27 13 45 58 87 16 50 88 68 50 93 86 99 26 25 80 67 34 82 84 32 67 71 32 90 69 42 61 9 21 54 45 84 95 59 89 60 86 89 32 91 5 92 70 66 87 9 76 69 19 8 47 26 59 33 91 57 90 94 11 64 60 74 22 33 8 89 59 31 77 66 30 58 69 49 88 57 14 46 4 55 65 54 80 15 11 82 8 29 38 83 53 80 83 1 71 33 86 38 86 14 75 18 83 92 6 57 14 57 11 55 53 29 43 50 57 77 25 56 32 28 66 27 80 47 35 37 50 94 66 53 57 79 61 12 28 1 92 13 15 68 3 37 77 47 12 57 8 83 12 7 93 21 14 9 45 50 17 60 84 69 26 32 32 2 29 89 45 82 15 44 53 47 38 51 70 88 36 39 7 23 10 25 17 24 27 64 17 81 60 65 83 16 4 66 46 46 62 99 83 24 23 81 15 6 71 76 60 63 38 87 41 72 25 86 2 68 62 77 32 58 30 24 26 11 83 87 73 12 48 24 67 74 1 99 98 43 45 91 39 57 86 75 13 62 72 93 41 14 39 91 2 79 1 33 96 73 73 89 1 39 96 61 61 51 79 30 42 90 53 66 82 5 77 26 31 15 36 62 79 58 94 24 48 11 40 9 59 85 13 32 81 1 92 8 13 76 40 96 9 100 98 99 94 96 14 58 11 70 3 58 14 40 50 99 14 68 2 62 28 28 76 74 21 94 12 22 50 28 73 15 7 51 45 42 63 99 45 56 8 57 92 26 57 22 97 79 15 18 50 2 3 6 25 43 25 8 82 8 73 13 38 66 88 84 6 33 60 53 37 68 96 67 5 52 14 14 66 8 20 51 1 93 97 83 84 20 72 95 16 81 78 37 52 25 26 72 2 55 84 89 37 67 90 14 83 54 74 21 18 12 15 78 66 70 28 31 98 100 98 39 43 73 49 78 98 22 64 49 1 79 6 42 50 97 51 81 98 23 68 52 6 54 77 67 63 78 26 53 72 3 48 76 17 13 96 19 31 73 9 22 81 54 90 64 10 24 10 52 9 42 21 63 46 85 22 78 17 3 29 98 94 37 100 45 29 11 67 31 54 83 28 50 56 37 46 39 51 53 67 7 13 71 29 5 37 34 62 8 2 96 41 78 62 79 17 82 52 27 87 65 50 83 52 94 51 81 9 88 18 3 95 100 44 16 15 3 4 77 8 96 36 27 96 75 87 65 1 9 56 15 20 41 87 90 84 35 85 95 8 57 46 58 91 71 67 41 41 51 32 2 43 20 19 58 9 62 45 41 98 26 32 51 100 24 52 66 84 38 5 26 74 31 21 94 61 22 13 48 12 65 43 27 58 4
812
25 19 38 27 32 17 85 27 58 52 34 25 45 38 89 17 57 47 37 16 22 29 89 66 94 20 34 12 78 45 1 2 52 98 3 45 82 85 14 86 89 50 43 27 2 64 40 84 90 36 59 48 3 54 37 85 25 5 29 33 18 90 61 39 88 78 18 81 6 75 53 13 68 82 54 67 55 29 79 72 12 72 94 73 45 36 30 66 53 67 33 71 43 21 51 62 14 93 16 84 91 41 18 69 54 21 73 58 49 12 64 80 58 64 97 51 63 62 78 64 69 84 23 23 82 73 56 85 92 16 83 65 89 66 65 96 25 47 60 88 51 5 29 73 7 73 68 98 78 82 94 81 100 37 78 22 64 89 71 41 11 41 88 55 83 41 82 45 60 15 78 10 41 50 12 10 9 5 17 85 89 1 41 55 1 5 47 23 45 29 44 42 47 61 76 6 42 97 46 85 27 5 49 33 74 32 39 45 59 47 66 42 25 8 42 69 96 23 76 62 60 24 77 90 71 73 98 97 16 89 55 17 85 77 76 44 46 57 17 84 29 81 38 83 25 41 18 69 15 84 72 100 3 36 70 2 37 58 37 28 10 14 31 12 77 50 57 87 100 97 50 17 84 26 6 9 69 53 70 41 2 92 80 52 93 32 12 80 5 63 19 99 76 19 41 1 35 99 96 40 93 12 32 9 98 72 73 14 52 93 58 23 37 14 65 3 25 6 38 11 96 73 22 95 49 58 52 9 55 30 14 42 44 8 54 54 41 55 19 97 63 87 94 56 57 43 4 98 64 54 10 15 19 16 67 39 85 51 62 7 18 71 18 94 5 24 84 36 47 60 51 21 67 50 45 16 13 11 74 45 8 48 45 2 93 82 55 71 4 76 57 24 51 37 18 23 1 7 70 88 19 97 3 89 65 26 68 55 62 44 71 100 86 69 1 85 3 39 3 55 93 73 95 32 70 80 39 22 93 12 75 67 47 1 28 86 5 12 36 77 18 8 76 44 49 46 72 10 54 35 70 46 79 39 29 76 48 65 1 74 57 27 75 75 90 69 68 6 1 43 73 67 30 88 25 24 79 94 42 96 32 32 78 66 71 59 71 25 10 23 62 32 44 76 84 29 78 41 75 24 62 54 15 11 44 25 34 7 17 58 50 7 14 72 28 28 49 7 94 4 5 88 97 79 10 63 34 100 29 71 26 72 15 48 84 80 30 98 81 36 10 30 15 68 64 19 62 29 71 21 60 15 1 59 56 59 31 38 90 18 56 9 92 11 72 11 13 62 13 70 60 58 36 81 46 18 56 38 34 2 47 96 99 81 72 27 100 90 55 98 24 20 31 30 69 48 91 72 100 29 92 9 61 67 45 80 47 100 98 88 11 19 91 43 23 75 38 60 52 87 68 80 41 41 37 92 92 52 25 16 17 41 96 16 64 80 87 55 31 14 13 29 78 55 56 47 82 20 95 67 91 98 50 45 91 33 18 83 95 97 42 85 63 57 71 43 93 46 17 55 12 34 67 54 82 59 94 62 19 8 8 87 69 44 8 80 46 99 82 96 23 82 6 78 42 16 36 94 53 39 28 92 89 64 2 89 62 89 95 30 11 57 23 66 78 67 2 99 73 45 90 13 82 42 86 29 24 8 65 96 54 94 59 46 33 90 99 75 10 2 11 29 6 68 13 20 32 67 59 92 13 91 10 15 80 6 78 67 36 32 56 19 32 48 51 29 61 11 54 42 90 32 35 27 2 38 98 94 57 40 95 20 54 46 35 7 86 83 57 28 54 78 27 92 46 51 41 63 75 9 21 43 97 77 63 11 54 63 13 84 19 85
361
84 93 41 13 32 3 18 98 71 29 3 28 38 63 31 17 46 16 57 66 52 54 70 47 45 82 81 48 2 70 29 48 41 37 21 66 23 61 57 68 81 66 58 50 81 86 75 7 98 79 32 14 95 94 4 35 84 12 9 69 20 14 57 51 86 52 64 63 64 22 76 77 23 93 79 23 20 95 26 56 58 71 60 45 35 10 87 67 35 79 47 30 61 36 17 13 38 23 24 28 17 61 9 72 48 12 53 80 1 12 17 67 6 88 33 48 43 41 65 50 64 36 6 86 29 32 79 7 49 52 70 63 42 75 39 22 95 15 28 1 75 68 77 16 71 5 46 5 16 15 55 51 49 15 96 96 46 57 45 42 86 39 69 80 56 74 53 83 69 97 1 8 100 4 77 10 59 74 30 32 2 19 69 82 33 58 50 65 35 46 88 77 79 55 65 90 8 93 17 75 12 52 65 76 89 7 38 7 16 70 74 53 82 79 36 70 19 40 30 88 60 9 97 58 90 82 100 35 25 52 100 37 88 36 27 89 100 39 32 5 5 24 57 94 8 76 100 59 10 50 23 62 21 13 87 25 52 45 28 20 45 6 67 22 20 24 87 13 74 46 8 42 64 5 70 2 88 90 83 38 39 92 53 61 16 15 66 43 49 50 78 21 96 34 12 37 22 88 80 20 58 18 16 96 57 67 24 61 39 91 97 62 59 63 99 100 95 77 82 8 11 26 2 22 11 51 97 39 67 85 81 53 40 69 9 1 27 11 34 100 26 79 68 63 39 56 32 100 60 78 27 97 72 62 32 40 3 56 85 75 49
426
72 28 77 85 5 40 58 87 35 94 59 31 72 18 76 75 25 40 85 53 22 76 23 80 21 24 68 65 86 20 10 54 68 6 1 37 79 71 21 26 66 82 22 40 74 78 38 7 66 14 99 34 83 19 96 92 49 14 18 98 69 15 87 57 32 30 87 14 48 76 60 80 37 1 17 26 40 19 5 63 1 2 3 5 5 73 39 27 56 67 75 93 59 71 32 35 92 82 9 15 78 11 48 74 62 28 93 4 22 14 99 95 23 31 14 95 99 56 85 7 64 50 45 49 57 75 88 66 38 14 21 91 37 37 43 33 99 77 74 61 56 13 87 95 28 71 88 97 75 54 98 79 27 70 72 17 52 44 56 65 60 57 1 70 68 36 98 51 56 85 79 54 49 77 41 29 16 28 60 86 37 92 31 57 16 37 93 37 29 35 55 96 19 77 76 49 91 47 85 63 72 56 89 97 91 90 75 20 72 75 12 100 87 90 50 11 19 49 30 74 58 1 64 33 48 21 59 76 77 8 3 82 100 81 52 81 55 42 93 21 12 96 39 79 93 45 63 22 41 60 40 66 63 80 92 17 57 41 77 25 57 49 97 26 60 7 41 56 96 72 96 28 92 58 1 3 17 38 26 8 5 25 94 60 64 88 30 4 44 52 15 17 9 34 72 79 92 49 20 44 26 15 73 41 6 47 45 76 36 2 96 82 44 83 25 19 47 74 29 41 41 29 62 73 90 22 43 61 6 11 17 82 52 38 51 32 66 70 29 67 26 48 19 67 70 8 91 47 85 94 28 19 4 33 89 28 1 41 94 91 64 70 68 87 73 90 78 84 13 53 26 14 49 95 50 54 10 42 35 4 91 28 30 44 72 41 33 33 50 19 93 88 53 2 13 19 89 27 59 38 21 19 46 41 50 61 80 30 72 85 84 91 93 44 27 35 67 15 65 34 60 16 53 48 82 83
33
26 78 19 32 100 87 34 27 66 100 80 80 51 31 80 27 76 76 3 100 18 12 80 60 12 21 70 92 71 40 80 89 71
530
16 49 14 30 5 16 69 97 95 36 72 30 14 14 78 61 2 40 47 91 1 89 62 91 43 2 3 55 99 88 96 78 22 72 16 73 62 45 96 45 15 44 16 90 33 77 63 71 60 7 44 22 33 46 94 99 88 63 20 22 48 31 23 52 26 35 59 16 27 19 6 67 85 38 54 61 10 1 35 55 3 29 36 93 73 48 82 49 30 100 76 16 51 22 19 85 69 42 90 69 46 41 2 85 28 27 42 16 95 32 50 41 1 17 56 31 67 47 20 91 52 93 88 40 10 13 61 20 46 72 33 60 1 47 37 8 40 56 31 38 5 80 15 57 86 1 6 73 88 92 11 49 88 18 80 53 46 70 5 67 14 68 69 19 82 70 34 61 96 37 79 43 96 15 82 91 26 90 65 97 90 7 83 44 36 32 84 74 58 34 15 22 41 87 31 32 54 76 54 41 83 90 73 33 14 1 93 88 38 2 55 2 43 81 46 93 29 28 43 34 43 76 79 36 52 72 82 28 98 8 10 37 69 91 30 21 87 60 59 85 96 37 61 15 41 40 10 99 44 51 48 42 74 83 95 70 43 12 90 69 36 33 53 77 87 99 54 98 86 5 44 70 58 39 14 71 90 85 47 16 34 41 33 41 94 79 70 10 41 12 3 74 100 15 44 6 84 10 8 97 17 10 8 33 1 30 46 71 100 90 4 2 81 24 36 16 88 47 62 63 92 93 22 24 4 55 86 35 56 52 84 52 43 71 66 62 9 74 89 17 12 48 43 29 25 62 34 33 76 43 28 68 75 55 3 92 63 1 8 17 22 1 58 62 43 81 47 41 40 72 39 26 84 87 63 96 68 3 55 71 16 67 52 20 60 17 87 30 46 42 37 10 40 12 41 84 96 12 88 84 72 75 36 9 39 39 2 60 33 48 42 43 4 84 5 98 85 46 98 1 98 19 40 63 27 100 34 65 8 54 22 91 55 97 48 53 5 95 35 74 65 67 21 40 31 100 80 31 71 65 63 7 87 58 51 66 42 13 8 4 77 32 42 43 33 37 73 78 74 86 86 23 79 78 72 3 41 76 87 29 91 6 42 47 69 7 4 74 96 34 57 82 23 7 86 20 38 61 59 70 10 63 27 59 100 71 86 4 80 94 58 91 34 10 89 70 55 67 70 29 50 86 100 52 58 34 45 24 87 68
98
74 5 19 13 6 69 28 13 74 19 18 39 59 76 53 70 15 53 48 3 6 44 36 62 82 88 23 13 82 16 36 55 59 71 10 68 25 39 93 62 85 24 35 43 10 12 45 76 28 6 28 7 23 90 24 49 66 62 29 57 27 78 10 27 91 83 56 32 98 87 52 39 28 85 13 48 67 46 61 49 89 67 100 84 26 62 43 2 14 60 33 17 65 29 3 32 74 55
526
18 22 59 16 67 62 29 91 83 6 7 12 94 90 84 68 55 68 53 53 98 1 63 17 93 12 4 51 94 7 70 9 23 98 3 2 87 44 53 73 37 75 86 59 28 39 11 71 22 48 31 51 3 9 34 79 99 85 33 61 17 64 8 86 68 91 29 30 66 1 33 74 96 15 63 53 65 3 80 79 9 90 26 12 61 25 94 82 30 85 78 2 56 78 23 77 40 21 81 96 27 45 21 3 19 39 7 4 42 8 37 18 76 70 23 38 88 23 98 12 84 68 91 42 93 78 74 38 32 44 98 79 1 94 45 63 41 93 66 61 41 15 95 34 78 41 47 5 60 9 45 81 31 29 75 78 43 35 13 41 66 21 26 67 1 6 21 2 54 87 66 11 70 46 20 59 86 43 25 48 51 22 46 40 9 59 77 33 65 67 81 38 36 73 31 80 54 53 32 100 65 93 52 63 78 14 42 9 53 50 95 16 30 54 36 33 60 11 14 19 21 58 76 35 84 55 33 78 35 86 59 99 37 69 6 27 100 29 92 40 83 50 17 17 50 44 83 18 53 85 97 17 46 70 56 11 46 70 71 77 28 66 94 51 36 80 42 44 91 19 55 7 6 99 19 99 87 61 66 54 68 43 8 91 7 77 100 1 60 70 40 23 76 47 73 22 97 59 68 55 43 87 76 1 93 91 77 40 16 53 76 11 47 98 4 46 77 10 70 66 13 47 10 18 68 3 28 58 3 94 35 28 89 65 87 3 67 82 29 100 9 61 12 74 64 46 72 29 30 35 14 42 91 11 73 100 37 29 17 68 73 21 100 74 78 33 50 64 75 16 35 96 6 28 36 43 43 40 34 7 25 47 23 84 21 38 99 26 1 58 49 51 25 80 91 20 12 98 54 83 38 92 71 8 39 72 22 91 62 100 88 9 62 40 74 27 90 36 98 68 53 82 31 69 73 1 26 77 90 58 82 36 46 51 55 54 36 78 70 57 90 60 44 21 18 18 32 89 9 94 61 19 38 92 83 20 37 82 24 58 52 11 85 95 29 66 48 75 67 90 37 82 17 59 24 3 31 33 80 50 46 5 64 7 59 40 41 70 74 50 61 13 94 62 96 16 68 100 37 12 22 46 8 21 54 89 40 67 1 73 64 62 74 29 51 83 72 44 91 53 70 92 43 2 76 76
614
32 55 31 34 26 70 16 93 67 5 48 24 12 79 19 52 50 60 70 94 16 22 24 59 7 47 76 64 88 61 70 45 25 59 95 69 85 20 60 40 82 51 90 39 6 18 52 21 69 36 57 28 64 95 46 76 27 7 73 25 51 23 76 59 25 33 75 92 16 50 22 49 90 16 30 29 29 91 3 93 43 77 19 64 72 27 46 11 19 79 84 85 27 7 70 46 71 53 28 14 34 70 35 27 84 78 18 94 79 9 6 91 48 17 85 99 33 50 25 6 63 18 20 89 83 65 71 52 61 29 94 45 84 9 54 91 38 43 37 17 75 9 69 37 91 49 47 29 96 99 81 74 68 1 48 96 61 49 94 63 50 6 4 42 35 73 31 23 49 32 4 17 84 83 62 50 91 13 31 16 76 32 76 91 24 70 29 70 44 30 60 56 91 34 47 72 54 20 45 87 67 83 33 49 2 91 89 53 96 6 61 58 76 77 3 62 84 86 39 78 85 18 42 73 56 40 89 86 13 83 76 26 96 89 47 2 42 41 71 87 97 16 88 80 52 63 42 7 64 16 71 73 10 46 5 91 65 64 34 34 1 88 50 74 73 84 80 54 31 6 33 46 15 22 40 34 6 7 5 12 75 72 23 18 87 53 62 49 30 41 32 26 26 63 42 82 4 69 100 20 80 70 25 15 10 63 42 79 4 85 28 68 51 90 56 68 86 2 56 79 37 24 55 39 87 26 9 36 84 28 91 100 65 71 63 28 27 2 44 76 8 47 78 51 87 13 88 55 5 38 61 80 72 24 97 10 99 68 84 54 46 22 36 46 53 13 51 42 81 29 57 80 56 64 51 31 15 66 43 1 36 50 49 2 98 36 68 63 40 81 78 59 4 54 5 33 95 88 61 58 5 39 38 89 92 28 61 6 46 65 20 81 96 92 20 37 66 57 46 76 96 46 88 7 21 48 58 40 14 20 70 16 21 92 14 20 53 49 15 63 35 40 39 25 3 90 41 4 12 57 37 17 77 71 50 10 81 39 99 75 66 36 73 93 71 40 83 70 20 7 60 29 65 30 29 96 19 14 79 39 28 66 46 99 44 52 3 86 67 45 56 59 57 19 4 63 23 22 58 36 29 58 36 2 86 26 29 51 66 14 86 65 49 20 28 64 53 75 40 68 64 74 18 10 6 88 68 90 21 42 99 60 51 88 52 72 54 92 59 78 81 47 19 83 51 23 70 17 84 87 99 1 68 22 8 90 31 66 77 93 95 12 78 29 26 67 87 43 22 32 29 83 70 8 86 26 87 73 95 25 55 79 47 6 92 15 40 77 31 99 58 4 40 29 34 5 36 27 58 12 65 26 17 61 26 94 60 17 32 32 6 49 39 99
533
18 26 84 91 48 50 68 59 33 78 68 44 84 65 70 23 66 13 27 25 69 74 85 90 8 72 97 100 42 37 81 39 64 41 42 69 24 87 48 43 84 30 96 81 58 47 8 76 23 9 46 77 46 93 89 1 60 94 52 70 76 92 15 13 27 49 34 80 16 84 66 58 47 53 61 5 5 96 82 47 61 56 79 81 11 35 43 82 4 28 48 39 42 34 8 29 32 33 10 23 11 73 53 20 98 95 21 90 67 6 75 68 6 52 4 97 30 65 94 74 80 51 90 76 23 15 73 36 60 32 29 25 45 43 19 5 68 11 18 16 94 98 99 46 37 37 49 59 57 46 47 16 74 24 75 36 26 59 49 19 49 92 42 67 21 39 16 72 96 54 26 41 33 13 98 21 78 50 61 61 89 4 5 10 8 19 97 57 60 32 49 19 17 42 4 16 30 94 52 9 100 26 76 79 81 84 74 48 54 24 37 48 42 4 90 17 97 31 91 21 71 36 63 3 97 38 79 95 48 1 31 93 78 51 95 53 34 14 96 92 79 45 68 42 76 10 38 88 11 64 96 1 16 95 57 52 88 72 97 41 32 67 96 71 69 61 36 50 93 69 50 40 5 57 26 94 15 82 91 84 26 20 15 35 95 31 53 98 18 38 95 44 83 30 57 3 44 39 48 7 10 34 4 38 76 40 89 20 30 25 9 83 8 5 37 59 25 64 25 52 86 47 44 88 13 98 84 67 56 48 87 79 11 5 97 34 76 84 95 7 84 38 81 3 87 60 95 79 79 85 55 1 17 46 80 69 64 65 63 66 38 83 55 76 57 29 44 33 38 60 4 55 16 43 1 75 7 72 48 50 41 77 10 82 70 82 71 39 92 24 22 7 72 20 25 99 71 82 93 51 75 52 61 51 68 15 55 20 11 92 20 34 19 78 16 50 81 41 47 22 91 72 25 46 84 85 99 85 12 1 65 82 8 55 12 21 41 13 32 39 80 90 2 42 29 41 62 87 16 63 28 42 18 2 3 57 18 53 92 55 44 42 96 92 53 27 67 89 95 46 34 6 6 46 19 44 43 51 78 21 48 15 12 76 55 24 42 33 94 89 67 10 20 1 11 41 64 28 72 9 83 64 41 1 23 18 71 24 90 56 54 88 36 26 97 17 17 14 23 88 61 59 6 24 100 21 30 67 35 42 38 33 80
452
93 73 57 25 51 19 6 68 67 78 78 5 39 28 87 23 36 100 87 8 59 78 59 71 99 14 27 50 59 24 10 40 17 50 80 35 14 54 85 33 44 74 30 37 76 49 73 83 25 70 60 99 26 72 88 2 39 71 73 95 57 42 61 61 30 5 63 72 93 66 99 25 34 99 32 43 45 83 40 64 26 19 92 83 51 87 52 23 77 100 61 35 57 1 82 61 95 5 52 36 53 81 2 80 79 33 66 88 27 13 71 35 47 85 39 83 46 37 43 96 22 43 65 15 60 8 58 93 49 40 11 75 69 53 94 26 89 85 45 96 18 76 25 69 92 10 18 50 17 49 64 15 35 22 76 51 97 44 69 78 1 49 91 97 92 87 90 18 34 43 85 29 57 86 28 51 31 79 84 85 86 50 97 3 19 85 78 76 79 100 49 9 54 97 28 46 92 44 29 17 33 99 41 69 99 63 31 84 94 36 52 54 97 22 17 19 69 3 73 70 85 47 3 89 38 2 96 8 8 95 86 76 95 55 8 65 36 44 83 91 46 63 30 6 4 99 100 60 76 18 15 81 97 29 30 75 6 86 46 86 7 42 81 78 40 45 95 46 89 40 96 15 11 97 46 59 15 21 7 1 52 37 86 66 83 78 75 97 29 27 45 22 44 37 38 38 54 79 39 87 2 34 6 8 79 88 4 24 39 96 99 75 73 34 34 100 57 85 69 80 88 36 50 11 99 84 34 22 93 23 59 32 58 35 85 65 66 6 95 70 55 37 2 85 87 8 44 2 90 100 82 62 3 71 47 69 15 42 39 95 69 82 85 22 97 46 45 92 38 26 7 60 100 37 81 18 32 48 82 48 32 73 81 55 79 95 9 61 59 71 6 32 72 49 36 83 45 29 67 80 52 61 55 82 63 2 90 4 53 43 92 32 43 93 73 4 13 29 68 79 96 99 69 4 53 53 21 20 81 20 34 24 33 26 54 24 29 40 32 12 56 76 73 93 90 50 88 10 87 44 68 72
679
7 84 34 36 19 45 32 79 78 98 38 33 79 91 56 92 81 46 8 97 97 64 4 29 33 42 11 34 70 80 52 62 73 28 15 22 45 70 71 85 87 36 50 36 80 4 12 55 77 68 60 45 31 86 15 53 70 65 77 37 93 38 36 3 9 36 73 96 26 16 1 48 73 5 30 43 27 42 15 59 26 59 60 19 88 62 49 94 80 50 26 49 10 53 28 88 68 35 67 77 39 19 81 42 22 64 11 18 9 72 41 1 5 24 67 47 68 13 46 87 46 29 2 28 69 91 5 77 3 40 6 73 85 16 31 74 79 10 43 95 40 80 66 32 40 83 97 85 13 48 56 97 79 14 92 80 73 29 75 71 87 43 55 71 84 1 33 42 52 56 66 69 56 18 94 34 94 43 50 48 68 28 82 48 88 49 14 74 11 12 81 64 66 4 82 20 33 74 48 56 17 14 44 35 39 28 77 21 63 45 34 19 91 73 58 28 83 13 6 90 99 63 61 86 58 1 98 2 49 57 70 97 71 63 9 29 78 60 100 41 66 9 88 81 23 17 57 65 67 63 54 9 24 5 67 27 98 49 56 86 35 70 85 57 23 85 89 54 81 75 6 83 50 28 29 21 98 85 19 2 99 13 9 1 88 12 16 58 60 14 24 62 45 89 12 52 25 50 47 99 35 5 66 75 58 5 78 88 42 36 6 71 76 99 80 13 48 18 55 61 95 4 40 28 65 28 87 99 46 6 16 25 13 45 33 7 87 1 78 31 82 66 5 43 34 43 77 72 90 47 97 88 35 7 10 43 30 56 61 84 75 70 83 11 85 52 10 23 44 85 45 61 86 10 33 43 42 43 4 1 11 10 52 23 54 58 91 6 54 47 16 90 59 24 80 35 33 79 53 75 87 2 70 25 46 100 82 45 50 64 23 62 37 23 5 85 100 5 49 24 60 50 9 50 62 90 71 40 32 62 20 14 4 73 5 59 79 52 86 30 67 19 68 89 35 27 25 77 46 70 20 16 43 28 77 63 8 96 19 43 14 17 71 63 83 1 85 84 94 15 7 52 34 88 84 39 52 5 46 22 79 35 33 38 41 87 35 87 82 25 19 80 23 36 8 77 71 91 79 43 27 50 50 67 36 19 20 47 11 89 16 64 79 38 44 71 58 58 13 85 32 28 64 32 58 74 52 60 88 61 67 61 58 24 9 2 33 87 57 61 61 100 18 91 61 31 14 23 29 31 65 29 50 10 63 35 22 64 60 66 69 64 88 3 43 16 36 33 71 11 91 60 63 34 27 15 57 89 45 13 58 31 1 16 77 38 73 29 70 63 41 95 75 71 87 17 59 51 82 4 49 3 67 65 21 80 87 96 91 60 24 37 54 75 94 14 69 46 54 94 48 77 16 36 96 44 3 92 94 55 81 97 40 6 46 16 84 10 65 62 30 69 49 94 37 41 41 61 83 76 98 99 90 91 79 29 5 83 69 99 17 56 78 38 18 45 15 37 67 62 17 86 21 54 84 77 38 78 4
13
61 74 5 69 63 38 50 8 87 85 35 16 40
293
91 33 21 39 92 70 80 96 32 79 73 76 39 94 55 8 81 28 9 95 6 97 64 96 63 18 13 66 74 9 64 51 21 52 93 100 92 97 6 30 55 22 95 20 60 44 84 45 27 68 61 46 82 100 3 76 30 75 3 1 25 76 36 4 51 27 6 1 33 67 87 11 49 10 2 33 20 95 32 74 91 97 50 38 15 69 38 49 87 25 51 59 39 8 77 97 7 45 78 88 41 38 84 76 33 49 53 41 19 86 78 23 82 25 54 74 20 3 30 77 17 48 93 59 5 85 32 61 27 30 59 60 2 15 11 42 33 75 21 45 52 77 88 69 48 95 44 87 63 41 19 69 66 12 44 59 24 76 72 63 33 84 13 97 54 61 23 54 1 23 41 73 46 98 4 43 71 77 90 19 43 63 81 37 19 3 31 86 36 38 37 2 50 46 88 22 98 21 86 1 16 4 48 18 65 82 85 82 3 34 39 22 86 71 28 15 95 27 95 30 58 54 61 98 100 33 52 84 49 8 99 91 87 24 21 51 100 23 75 94 69 31 45 62 60 94 61 87 34 2 1 37 6 26 56 36 22 54 64 84 97 47 46 27 64 51 50 55 59 33 11 33 16 35 9 29 60 32 96 41 31 70 16 57 19 32 21 59 93 66 33 95 88
4
93 91 55 2
909
37 80 36 90 42 43 46 76 75 92 92 58 7 39 43 43 92 92 18 66 52 37 61 25 39 28 20 52 77 24 53 8 7 55 50 81 78 70 12 6 55 10 72 50 69 25 68 46 22 97 45 16 4 25 34 72 40 86 57 24 96 66 10 31 19 60 56 85 58 55 71 80 27 89 45 66 92 55 38 62 58 1 81 58 72 10 92 21 16 38 49 45 29 61 78 11 48 15 50 49 90 66 93 72 73 77 47 89 10 13 98 11 89 57 85 60 32 46 57 41 43 5 65 100 60 21 94 53 24 58 27 32 10 11 81 38 56 24 69 40 51 44 11 80 48 7 20 24 49 2 74 1 22 10 30 94 57 10 70 79 74 87 39 65 95 57 21 12 13 62 42 93 82 42 8 75 52 8 98 65 76 9 66 95 54 32 74 38 88 36 78 81 11 76 67 30 89 35 3 88 78 26 34 71 17 8 92 60 92 41 41 27 1 77 57 5 89 16 6 71 52 88 4 56 95 89 48 14 54 26 42 33 93 10 80 44 69 93 96 48 6 19 92 57 5 11 44 54 64 24 23 23 24 23 95 46 72 67 14 100 68 16 59 58 72 34 42 62 91 51 74 97 77 91 91 23 79 19 25 96 4 34 92 81 1 24 9 10 38 55 10 37 77 89 44 1 81 92 6 16 60 31 60 50 82 48 26 100 1 59 1 57 44 63 59 84 57 29 15 3 93 81 61 16 62 79 72 5 53 50 59 36 7 63 14 33 14 18 75 73 85 24 10 60 97 30 4 23 69 90 60 99 23 84 47 29 18 93 77 14 61 26 2 3 29 46 100 82 30 39 86 19 26 27 5 22 16 68 61 55 64 76 1 21 69 78 98 46 94 3 60 17 51 57 52 98 100 78 93 18 52 74 91 8 55 67 29 82 2 100 66 29 1 89 33 57 14 2 52 88 12 40 25 12 21 94 17 70 26 50 95 82 71 75 53 41 97 60 59 97 43 81 11 11 63 33 70 1 33 43 98 83 38 26 21 75 48 71 87 82 88 89 60 55 68 83 66 70 58 59 53 26 17 93 69 3 81 17 28 76 59 57 80 2 66 59 25 40 21 77 7 10 89 20 59 16 83 33 66 95 94 37 7 15 10 93 12 19 81 2 67 2 72 56 93 60 14 89 51 21 16 26 22 75 9 39 1 62 80 12 20 60 40 88 17 13 59 87 4 7 88 50 67 68 36 64 49 32 36 60 88 99 96 36 46 18 12 78 6 89 95 96 48 26 85 48 77 96 52 45 19 74 30 17 35 72 96 77 100 4 48 99 21 80 31 22 81 35 72 93 97 83 58 19 37 18 96 39 90 54 47 80 28 38 50 8 4 57 4 70 48 54 47 20 7 16 57 65 65 20 33 88 51 27 92 72 72 3 77 15 1 12 71 19 93 32 95 66 94 60 45 73 41 2 49 96 99 10 23 71 28 40 43 64 65 38 25 49 2 1 21 71 82 9 60 36 14 5 53 61 55 48 74 100 55 26 36 87 96 14 66 9 51 35 7 62 100 83 60 54 6 87 8 82 49 69 16 16 47 36 73 40 84 78 7 52 95 40 31 22 56 85 97 82 50 65 6 5 90 1 2 73 4 95 65 32 35 98 46 90 35 77 24 57 33 82 58 16 70 96 52 23 2 15 26 55 46 68 20 48 45 3 10 73 43 30 11 56 86 53 12 87 87 39 33 68 64 20 42 81 83 69 83 21 91 1 95 60 82 27 97 7 94 15 100 24 56 71 73 47 12 55 86 23 97 30 98 39 98 93 61 55 26 36 98 13 74 89 32 49 33 46 45 71 68 51 26 18 45 82 14 39 40 38 33 51 69 87 83 22 79 79 51 54 76 97 85 52 52 57 95 71 89 94 53 15 11 90 1 62 64 3 65 44 94 14 2 74 100 91 24 21 75 71 2 7 40 49 94 36 88 35 66 100 99 21 29 34 21 73 85 20 48 51 74 5 65 39 29 65 100 9 41 72 58 24 8 69 94 70 21 35 20 93 58 26 7 49 1
112
29 99 92 45 26 54 22 60 13 13 18 55 31 16 31 16 14 99 99 86 28 83 50 63 41 36 86 75 40 9 94 11 89 47 66 32 13 35 70 58 30 20 82 19 78 24 51 49 26 20 5 33 51 76 31 9 81 99 55 17 15 96 100 42 6 53 35 38 92 41 47 45 27 35 33 84 37 24 64 29 3 31 61 56 43 83 4 36 14 37 34 67 30 33 24 25 46 72 2 78 77 62 40 21 87 75 39 29 88 18 17 40
404
11 35 40 42 59 78 62 30 53 65 58 38 62 13 72 30 24 13 15 29 43 54 78 73 37 9 32 22 82 29 69 58 28 87 67 49 19 19 75 31 96 15 70 97 84 70 6 65 29 70 97 79 55 88 60 56 83 27 52 52 76 71 59 58 77 85 84 50 87 27 77 65 71 71 25 10 39 83 43 3 45 54 32 78 65 60 23 73 48 76 57 99 59 66 91 4 11 4 13 64 10 80 5 66 82 69 70 35 11 86 29 3 35 57 2 84 21 79 100 13 66 16 44 96 47 32 60 2 22 1 2 45 19 55 19 4 94 18 43 90 52 62 49 72 64 54 42 3 99 49 49 15 29 35 68 55 27 31 30 90 76 77 6 14 29 9 71 93 78 18 39 4 39 18 49 4 46 9 51 68 49 40 10 17 91 44 70 80 61 21 48 44 87 47 37 91 47 5 9 82 6 49 67 34 72 24 28 54 95 22 33 55 5 69 29 92 33 29 10 55 48 4 65 36 78 100 20 36 80 37 16 81 82 64 62 71 21 29 34 42 75 51 44 58 47 27 18 57 41 65 9 85 81 43 59 92 61 73 40 86 61 99 91 94 52 22 53 40 27 13 57 25 19 100 59 37 63 11 94 66 6 80 2 91 7 7 31 46 78 56 23 42 69 21 27 50 16 70 85 6 59 10 87 27 98 93 31 27 16 58 33 12 74 86 4 20 76 68 12 84 45 18 49 46 66 1 59 51 78 85 88 60 8 75 28 92 43 19 41 70 14 53 94 96 46 73 7 58 53 45 60 63 43 19 71 79 77 6 38 44 23 11 50 2 79 72 54 6 38 83 61 48 7 91 15 64 97 81 28 93 52 94 90 93 84 66 78 30 56 16 24 70 26 89 66 69 92 8 46 18 18 78 16 86
729
21 26 22 59 21 77 51 47 39 74 28 9 94 28 60 8 36 69 39 80 38 88 58 43 20 84 89 19 88 37 76 38 54 22 2 42 73 66 89 8 76 89 3 44 70 75 38 97 38 54 70 15 44 56 3 54 83 91 70 99 30 39 66 13 5 50 75 72 27 12 1 72 1 42 50 23 20 29 58 25 78 98 40 3 22 8 9 27 48 3 26 20 8 18 53 94 73 24 62 96 37 94 65 57 8 28 45 67 71 28 57 86 18 44 71 21 68 75 12 99 53 100 19 54 10 1 59 75 69 7 92 59 41 100 69 35 92 15 30 29 97 76 2 95 45 40 82 23 99 26 36 12 41 30 86 28 74 82 20 6 39 65 1 13 28 34 32 37 30 79 12 16 24 8 74 78 33 78 46 31 64 55 6 7 14 43 83 60 81 24 50 12 23 23 10 15 39 72 32 21 66 57 34 85 55 36 5 80 48 58 93 14 42 86 71 73 51 44 9 38 8 36 46 1 49 5 85 46 90 3 37 32 19 46 67 11 16 29 35 4 79 93 41 58 64 32 53 48 71 38 61 55 84 36 90 80 60 45 75 31 29 38 6 68 10 81 15 88 23 39 79 39 16 40 59 97 94 28 76 27 70 56 71 1 59 84 77 61 1 4 92 74 4 6 100 36 55 98 71 54 21 64 58 92 97 1 87 28 25 70 69 83 7 97 20 95 75 71 73 77 41 74 6 53 39 31 10 72 15 98 81 82 44 53 70 13 83 50 20 18 58 51 21 45 16 97 23 20 40 63 8 92 7 61 86 2 90 50 11 42 26 23 66 64 65 91 97 1 29 40 73 73 53 40 63 81 26 81 90 59 63 60 45 68 75 96 44 76 57 67 14 80 36 55 26 98 48 48 60 59 72 100 19 7 73 12 14 60 7 32 88 87 8 90 20 63 32 70 86 63 66 8 97 18 28 54 77 74 87 57 97 61 64 56 2 97 39 62 94 87 56 89 100 5 65 21 72 24 15 54 30 54 95 95 97 13 67 48 35 77 6 34 78 50 88 69 15 60 32 41 28 95 65 12 38 93 19 58 15 36 98 63 13 40 39 58 93 24 7 83 35 11 74 31 50 50 58 27 4 6 25 12 47 51 100 13 27 46 34 22 2 30 94 18 90 93 12 7 43 12 90 64 84 56 25 77 1 76 28 18 67 35 86 63 15 10 65 20 2 75 59 69 83 58 99 61 88 4 44 43 86 94 58 29 61 81 9 39 12 90 98 40 83 8 98 24 12 87 76 84 79 15 18 32 8 61 8 86 64 77 100 12 37 51 21 99 86 95 39 36 95 23 65 66 46 30 6 37 1 72 56 70 25 42 18 8 84 60 87 72 91 3 7 60 57 67 79 85 96 79 42 92 5 34 96 29 25 46 88 74 69 50 36 64 31 14 22 91 98 24 51 85 58 75 10 32 14 79 2 73 26 74 6 24 80 67 20 57 26 7 71 45 61 50 60 18 30 1 75 51 81 9 78 16 5 88 44 81 62 22 15 41 61 80 6 30 49 76 3 86 67 22 100 80 66 37 25 11 46 9 29 77 52 40 86 62 27 57 22 22 29 89 87 81 65 84 18 86 3 4 66 10 56 8 50 72 70 2 93
304
38 89 27 85 65 5 97 66 1 3 57 45 35 29 33 24 83 14 5 100 91 89 97 84 34 27 87 53 48 27 40 65 8 40 13 55 24 97 72 19 16 27 93 63 72 41 85 18 12 32 70 83 97 72 76 53 57 30 90 70 3 33 61 33 63 27 63 83 97 70 74 100 76 68 7 15 12 65 25 28 17 16 29 72 18 26 67 28 26 6 51 39 22 28 1 21 71 2 73 29 24 1 56 1 82 1 90 8 51 92 3 94 75 9 36 48 75 27 58 97 90 58 32 34 96 92 19 2 29 24 90 85 64 35 21 13 60 92 7 69 42 57 59 76 42 11 60 37 34 76 84 27 16 6 18 4 42 9 57 49 64 61 68 27 18 12 43 60 59 23 57 46 11 51 86 50 9 95 67 27 61 40 82 65 9 5 9 11 12 51 11 16 62 94 12 13 97 73 43 86 48 80 20 31 70 99 30 44 32 97 18 35 6 63 46 42 42 84 88 90 37 10 5 37 80 62 38 81 70 98 33 20 96 40 8 36 91 12 16 97 61 52 22 100 82 37 62 76 76 65 43 88 55 33 20 5 29 85 4 76 31 89 23 53 94 38 86 6 45 84 98 14 72 31 77 5 92 78 70 9 17 56 70 38 48 51 53 59 3 89 99 79 3 15 70 47 38 49 11 33 82 29 6 32
752
73 19 6 51 97 82 10 35 24 80 55 34 8 16 40 14 82 100 36 79 28 67 95 73 30 25 86 53 92 88 43 30 16 59 59 77 88 90 23 64 66 1 92 90 16 1 31 87 77 64 52 61 9 8 42 16 30 51 52 90 14 71 31 80 95 15 89 28 11 21 86 41 85 100 11 85 40 93 91 84 16 56 88 94 25 2 81 92 5 6 75 52 27 48 97 26 24 84 68 74 100 59 54 29 26 36 65 7 54 54 73 89 95 75 12 39 18 50 26 56 5 8 21 59 58 12 81 55 84 35 14 22 36 25 61 53 56 36 41 37 68 36 75 73 24 73 43 75 50 69 88 41 46 3 15 13 54 72 51 80 50 69 53 50 25 73 94 75 31 24 63 36 13 41 28 1 12 91 11 100 59 70 51 30 100 18 14 26 70 91 96 60 38 78 86 49 60 66 96 26 46 95 11 34 99 92 9 67 3 36 54 64 16 37 40 58 6 54 32 100 88 88 7 56 11 30 22 53 44 20 91 14 73 93 44 67 73 38 76 64 30 29 93 39 92 43 38 3 36 82 100 37 81 9 15 42 56 64 96 59 48 68 13 69 25 63 83 97 72 57 57 69 97 15 43 10 57 32 19 34 59 27 93 39 63 32 62 23 65 65 91 59 53 11 20 6 78 93 76 80 51 82 72 73 38 8 75 48 56 58 45 69 12 76 27 20 29 12 46 35 59 24 77 39 10 78 83 30 66 48 18 65 67 46 60 16 8 82 53 43 66 49 19 34 90 53 80 27 32 34 6 39 88 39 68 22 76 69 18 27 77 14 57 68 21 71 46 67 45 90 99 36 9 91 31 45 61 47 48 30 28 84 32 76 95 97 20 11 22 34 11 5 91 31 75 27 87 48 20 99 17 48 53 35 70 58 86 97 81 24 67 50 22 5 75 36 1 8 50 43 88 71 5 11 22 33 45 64 45 34 82 74 68 83 50 42 9 18 33 85 36 71 21 88 42 96 67 39 64 79 93 48 19 15 76 15 36 72 49 47 91 71 2 31 28 97 64 95 21 58 21 80 8 96 74 91 77 34 47 13 37 98 77 5 61 93 73 84 83 67 25 43 70 63 98 15 27 55 54 9 64 54 72 88 53 91 73 20 12 95 43 83 99 66 29 54 55 21 60 57 93 82 11 77 79 67 92 9 25 29 86 62 44 18 17 31 29 20 95 66 88 64 100 77 8 100 72 67 77 16 35 56 12 61 19 64 79 64 7 62 42 52 34 70 24 5 96 73 2 17 2 56 46 70 77 37 97 17 82 23 64 76 61 99 83 34 24 65 76 79 89 90 64 61 2 48 39 14 72 2 85 54 26 37 6 100 81 86 69 74 71 29 67 6 48 93 33 64 35 22 16 37 23 86 87 68 62 48 84 78 45 20 13 34 26 98 5 42 16 55 36 37 57 57 11 91 8 40 95 55 57 41 41 64 42 97 87 32 36 7 4 18 21 46 78 11 76 51 30 8 7 12 52 96 41 17 69 69 13 88 9 95 76 18 74 9 59 35 68 49 56 28 43 63 67 20 41 62 53 29 9 57 50 42 66 80 14 53 94 85 44 68 56 79 48 72 62 23 42 15 97 33 21 2 9 30 33 83 41 59 45 45 13 45 46 56 29 57 15 91 32 6 29 27 94 34 54 27 98 23 37 49
266
84 39 3 85 74 11 93 53 7 73 77 72 97 1 5 42 92 33 79 98 89 81 94 22 35 71 44 63 63 99 78 8 35 21 27 39 16 12 50 6 63 39 88 2 29 46 22 100 26 100 48 47 28 44 25 47 8 82 66 68 42 13 14 62 60 18 13 97 89 67 83 95 51 81 62 87 44 81 71 70 80 37 23 69 19 98 23 31 68 38 93 81 74 1 12 3 86 84 71 96 48 18 8 41 64 30 66 28 15 84 100 83 75 96 88 40 69 52 39 31 16 55 89 15 26 56 61 100 90 52 32 64 26 55 60 79 4 84 1 29 23 53 82 72 32 91 24 15 8 6 86 84 60 65 100 88 67 21 18 35 98 3 98 57 71 30 17 35 48 95 29 44 63 68 47 65 26 15 92 59 82 100 34 37 33 99 100 32 76 1 72 48 66 25 85 64 71 55 27 8 24 7 79 14 49 85 49 72 66 42 4 10 96 89 67 67 84 60 58 63 73 30 78 57 46 88 92 92 4 5 68 81 34 6 32 32 85 41 11 33 92 49 65 92 98 91 34 30 2 7 65 81 50 69 76 85 58 82 62 25 74 57 57 82 64 58
537
82 56 39 49 15 24 75 86 32 75 53 28 15 96 62 31 17 51 99 65 30 3 34 61 64 96 90 91 28 89 90 19 39 61 87 11 100 79 20 54 6 18 49 2 29 41 1 37 9 100 76 89 84 98 46 81 64 73 17 89 17 92 85 52 25 73 81 2 3 55 20 67 74 46 1 14 7 99 88 46 32 25 37 37 4 30 24 71 27 50 79 71 71 89 12 32 12 96 35 79 27 66 1 61 89 39 52 30 53 50 10 70 12 3 43 11 46 50 47 78 68 25 84 4 79 46 92 97 6 87 8 16 46 67 60 83 5 15 34 9 76 26 33 91 88 10 27 55 25 32 89 85 21 33 28 14 92 62 92 3 98 28 99 7 85 80 7 66 32 87 21 91 47 53 2 72 99 50 34 31 98 52 72 74 79 46 93 35 61 31 69 62 16 53 82 62 72 54 14 49 28 41 91 31 35 2 2 75 9 97 52 83 3 78 3 52 50 1 83 21 37 52 17 1 71 86 14 7 34 52 76 25 43 25 42 93 48 87 45 22 62 88 83 21 69 36 71 7 8 11 63 84 47 39 48 36 62 65 89 68 71 3 65 87 79 50 10 21 41 4 89 49 23 56 13 79 4 56 57 57 38 16 25 19 100 9 37 19 21 58 35 10 25 36 84 50 54 24 64 12 68 89 9 57 96 99 34 21 72 53 31 48 98 79 87 66 95 97 25 72 84 47 49 63 13 51 100 35 9 62 9 59 94 85 98 26 89 78 34 1 24 54 56 5 66 9 66 19 20 68 36 50 1 39 9 44 48 61 51 67 17 71 36 72 94 38 85 99 53 14 57 5 17 29 35 62 34 26 20 4 67 98 76 91 90 92 25 69 60 2 92 69 80 41 64 17 30 87 38 59 44 25 98 1 22 14 8 80 93 85 48 7 9 22 64 19 26 80 19 80 93 34 50 16 27 88 43 99 60 62 60 55 92 59 78 60 80 2 76 4 61 3 17 7 14 15 15 48 41 38 54 21 89 42 20 92 92 41 50 84 47 38 81 95 17 42 64 22 46 48 50 83 74 18 63 50 72 43 34 20 88 92 65 91 84 97 45 1 94 68 99 50 11 86 9 12 18 82 69 93 5 27 60 98 29 46 61 13 37 55 84 13 95 61 19 11 2 57 4 78 74 94 76 18 49 6 12 29 47 63 55 61 29 80 26 74 43
177
13 50 79 71 4 78 74 97 27 81 45 87 39 80 50 85 66 47 29 74 87 47 61 90 86 29 12 70 83 16 54 69 28 49 64 92 75 80 96 33 73 79 77 81 54 62 33 52 21 61 77 16 11 69 32 73 31 52 69 66 90 10 81 86 35 23 12 74 42 78 63 84 10 99 88 37 73 22 89 97 39 35 90 36 97 97 21 4 60 94 50 36 47 41 33 15 42 95 66 100 74 32 28 54 92 14 58 52 60 1 18 19 68 61 36 91 85 72 74 77 56 72 83 61 79 99 3 54 85 59 11 37 51 65 68 24 33 41 5 58 48 30 15 92 57 65 82 8 100 43 3 78 87 21 84 29 91 12 94 1 9 3 4 58 23 17 10 42 79 21 77 77 16 83 48 29 81
489
23 92 99 33 52 43 75 96 12 82 99 63 36 26 45 66 30 35 22 3 83 73 43 65 67 90 62 92 41 64 32 15 41 37 14 11 26 95 58 94 50 90 25 9 69 89 60 50 45 17 64 67 59 23 57 75 5 15 76 97 74 85 98 24 37 71 8 100 3 20 38 88 38 64 12 78 76 39 91 12 70 62 16 75 76 83 47 3 45 79 98 23 67 8 55 42 40 92 28 87 11 48 80 34 84 29 71 13 2 33 98 7 44 22 25 11 55 82 75 92 48 67 8 73 87 33 100 22 40 49 35 58 45 57 14 37 21 73 38 48 83 75 31 79 98 32 28 50 73 77 92 36 81 31 65 16 85 13 45 56 52 53 72 56 23 26 88 45 80 55 86 67 36 75 7 96 72 29 18 39 61 27 95 64 100 43 5 78 36 81 78 82 74 7 6 94 69 69 24 64 14 100 73 11 31 32 29 51 44 88 8 90 47 13 85 95 47 27 42 96 13 14 38 62 75 12 7 58 49 47 87 99 97 37 39 27 8 78 11 14 19 56 88 79 77 54 15 62 74 40 44 17 52 96 57 81 97 81 61 2 27 29 65 59 84 99 45 52 87 37 25 85 35 70 66 25 55 9 72 40 88 88 53 81 62 91 74 7 53 83 10 43 81 78 62 46 3 30 31 45 57 67 24 99 77 3 24 57 42 76 81 4 76 7 64 63 7 1 60 55 32 87 95 5 71 96 86 30 28 24 12 94 59 98 26 34 82 58 75 6 84 61 2 43 64 29 18 33 81 46 15 9 53 83 46 16 26 16 94 76 39 33 67 52 59 18 12 23 21 29 32 84 90 22 52 33 48 9 98 67 2 12 29 8 9 41 92 98 9 74 82 17 98 100 98 93 69 40 65 51 29 96 44 96 96 78 11 24 88 39 51 93 70 93 83 28 12 92 99 41 21 20 13 40 79 65 96 53 47 82 76 20 26 99 43 82 26 64 72 67 27 84 20 13 31 86 34 22 79 99 73 52 1 91 57 43 8 84 52 78 14 81 59 32 49 97 19 42 48 14 63 32 83 73 16 65 79 99 16 6 8 9 61 50 49 96 51 66 89
314
50 90 9 72 27 2 38 72 2 53 29 55 18 8 49 86 2 63 75 42 9 37 61 90 4 92 67 82 70 70 30 83 60 8 57 93 19 48 3 64 63 26 38 91 60 86 14 21 48 40 1 61 30 25 20 3 73 83 30 82 39 85 27 59 8 66 96 47 60 29 73 4 40 51 25 24 58 39 27 79 71 37 27 30 57 30 41 12 26 33 12 67 43 65 53 52 9 99 76 65 88 52 68 88 75 57 3 83 30 66 79 11 60 27 61 68 11 29 51 23 84 64 59 46 87 4 76 73 99 56 40 48 48 4 43 12 23 76 16 25 96 82 3 82 85 65 14 33 45 6 32 52 83 97 94 8 40 83 40 86 68 20 55 57 49 45 59 17 50 7 37 11 60 22 76 85 65 33 33 80 34 63 34 46 23 25 32 16 42 30 5 3 14 56 100 84 33 77 76 7 16 48 83 98 37 27 5 21 28 59 84 21 92 99 46 7 15 87 94 50 52 18 95 82 94 88 49 16 36 74 49 97 72 33 75 4 24 62 94 96 35 61 66 35 73 16 26 24 90 44 28 57 69 98 39 47 39 4 89 67 1 28 81 37 14 58 18 62 59 34 84 81 13 95 67 20 99 66 100 88 37 45 87 86 56 37 32 17 23 24 67 98 71 62 70 10 91 50 44 13 81 66 95 100 3 3 54 63 36 7 54 60 1 97
292
77 34 51 5 53 26 36 67 2 76 49 32 58 54 16 43 85 82 69 74 93 61 61 57 61 98 100 49 75 91 51 36 9 25 51 96 84 81 84 16 30 17 40 71 59 44 46 73 17 85 16 78 40 73 59 64 60 75 5 42 66 65 99 36 86 5 87 53 91 67 7 51 77 57 52 88 12 47 31 19 2 31 42 17 15 45 18 51 99 8 52 37 83 22 55 29 26 10 1 51 87 91 69 100 59 10 47 50 9 56 97 47 11 91 5 63 27 54 86 77 82 46 91 77 68 66 97 82 31 33 43 41 64 19 37 35 71 2 75 60 64 78 83 59 59 91 91 99 3 21 71 44 86 32 19 91 50 51 36 29 82 37 45 95 49 60 20 56 34 31 97 27 68 91 10 46 27 76 8 10 18 6 95 93 96 79 17 44 30 100 53 78 52 57 37 20 81 12 33 78 9 52 80 5 29 18 85 13 96 30 22 37 52 100 59 99 15 51 27 76 28 99 69 21 92 25 53 85 57 24 34 94 6 8 19 12 71 62 74 54 52 11 77 72 70 5 7 21 1 35 75 27 64 85 3 82 56 70 63 83 5 98 37 40 42 70 38 83 25 10 78 51 73 25 97 28 55 90 45 4 24 13 62 23 22 35 97 49 1 57 69 72
720
76 39 30 54 37 45 18 54 93 18 93 64 46 83 67 1 67 44 1 68 54 28 23 11 16 26 92 84 16 60 28 63 44 67 25 35 20 60 75 54 48 77 23 30 16 59 62 34 44 49 53 76 86 99 28 44 6 59 32 28 32 42 91 25 42 13 54 21 13 61 45 40 49 92 86 25 75 11 2 11 97 65 54 94 69 57 50 100 55 73 43 8 69 80 83 29 69 77 79 34 79 8 22 87 54 34 31 22 67 72 78 64 89 10 36 6 12 57 47 27 53 17 38 15 96 9 73 5 83 62 18 90 75 23 62 83 77 82 42 64 92 46 44 59 30 89 32 69 18 80 13 91 15 65 14 14 39 61 76 99 2 32 89 87 93 59 80 71 34 79 36 58 13 15 74 55 36 86 40 26 69 79 54 89 25 67 46 52 6 21 45 35 28 50 81 68 32 30 55 80 31 39 13 26 64 22 25 35 27 77 21 77 4 51 82 16 93 20 63 87 30 15 16 4 60 49 72 15 73 73 12 79 58 53 65 21 46 5 78 81 43 81 75 54 36 38 6 90 37 82 11 18 29 11 15 16 35 36 85 71 46 68 81 67 25 54 81 5 23 27 7 53 8 78 39 45 56 6 55 84 71 30 31 66 98 29 97 95 37 79 84 74 38 56 6 10 76 46 46 93 16 47 7 42 19 93 88 62 96 57 90 6 100 7 87 12 63 45 59 69 12 26 23 34 72 65 11 47 59 29 13 51 39 49 69 43 34 28 32 40 4 87 2 66 95 61 5 42 92 65 100 90 11 35 70 54 29 60 16 70 98 16 50 14 64 80 42 86 72 65 83 9 78 7 28 83 76 79 7 45 60 26 17 44 70 66 87 37 36 95 65 56 4 60 14 68 15 89 15 40 55 54 4 89 50 22 27 64 86 42 52 16 51 80 64 65 43 26 67 80 40 36 70 31 39 34 56 22 78 85 16 80 48 23 52 59 12 23 71 27 53 1 25 62 80 10 2 3 32 6 25 20 12 87 11 98 62 93 63 62 11 22 91 28 48 15 5 44 28 14 4 80 27 5 92 60 61 6 67 98 72 52 31 78 81 3 5 22 40 91 34 94 85 56 68 20 17 68 38 29 11 83 16 28 27 20 59 33 46 24 1 7 88 73 43 66 53 96 16 62 96 85 37 97 6 90 18 19 12 63 35 38 13 52 14 23 82 75 33 82 30 7 58 89 24 2 79 73 93 73 57 73 72 95 69 75 48 75 31 20 85 11 84 85 4 24 32 48 32 52 75 27 46 71 66 10 55 73 7 90 63 70 86 6 34 81 97 31 59 92 100 17 83 13 62 20 12 9 90 49 26 35 16 50 12 28 94 97 20 5 22 15 17 81 82 66 4 52 92 78 70 81 34 28 63 8 16 13 49 97 83 3 70 23 47 36 73 2 53 39 3 80 86 19 10 2 3 10 38 89 58 68 24 5 4 65 1 42 68 84 44 59 97 90 26 10 99 11 37 2 82 33 44 43 15 24 13 55 68 73 91 83 96 46 95 90 85 23 65 6 7 7 43 19 56 3 30 22 16 86 34 95 36 85 31 95 31 87 97 33 22 14 27 82 55 13 94 84 60 99
593
20 70 46 27 8 37 75 54 100 9 5 21 91 8 31 3 6 34 78 62 87 94 47 66 12 62 16 55 80 91 75 11 98 15 53 62 52 65 3 41 37 18 12 3 86 48 6 64 3 11 24 13 7 42 27 23 72 29 71 28 94 77 58 80 20 51 31 68 38 100 81 69 30 90 63 12 90 36 90 22 12 87 55 77 87 32 37 20 16 99 71 28 6 49 5 59 2 50 100 22 27 33 58 82 54 25 9 30 86 78 70 37 20 83 13 77 74 98 40 37 78 63 64 71 83 47 100 92 59 22 64 2 65 84 53 98 14 30 95 96 68 74 32 93 28 8 73 72 85 13 93 3 69 24 48 20 62 10 78 42 21 79 54 9 38 46 62 38 34 48 7 19 76 60 65 55 27 37 22 3 42 7 12 15 68 65 91 83 47 91 6 45 13 2 79 41 69 43 56 88 43 50 36 9 18 41 61 53 46 83 81 19 93 35 3 35 80 33 74 19 91 51 67 57 67 31 75 46 45 58 88 13 57 85 14 17 83 87 98 74 25 28 79 49 45 94 29 7 47 87 37 89 74 68 97 41 68 13 17 44 14 86 71 40 24 5 70 98 91 74 78 70 46 49 64 28 70 78 64 66 6 46 96 58 28 19 81 86 29 32 65 2 17 96 10 27 8 85 100 29 90 44 34 6 90 70 42 31 21 86 31 47 35 18 21 90 36 48 95 20 54 28 71 2 60 29 94 8 94 30 84 35 100 94 74 1 96 73 73 33 42 12 69 33 54 34 18 64 90 82 72 33 16 58 57 22 67 83 20 81 75 48 31 8 83 41 61 66 30 25 43 39 28 35 36 34 59 16 2 12 50 53 64 87 99 89 67 14 87 67 25 9 58 98 54 7 3 43 65 36 70 20 39 70 83 3 94 98 22 23 91 50 20 82 17 4 37 24 5 61 47 64 8 49 66 20 79 10 80 13 45 25 85 88 33 62 56 66 48 39 40 89 88 91 81 66 81 29 85 58 60 36 85 98 20 10 90 17 50 86 78 78 6 75 66 99 87 51 34 97 47 76 40 40 29 7 94 91 40 1 37 70 87 66 46 89 3 49 12 43 76 7 43 11 97 79 46 10 91 55 81 59 26 91 46 12 38 35 47 56 6 81 64 58 6 61 89 92 85 49 34 29 98 63 2 13 32 32 61 48 38 5 15 16 29 79 11 23 8 83 19 57 75 45 95 18 12 73 3 15 7 88 96 91 53 42 32 97 46 18 97 6 32 93 71 97 51 18 6 7 13 66 58 91 41 55 62 51 75 60 56 62 92 9 7 30 97 63 62 60 42 15 96
760
73 38 27 39 60 1 61 82 44 7 46 65 99 54 7 12 64 84 81 38 22 17 16 45 66 95 59 95 61 10 46 36 14 69 18 68 29 35 85 22 87 94 47 41 10 90 26 37 72 57 68 32 11 3 23 18 8 85 83 100 23 11 90 91 85 77 64 4 61 100 3 55 66 57 100 83 93 93 73 17 64 15 98 55 25 66 80 30 40 84 72 1 85 76 14 8 47 12 17 30 23 79 15 62 59 67 77 43 49 61 7 44 75 83 33 18 5 63 44 5 79 10 30 82 45 49 100 43 87 6 19 43 55 41 14 36 17 94 90 27 8 57 60 27 85 63 56 26 97 3 2 57 82 95 59 75 37 14 54 55 23 31 23 6 2 71 21 53 55 91 81 99 84 86 32 95 91 27 67 28 5 11 8 56 18 55 80 94 35 6 78 37 40 9 24 49 37 97 15 97 3 78 10 14 73 42 31 52 88 47 36 7 48 69 85 68 60 75 38 43 64 86 64 82 68 99 63 3 14 2 5 13 14 76 48 68 51 78 100 46 94 16 4 1 4 22 17 26 22 1 37 49 53 19 91 6 66 59 42 91 54 20 41 64 83 53 68 68 46 51 49 86 84 25 57 76 72 74 68 22 74 67 6 12 82 12 90 84 62 98 20 51 25 54 33 19 93 96 92 52 28 55 78 99 17 27 15 79 59 6 40 27 29 91 33 42 2 36 39 62 100 90 36 44 95 11 21 56 34 19 86 72 1 98 47 38 7 65 21 79 62 83 25 63 54 58 94 82 32 46 84 73 56 35 49 18 22 15 95 74 70 62 32 30 1 30 11 10 62 87 35 92 89 67 85 67 6 8 100 85 60 63 51 27 75 29 22 18 92 48 52 38 34 1 21 69 60 17 26 16 54 86 19 61 100 98 84 89 26 62 5 85 45 49 68 74 34 39 36 19 90 54 67 63 38 40 96 67 27 48 10 59 10 13 43 10 59 78 95 63 24 77 25 64 85 4 21 97 32 56 61 8 90 69 20 76 8 6 41 57 30 82 96 27 58 50 95 35 95 76 85 34 66 80 93 34 80 45 11 62 31 80 85 28 45 54 19 14 8 69 11 72 85 21 54 50 64 18 34 100 26 31 46 100 99 54 97 77 81 86 92 83 38 50 9 100 92 10 68 90 31 58 81 70 35 97 25 50 74 68 6 2 15 76 65 72 78 78 88 87 24 30 44 81 28 11 84 75 16 48 57 53 94 10 4 25 74 18 3 93 4 32 26 45 2 61 63 15 60 76 97 100 90 17 44 9 77 58 33 66 41 43 9 90 4 61 14 92 57 77 37 91 70 95 23 86 87 14 90 66 15 72 69 93 44 79 97 67 81 84 55 40 49 62 52 23 84 72 2 73 89 48 15 60 91 79 97 86 77 37 50 98 84 100 11 33 22 27 72 63 20 89 63 3 34 83 42 38 96 34 76 24 16 2 46 86 99 27 78 43 10 50 2 37 72 17 21 44 46 2 100 32 90 97 91 56 98 50 76 20 77 60 63 69 25 11 36 17 26 35 82 67 43 11 29 84 27 63 51 95 31 89 63 27 96 44 81 44 7 16 61 23 60 50 86 94 55 33 33 57 68 12 34 45 10 69 19 75 62 8 93 82 28 27 9 40 100 82 1 51 26 23 53 34 60 70 17 16 80 78 100 75 83 75 62 25 33 22 91 98
131
2 51 31 50 31 69 21 70 48 40 72 35 97 11 62 58 4 57 21 47 93 56 47 42 43 78 76 39 16 68 72 46 19 84 75 42 28 11 53 31 65 4 64 70 19 19 39 17 44 29 91 100 35 43 72 98 7 94 12 51 38 37 89 5 4 10 10 67 15 37 90 77 19 21 77 65 8 23 18 9 80 99 30 24 82 27 89 49 3 58 64 88 30 93 70 62 68 99 47 51 47 4 31 89 50 12 80 35 96 30 52 60 30 57 100 90 71 49 4 94 51 62 95 47 97 16 35 12 93 4 3
720
37 83 98 84 78 47 69 85 79 98 97 54 52 15 2 61 78 86 16 38 49 32 52 61 44 56 26 3 45 71 8 65 82 11 40 13 24 65 55 31 80 42 18 74 31 10 71 78 57 76 25 49 25 66 83 20 11 60 24 30 3 83 49 42 11 97 12 36 66 75 83 72 11 22 24 6 74 2 66 92 68 96 7 90 35 63 69 100 45 37 53 45 79 75 98 61 85 69 99 40 64 93 69 93 15 16 64 99 47 42 1 67 38 13 23 4 56 55 9 68 25 47 7 28 96 93 76 86 57 86 49 74 61 59 46 30 22 8 73 97 61 82 95 89 49 98 49 29 96 29 9 17 44 13 42 97 38 31 48 49 76 33 99 9 81 41 12 67 95 84 93 81 54 9 96 49 35 7 75 94 16 66 14 99 18 31 46 91 23 41 98 50 81 18 75 84 22 72 98 92 85 74 54 39 3 38 26 24 72 17 33 47 29 24 31 11 41 69 5 26 87 37 84 83 40 40 36 3 27 72 46 30 73 57 95 100 59 71 79 4 30 55 69 19 46 61 43 40 12 89 76 85 36 24 72 84 5 6 49 18 87 25 81 47 3 71 99 74 61 71 65 67 31 79 66 14 63 22 100 77 57 96 75 90 54 86 19 44 36 65 7 53 57 42 95 44 78 48 1 66 9 45 94 39 28 5 47 64 77 69 26 9 17 53 100 92 75 40 91 66 35 43 71 60 74 51 47 38 83 32 93 93 82 81 67 72 79 45 76 73 55 7 52 1 35 29 53 29 88 86 61 35 95 35 38 31 59 53 80 64 31 95 94 3 83 91 56 98 93 78 19 39 88 69 39 35 33 88 29 61 15 42 6 74 4 21 6 43 93 59 7 58 66 91 15 29 78 80 58 92 36 28 35 57 29 70 50 82 11 55 68 2 20 22 50 50 96 20 54 53 76 32 17 10 11 37 28 59 46 30 37 12 74 24 7 51 9 99 57 8 54 37 85 90 85 33 57 98 58 48 94 24 20 43 83 19 60 24 25 87 96 97 24 100 76 74 10 13 98 15 65 40 91 8 95 51 15 57 58 29 30 44 32 7 38 25 13 6 1 79 16 49 16 90 100 87 7 69 9 27 13 48 45 20 14 97 21 58 16 13 49 19 100 34 67 92 12 33 95 67 87 32 71 37 82 57 2 10 80 3 5 2 27 14 29 18 9 57 72 68 88 71 85 2 89 23 90 82 12 100 59 40 61 50 93 62 94 74 95 23 84 32 94 90 94 76 9 16 53 3 97 72 80 14 61 51 41 51 20 15 5 36 98 86 32 52 96 76 16 20 81 84 86 79 18 82 35 15 74 3 26 32 95 2 15 61 73 2 9 82 89 33 20 56 70 85 28 33 63 24 65 35 16 66 57 80 65 17 9 12 24 60 88 64 37 79 58 39 46 22 98 42 88 14 17 77 43 98 68 79 59 4 98 53 73 78 20 3 90 89 5 8 26 62 23 45 32 50 25 41 40 57 67 34 10 5 64 14 48 73 16 25 43 64 14 79 67 13 48 84 90 17 68 50 13 25 61 66 29 45 6 55 38 2 24 29 31 78 76 71 100 45 58 67 27 54 20 16 32 47
750
31 72 53 88 34 41 96 27 60 8 100 31 34 60 48 1 27 84 11 49 95 46 79 87 27 80 32 4 89 18 64 58 94 58 58 89 77 94 29 38 69 79 37 34 64 44 37 68 8 80 16 10 48 21 4 28 11 14 73 95 64 31 32 24 100 80 57 34 83 22 13 18 29 27 45 60 47 57 95 59 43 19 4 58 67 85 95 82 22 70 65 75 55 78 96 87 6 4 23 69 74 81 89 95 74 56 48 43 64 30 57 9 32 72 71 84 58 30 36 16 20 9 78 70 85 14 26 100 43 58 19 99 55 30 95 85 89 99 10 42 7 77 43 89 12 84 70 41 58 86 64 16 93 65 94 55 6 17 52 17 72 90 56 10 29 84 74 9 99 62 82 43 50 76 74 97 66 66 59 27 17 5 27 12 88 29 18 71 54 52 9 55 71 41 24 94 9 57 10 59 48 54 23 76 12 68 2 38 36 82 38 29 60 23 79 25 1 6 11 15 79 53 72 90 61 92 36 72 92 36 43 92 20 68 10 16 36 79 86 13 6 86 18 68 97 61 65 63 75 90 62 54 17 13 70 56 16 26 9 97 17 87 85 58 20 96 44 37 16 31 8 74 1 62 25 54 22 73 56 39 91 47 13 23 85 97 87 57 26 78 85 91 83 82 31 22 90 9 71 78 66 1 36 23 48 15 51 37 50 4 78 58 51 22 11 10 60 76 82 69 87 83 63 100 20 21 82 55 54 21 97 70 10 24 18 14 17 1 20 29 20 19 59 98 3 69 64 23 7 7 65 22 62 75 20 15 24 90 2 39 81 72 70 56 70 72 2 41 96 72 68 90 17 18 37 68 25 78 71 87 94 35 30 6 85 45 84 65 44 60 1 14 48 91 32 6 11 76 58 30 45 88 79 33 58 52 87 4 32 16 18 57 97 97 28 25 95 17 18 81 8 63 94 27 73 60 66 41 77 89 6 33 73 23 93 14 13 80 84 47 93 28 74 94 26 4 50 84 40 70 13 37 20 45 98 58 11 23 57 3 72 87 3 83 48 53 29 49 28 77 53 16 24 98 72 3 96 66 14 37 12 58 6 14 32 81 46 2 19 69 83 3 27 96 92 36 13 51 69 19 50 80 28 47 96 62 24 33 14 12 1 44 59 12 87 30 91 43 85 33 85 20 78 10 65 100 97 18 32 91 41 63 3 76 89 18 69 93 15 13 95 12 68 82 46 19 74 24 4 4 75 66 10 88 73 63 76 58 61 11 51 20 42 75 92 92 98 28 21 35 70 50 17 5 41 15 6 8 17 80 55 87 52 44 19 39 71 9 49 65 96 72 27 47 60 33 48 66 80 43 62 47 72 57 89 7 18 74 60 64 92 49 75 57 71 100 71 98 3 96 40 46 47 2 50 71 16 13 56 92 58 5 6 43 36 27 98 93 46 73 89 53 95 14 92 10 51 90 90 73 16 72 92 57 74 95 33 77 2 77 32 18 47 29 89 6 37 32 88 88 80 62 88 86 10 53 69 89 62 7 59 10 73 69 45 86 29 74 72 31 32 52 58 59 79 84 72 37 11 14 73 70 85 69 67 70 63 23 70 87 74 37 93 71 12 7 85 26 55 49 71 42 67 27 3 39 7 85 31 20 34 56 21 62 91 5 58 8 65 26 27 14 23 33 5 2 30 27 100 91
575
25 96 24 81 31 67 37 17 17 10 13 34 54 68 74 41 45 92 19 40 80 62 48 72 55 15 39 46 24 77 11 6 70 72 24 63 57 8 98 13 81 23 28 85 14 20 62 64 8 59 20 31 57 24 58 39 87 67 54 75 48 6 41 85 61 61 44 35 35 80 1 26 50 77 84 31 2 17 50 55 45 99 47 20 86 68 90 96 3 23 30 7 84 85 78 7 82 20 97 94 50 71 88 99 36 4 43 2 47 16 3 83 74 81 16 55 95 81 95 100 6 34 37 97 46 39 88 36 14 27 96 78 83 62 41 34 87 64 8 32 58 16 41 46 94 2 11 50 66 20 64 27 11 52 58 40 34 23 97 30 90 50 13 78 59 74 44 79 89 82 81 83 96 74 25 81 72 71 86 83 80 50 81 60 34 78 56 34 72 23 81 24 32 59 98 65 91 75 16 86 98 25 63 10 77 62 14 89 24 30 12 26 13 55 98 90 30 44 14 84 1 9 19 79 76 96 74 72 49 70 78 89 59 77 46 52 24 2 61 85 55 42 2 77 88 85 41 90 100 16 37 31 69 16 96 78 23 2 50 1 27 51 27 51 69 56 27 50 30 76 48 91 35 69 99 6 80 41 21 25 41 58 29 53 99 75 19 32 2 42 65 40 48 78 69 96 15 83 83 81 72 26 24 23 64 94 2 92 88 32 65 36 50 75 32 64 17 54 16 89 37 68 25 45 33 62 41 33 39 3 46 99 32 19 16 2 37 5 6 22 66 48 69 32 9 32 66 55 66 50 10 86 2 73 10 45 88 37 3 49 30 87 48 19 78 51 32 49 17 91 57 9 90 4 13 76 24 35 36 40 24 5 80 10 4 60 30 73 89 20 99 85 21 47 46 48 17 4 28 16 18 1 22 52 48 54 25 35 42 28 60 55 62 98 36 90 87 46 14 69 78 26 67 47 16 47 27 41 80 39 2 25 56 51 75 81 15 91 89 19 43 4 36 23 59 80 47 19 94 27 47 29 12 75 5 24 98 73 91 78 40 24 63 63 2 1 70 73 43 25 4 20 67 75 71 67 72 88 67 40 43 18 25 27 48 64 68 35 84 15 11 78 55 69 79 19 78 91 25 44 59 1 8 93 36 96 53 26 31 86 3 66 52 56 2 23 27 8 65 29 100 37 93 86 47 26 96 28 48 19 28 59 58 3 30 35 60 13 50 78 30 56 57 56 93 61 86 19 95 29 83 5 53 98 5 75 12 24 55 55 37 91 24 7 64 58 25 68 52 30 50 41 30 60 45
667
54 38 8 7 39 28 74 38 44 24 10 96 69 63 36 70 37 4 65 11 92 92 91 71 88 24 99 95 18 91 81 19 77 77 18 30 49 93 38 54 34 4 73 67 20 12 43 62 17 39 55 72 8 94 82 63 62 98 33 53 7 57 18 39 30 37 6 18 10 73 19 12 36 10 45 44 70 70 97 95 10 2 73 63 58 61 96 39 18 58 21 81 20 2 52 25 100 84 59 77 42 89 21 72 91 90 3 47 9 24 76 57 81 78 19 27 15 42 87 26 37 51 9 57 44 38 93 59 23 88 60 89 79 77 5 12 15 87 69 41 85 95 88 88 10 41 99 64 94 61 12 34 16 27 95 15 81 69 14 6 32 9 17 26 19 66 19 55 62 98 13 16 54 15 64 94 25 12 8 5 2 11 6 67 95 39 79 100 38 40 53 80 68 92 42 19 76 1 83 91 8 43 4 87 37 100 82 10 80 58 9 13 27 36 73 83 60 57 91 91 43 31 56 78 11 55 58 58 91 43 49 74 26 37 75 24 50 98 58 81 17 1 100 57 88 88 96 6 33 100 98 88 48 54 49 28 98 93 78 84 34 80 16 30 11 56 87 65 83 56 17 38 52 97 33 32 19 23 100 23 88 22 96 87 37 90 9 10 66 94 14 37 34 98 52 31 21 17 74 86 86 25 11 94 45 53 79 70 27 83 84 91 93 62 98 84 38 45 69 59 29 21 32 1 56 27 29 54 89 66 15 78 6 84 8 2 52 26 93 93 13 77 37 44 16 40 29 50 71 89 38 41 36 23 72 74 50 7 19 60 91 3 18 37 23 100 7 86 79 92 29 70 62 3 53 80 63 47 9 63 1 93 66 35 33 72 13 71 39 66 53 32 19 90 11 11 63 79 15 72 61 92 45 46 23 32 47 7 3 15 90 15 85 4 4 64 89 79 71 73 5 18 15 55 86 83 53 81 61 98 53 80 3 90 68 94 79 66 67 6 11 79 55 46 49 86 9 41 49 78 67 68 63 49 92 24 21 78 71 97 66 82 62 97 63 29 66 3 31 64 1 22 34 64 97 53 71 24 97 55 85 40 57 82 79 72 55 56 14 46 23 98 73 80 52 52 80 65 93 76 1 63 91 3 75 20 90 6 7 82 12 100 89 52 37 28 59 67 19 20 41 52 39 81 89 35 47 68 81 43 4 66 20 67 40 74 63 48 82 11 97 68 30 68 62 20 27 67 99 18 72 55 52 92 20 69 52 3 67 88 54 87 36 69 78 43 79 50 43 68 35 96 73 63 100 7 71 72 62 58 98 56 46 67 29 51 95 84 83 100 78 38 70 92 65 77 46 59 36 83 6 11 20 18 85 44 91 20 45 74 85 46 33 69 44 68 85 96 71 1 9 19 99 43 19 73 85 64 46 97 92 61 59 46 95 78 59 37 99 55 99 55 40 7 76 98 87 25 100 55 2 61 94 98 17 81 51 36 2 16 39 42 10 28 88 23 32
552
20 44 79 91 18 85 59 98 2 66 64 77 3 38 70 13 64 14 14 15 7 56 32 57 30 42 3 11 93 84 36 35 16 43 87 39 33 14 61 14 92 32 67 93 32 79 42 50 30 93 54 16 54 37 90 22 9 33 30 9 15 63 35 9 50 35 71 74 77 12 49 84 45 16 74 72 44 18 19 44 79 34 90 93 86 49 63 20 70 1 73 11 26 31 22 33 67 45 65 26 23 37 45 17 62 27 71 89 79 15 56 74 100 76 58 38 33 8 10 94 96 38 81 71 14 89 47 28 25 62 34 86 82 16 22 81 36 12 97 50 1 47 8 47 92 47 50 53 47 5 53 3 47 23 59 14 55 11 29 45 47 28 43 82 9 16 93 17 39 86 28 85 34 24 78 84 14 5 44 66 63 57 97 35 70 18 62 37 63 95 37 48 71 58 7 18 72 21 26 69 95 18 66 50 81 92 96 59 9 11 70 23 92 70 92 73 55 78 76 26 19 2 21 13 87 55 96 97 97 19 2 34 1 88 85 55 32 49 96 49 68 29 35 94 30 4 51 67 45 23 90 89 56 63 56 73 57 43 100 89 35 1 90 60 96 47 16 79 75 9 28 36 28 71 18 52 20 88 80 25 37 39 51 14 83 89 52 79 86 92 58 35 65 83 91 87 86 90 84 92 13 46 51 2 69 32 19 72 75 90 40 83 7 99 46 85 87 77 6 41 78 12 44 12 64 94 91 23 7 24 7 3 38 4 4 60 21 34 56 25 50 75 37 85 23 34 57 37 57 31 41 58 25 83 54 44 54 65 29 67 26 65 66 59 62 94 29 78 39 6 16 7 75 80 6 22 70 28 50 20 18 66 4 64 80 50 88 10 18 3 89 21 70 18 85 95 95 55 15 7 61 91 6 88 58 48 77 16 23 16 21 34 99 18 44 8 72 17 79 46 94 1 31 70 90 82 44 26 96 76 15 35 56 45 35 82 88 56 21 6 29 82 84 47 83 51 99 63 74 30 16 88 54 38 34 38 18 67 93 16 77 59 72 6 54 19 33 15 6 46 30 84 78 97 84 6 69 56 18 65 73 79 45 35 18 3 16 7 48 30 9 1 56 73 97 41 71 56 33 79 70 78 87 64 54 84 15 100 21 49 55 31 9 37 58 55 100 36 29 37 28 20 76 16 30 16 14 59 10 12 11 28 92 15 7 93 71 26 55 48 48 19 92 1 48 88 37 81 95 73 13 90
720
29 3 33 1 65 72 98 39 99 55 31 59 15 96 27 63 2 8 74 39 23 73 52 84 76 28 31 22 34 98 57 37 59 12 23 47 87 51 25 38 72 87 78 75 100 20 83 10 56 83 26 46 93 45 77 64 51 76 98 83 31 46 10 35 50 56 36 53 19 37 86 25 32 15 89 3 61 4 32 87 28 33 78 36 23 69 84 65 67 18 31 12 24 69 70 92 33 72 39 19 26 33 30 83 89 49 99 16 13 13 80 71 74 27 75 83 31 25 12 47 44 77 40 78 12 33 49 12 16 70 91 87 37 85 13 41 9 90 79 22 48 34 59 75 60 19 19 83 67 100 95 24 58 35 13 54 34 37 3 27 14 6 1 8 46 96 6 59 88 49 71 3 65 59 45 9 51 66 84 48 33 23 69 53 7 28 13 68 90 47 12 48 10 15 46 10 47 63 48 79 12 3 89 63 57 14 82 68 62 29 47 44 66 67 62 96 27 15 42 93 71 35 77 14 69 4 32 4 83 56 75 15 16 19 48 90 41 56 91 99 65 100 7 68 29 32 27 80 24 65 93 58 15 44 71 6 94 48 2 39 77 22 49 28 91 44 99 81 46 38 9 82 71 42 52 30 84 60 69 13 80 33 18 34 84 52 22 53 1 72 99 21 100 68 49 55 72 15 82 6 17 80 13 27 31 10 95 6 14 37 13 19 43 47 59 41 47 93 40 71 93 73 28 16 62 13 14 10 98 43 38 52 27 90 68 29 43 19 53 2 40 54 26 38 60 64 96 89 78 57 23 23 68 97 14 5 12 49 12 25 87 25 39 28 15 53 22 79 16 35 91 93 65 35 10 36 16 5 56 38 68 35 87 98 21 56 26 69 44 94 36 80 38 16 28 29 16 27 57 99 50 66 14 43 86 98 73 62 38 52 54 65 1 16 51 50 35 39 3 95 60 8 20 29 70 25 5 34 80 26 42 26 89 16 88 62 70 89 54 28 21 51 25 64 7 99 75 70 27 57 82 76 51 24 65 31 28 76 31 76 100 48 84 40 86 9 23 29 65 71 85 60 100 63 96 31 67 3 75 60 51 84 75 48 58 90 16 46 76 31 83 44 17 89 43 56 34 39 81 55 91 65 30 13 10 31 49 12 40 57 32 57 48 27 61 38 59 84 19 49 43 8 88 17 3 49 26 73 28 54 45 86 8 82 78 71 95 32 100 38 43 71 17 65 18 61 19 77 84 57 63 96 39 73 33 64 98 94 40 85 91 29 12 13 63 63 69 65 74 57 92 99 27 25 22 19 57 23 84 9 19 22 32 63 4 75 50 29 36 40 77 50 65 7 54 11 19 32 42 64 38 67 26 35 52 84 11 84 27 64 2 69 29 32 63 1 39 44 60 12 81 62 21 43 28 21 51 60 96 32 14 36 86 20 11 20 80 45 7 14 55 75 97 21 89 59 3 33 18 65 18 80 61 25 44 43 65 35 24 94 96 80 53 5 70 83 23 8 57 29 32 86 54 76 37 75 98 83 84 100 17 78 47 64 57 80 88 98 83 75 83 100 52 46 98 80 12 30 57 1 81 95 46 5 72 49 90 1 33 46 76 19 99 27 6 90 76 26 73 15
860
20 86 52 87 32 42 70 43 26 42 85 33 58 91 42 1 2 14 49 34 82 73 73 68 94 58 80 48 98 63 66 17 30 87 52 11 59 79 25 37 35 55 31 36 68 46 74 90 83 93 97 2 97 68 95 26 33 56 87 43 74 58 48 6 75 66 9 2 44 3 91 92 83 14 77 3 5 51 27 74 28 39 44 94 55 84 69 73 70 14 49 99 81 18 56 14 74 51 77 15 46 14 96 29 12 91 58 34 99 48 37 34 90 55 59 80 43 41 16 21 100 85 9 53 6 27 91 22 93 40 27 46 58 12 83 36 72 51 77 2 7 37 66 5 2 60 74 94 66 1 11 79 71 93 31 71 17 27 13 4 76 10 86 43 68 31 36 45 100 15 59 21 22 84 13 41 39 19 67 56 83 72 10 27 92 77 37 53 100 85 9 87 94 96 34 69 21 75 50 72 48 2 22 53 15 74 52 29 29 44 3 34 25 40 86 52 14 59 64 26 76 53 66 72 87 55 64 89 7 87 98 57 63 25 84 41 75 74 58 12 81 63 74 73 44 81 60 31 45 76 5 38 56 72 64 7 19 40 85 65 91 23 93 8 35 39 6 19 50 46 23 62 72 87 72 53 16 70 72 32 33 88 89 92 10 63 32 4 69 67 72 52 19 37 31 80 20 18 4 46 45 38 96 51 23 52 72 64 71 85 86 26 47 54 63 95 20 33 61 89 76 91 30 59 87 19 1 31 80 25 8 5 46 81 18 1 44 94 18 57 19 22 18 45 44 90 67 21 52 66 2 11 20 68 49 24 54 100 55 49 5 47 77 17 74 9 57 46 94 99 3 68 5 90 17 34 18 56 31 75 13 55 37 10 61 59 93 9 33 33 53 47 90 74 20 23 20 13 15 13 22 5 79 62 95 91 1 77 61 38 90 63 94 64 71 44 86 95 69 90 41 23 16 19 82 48 40 91 34 94 40 77 77 40 72 28 66 86 74 50 46 21 96 22 69 16 16 42 59 49 37 38 67 47 86 53 7 71 66 86 53 97 51 1 64 71 52 87 67 55 75 50 90 86 65 24 59 75 99 93 29 58 8 80 89 19 17 70 72 47 20 9 12 17 74 23 79 9 78 94 35 79 40 23 21 48 96 75 35 89 17 18 89 64 26 92 48 51 22 3 29 95 99 33 86 6 91 93 24 74 17 19 23 4 73 81 95 4 41 15 86 22 39 72 72 52 21 16 57 77 77 71 78 50 77 8 12 8 96 66 57 38 53 97 87 30 55 100 56 27 92 33 21 93 100 79 54 48 73 49 6 9 39 53 67 59 85 83 82 34 50 39 73 75 28 96 20 91 42 73 73 90 87 1 80 9 25 20 68 24 90 74 42 8 87 77 1 54 34 75 58 57 61 58 23 7 43 3 95 48 1 29 100 80 54 92 79 57 24 19 16 83 73 61 35 97 89 92 75 12 59 38 49 14 68 76 68 16 81 60 49 71 9 18 56 26 10 46 35 57 51 62 93 15 66 12 96 32 67 9 29 15 35 63 78 56 89 56 8 65 37 54 39 33 10 15 22 46 46 97 27 59 2 18 93 4 20 6 88 8 98 75 43 91 78 24 12 95 47 10 19 59 28 9 13 34 40 8 84 5 72 20 28 99 52 86 80 65 63 54 69 87 68 97 35 38 77 85 13 40 74 59 84 87 22 13 2 59 100 8 21 43 25 96 23 15 95 43 62 21 38 45 26 85 55 10 83 14 30 65 30 62 93 11 81 38 1 77 64 70 35 85 7 99 45 51 21 54 87 65 88 59 24 45 11 47 71 64 92 75 45 45 90 99 10 32 76 66 10 58 54 80 2 70 12 5 1 75 43 63 3 59 93 55 3 79 78 89 65 64 31 72 84 10 57 49 95 38 62 12 52 73 37 92 11 6 14 62 68 63
964
51 33 40 29 51 80 98 35 65 63 66 56 12 91 11 95 68 60 66 75 41 1 64 65 53 60 100 25 12 6 37 82 18 33 56 65 90 65 19 6 4 39 84 81 74 85 91 27 55 58 16 92 51 13 85 22 30 8 26 98 60 35 28 66 100 61 27 65 1 12 12 71 8 15 19 34 64 65 8 80 35 92 21 2 6 57 66 61 42 20 94 5 7 19 18 67 21 27 25 49 12 37 53 60 87 90 90 30 91 98 82 77 47 50 4 46 70 82 86 16 30 38 54 42 50 42 62 48 86 68 41 70 89 72 82 40 15 2 54 69 58 71 28 64 8 35 33 63 94 50 50 23 29 1 97 20 31 5 45 32 34 46 7 96 13 66 86 93 38 40 89 60 11 25 63 58 81 77 42 95 18 58 96 98 27 75 71 84 73 75 74 79 82 36 16 56 68 59 22 43 28 37 79 18 94 60 19 57 15 49 99 25 25 20 73 55 65 67 7 11 94 63 78 23 73 82 45 62 18 68 71 48 37 46 38 35 34 43 62 13 4 31 53 84 37 58 16 57 42 46 44 28 49 92 22 38 47 38 74 69 63 30 82 21 25 7 12 80 67 31 37 59 49 15 70 1 41 35 25 100 33 82 98 63 35 36 90 78 35 59 12 2 41 35 91 46 79 10 87 47 26 94 34 63 21 11 71 58 68 31 77 34 58 75 18 82 9 48 64 11 99 81 34 48 39 81 8 14 17 8 17 41 54 43 15 80 21 63 16 26 33 38 5 3 46 41 92 77 35 72 35 38 33 80 94 95 63 89 99 18 83 46 57 71 37 22 32 45 72 61 86 43 77 82 13 70 19 68 21 17 99 65 26 60 22 75 16 46 1 59 41 6 77 67 97 62 34 75 53 23 74 17 55 98 21 68 36 86 73 43 4 99 98 18 42 19 60 37 58 95 58 98 74 51 53 16 64 76 27 98 12 64 55 52 91 7 45 2 13 33 8 40 45 20 2 21 38 78 96 49 47 17 97 14 51 52 85 55 5 4 35 18 85 96 73 98 86 15 32 13 31 43 67 95 61 48 4 49 17 31 90 44 72 76 29 52 54 35 20 40 4 87 22 99 73 97 100 97 31 50 4 78 77 21 96 100 14 83 27 39 95 47 49 17 80 97 12 60 76 25 37 1 89 30 75 46 54 59 44 53 9 50 1 72 47 56 1 87 50 24 16 72 49 42 82 69 75 81 96 51 34 9 21 54 61 94 20 78 85 80 65 33 12 61 22 18 78 41 48 68 98 94 31 1 89 89 31 24 52 88 76 31 75 5 14 72 44 97 66 76 99 5 95 28 27 37 62 60 68 6 85 13 51 94 68 45 57 86 99 49 35 40 80 33 65 15 23 38 85 97 44 92 20 46 29 61 21 92 28 98 76 67 95 48 15 48 44 4 34 87 86 59 43 73 45 37 37 65 61 13 29 56 97 7 9 73 85 38 30 92 58 71 49 83 6 44 78 59 26 73 84 70 65 52 18 6 16 56 80 98 93 9 97 64 99 9 8 74 42 73 36 23 86 22 45 86 49 15 10 22 31 33 91 6 86 23 77 49 49 99 57 29 70 19 92 50 22 21 42 71 56 31 82 70 43 89 33 7 57 55 73 11 58 75 94 36 71 77 34 34 81 16 32 100 36 40 51 96 56 48 19 11 17 72 82 68 4 3 36 9 57 32 89 53 8 90 7 51 37 23 48 67 7 88 99 17 61 12 56 59 67 16 8 27 51 9 20 65 46 65 65 30 19 16 75 1 71 90 21 11 1 10 21 32 92 92 95 47 47 7 61 2 70 9 80 24 100 48 100 28 94 10 86 18 40 51 56 72 97 66 67 57 13 83 39 85 48 94 93 60 88 57 68 9 81 96 5 30 49 6 25 56 9 12 22 31 74 19 19 64 5 29 32 62 14 69 85 45 29 47 81 52 39 93 9 87 2 5 59 7 54 99 55 97 44 78 2 12 63 25 43 29 90 91 58 50 48 9 60 65 67 73 76 88 67 57 86 87 55 80 67 69 49 28 85 79 47 66 4 74 68 85 30 6 69 75 22 83 11 2 74 34 13 1 51 57 91 73 80 99 29 13 9 14 69 90 81 67 81 54 81 100 57 42 63 37 76 5 75 88 37 6 56 16
138
17 47 62 89 75 97 13 37 99 49 1 77 98 67 70 31 3 77 20 47 81 40 16 81 1 19 93 9 1 68 84 42 38 100 91 26 73 44 62 26 31 32 73 60 49 19 27 62 29 62 78 21 94 23 57 19 27 30 2 69 81 15 99 59 18 81 60 62 6 67 77 22 55 59 87 4 61 85 43 31 33 56 46 30 5 18 30 8 54 65 86 49 93 12 90 26 93 90 64 55 34 27 26 76 92 81 1 71 98 12 38 27 42 79 15 27 48 57 89 16 81 22 54 60 9 24 61 8 87 80 59 15 28 12 36 4 76 7
378
76 58 93 33 54 94 9 99 59 63 61 35 78 30 79 80 72 91 100 96 51 56 95 74 18 1 97 93 25 42 59 46 84 81 85 99 56 66 98 49 17 73 90 5 56 69 7 42 63 67 44 86 8 70 82 30 18 4 56 93 84 25 36 11 93 38 40 52 1 2 8 87 35 47 12 61 96 7 28 37 50 66 95 33 14 83 42 18 98 37 36 50 68 32 75 1 81 7 64 54 87 31 83 37 69 63 51 55 78 90 91 86 49 26 78 94 60 73 68 93 59 17 72 15 95 72 71 27 8 48 67 43 31 75 18 47 39 87 3 30 91 58 86 2 55 45 5 62 75 98 45 68 63 22 85 24 100 34 83 81 30 90 42 92 3 31 8 61 93 20 50 97 37 11 64 47 23 86 16 34 85 25 65 55 95 64 23 59 9 10 6 19 100 21 99 85 77 70 44 75 83 93 45 6 42 82 10 71 48 10 54 18 58 53 50 66 86 38 23 56 64 71 44 46 45 44 14 13 83 38 85 43 25 89 47 59 76 72 21 30 90 13 100 70 91 8 75 26 95 72 92 25 56 13 60 60 4 85 70 17 78 30 15 65 90 75 31 26 63 10 56 69 28 51 95 84 36 49 79 18 65 8 16 22 62 67 57 5 18 71 10 9 14 33 20 45 55 16 35 71 42 9 76 70 48 88 13 61 18 63 68 77 10 58 82 92 12 17 56 24 95 25 95 9 29 85 68 21 85 61 7 72 88 11 13 46 90 73 20 33 68 52 41 64 14 44 80 89 53 85 13 84 17 69 98 60 44 23 34 86 54 83 8 9 70 28 97 28 1 73 51 15 12 25 87 86 12 61
565
72 60 21 31 10 29 3 48 73 2 84 89 55 6 49 3 65 18 37 7 30 89 79 84 58 51 46 9 23 11 13 66 15 44 82 60 49 91 54 50 3 24 94 38 64 55 34 70 64 43 27 61 42 85 54 95 81 54 40 6 20 70 1 27 98 16 49 11 30 56 12 49 61 66 42 18 78 21 7 28 30 94 55 93 68 47 62 32 38 68 67 43 3 35 34 1 62 44 57 77 70 67 60 26 82 53 18 37 17 21 73 9 76 68 8 73 81 56 42 31 44 87 30 74 83 7 78 19 72 50 80 83 17 69 31 5 92 96 93 31 48 70 65 27 56 56 53 95 88 94 41 62 68 42 48 73 48 66 79 24 89 87 61 88 61 68 8 73 21 32 11 21 84 79 90 65 29 90 10 28 48 10 68 65 33 26 71 92 10 72 64 52 91 57 61 83 42 84 9 11 54 6 88 46 60 55 20 65 58 72 74 12 48 68 2 66 19 86 5 65 43 43 88 100 13 49 77 68 70 94 6 88 10 42 30 5 64 22 11 4 24 7 81 45 67 39 4 2 66 47 94 47 13 18 46 81 37 92 91 78 11 84 85 21 33 89 53 45 22 76 39 6 24 59 37 15 24 40 70 58 78 73 5 13 6 94 65 27 73 77 51 75 77 20 76 79 100 70 77 83 18 68 11 29 25 34 23 91 78 96 19 85 39 79 47 62 36 53 30 67 1 40 11 84 18 79 26 49 50 14 24 64 30 75 59 10 59 9 16 50 19 3 1 8 1 5 40 72 12 51 93 11 57 26 31 20 93 34 94 91 80 90 30 10 10 79 57 23 15 62 69 36 94 52 5 17 10 93 16 91 5 90 44 12 6 69 84 55 73 13 20 38 57 50 81 20 97 95 73 99 77 30 76 63 95 42 4 93 90 66 30 40 29 38 84 35 20 84 57 86 54 64 20 61 15 90 82 40 67 35 11 44 56 15 62 25 77 73 15 82 11 39 5 93 21 50 47 52 44 36 25 19 66 29 47 75 18 78 91 25 85 98 23 99 68 83 12 6 61 58 27 59 4 6 61 9 72 98 5 26 94 30 6 95 69 8 92 5 91 90 95 93 81 31 13 20 71 19 69 92 69 71 52 28 6 71 88 4 87 34 60 68 47 5 71 13 34 35 99 30 23 20 72 56 68 33 63 57 100 85 75 53 85 60 59 85 50 33 97 47 96 51 21 55 9 1 85 80 99 95 46 11 88 46 35 47 72 50 89 80 3 42 30 63 16
